# This file is brought to you by Roblox Corporation
# Generated by Roblox Studio

mtllib ban hammer.mtl

g Handle1

v 11.6887 4.05 -1.9768 
v 11.6887 4.14378 -1.6268 
v 11.4387 4.05 -1.9768 
v 11.4387 4.14378 -1.6268 
v 11.6887 4.4 -1.37058 
v 11.4387 4.4 -1.37058 
v 11.6887 4.75 -1.2768 
v 11.4387 4.75 -1.2768 
v 11.6887 5.1 -1.37058 
v 11.4387 5.1 -1.37058 
v 11.6887 5.35622 -1.6268 
v 11.4387 5.35622 -1.6268 
v 11.6887 5.45 -1.9768 
v 11.4387 5.45 -1.9768 
v 11.6887 5.35622 -2.3268 
v 11.4387 5.35622 -2.3268 
v 11.6887 5.1 -2.58302 
v 11.4387 5.1 -2.58302 
v 11.6887 4.75 -2.6768 
v 11.4387 4.75 -2.6768 
v 11.6887 4.4 -2.58302 
v 11.4387 4.4 -2.58302 
v 11.6887 4.14378 -2.3268 
v 11.4387 4.14378 -2.3268 
v 11.6887 4.05 -1.9768 
v 11.6887 4.14378 -1.6268 
v 11.6887 4.4 -1.37058 
v 11.6887 4.75 -1.2768 
v 11.6887 5.1 -1.37058 
v 11.6887 5.35622 -1.6268 
v 11.6887 5.45 -1.9768 
v 11.6887 5.35622 -2.3268 
v 11.6887 5.1 -2.58302 
v 11.6887 4.75 -2.6768 
v 11.6887 4.4 -2.58302 
v 11.6887 4.14378 -2.3268 
v 11.9387 4.1 -1.9768 
v 11.9387 4.18708 -1.6518 
v 11.6887 4.05 -1.9768 
v 11.6887 4.14378 -1.6268 
v 11.9387 4.18708 -1.6518 
v 11.9387 4.425 -1.41388 
v 11.6887 4.14378 -1.6268 
v 11.6887 4.4 -1.37058 
v 11.9387 4.75 -1.3268 
v 11.6887 4.75 -1.2768 
v 11.9387 5.075 -1.41388 
v 11.6887 5.1 -1.37058 
v 11.9387 5.31292 -1.6518 
v 11.6887 5.35622 -1.6268 
v 11.9387 5.4 -1.9768 
v 11.6887 5.45 -1.9768 
v 11.9387 5.31292 -2.3018 
v 11.6887 5.35622 -2.3268 
v 11.9387 5.075 -2.53971 
v 11.6887 5.1 -2.58302 
v 11.9387 4.75 -2.6268 
v 11.6887 4.75 -2.6768 
v 11.9387 4.425 -2.53972 
v 11.6887 4.4 -2.58302 
v 11.9387 4.18708 -2.3018 
v 11.6887 4.14378 -2.3268 
v 11.9387 4.18708 -2.3018 
v 11.6887 4.14378 -2.3268 
v 12.2387 4.15 -1.9768 
v 12.2387 4.23038 -1.6768 
v 11.9387 4.1 -1.9768 
v 12.2387 4.45 -1.45719 
v 12.2387 4.75 -1.3768 
v 12.2387 5.05 -1.45719 
v 12.2387 5.26961 -1.6768 
v 12.2387 5.35 -1.9768 
v 12.2387 5.26961 -2.2768 
v 12.2387 5.05 -2.49641 
v 12.2387 4.75 -2.5768 
v 12.2387 4.45 -2.49641 
v 12.2387 4.23038 -2.2768 
v 12.2387 4.1 -1.9768 
v 12.2387 4.18708 -1.6518 
v 12.2387 4.15 -1.9768 
v 12.2387 4.23038 -1.6768 
v 12.2387 4.425 -1.41388 
v 12.2387 4.45 -1.45719 
v 12.2387 4.75 -1.3268 
v 12.2387 4.75 -1.3768 
v 12.2387 5.075 -1.41388 
v 12.2387 5.05 -1.45719 
v 12.2387 5.31292 -1.6518 
v 12.2387 5.26961 -1.6768 
v 12.2387 5.4 -1.9768 
v 12.2387 5.35 -1.9768 
v 12.2387 5.31292 -2.3018 
v 12.2387 5.26961 -2.2768 
v 12.2387 5.075 -2.53971 
v 12.2387 5.05 -2.49641 
v 12.2387 4.75 -2.6268 
v 12.2387 4.75 -2.5768 
v 12.2387 4.425 -2.53972 
v 12.2387 4.45 -2.49641 
v 12.2387 4.18708 -2.3018 
v 12.2387 4.23038 -2.2768 
v 12.2387 4.05 -1.9768 
v 12.2387 4.14378 -1.6268 
v 12.2387 4.4 -1.37058 
v 12.2387 4.75 -1.2768 
v 12.2387 5.1 -1.37058 
v 12.2387 5.35622 -1.6268 
v 12.2387 5.45 -1.9768 
v 12.2387 5.35622 -2.3268 
v 12.2387 5.1 -2.58302 
v 12.2387 4.75 -2.6768 
v 12.2387 4.4 -2.58302 
v 12.2387 4.14378 -2.3268 
v 12.2887 4 -1.9768 
v 12.2887 4.10048 -1.6018 
v 12.2387 4.05 -1.9768 
v 12.2387 4.14378 -1.6268 
v 12.2887 4.375 -1.32728 
v 12.2387 4.4 -1.37058 
v 12.2887 4.75 -1.2268 
v 12.2387 4.75 -1.2768 
v 12.2887 5.125 -1.32728 
v 12.2387 5.1 -1.37058 
v 12.2887 5.39952 -1.6018 
v 12.2387 5.35622 -1.6268 
v 12.2887 5.5 -1.9768 
v 12.2387 5.45 -1.9768 
v 12.2887 5.39952 -2.3518 
v 12.2387 5.35622 -2.3268 
v 12.2887 5.125 -2.62632 
v 12.2387 5.1 -2.58302 
v 12.2887 4.75 -2.7268 
v 12.2387 4.75 -2.6768 
v 12.2887 4.375 -2.62632 
v 12.2387 4.4 -2.58302 
v 12.2887 4.10048 -2.3518 
v 12.2387 4.14378 -2.3268 
v 12.3887 4 -1.9768 
v 12.3887 4.10048 -1.6018 
v 12.3887 4.375 -1.32728 
v 12.3887 4.75 -1.2268 
v 12.3887 5.125 -1.32728 
v 12.3887 5.39952 -1.6018 
v 12.3887 5.5 -1.9768 
v 12.3887 5.39952 -2.3518 
v 12.3887 5.125 -2.62632 
v 12.3887 4.75 -2.7268 
v 12.3887 4.375 -2.62632 
v 12.3887 4.10048 -2.3518 
v 12.4387 4.14378 -1.6268 
v 12.4387 4.05 -1.9768 
v 12.4387 4.4 -1.37058 
v 12.4387 4.75 -1.2768 
v 12.4387 5.1 -1.37058 
v 12.4387 5.35622 -1.6268 
v 12.4387 5.45 -1.9768 
v 12.4387 5.35622 -2.3268 
v 12.4387 5.1 -2.58302 
v 12.4387 4.75 -2.6768 
v 12.4387 4.4 -2.58302 
v 12.4387 4.14378 -2.3268 
v 12.4387 4.14378 -1.6268 
v 12.4387 4.05 -1.9768 
v 12.4387 4.75 -1.9768 
v 12.4387 4.4 -1.37058 
v 12.4387 4.75 -1.2768 
v 12.4387 5.1 -1.37058 
v 12.4387 5.35622 -1.6268 
v 12.4387 5.45 -1.9768 
v 12.4387 5.35622 -2.3268 
v 12.4387 5.1 -2.58302 
v 12.4387 4.75 -2.6768 
v 12.4387 4.4 -2.58302 
v 12.4387 4.14378 -2.3268 
v 10.3887 4.05 -1.9768 
v 10.3887 4.14378 -2.3268 
v 10.6387 4.05 -1.9768 
v 10.6387 4.14378 -2.3268 
v 10.3887 4.14378 -2.3268 
v 10.3887 4.4 -2.58302 
v 10.6387 4.14378 -2.3268 
v 10.6387 4.4 -2.58302 
v 10.3887 4.75 -2.6768 
v 10.6387 4.75 -2.6768 
v 10.3887 5.1 -2.58302 
v 10.6387 5.1 -2.58302 
v 10.3887 5.35622 -2.3268 
v 10.6387 5.35622 -2.3268 
v 10.3887 5.45 -1.9768 
v 10.6387 5.45 -1.9768 
v 10.3887 5.35622 -1.6268 
v 10.6387 5.35622 -1.6268 
v 10.3887 5.1 -1.37058 
v 10.6387 5.1 -1.37058 
v 10.3887 4.75 -1.2768 
v 10.6387 4.75 -1.2768 
v 10.3887 4.4 -1.37058 
v 10.6387 4.4 -1.37058 
v 10.3887 4.4 -1.37058 
v 10.3887 4.14378 -1.6268 
v 10.6387 4.4 -1.37058 
v 10.6387 4.14378 -1.6268 
v 10.3887 4.05 -1.9768 
v 10.3887 4.14378 -2.3268 
v 10.3887 4.4 -2.58302 
v 10.3887 4.75 -2.6768 
v 10.3887 5.1 -2.58302 
v 10.3887 5.35622 -2.3268 
v 10.3887 5.45 -1.9768 
v 10.3887 5.35622 -1.6268 
v 10.3887 5.1 -1.37058 
v 10.3887 4.75 -1.2768 
v 10.3887 4.4 -1.37058 
v 10.3887 4.14378 -1.6268 
v 10.1387 4.1 -1.9768 
v 10.1387 4.18708 -2.3018 
v 10.3887 4.05 -1.9768 
v 10.3887 4.14378 -2.3268 
v 10.1387 4.18708 -2.3018 
v 10.1387 4.425 -2.53972 
v 10.3887 4.14378 -2.3268 
v 10.3887 4.4 -2.58302 
v 10.1387 4.75 -2.6268 
v 10.3887 4.75 -2.6768 
v 10.1387 5.075 -2.53972 
v 10.3887 5.1 -2.58302 
v 10.1387 5.31292 -2.3018 
v 10.3887 5.35622 -2.3268 
v 10.1387 5.4 -1.9768 
v 10.3887 5.45 -1.9768 
v 10.1387 5.31292 -1.6518 
v 10.3887 5.35622 -1.6268 
v 10.1387 5.075 -1.41388 
v 10.3887 5.1 -1.37058 
v 10.1387 4.75 -1.3268 
v 10.3887 4.75 -1.2768 
v 10.1387 4.425 -1.41388 
v 10.3887 4.4 -1.37058 
v 10.1387 4.18708 -1.6518 
v 10.3887 4.14378 -1.6268 
v 10.1387 4.18708 -1.6518 
v 10.3887 4.14378 -1.6268 
v 9.8387 4.15 -1.9768 
v 9.8387 4.23038 -2.2768 
v 10.1387 4.1 -1.9768 
v 9.8387 4.45 -2.49641 
v 9.8387 4.75 -2.5768 
v 9.8387 5.05 -2.49641 
v 9.8387 5.26961 -2.2768 
v 9.8387 5.35 -1.9768 
v 9.8387 5.26961 -1.6768 
v 9.8387 5.05 -1.45719 
v 9.8387 4.75 -1.3768 
v 9.8387 4.45 -1.45719 
v 9.8387 4.23038 -1.6768 
v 9.8387 4.1 -1.9768 
v 9.8387 4.18708 -2.3018 
v 9.8387 4.15 -1.9768 
v 9.8387 4.23038 -2.2768 
v 9.8387 4.425 -2.53972 
v 9.8387 4.45 -2.49641 
v 9.8387 4.75 -2.6268 
v 9.8387 4.75 -2.5768 
v 9.8387 5.075 -2.53972 
v 9.8387 5.05 -2.49641 
v 9.8387 5.31292 -2.3018 
v 9.8387 5.26961 -2.2768 
v 9.8387 5.4 -1.9768 
v 9.8387 5.35 -1.9768 
v 9.8387 5.31292 -1.6518 
v 9.8387 5.26961 -1.6768 
v 9.8387 5.075 -1.41388 
v 9.8387 5.05 -1.45719 
v 9.8387 4.75 -1.3268 
v 9.8387 4.75 -1.3768 
v 9.8387 4.425 -1.41388 
v 9.8387 4.45 -1.45719 
v 9.8387 4.18708 -1.6518 
v 9.8387 4.23038 -1.6768 
v 9.8387 4.05 -1.9768 
v 9.8387 4.14378 -2.3268 
v 9.8387 4.4 -2.58302 
v 9.8387 4.75 -2.6768 
v 9.8387 5.1 -2.58302 
v 9.8387 5.35622 -2.3268 
v 9.8387 5.45 -1.9768 
v 9.8387 5.35622 -1.6268 
v 9.8387 5.1 -1.37058 
v 9.8387 4.75 -1.2768 
v 9.8387 4.4 -1.37058 
v 9.8387 4.14378 -1.6268 
v 9.7887 4 -1.9768 
v 9.7887 4.10048 -2.3518 
v 9.8387 4.05 -1.9768 
v 9.8387 4.14378 -2.3268 
v 9.7887 4.375 -2.62632 
v 9.8387 4.4 -2.58302 
v 9.7887 4.75 -2.7268 
v 9.8387 4.75 -2.6768 
v 9.7887 5.125 -2.62632 
v 9.8387 5.1 -2.58302 
v 9.7887 5.39952 -2.3518 
v 9.8387 5.35622 -2.3268 
v 9.7887 5.5 -1.9768 
v 9.8387 5.45 -1.9768 
v 9.7887 5.39952 -1.6018 
v 9.8387 5.35622 -1.6268 
v 9.7887 5.125 -1.32728 
v 9.8387 5.1 -1.37058 
v 9.7887 4.75 -1.2268 
v 9.8387 4.75 -1.2768 
v 9.7887 4.375 -1.32728 
v 9.8387 4.4 -1.37058 
v 9.7887 4.10048 -1.6018 
v 9.8387 4.14378 -1.6268 
v 9.6887 4 -1.9768 
v 9.6887 4.10048 -2.3518 
v 9.6887 4.375 -2.62632 
v 9.6887 4.75 -2.7268 
v 9.6887 5.125 -2.62632 
v 9.6887 5.39952 -2.3518 
v 9.6887 5.5 -1.9768 
v 9.6887 5.39952 -1.6018 
v 9.6887 5.125 -1.32728 
v 9.6887 4.75 -1.2268 
v 9.6887 4.375 -1.32728 
v 9.6887 4.10048 -1.6018 
v 9.6387 4.14378 -2.3268 
v 9.6387 4.05 -1.9768 
v 9.6387 4.4 -2.58302 
v 9.6387 4.75 -2.6768 
v 9.6387 5.1 -2.58302 
v 9.6387 5.35622 -2.3268 
v 9.6387 5.45 -1.9768 
v 9.6387 5.35622 -1.6268 
v 9.6387 5.1 -1.37058 
v 9.6387 4.75 -1.2768 
v 9.6387 4.4 -1.37058 
v 9.6387 4.14378 -1.6268 
v 9.6387 4.14378 -2.3268 
v 9.6387 4.05 -1.9768 
v 9.6387 4.75 -1.9768 
v 9.6387 4.4 -2.58302 
v 9.6387 4.75 -2.6768 
v 9.6387 5.1 -2.58302 
v 9.6387 5.35622 -2.3268 
v 9.6387 5.45 -1.9768 
v 9.6387 5.35622 -1.6268 
v 9.6387 5.1 -1.37058 
v 9.6387 4.75 -1.2768 
v 9.6387 4.4 -1.37058 
v 9.6387 4.14378 -1.6268 
v 10.5387 4.75 -1.1768 
v 10.5887 4.75 -1.2768 
v 10.5387 4.35 -1.28398 
v 10.5887 4.4 -1.37058 
v 10.5387 4.35 -1.28398 
v 10.5887 4.4 -1.37058 
v 10.5387 4.05718 -1.5768 
v 10.5887 4.14378 -1.6268 
v 10.5387 4.05718 -1.5768 
v 10.5887 4.14378 -1.6268 
v 10.5387 3.95 -1.9768 
v 10.5887 4.05 -1.9768 
v 10.5387 3.95 -1.9768 
v 10.5887 4.05 -1.9768 
v 10.5387 4.05718 -2.3768 
v 10.5887 4.14378 -2.3268 
v 10.5387 4.05718 -2.3768 
v 10.5887 4.14378 -2.3268 
v 10.5387 4.35 -2.66962 
v 10.5887 4.4 -2.58302 
v 10.5387 4.35 -2.66962 
v 10.5887 4.4 -2.58302 
v 10.5387 4.75 -2.7768 
v 10.5887 4.75 -2.6768 
v 10.5387 4.75 -2.7768 
v 10.5887 4.75 -2.6768 
v 10.5387 5.15 -2.66962 
v 10.5887 5.1 -2.58302 
v 10.5387 5.15 -2.66962 
v 10.5887 5.1 -2.58302 
v 10.5387 5.44282 -2.3768 
v 10.5887 5.35622 -2.3268 
v 10.5387 5.44282 -2.3768 
v 10.5887 5.35622 -2.3268 
v 10.5387 5.55 -1.9768 
v 10.5887 5.45 -1.9768 
v 10.5387 5.55 -1.9768 
v 10.5887 5.45 -1.9768 
v 10.5387 5.44282 -1.5768 
v 10.5887 5.35622 -1.6268 
v 10.5387 5.44282 -1.5768 
v 10.5887 5.35622 -1.6268 
v 10.5387 5.15 -1.28398 
v 10.5887 5.1 -1.37058 
v 10.5387 5.15 -1.28398 
v 10.5887 5.1 -1.37058 
v 10.5387 4.75 -1.1768 
v 10.5887 4.75 -1.2768 
v 10.5387 4.75 -1.1268 
v 10.5387 4.75 -1.1768 
v 10.5387 4.325 -1.24068 
v 10.5387 4.35 -1.28398 
v 10.5387 4.325 -1.24068 
v 10.5387 4.35 -1.28398 
v 10.5387 4.01388 -1.5518 
v 10.5387 4.01388 -1.5518 
v 10.5387 4.05718 -1.5768 
v 10.5387 3.9 -1.9768 
v 10.5387 3.9 -1.9768 
v 10.5387 3.95 -1.9768 
v 10.5387 4.01388 -2.4018 
v 10.5387 4.05718 -2.3768 
v 10.5387 4.01388 -2.4018 
v 10.5387 4.05718 -2.3768 
v 10.5387 4.325 -2.71292 
v 10.5387 4.35 -2.66962 
v 10.5387 4.325 -2.71292 
v 10.5387 4.35 -2.66962 
v 10.5387 4.75 -2.8268 
v 10.5387 4.75 -2.7768 
v 10.5387 4.75 -2.8268 
v 10.5387 4.75 -2.7768 
v 10.5387 5.175 -2.71292 
v 10.5387 5.15 -2.66962 
v 10.5387 5.175 -2.71292 
v 10.5387 5.15 -2.66962 
v 10.5387 5.48612 -2.4018 
v 10.5387 5.44282 -2.3768 
v 10.5387 5.48612 -2.4018 
v 10.5387 5.44282 -2.3768 
v 10.5387 5.6 -1.9768 
v 10.5387 5.55 -1.9768 
v 10.5387 5.6 -1.9768 
v 10.5387 5.55 -1.9768 
v 10.5387 5.48612 -1.5518 
v 10.5387 5.44282 -1.5768 
v 10.5387 5.48612 -1.5518 
v 10.5387 5.44282 -1.5768 
v 10.5387 5.175 -1.24068 
v 10.5387 5.15 -1.28398 
v 10.5387 5.175 -1.24068 
v 10.5387 5.15 -1.28398 
v 10.5387 4.75 -1.1268 
v 10.5387 4.75 -1.1768 
v 10.5887 4.75 -1.0768 
v 10.5387 4.75 -1.1268 
v 10.5887 4.3 -1.19738 
v 10.5387 4.325 -1.24068 
v 10.5887 4.3 -1.19738 
v 10.5387 4.325 -1.24068 
v 10.5887 3.97058 -1.5268 
v 10.5387 4.01388 -1.5518 
v 10.5887 3.97058 -1.5268 
v 10.5387 4.01388 -1.5518 
v 10.5887 3.85 -1.9768 
v 10.5387 3.9 -1.9768 
v 10.5887 3.85 -1.9768 
v 10.5387 3.9 -1.9768 
v 10.5887 3.97058 -2.4268 
v 10.5387 4.01388 -2.4018 
v 10.5887 3.97058 -2.4268 
v 10.5387 4.01388 -2.4018 
v 10.5887 4.3 -2.75622 
v 10.5387 4.325 -2.71292 
v 10.5887 4.3 -2.75622 
v 10.5387 4.325 -2.71292 
v 10.5887 4.75 -2.8768 
v 10.5387 4.75 -2.8268 
v 10.5887 4.75 -2.8768 
v 10.5387 4.75 -2.8268 
v 10.5887 5.2 -2.75622 
v 10.5387 5.175 -2.71292 
v 10.5887 5.2 -2.75622 
v 10.5387 5.175 -2.71292 
v 10.5887 5.52942 -2.4268 
v 10.5387 5.48612 -2.4018 
v 10.5887 5.52942 -2.4268 
v 10.5387 5.48612 -2.4018 
v 10.5887 5.65 -1.9768 
v 10.5387 5.6 -1.9768 
v 10.5887 5.65 -1.9768 
v 10.5387 5.6 -1.9768 
v 10.5887 5.52942 -1.5268 
v 10.5387 5.48612 -1.5518 
v 10.5887 5.52942 -1.5268 
v 10.5387 5.48612 -1.5518 
v 10.5887 5.2 -1.19738 
v 10.5387 5.175 -1.24068 
v 10.5887 5.2 -1.19738 
v 10.5387 5.175 -1.24068 
v 10.5887 4.75 -1.0768 
v 10.5387 4.75 -1.1268 
v 10.6887 4.75 -1.0768 
v 10.5887 4.75 -1.0768 
v 10.6887 4.3 -1.19738 
v 10.6887 4.3 -1.19738 
v 10.5887 4.3 -1.19738 
v 10.6887 3.97058 -1.5268 
v 10.5887 3.97058 -1.5268 
v 10.6887 3.97058 -1.5268 
v 10.5887 3.97058 -1.5268 
v 10.6887 3.85 -1.9768 
v 10.6887 3.85 -1.9768 
v 10.5887 3.85 -1.9768 
v 10.6887 3.97058 -2.4268 
v 10.5887 3.97058 -2.4268 
v 10.6887 3.97058 -2.4268 
v 10.5887 3.97058 -2.4268 
v 10.6887 4.3 -2.75622 
v 10.6887 4.3 -2.75622 
v 10.5887 4.3 -2.75622 
v 10.6887 4.75 -2.8768 
v 10.6887 4.75 -2.8768 
v 10.5887 4.75 -2.8768 
v 10.6887 5.2 -2.75622 
v 10.6887 5.2 -2.75622 
v 10.5887 5.2 -2.75622 
v 10.6887 5.52942 -2.4268 
v 10.6887 5.52942 -2.4268 
v 10.5887 5.52942 -2.4268 
v 10.6887 5.65 -1.9768 
v 10.6887 5.65 -1.9768 
v 10.5887 5.65 -1.9768 
v 10.6887 5.52942 -1.5268 
v 10.6887 5.52942 -1.5268 
v 10.5887 5.52942 -1.5268 
v 10.6887 5.2 -1.19738 
v 10.6887 5.2 -1.19738 
v 10.5887 5.2 -1.19738 
v 10.6887 4.75 -1.0768 
v 10.7887 4.75 -1.1268 
v 10.6887 4.75 -1.0768 
v 10.7887 4.325 -1.24068 
v 10.7887 4.325 -1.24068 
v 10.6887 4.3 -1.19738 
v 10.7887 4.01388 -1.5518 
v 10.6887 3.97058 -1.5268 
v 10.7887 4.01388 -1.5518 
v 10.6887 3.97058 -1.5268 
v 10.7887 3.9 -1.9768 
v 10.6887 3.85 -1.9768 
v 10.7887 3.9 -1.9768 
v 10.6887 3.85 -1.9768 
v 10.7887 4.01388 -2.4018 
v 10.6887 3.97058 -2.4268 
v 10.7887 4.01388 -2.4018 
v 10.6887 3.97058 -2.4268 
v 10.7887 4.325 -2.71292 
v 10.7887 4.325 -2.71292 
v 10.6887 4.3 -2.75622 
v 10.7887 4.75 -2.8268 
v 10.7887 4.75 -2.8268 
v 10.6887 4.75 -2.8768 
v 10.7887 5.175 -2.71292 
v 10.7887 5.175 -2.71292 
v 10.6887 5.2 -2.75622 
v 10.7887 5.48612 -2.4018 
v 10.7887 5.48612 -2.4018 
v 10.6887 5.52942 -2.4268 
v 10.7887 5.6 -1.9768 
v 10.7887 5.6 -1.9768 
v 10.6887 5.65 -1.9768 
v 10.7887 5.48612 -1.5518 
v 10.7887 5.48612 -1.5518 
v 10.6887 5.52942 -1.5268 
v 10.7887 5.175 -1.24068 
v 10.7887 5.175 -1.24068 
v 10.6887 5.2 -1.19738 
v 10.7887 4.75 -1.1268 
v 11.3887 4.75 -1.0768 
v 11.2887 4.75 -1.1268 
v 11.3887 4.3 -1.19738 
v 11.2887 4.325 -1.24068 
v 11.3887 4.3 -1.19738 
v 11.2887 4.325 -1.24068 
v 11.3887 3.97058 -1.5268 
v 11.2887 4.01388 -1.5518 
v 11.3887 3.97058 -1.5268 
v 11.2887 4.01388 -1.5518 
v 11.3887 3.85 -1.9768 
v 11.2887 3.9 -1.9768 
v 11.3887 3.85 -1.9768 
v 11.2887 3.9 -1.9768 
v 11.3887 3.97058 -2.4268 
v 11.2887 4.01388 -2.4018 
v 11.3887 3.97058 -2.4268 
v 11.2887 4.01388 -2.4018 
v 11.3887 4.3 -2.75622 
v 11.2887 4.325 -2.71292 
v 11.3887 4.3 -2.75622 
v 11.2887 4.325 -2.71292 
v 11.3887 4.75 -2.8768 
v 11.2887 4.75 -2.8268 
v 11.3887 4.75 -2.8768 
v 11.2887 4.75 -2.8268 
v 11.3887 5.2 -2.75622 
v 11.2887 5.175 -2.71292 
v 11.3887 5.2 -2.75622 
v 11.2887 5.175 -2.71292 
v 11.3887 5.52942 -2.4268 
v 11.2887 5.48612 -2.4018 
v 11.3887 5.52942 -2.4268 
v 11.2887 5.48612 -2.4018 
v 11.3887 5.65 -1.9768 
v 11.2887 5.6 -1.9768 
v 11.3887 5.65 -1.9768 
v 11.2887 5.6 -1.9768 
v 11.3887 5.52942 -1.5268 
v 11.2887 5.48612 -1.5518 
v 11.3887 5.52942 -1.5268 
v 11.2887 5.48612 -1.5518 
v 11.3887 5.2 -1.19738 
v 11.2887 5.175 -1.24068 
v 11.3887 5.2 -1.19738 
v 11.2887 5.175 -1.24068 
v 11.3887 4.75 -1.0768 
v 11.2887 4.75 -1.1268 
v 11.4887 4.75 -1.0768 
v 11.3887 4.75 -1.0768 
v 11.4887 4.3 -1.19738 
v 11.4887 4.3 -1.19738 
v 11.3887 4.3 -1.19738 
v 11.4887 3.97058 -1.5268 
v 11.3887 3.97058 -1.5268 
v 11.4887 3.97058 -1.5268 
v 11.3887 3.97058 -1.5268 
v 11.4887 3.85 -1.9768 
v 11.4887 3.85 -1.9768 
v 11.3887 3.85 -1.9768 
v 11.4887 3.97058 -2.4268 
v 11.3887 3.97058 -2.4268 
v 11.4887 3.97058 -2.4268 
v 11.3887 3.97058 -2.4268 
v 11.4887 4.3 -2.75622 
v 11.4887 4.3 -2.75622 
v 11.3887 4.3 -2.75622 
v 11.4887 4.75 -2.8768 
v 11.4887 4.75 -2.8768 
v 11.3887 4.75 -2.8768 
v 11.4887 5.2 -2.75622 
v 11.4887 5.2 -2.75622 
v 11.3887 5.2 -2.75622 
v 11.4887 5.52942 -2.4268 
v 11.4887 5.52942 -2.4268 
v 11.3887 5.52942 -2.4268 
v 11.4887 5.65 -1.9768 
v 11.4887 5.65 -1.9768 
v 11.3887 5.65 -1.9768 
v 11.4887 5.52942 -1.5268 
v 11.4887 5.52942 -1.5268 
v 11.3887 5.52942 -1.5268 
v 11.4887 5.2 -1.19738 
v 11.4887 5.2 -1.19738 
v 11.3887 5.2 -1.19738 
v 11.4887 4.75 -1.0768 
v 11.5387 4.75 -1.1268 
v 11.4887 4.75 -1.0768 
v 11.5387 4.325 -1.24068 
v 11.5387 4.325 -1.24068 
v 11.4887 4.3 -1.19738 
v 11.5387 4.01388 -1.5518 
v 11.4887 3.97058 -1.5268 
v 11.5387 4.01388 -1.5518 
v 11.4887 3.97058 -1.5268 
v 11.5387 3.9 -1.9768 
v 11.5387 3.9 -1.9768 
v 11.4887 3.85 -1.9768 
v 11.5387 4.01388 -2.4018 
v 11.4887 3.97058 -2.4268 
v 11.5387 4.01388 -2.4018 
v 11.4887 3.97058 -2.4268 
v 11.5387 4.325 -2.71292 
v 11.5387 4.325 -2.71292 
v 11.4887 4.3 -2.75622 
v 11.5387 4.75 -2.8268 
v 11.5387 4.75 -2.8268 
v 11.4887 4.75 -2.8768 
v 11.5387 5.175 -2.71292 
v 11.5387 5.175 -2.71292 
v 11.4887 5.2 -2.75622 
v 11.5387 5.48612 -2.4018 
v 11.5387 5.48612 -2.4018 
v 11.4887 5.52942 -2.4268 
v 11.5387 5.6 -1.9768 
v 11.5387 5.6 -1.9768 
v 11.4887 5.65 -1.9768 
v 11.5387 5.48612 -1.5518 
v 11.5387 5.48612 -1.5518 
v 11.4887 5.52942 -1.5268 
v 11.5387 5.175 -1.24068 
v 11.5387 5.175 -1.24068 
v 11.4887 5.2 -1.19738 
v 11.5387 4.75 -1.1268 
v 11.5387 4.75 -1.1768 
v 11.5387 4.75 -1.1268 
v 11.5387 4.35 -1.28398 
v 11.5387 4.325 -1.24068 
v 11.5387 4.35 -1.28398 
v 11.5387 4.325 -1.24068 
v 11.5387 4.05718 -1.5768 
v 11.5387 4.01388 -1.5518 
v 11.5387 4.05718 -1.5768 
v 11.5387 4.01388 -1.5518 
v 11.5387 3.95 -1.9768 
v 11.5387 3.9 -1.9768 
v 11.5387 3.95 -1.9768 
v 11.5387 3.9 -1.9768 
v 11.5387 4.05718 -2.3768 
v 11.5387 4.01388 -2.4018 
v 11.5387 4.05718 -2.3768 
v 11.5387 4.01388 -2.4018 
v 11.5387 4.35 -2.66962 
v 11.5387 4.325 -2.71292 
v 11.5387 4.35 -2.66962 
v 11.5387 4.325 -2.71292 
v 11.5387 4.75 -2.7768 
v 11.5387 4.75 -2.8268 
v 11.5387 4.75 -2.7768 
v 11.5387 4.75 -2.8268 
v 11.5387 5.15 -2.66962 
v 11.5387 5.175 -2.71292 
v 11.5387 5.15 -2.66962 
v 11.5387 5.175 -2.71292 
v 11.5387 5.44282 -2.3768 
v 11.5387 5.48612 -2.4018 
v 11.5387 5.44282 -2.3768 
v 11.5387 5.48612 -2.4018 
v 11.5387 5.55 -1.9768 
v 11.5387 5.6 -1.9768 
v 11.5387 5.55 -1.9768 
v 11.5387 5.6 -1.9768 
v 11.5387 5.44282 -1.5768 
v 11.5387 5.48612 -1.5518 
v 11.5387 5.44282 -1.5768 
v 11.5387 5.48612 -1.5518 
v 11.5387 5.15 -1.28398 
v 11.5387 5.175 -1.24068 
v 11.5387 5.15 -1.28398 
v 11.5387 5.175 -1.24068 
v 11.5387 4.75 -1.1768 
v 11.5387 4.75 -1.1268 
v 11.4887 4.4 -1.37058 
v 11.5387 4.75 -1.1768 
v 11.4887 4.75 -1.2768 
v 11.4887 4.14378 -1.6268 
v 11.5387 4.35 -1.28398 
v 11.4887 4.4 -1.37058 
v 11.4887 4.05 -1.9768 
v 11.5387 4.05718 -1.5768 
v 11.4887 4.14378 -1.6268 
v 11.5387 4.05718 -2.3768 
v 11.4887 4.14378 -2.3268 
v 11.5387 3.95 -1.9768 
v 11.4887 4.05 -1.9768 
v 11.4887 4.4 -2.58302 
v 11.5387 4.05718 -2.3768 
v 11.4887 4.14378 -2.3268 
v 11.4887 4.75 -2.6768 
v 11.5387 4.35 -2.66962 
v 11.4887 4.4 -2.58302 
v 11.4887 5.1 -2.58302 
v 11.5387 4.75 -2.7768 
v 11.4887 4.75 -2.6768 
v 11.4887 5.35622 -2.3268 
v 11.5387 5.15 -2.66962 
v 11.4887 5.1 -2.58302 
v 11.4887 5.45 -1.9768 
v 11.5387 5.44282 -2.3768 
v 11.4887 5.35622 -2.3268 
v 11.4887 5.35622 -1.6268 
v 11.5387 5.55 -1.9768 
v 11.4887 5.45 -1.9768 
v 11.4887 5.1 -1.37058 
v 11.5387 5.44282 -1.5768 
v 11.4887 5.35622 -1.6268 
v 11.4887 4.75 -1.2768 
v 11.5387 5.15 -1.28398 
v 11.4887 5.1 -1.37058 
v 10.5887 4.75 -1.9768 
v 10.5887 4.4 -1.37058 
v 10.5887 4.75 -1.9768 
v 10.5887 4.14378 -1.6268 
v 10.5887 4.14378 -1.6268 
v 10.5887 4.75 -1.9768 
v 10.5887 4.05 -1.9768 
v 10.5887 4.05 -1.9768 
v 10.5887 4.75 -1.9768 
v 10.5887 4.14378 -2.3268 
v 10.5887 4.14378 -2.3268 
v 10.5887 4.75 -1.9768 
v 10.5887 4.4 -2.58302 
v 10.5887 4.75 -1.9768 
v 10.5887 4.75 -2.6768 
v 10.5887 4.75 -1.9768 
v 10.5887 5.1 -2.58302 
v 10.5887 4.75 -1.9768 
v 10.5887 5.35622 -2.3268 
v 10.5887 4.75 -1.9768 
v 10.5887 5.45 -1.9768 
v 10.5887 4.75 -1.9768 
v 10.5887 5.35622 -1.6268 
v 10.5887 4.75 -1.9768 
v 10.5887 5.1 -1.37058 
v 10.5887 4.75 -1.9768 
v 10.5887 4.75 -1.2768 
v 11.4887 4.75 -1.9768 
v 11.4887 4.75 -1.2768 
v 11.4887 4.75 -1.9768 
v 11.4887 4.4 -1.37058 
v 11.4887 4.75 -1.9768 
v 11.4887 4.14378 -1.6268 
v 11.4887 4.75 -1.9768 
v 11.4887 4.05 -1.9768 
v 11.4887 4.75 -1.9768 
v 11.4887 4.14378 -2.3268 
v 11.4887 4.75 -1.9768 
v 11.4887 4.4 -2.58302 
v 11.4887 4.75 -1.9768 
v 11.4887 4.75 -2.6768 
v 11.4887 4.75 -1.9768 
v 11.4887 5.1 -2.58302 
v 11.4887 4.75 -1.9768 
v 11.4887 5.35622 -2.3268 
v 11.4887 4.75 -1.9768 
v 11.4887 5.45 -1.9768 
v 11.4887 4.75 -1.9768 
v 11.4887 5.35622 -1.6268 
v 11.4887 4.75 -1.9768 
v 11.4887 5.1 -1.37058 
v 10.7887 4.325 -1.24068 
v 10.9387 4.60956 -1.11267 
v 10.9387 4.43956 -1.15822 
v 10.7887 4.75 -1.1268 
v 11.1387 4.60956 -1.11267 
v 10.9387 4.60956 -1.11267 
v 11.2887 4.75 -1.1268 
v 11.1387 4.43956 -1.15822 
v 11.1387 4.60956 -1.11267 
v 11.2887 4.325 -1.24068 
v 10.9387 4.43956 -1.15822 
v 11.1387 4.43956 -1.15822 
v 10.7887 4.01388 -1.5518 
v 10.9387 4.19631 -1.29866 
v 10.9387 4.07186 -1.42311 
v 10.7887 4.325 -1.24068 
v 11.1387 4.19631 -1.29866 
v 10.9387 4.19631 -1.29866 
v 11.2887 4.325 -1.24068 
v 11.1387 4.07186 -1.42311 
v 11.1387 4.19631 -1.29866 
v 10.7887 4.01388 -1.5518 
v 11.2887 4.01388 -1.5518 
v 10.9387 4.07186 -1.42311 
v 11.1387 4.07186 -1.42311 
v 10.7887 3.9 -1.9768 
v 10.9387 3.93142 -1.66636 
v 10.9387 3.88587 -1.83636 
v 10.7887 4.01388 -1.5518 
v 11.1387 3.93142 -1.66636 
v 10.9387 3.93142 -1.66636 
v 11.2887 4.01388 -1.5518 
v 11.1387 3.88587 -1.83636 
v 11.1387 3.93142 -1.66636 
v 10.7887 3.9 -1.9768 
v 11.2887 3.9 -1.9768 
v 10.9387 3.88587 -1.83636 
v 11.1387 3.88587 -1.83636 
v 10.7887 4.01388 -2.4018 
v 10.9387 3.88587 -2.11724 
v 10.9387 3.93142 -2.28724 
v 10.7887 3.9 -1.9768 
v 11.1387 3.88587 -2.11724 
v 10.9387 3.88587 -2.11724 
v 11.2887 3.9 -1.9768 
v 11.1387 3.93142 -2.28724 
v 11.1387 3.88587 -2.11724 
v 11.2887 4.01388 -2.4018 
v 10.9387 3.93142 -2.28724 
v 11.1387 3.93142 -2.28724 
v 10.7887 4.325 -2.71292 
v 10.9387 4.07186 -2.53049 
v 10.9387 4.19631 -2.65494 
v 11.2887 4.01388 -2.4018 
v 10.7887 4.01388 -2.4018 
v 11.1387 4.07186 -2.53049 
v 10.9387 4.07186 -2.53049 
v 11.2887 4.01388 -2.4018 
v 11.1387 4.19631 -2.65494 
v 11.1387 4.07186 -2.53049 
v 11.2887 4.325 -2.71292 
v 10.9387 4.19631 -2.65494 
v 11.1387 4.19631 -2.65494 
v 10.7887 4.75 -2.8268 
v 10.9387 4.43956 -2.79538 
v 10.9387 4.60956 -2.84093 
v 10.7887 4.325 -2.71292 
v 11.1387 4.43956 -2.79538 
v 10.9387 4.43956 -2.79538 
v 11.2887 4.325 -2.71292 
v 11.1387 4.60956 -2.84093 
v 11.1387 4.43956 -2.79538 
v 11.2887 4.75 -2.8268 
v 10.9387 4.60956 -2.84093 
v 11.1387 4.60956 -2.84093 
v 10.7887 5.175 -2.71292 
v 10.9387 4.89044 -2.84093 
v 10.9387 5.06044 -2.79538 
v 10.7887 4.75 -2.8268 
v 11.1387 4.89044 -2.84093 
v 10.9387 4.89044 -2.84093 
v 11.2887 4.75 -2.8268 
v 11.1387 5.06044 -2.79538 
v 11.1387 4.89044 -2.84093 
v 11.2887 5.175 -2.71292 
v 10.9387 5.06044 -2.79538 
v 11.1387 5.06044 -2.79538 
v 10.7887 5.48612 -2.4018 
v 10.9387 5.30369 -2.65494 
v 10.9387 5.42814 -2.53049 
v 10.7887 5.175 -2.71292 
v 11.1387 5.30369 -2.65494 
v 10.9387 5.30369 -2.65494 
v 11.2887 5.175 -2.71292 
v 11.1387 5.42814 -2.53049 
v 11.1387 5.30369 -2.65494 
v 11.2887 5.48612 -2.4018 
v 10.9387 5.42814 -2.53049 
v 11.1387 5.42814 -2.53049 
v 10.7887 5.6 -1.9768 
v 10.9387 5.56857 -2.28724 
v 10.9387 5.61412 -2.11724 
v 10.7887 5.48612 -2.4018 
v 11.1387 5.56857 -2.28724 
v 10.9387 5.56857 -2.28724 
v 11.2887 5.48612 -2.4018 
v 11.1387 5.61412 -2.11724 
v 11.1387 5.56857 -2.28724 
v 11.2887 5.6 -1.9768 
v 10.9387 5.61412 -2.11724 
v 11.1387 5.61412 -2.11724 
v 10.7887 5.48612 -1.5518 
v 10.9387 5.61412 -1.83636 
v 10.9387 5.56857 -1.66636 
v 10.7887 5.6 -1.9768 
v 11.1387 5.61412 -1.83636 
v 10.9387 5.61412 -1.83636 
v 11.2887 5.6 -1.9768 
v 11.1387 5.56857 -1.66636 
v 11.1387 5.61412 -1.83636 
v 11.2887 5.48612 -1.5518 
v 10.9387 5.56857 -1.66636 
v 11.1387 5.56857 -1.66636 
v 10.7887 5.175 -1.24068 
v 10.9387 5.42814 -1.42311 
v 10.9387 5.30369 -1.29866 
v 10.7887 5.48612 -1.5518 
v 11.1387 5.42814 -1.42311 
v 10.9387 5.42814 -1.42311 
v 11.2887 5.48612 -1.5518 
v 11.1387 5.30369 -1.29866 
v 11.1387 5.42814 -1.42311 
v 11.2887 5.175 -1.24068 
v 10.9387 5.30369 -1.29866 
v 11.1387 5.30369 -1.29866 
v 10.7887 4.75 -1.1268 
v 10.9387 5.06044 -1.15822 
v 10.9387 4.89044 -1.11267 
v 10.7887 5.175 -1.24068 
v 11.1387 5.06044 -1.15822 
v 10.9387 5.06044 -1.15822 
v 11.2887 5.175 -1.24068 
v 11.1387 4.89044 -1.11267 
v 11.1387 5.06044 -1.15822 
v 11.2887 4.75 -1.1268 
v 10.9387 4.89044 -1.11267 
v 11.1387 4.89044 -1.11267 
v 10.9387 4.43956 -1.15822 
v 10.9787 4.56262 -1.07348 
v 10.9787 4.46062 -1.10081 
v 10.9387 4.60956 -1.11267 
v 11.0987 4.56262 -1.07348 
v 10.9787 4.56262 -1.07348 
v 11.1387 4.60956 -1.11267 
v 11.0987 4.46062 -1.10081 
v 11.0987 4.56262 -1.07348 
v 11.1387 4.43956 -1.15822 
v 10.9787 4.46062 -1.10081 
v 11.0987 4.46062 -1.10081 
v 11.0987 4.56262 -1.07348 
v 10.9787 4.56262 -1.07348 
v 11.0987 4.46062 -1.10081 
v 10.9787 4.46062 -1.10081 
v 10.9387 4.07186 -1.42311 
v 10.9787 4.13606 -1.2882 
v 10.9787 4.06139 -1.36286 
v 10.9387 4.19631 -1.29866 
v 11.0987 4.13606 -1.2882 
v 10.9787 4.13606 -1.2882 
v 11.1387 4.19631 -1.29866 
v 11.0987 4.06139 -1.36286 
v 11.0987 4.13606 -1.2882 
v 11.1387 4.07186 -1.42311 
v 10.9787 4.06139 -1.36286 
v 11.0987 4.06139 -1.36286 
v 11.0987 4.13606 -1.2882 
v 10.9787 4.13606 -1.2882 
v 11.0987 4.06139 -1.36286 
v 10.9787 4.06139 -1.36286 
v 10.9387 3.93142 -1.66636 
v 10.9387 3.88587 -1.83636 
v 10.9787 3.87401 -1.68742 
v 10.9787 3.84668 -1.78942 
v 11.1387 3.93142 -1.66636 
v 10.9387 3.93142 -1.66636 
v 11.0987 3.87401 -1.68742 
v 10.9787 3.87401 -1.68742 
v 11.1387 3.88587 -1.83636 
v 11.1387 3.93142 -1.66636 
v 11.0987 3.84668 -1.78942 
v 11.0987 3.87401 -1.68742 
v 10.9387 3.88587 -1.83636 
v 11.1387 3.88587 -1.83636 
v 10.9787 3.84668 -1.78942 
v 11.0987 3.84668 -1.78942 
v 11.0987 3.87401 -1.68742 
v 10.9787 3.87401 -1.68742 
v 11.0987 3.84668 -1.78942 
v 10.9787 3.84668 -1.78942 
v 10.9387 3.88587 -2.11724 
v 10.9387 3.93142 -2.28724 
v 10.9787 3.84668 -2.16418 
v 10.9787 3.87401 -2.26618 
v 11.1387 3.88587 -2.11724 
v 10.9387 3.88587 -2.11724 
v 11.0987 3.84668 -2.16418 
v 10.9787 3.84668 -2.16418 
v 11.1387 3.93142 -2.28724 
v 11.1387 3.88587 -2.11724 
v 11.0987 3.87401 -2.26618 
v 11.0987 3.84668 -2.16418 
v 10.9387 3.93142 -2.28724 
v 11.1387 3.93142 -2.28724 
v 10.9787 3.87401 -2.26618 
v 11.0987 3.87401 -2.26618 
v 11.0987 3.84668 -2.16418 
v 10.9787 3.84668 -2.16418 
v 11.0987 3.87401 -2.26618 
v 10.9787 3.87401 -2.26618 
v 10.9387 4.19631 -2.65494 
v 10.9787 4.06139 -2.59074 
v 10.9787 4.13606 -2.6654 
v 10.9387 4.07186 -2.53049 
v 11.0987 4.06139 -2.59074 
v 10.9787 4.06139 -2.59074 
v 11.1387 4.07186 -2.53049 
v 11.0987 4.13606 -2.6654 
v 11.0987 4.06139 -2.59074 
v 11.1387 4.19631 -2.65494 
v 10.9787 4.13606 -2.6654 
v 11.0987 4.13606 -2.6654 
v 11.0987 4.06139 -2.59074 
v 10.9787 4.06139 -2.59074 
v 11.0987 4.13606 -2.6654 
v 10.9787 4.13606 -2.6654 
v 10.9387 4.60956 -2.84093 
v 10.9787 4.46062 -2.85279 
v 10.9787 4.56262 -2.88012 
v 10.9387 4.43956 -2.79538 
v 11.0987 4.46062 -2.85279 
v 10.9787 4.46062 -2.85279 
v 11.1387 4.43956 -2.79538 
v 11.0987 4.56262 -2.88012 
v 11.0987 4.46062 -2.85279 
v 11.1387 4.60956 -2.84093 
v 10.9787 4.56262 -2.88012 
v 11.0987 4.56262 -2.88012 
v 11.0987 4.46062 -2.85279 
v 10.9787 4.46062 -2.85279 
v 11.0987 4.56262 -2.88012 
v 10.9787 4.56262 -2.88012 
v 10.9387 5.06044 -2.79538 
v 10.9787 4.93738 -2.88012 
v 10.9787 5.03938 -2.85279 
v 10.9387 4.89044 -2.84093 
v 11.0987 4.93738 -2.88012 
v 10.9787 4.93738 -2.88012 
v 11.1387 4.89044 -2.84093 
v 11.0987 5.03938 -2.85279 
v 11.0987 4.93738 -2.88012 
v 11.1387 5.06044 -2.79538 
v 10.9787 5.03938 -2.85279 
v 11.0987 5.03938 -2.85279 
v 11.0987 4.93738 -2.88012 
v 10.9787 4.93738 -2.88012 
v 11.0987 5.03938 -2.85279 
v 10.9787 5.03938 -2.85279 
v 10.9387 5.42814 -2.53049 
v 10.9787 5.36394 -2.6654 
v 10.9787 5.4386 -2.59074 
v 10.9387 5.30369 -2.65494 
v 11.0987 5.36394 -2.6654 
v 10.9787 5.36394 -2.6654 
v 11.1387 5.30369 -2.65494 
v 11.0987 5.4386 -2.59074 
v 11.0987 5.36394 -2.6654 
v 11.1387 5.42814 -2.53049 
v 10.9787 5.4386 -2.59074 
v 11.0987 5.4386 -2.59074 
v 11.0987 5.36394 -2.6654 
v 10.9787 5.36394 -2.6654 
v 11.0987 5.4386 -2.59074 
v 10.9787 5.4386 -2.59074 
v 10.9387 5.61412 -2.11724 
v 10.9787 5.626 -2.26618 
v 10.9787 5.65332 -2.16418 
v 10.9387 5.56857 -2.28724 
v 11.0987 5.626 -2.26618 
v 10.9787 5.626 -2.26618 
v 11.1387 5.56857 -2.28724 
v 11.0987 5.65332 -2.16418 
v 11.0987 5.626 -2.26618 
v 11.1387 5.61412 -2.11724 
v 10.9787 5.65332 -2.16418 
v 11.0987 5.65332 -2.16418 
v 11.0987 5.626 -2.26618 
v 10.9787 5.626 -2.26618 
v 11.0987 5.65332 -2.16418 
v 10.9787 5.65332 -2.16418 
v 10.9387 5.56857 -1.66636 
v 10.9787 5.65332 -1.78942 
v 10.9787 5.626 -1.68742 
v 10.9387 5.61412 -1.83636 
v 11.0987 5.65332 -1.78942 
v 10.9787 5.65332 -1.78942 
v 11.1387 5.61412 -1.83636 
v 11.0987 5.626 -1.68742 
v 11.0987 5.65332 -1.78942 
v 11.1387 5.56857 -1.66636 
v 10.9787 5.626 -1.68742 
v 11.0987 5.626 -1.68742 
v 11.0987 5.65332 -1.78942 
v 10.9787 5.65332 -1.78942 
v 11.0987 5.626 -1.68742 
v 10.9787 5.626 -1.68742 
v 10.9387 5.30369 -1.29866 
v 10.9787 5.4386 -1.36286 
v 10.9787 5.36394 -1.2882 
v 10.9387 5.42814 -1.42311 
v 11.0987 5.4386 -1.36286 
v 10.9787 5.4386 -1.36286 
v 11.1387 5.42814 -1.42311 
v 11.0987 5.36394 -1.2882 
v 11.0987 5.4386 -1.36286 
v 11.1387 5.30369 -1.29866 
v 10.9787 5.36394 -1.2882 
v 11.0987 5.36394 -1.2882 
v 11.0987 5.4386 -1.36286 
v 10.9787 5.4386 -1.36286 
v 11.0987 5.36394 -1.2882 
v 10.9787 5.36394 -1.2882 
v 10.9387 4.89044 -1.11267 
v 10.9787 5.03938 -1.10081 
v 10.9787 4.93738 -1.07348 
v 10.9387 5.06044 -1.15822 
v 11.0987 5.03938 -1.10081 
v 10.9787 5.03938 -1.10081 
v 11.1387 5.06044 -1.15822 
v 11.0987 4.93738 -1.07348 
v 11.0987 5.03938 -1.10081 
v 11.1387 4.89044 -1.11267 
v 10.9787 4.93738 -1.07348 
v 11.0987 4.93738 -1.07348 
v 11.0987 5.03938 -1.10081 
v 10.9787 5.03938 -1.10081 
v 11.0987 4.93738 -1.07348 
v 10.9787 4.93738 -1.07348 
v 11.0387 0.9 -1.9268 
v 11.0387 0.9 -1.9768 
v 11.0637 0.9 -1.9335 
v 11.0387 0.9 -1.9768 
v 11.0637 0.9 -1.9335 
v 11.0387 0.9 -1.9768 
v 11.082 0.9 -1.9518 
v 11.082 0.9 -1.9518 
v 11.0387 0.9 -1.9768 
v 11.0887 0.9 -1.9768 
v 11.0887 0.9 -1.9768 
v 11.0387 0.9 -1.9768 
v 11.082 0.9 -2.0018 
v 11.082 0.9 -2.0018 
v 11.0387 0.9 -1.9768 
v 11.0637 0.9 -2.0201 
v 11.0637 0.9 -2.0201 
v 11.0387 0.9 -1.9768 
v 11.0387 0.9 -2.0268 
v 11.0387 0.9 -2.0268 
v 11.0387 0.9 -1.9768 
v 11.0137 0.9 -2.0201 
v 11.0137 0.9 -2.0201 
v 11.0387 0.9 -1.9768 
v 10.9954 0.9 -2.0018 
v 10.9954 0.9 -2.0018 
v 11.0387 0.9 -1.9768 
v 10.9887 0.9 -1.9768 
v 10.9887 0.9 -1.9768 
v 11.0387 0.9 -1.9768 
v 10.9954 0.9 -1.9518 
v 10.9954 0.9 -1.9518 
v 11.0387 0.9 -1.9768 
v 11.0137 0.9 -1.9335 
v 11.0137 0.9 -1.9335 
v 11.0387 0.9 -1.9768 
v 11.0387 0.9 -1.9268 
v 11.0387 0.95 -1.8268 
v 11.0387 0.9 -1.9268 
v 11.1137 0.95 -1.8469 
v 11.1137 0.95 -1.8469 
v 11.0637 0.9 -1.9335 
v 11.1686 0.95 -1.9018 
v 11.1686 0.95 -1.9018 
v 11.082 0.9 -1.9518 
v 11.1887 0.95 -1.9768 
v 11.1887 0.95 -1.9768 
v 11.0887 0.9 -1.9768 
v 11.1686 0.95 -2.0518 
v 11.1686 0.95 -2.0518 
v 11.082 0.9 -2.0018 
v 11.1137 0.95 -2.1067 
v 11.1137 0.95 -2.1067 
v 11.0637 0.9 -2.0201 
v 11.0387 0.95 -2.1268 
v 11.0387 0.95 -2.1268 
v 11.0387 0.9 -2.0268 
v 10.9637 0.95 -2.1067 
v 10.9637 0.95 -2.1067 
v 11.0137 0.9 -2.0201 
v 10.9088 0.95 -2.0518 
v 10.9088 0.95 -2.0518 
v 10.9954 0.9 -2.0018 
v 10.8887 0.95 -1.9768 
v 10.8887 0.95 -1.9768 
v 10.9887 0.9 -1.9768 
v 10.9088 0.95 -1.9018 
v 10.9088 0.95 -1.9018 
v 10.9954 0.9 -1.9518 
v 10.9637 0.95 -1.8469 
v 10.9637 0.95 -1.8469 
v 11.0137 0.9 -1.9335 
v 11.0387 0.95 -1.8268 
v 11.0387 1.05 -1.7768 
v 11.0387 0.95 -1.8268 
v 11.1387 1.05 -1.8036 
v 11.1387 1.05 -1.8036 
v 11.1137 0.95 -1.8469 
v 11.2119 1.05 -1.8768 
v 11.2119 1.05 -1.8768 
v 11.1686 0.95 -1.9018 
v 11.2387 1.05 -1.9768 
v 11.2387 1.05 -1.9768 
v 11.1887 0.95 -1.9768 
v 11.2119 1.05 -2.0768 
v 11.2119 1.05 -2.0768 
v 11.1686 0.95 -2.0518 
v 11.1387 1.05 -2.15 
v 11.1387 1.05 -2.15 
v 11.1137 0.95 -2.1067 
v 11.0387 1.05 -2.1768 
v 11.0387 1.05 -2.1768 
v 11.0387 0.95 -2.1268 
v 10.9387 1.05 -2.15 
v 10.9387 1.05 -2.15 
v 10.9637 0.95 -2.1067 
v 10.8655 1.05 -2.0768 
v 10.8655 1.05 -2.0768 
v 10.9088 0.95 -2.0518 
v 10.8387 1.05 -1.9768 
v 10.8387 1.05 -1.9768 
v 10.8887 0.95 -1.9768 
v 10.8655 1.05 -1.8768 
v 10.8655 1.05 -1.8768 
v 10.9088 0.95 -1.9018 
v 10.9387 1.05 -1.8036 
v 10.9387 1.05 -1.8036 
v 10.9637 0.95 -1.8469 
v 11.0387 1.05 -1.7768 
v 11.0387 1.1 -1.8268 
v 11.0387 1.05 -1.7768 
v 11.1137 1.1 -1.8469 
v 11.1387 1.05 -1.8036 
v 11.1137 1.1 -1.8469 
v 11.1387 1.05 -1.8036 
v 11.1686 1.1 -1.9018 
v 11.2119 1.05 -1.8768 
v 11.1686 1.1 -1.9018 
v 11.2119 1.05 -1.8768 
v 11.1887 1.1 -1.9768 
v 11.2387 1.05 -1.9768 
v 11.1887 1.1 -1.9768 
v 11.2387 1.05 -1.9768 
v 11.1686 1.1 -2.0518 
v 11.2119 1.05 -2.0768 
v 11.1686 1.1 -2.0518 
v 11.2119 1.05 -2.0768 
v 11.1137 1.1 -2.1067 
v 11.1387 1.05 -2.15 
v 11.1137 1.1 -2.1067 
v 11.1387 1.05 -2.15 
v 11.0387 1.1 -2.1268 
v 11.0387 1.05 -2.1768 
v 11.0387 1.1 -2.1268 
v 11.0387 1.05 -2.1768 
v 10.9637 1.1 -2.1067 
v 10.9387 1.05 -2.15 
v 10.9637 1.1 -2.1067 
v 10.9387 1.05 -2.15 
v 10.9088 1.1 -2.0518 
v 10.8655 1.05 -2.0768 
v 10.9088 1.1 -2.0518 
v 10.8655 1.05 -2.0768 
v 10.8887 1.1 -1.9768 
v 10.8387 1.05 -1.9768 
v 10.8887 1.1 -1.9768 
v 10.8387 1.05 -1.9768 
v 10.9088 1.1 -1.9018 
v 10.8655 1.05 -1.8768 
v 10.9088 1.1 -1.9018 
v 10.8655 1.05 -1.8768 
v 10.9637 1.1 -1.8469 
v 10.9387 1.05 -1.8036 
v 10.9637 1.1 -1.8469 
v 10.9387 1.05 -1.8036 
v 11.0387 1.1 -1.8268 
v 11.0387 1.05 -1.7768 
v 11.0387 1.15 -1.7768 
v 11.0387 1.1 -1.8268 
v 11.1387 1.15 -1.8036 
v 11.1137 1.1 -1.8469 
v 11.1387 1.15 -1.8036 
v 11.1137 1.1 -1.8469 
v 11.2119 1.15 -1.8768 
v 11.1686 1.1 -1.9018 
v 11.2119 1.15 -1.8768 
v 11.1686 1.1 -1.9018 
v 11.2387 1.15 -1.9768 
v 11.1887 1.1 -1.9768 
v 11.2387 1.15 -1.9768 
v 11.1887 1.1 -1.9768 
v 11.2119 1.15 -2.0768 
v 11.1686 1.1 -2.0518 
v 11.2119 1.15 -2.0768 
v 11.1686 1.1 -2.0518 
v 11.1387 1.15 -2.15 
v 11.1137 1.1 -2.1067 
v 11.1387 1.15 -2.15 
v 11.1137 1.1 -2.1067 
v 11.0387 1.15 -2.1768 
v 11.0387 1.1 -2.1268 
v 11.0387 1.15 -2.1768 
v 11.0387 1.1 -2.1268 
v 10.9387 1.15 -2.15 
v 10.9637 1.1 -2.1067 
v 10.9387 1.15 -2.15 
v 10.9637 1.1 -2.1067 
v 10.8655 1.15 -2.0768 
v 10.9088 1.1 -2.0518 
v 10.8655 1.15 -2.0768 
v 10.9088 1.1 -2.0518 
v 10.8387 1.15 -1.9768 
v 10.8887 1.1 -1.9768 
v 10.8387 1.15 -1.9768 
v 10.8887 1.1 -1.9768 
v 10.8655 1.15 -1.8768 
v 10.9088 1.1 -1.9018 
v 10.8655 1.15 -1.8768 
v 10.9088 1.1 -1.9018 
v 10.9387 1.15 -1.8036 
v 10.9637 1.1 -1.8469 
v 10.9387 1.15 -1.8036 
v 10.9637 1.1 -1.8469 
v 11.0387 1.15 -1.7768 
v 11.0387 1.1 -1.8268 
v 11.0387 1.2 -1.8268 
v 11.0387 1.15 -1.7768 
v 11.1137 1.2 -1.8469 
v 11.1387 1.15 -1.8036 
v 11.1137 1.2 -1.8469 
v 11.1387 1.15 -1.8036 
v 11.1686 1.2 -1.9018 
v 11.2119 1.15 -1.8768 
v 11.1686 1.2 -1.9018 
v 11.2119 1.15 -1.8768 
v 11.1887 1.2 -1.9768 
v 11.2387 1.15 -1.9768 
v 11.1887 1.2 -1.9768 
v 11.2387 1.15 -1.9768 
v 11.1686 1.2 -2.0518 
v 11.2119 1.15 -2.0768 
v 11.1686 1.2 -2.0518 
v 11.2119 1.15 -2.0768 
v 11.1137 1.2 -2.1067 
v 11.1387 1.15 -2.15 
v 11.1137 1.2 -2.1067 
v 11.1387 1.15 -2.15 
v 11.0387 1.2 -2.1268 
v 11.0387 1.15 -2.1768 
v 11.0387 1.2 -2.1268 
v 11.0387 1.15 -2.1768 
v 10.9637 1.2 -2.1067 
v 10.9387 1.15 -2.15 
v 10.9637 1.2 -2.1067 
v 10.9387 1.15 -2.15 
v 10.9088 1.2 -2.0518 
v 10.8655 1.15 -2.0768 
v 10.9088 1.2 -2.0518 
v 10.8655 1.15 -2.0768 
v 10.8887 1.2 -1.9768 
v 10.8387 1.15 -1.9768 
v 10.8887 1.2 -1.9768 
v 10.8387 1.15 -1.9768 
v 10.9088 1.2 -1.9018 
v 10.8655 1.15 -1.8768 
v 10.9088 1.2 -1.9018 
v 10.8655 1.15 -1.8768 
v 10.9637 1.2 -1.8469 
v 10.9387 1.15 -1.8036 
v 10.9637 1.2 -1.8469 
v 10.9387 1.15 -1.8036 
v 11.0387 1.2 -1.8268 
v 11.0387 1.15 -1.7768 
v 11.0387 1.25 -1.7768 
v 11.0387 1.2 -1.8268 
v 11.1387 1.25 -1.8036 
v 11.1137 1.2 -1.8469 
v 11.1387 1.25 -1.8036 
v 11.1137 1.2 -1.8469 
v 11.2119 1.25 -1.8768 
v 11.1686 1.2 -1.9018 
v 11.2119 1.25 -1.8768 
v 11.1686 1.2 -1.9018 
v 11.2387 1.25 -1.9768 
v 11.1887 1.2 -1.9768 
v 11.2387 1.25 -1.9768 
v 11.1887 1.2 -1.9768 
v 11.2119 1.25 -2.0768 
v 11.1686 1.2 -2.0518 
v 11.2119 1.25 -2.0768 
v 11.1686 1.2 -2.0518 
v 11.1387 1.25 -2.15 
v 11.1137 1.2 -2.1067 
v 11.1387 1.25 -2.15 
v 11.1137 1.2 -2.1067 
v 11.0387 1.25 -2.1768 
v 11.0387 1.2 -2.1268 
v 11.0387 1.25 -2.1768 
v 11.0387 1.2 -2.1268 
v 10.9387 1.25 -2.15 
v 10.9637 1.2 -2.1067 
v 10.9387 1.25 -2.15 
v 10.9637 1.2 -2.1067 
v 10.8655 1.25 -2.0768 
v 10.9088 1.2 -2.0518 
v 10.8655 1.25 -2.0768 
v 10.9088 1.2 -2.0518 
v 10.8387 1.25 -1.9768 
v 10.8887 1.2 -1.9768 
v 10.8387 1.25 -1.9768 
v 10.8887 1.2 -1.9768 
v 10.8655 1.25 -1.8768 
v 10.9088 1.2 -1.9018 
v 10.8655 1.25 -1.8768 
v 10.9088 1.2 -1.9018 
v 10.9387 1.25 -1.8036 
v 10.9637 1.2 -1.8469 
v 10.9387 1.25 -1.8036 
v 10.9637 1.2 -1.8469 
v 11.0387 1.25 -1.7768 
v 11.0387 1.2 -1.8268 
v 11.0387 1.3 -1.8268 
v 11.0387 1.25 -1.7768 
v 11.1137 1.3 -1.8469 
v 11.1387 1.25 -1.8036 
v 11.1137 1.3 -1.8469 
v 11.1387 1.25 -1.8036 
v 11.1686 1.3 -1.9018 
v 11.2119 1.25 -1.8768 
v 11.1686 1.3 -1.9018 
v 11.2119 1.25 -1.8768 
v 11.1887 1.3 -1.9768 
v 11.2387 1.25 -1.9768 
v 11.1887 1.3 -1.9768 
v 11.2387 1.25 -1.9768 
v 11.1686 1.3 -2.0518 
v 11.2119 1.25 -2.0768 
v 11.1686 1.3 -2.0518 
v 11.2119 1.25 -2.0768 
v 11.1137 1.3 -2.1067 
v 11.1387 1.25 -2.15 
v 11.1137 1.3 -2.1067 
v 11.1387 1.25 -2.15 
v 11.0387 1.3 -2.1268 
v 11.0387 1.25 -2.1768 
v 11.0387 1.3 -2.1268 
v 11.0387 1.25 -2.1768 
v 10.9637 1.3 -2.1067 
v 10.9387 1.25 -2.15 
v 10.9637 1.3 -2.1067 
v 10.9387 1.25 -2.15 
v 10.9088 1.3 -2.0518 
v 10.8655 1.25 -2.0768 
v 10.9088 1.3 -2.0518 
v 10.8655 1.25 -2.0768 
v 10.8887 1.3 -1.9768 
v 10.8387 1.25 -1.9768 
v 10.8887 1.3 -1.9768 
v 10.8387 1.25 -1.9768 
v 10.9088 1.3 -1.9018 
v 10.8655 1.25 -1.8768 
v 10.9088 1.3 -1.9018 
v 10.8655 1.25 -1.8768 
v 10.9637 1.3 -1.8469 
v 10.9387 1.25 -1.8036 
v 10.9637 1.3 -1.8469 
v 10.9387 1.25 -1.8036 
v 11.0387 1.3 -1.8268 
v 11.0387 1.25 -1.7768 
v 11.0387 1.35 -1.7768 
v 11.0387 1.3 -1.8268 
v 11.1387 1.35 -1.8036 
v 11.1137 1.3 -1.8469 
v 11.1387 1.35 -1.8036 
v 11.1137 1.3 -1.8469 
v 11.2119 1.35 -1.8768 
v 11.1686 1.3 -1.9018 
v 11.2119 1.35 -1.8768 
v 11.1686 1.3 -1.9018 
v 11.2387 1.35 -1.9768 
v 11.1887 1.3 -1.9768 
v 11.2387 1.35 -1.9768 
v 11.1887 1.3 -1.9768 
v 11.2119 1.35 -2.0768 
v 11.1686 1.3 -2.0518 
v 11.2119 1.35 -2.0768 
v 11.1686 1.3 -2.0518 
v 11.1387 1.35 -2.15 
v 11.1137 1.3 -2.1067 
v 11.1387 1.35 -2.15 
v 11.1137 1.3 -2.1067 
v 11.0387 1.35 -2.1768 
v 11.0387 1.3 -2.1268 
v 11.0387 1.35 -2.1768 
v 11.0387 1.3 -2.1268 
v 10.9387 1.35 -2.15 
v 10.9637 1.3 -2.1067 
v 10.9387 1.35 -2.15 
v 10.9637 1.3 -2.1067 
v 10.8655 1.35 -2.0768 
v 10.9088 1.3 -2.0518 
v 10.8655 1.35 -2.0768 
v 10.9088 1.3 -2.0518 
v 10.8387 1.35 -1.9768 
v 10.8887 1.3 -1.9768 
v 10.8387 1.35 -1.9768 
v 10.8887 1.3 -1.9768 
v 10.8655 1.35 -1.8768 
v 10.9088 1.3 -1.9018 
v 10.8655 1.35 -1.8768 
v 10.9088 1.3 -1.9018 
v 10.9387 1.35 -1.8036 
v 10.9637 1.3 -1.8469 
v 10.9387 1.35 -1.8036 
v 10.9637 1.3 -1.8469 
v 11.0387 1.35 -1.7768 
v 11.0387 1.3 -1.8268 
v 11.0387 1.4 -1.8268 
v 11.0387 1.35 -1.7768 
v 11.1137 1.4 -1.8469 
v 11.1387 1.35 -1.8036 
v 11.1137 1.4 -1.8469 
v 11.1387 1.35 -1.8036 
v 11.1686 1.4 -1.9018 
v 11.2119 1.35 -1.8768 
v 11.1686 1.4 -1.9018 
v 11.2119 1.35 -1.8768 
v 11.1887 1.4 -1.9768 
v 11.2387 1.35 -1.9768 
v 11.1887 1.4 -1.9768 
v 11.2387 1.35 -1.9768 
v 11.1686 1.4 -2.0518 
v 11.2119 1.35 -2.0768 
v 11.1686 1.4 -2.0518 
v 11.2119 1.35 -2.0768 
v 11.1137 1.4 -2.1067 
v 11.1387 1.35 -2.15 
v 11.1137 1.4 -2.1067 
v 11.1387 1.35 -2.15 
v 11.0387 1.4 -2.1268 
v 11.0387 1.35 -2.1768 
v 11.0387 1.4 -2.1268 
v 11.0387 1.35 -2.1768 
v 10.9637 1.4 -2.1067 
v 10.9387 1.35 -2.15 
v 10.9637 1.4 -2.1067 
v 10.9387 1.35 -2.15 
v 10.9088 1.4 -2.0518 
v 10.8655 1.35 -2.0768 
v 10.9088 1.4 -2.0518 
v 10.8655 1.35 -2.0768 
v 10.8887 1.4 -1.9768 
v 10.8387 1.35 -1.9768 
v 10.8887 1.4 -1.9768 
v 10.8387 1.35 -1.9768 
v 10.9088 1.4 -1.9018 
v 10.8655 1.35 -1.8768 
v 10.9088 1.4 -1.9018 
v 10.8655 1.35 -1.8768 
v 10.9637 1.4 -1.8469 
v 10.9387 1.35 -1.8036 
v 10.9637 1.4 -1.8469 
v 10.9387 1.35 -1.8036 
v 11.0387 1.4 -1.8268 
v 11.0387 1.35 -1.7768 
v 11.0387 1.45 -1.7768 
v 11.0387 1.4 -1.8268 
v 11.1387 1.45 -1.8036 
v 11.1137 1.4 -1.8469 
v 11.1387 1.45 -1.8036 
v 11.1137 1.4 -1.8469 
v 11.2119 1.45 -1.8768 
v 11.1686 1.4 -1.9018 
v 11.2119 1.45 -1.8768 
v 11.1686 1.4 -1.9018 
v 11.2387 1.45 -1.9768 
v 11.1887 1.4 -1.9768 
v 11.2387 1.45 -1.9768 
v 11.1887 1.4 -1.9768 
v 11.2119 1.45 -2.0768 
v 11.1686 1.4 -2.0518 
v 11.2119 1.45 -2.0768 
v 11.1686 1.4 -2.0518 
v 11.1387 1.45 -2.15 
v 11.1137 1.4 -2.1067 
v 11.1387 1.45 -2.15 
v 11.1137 1.4 -2.1067 
v 11.0387 1.45 -2.1768 
v 11.0387 1.4 -2.1268 
v 11.0387 1.45 -2.1768 
v 11.0387 1.4 -2.1268 
v 10.9387 1.45 -2.15 
v 10.9637 1.4 -2.1067 
v 10.9387 1.45 -2.15 
v 10.9637 1.4 -2.1067 
v 10.8655 1.45 -2.0768 
v 10.9088 1.4 -2.0518 
v 10.8655 1.45 -2.0768 
v 10.9088 1.4 -2.0518 
v 10.8387 1.45 -1.9768 
v 10.8887 1.4 -1.9768 
v 10.8387 1.45 -1.9768 
v 10.8887 1.4 -1.9768 
v 10.8655 1.45 -1.8768 
v 10.9088 1.4 -1.9018 
v 10.8655 1.45 -1.8768 
v 10.9088 1.4 -1.9018 
v 10.9387 1.45 -1.8036 
v 10.9637 1.4 -1.8469 
v 10.9387 1.45 -1.8036 
v 10.9637 1.4 -1.8469 
v 11.0387 1.45 -1.7768 
v 11.0387 1.4 -1.8268 
v 11.0387 1.5 -1.8268 
v 11.0387 1.45 -1.7768 
v 11.1137 1.5 -1.8469 
v 11.1387 1.45 -1.8036 
v 11.1137 1.5 -1.8469 
v 11.1387 1.45 -1.8036 
v 11.1686 1.5 -1.9018 
v 11.2119 1.45 -1.8768 
v 11.1686 1.5 -1.9018 
v 11.2119 1.45 -1.8768 
v 11.1887 1.5 -1.9768 
v 11.2387 1.45 -1.9768 
v 11.1887 1.5 -1.9768 
v 11.2387 1.45 -1.9768 
v 11.1686 1.5 -2.0518 
v 11.2119 1.45 -2.0768 
v 11.1686 1.5 -2.0518 
v 11.2119 1.45 -2.0768 
v 11.1137 1.5 -2.1067 
v 11.1387 1.45 -2.15 
v 11.1137 1.5 -2.1067 
v 11.1387 1.45 -2.15 
v 11.0387 1.5 -2.1268 
v 11.0387 1.45 -2.1768 
v 11.0387 1.5 -2.1268 
v 11.0387 1.45 -2.1768 
v 10.9637 1.5 -2.1067 
v 10.9387 1.45 -2.15 
v 10.9637 1.5 -2.1067 
v 10.9387 1.45 -2.15 
v 10.9088 1.5 -2.0518 
v 10.8655 1.45 -2.0768 
v 10.9088 1.5 -2.0518 
v 10.8655 1.45 -2.0768 
v 10.8887 1.5 -1.9768 
v 10.8387 1.45 -1.9768 
v 10.8887 1.5 -1.9768 
v 10.8387 1.45 -1.9768 
v 10.9088 1.5 -1.9018 
v 10.8655 1.45 -1.8768 
v 10.9088 1.5 -1.9018 
v 10.8655 1.45 -1.8768 
v 10.9637 1.5 -1.8469 
v 10.9387 1.45 -1.8036 
v 10.9637 1.5 -1.8469 
v 10.9387 1.45 -1.8036 
v 11.0387 1.5 -1.8268 
v 11.0387 1.45 -1.7768 
v 11.0387 1.55 -1.7768 
v 11.0387 1.5 -1.8268 
v 11.1387 1.55 -1.8036 
v 11.1137 1.5 -1.8469 
v 11.1387 1.55 -1.8036 
v 11.1137 1.5 -1.8469 
v 11.2119 1.55 -1.8768 
v 11.1686 1.5 -1.9018 
v 11.2119 1.55 -1.8768 
v 11.1686 1.5 -1.9018 
v 11.2387 1.55 -1.9768 
v 11.1887 1.5 -1.9768 
v 11.2387 1.55 -1.9768 
v 11.1887 1.5 -1.9768 
v 11.2119 1.55 -2.0768 
v 11.1686 1.5 -2.0518 
v 11.2119 1.55 -2.0768 
v 11.1686 1.5 -2.0518 
v 11.1387 1.55 -2.15 
v 11.1137 1.5 -2.1067 
v 11.1387 1.55 -2.15 
v 11.1137 1.5 -2.1067 
v 11.0387 1.55 -2.1768 
v 11.0387 1.5 -2.1268 
v 11.0387 1.55 -2.1768 
v 11.0387 1.5 -2.1268 
v 10.9387 1.55 -2.15 
v 10.9637 1.5 -2.1067 
v 10.9387 1.55 -2.15 
v 10.9637 1.5 -2.1067 
v 10.8655 1.55 -2.0768 
v 10.9088 1.5 -2.0518 
v 10.8655 1.55 -2.0768 
v 10.9088 1.5 -2.0518 
v 10.8387 1.55 -1.9768 
v 10.8887 1.5 -1.9768 
v 10.8387 1.55 -1.9768 
v 10.8887 1.5 -1.9768 
v 10.8655 1.55 -1.8768 
v 10.9088 1.5 -1.9018 
v 10.8655 1.55 -1.8768 
v 10.9088 1.5 -1.9018 
v 10.9387 1.55 -1.8036 
v 10.9637 1.5 -1.8469 
v 10.9387 1.55 -1.8036 
v 10.9637 1.5 -1.8469 
v 11.0387 1.55 -1.7768 
v 11.0387 1.5 -1.8268 
v 11.0387 1.6 -1.8268 
v 11.0387 1.55 -1.7768 
v 11.1137 1.6 -1.8469 
v 11.1387 1.55 -1.8036 
v 11.1137 1.6 -1.8469 
v 11.1387 1.55 -1.8036 
v 11.1686 1.6 -1.9018 
v 11.2119 1.55 -1.8768 
v 11.1686 1.6 -1.9018 
v 11.2119 1.55 -1.8768 
v 11.1887 1.6 -1.9768 
v 11.2387 1.55 -1.9768 
v 11.1887 1.6 -1.9768 
v 11.2387 1.55 -1.9768 
v 11.1686 1.6 -2.0518 
v 11.2119 1.55 -2.0768 
v 11.1686 1.6 -2.0518 
v 11.2119 1.55 -2.0768 
v 11.1137 1.6 -2.1067 
v 11.1387 1.55 -2.15 
v 11.1137 1.6 -2.1067 
v 11.1387 1.55 -2.15 
v 11.0387 1.6 -2.1268 
v 11.0387 1.55 -2.1768 
v 11.0387 1.6 -2.1268 
v 11.0387 1.55 -2.1768 
v 10.9637 1.6 -2.1067 
v 10.9387 1.55 -2.15 
v 10.9637 1.6 -2.1067 
v 10.9387 1.55 -2.15 
v 10.9088 1.6 -2.0518 
v 10.8655 1.55 -2.0768 
v 10.9088 1.6 -2.0518 
v 10.8655 1.55 -2.0768 
v 10.8887 1.6 -1.9768 
v 10.8387 1.55 -1.9768 
v 10.8887 1.6 -1.9768 
v 10.8387 1.55 -1.9768 
v 10.9088 1.6 -1.9018 
v 10.8655 1.55 -1.8768 
v 10.9088 1.6 -1.9018 
v 10.8655 1.55 -1.8768 
v 10.9637 1.6 -1.8469 
v 10.9387 1.55 -1.8036 
v 10.9637 1.6 -1.8469 
v 10.9387 1.55 -1.8036 
v 11.0387 1.6 -1.8268 
v 11.0387 1.55 -1.7768 
v 11.0387 1.65 -1.7768 
v 11.0387 1.6 -1.8268 
v 11.1387 1.65 -1.8036 
v 11.1137 1.6 -1.8469 
v 11.1387 1.65 -1.8036 
v 11.1137 1.6 -1.8469 
v 11.2119 1.65 -1.8768 
v 11.1686 1.6 -1.9018 
v 11.2119 1.65 -1.8768 
v 11.1686 1.6 -1.9018 
v 11.2387 1.65 -1.9768 
v 11.1887 1.6 -1.9768 
v 11.2387 1.65 -1.9768 
v 11.1887 1.6 -1.9768 
v 11.2119 1.65 -2.0768 
v 11.1686 1.6 -2.0518 
v 11.2119 1.65 -2.0768 
v 11.1686 1.6 -2.0518 
v 11.1387 1.65 -2.15 
v 11.1137 1.6 -2.1067 
v 11.1387 1.65 -2.15 
v 11.1137 1.6 -2.1067 
v 11.0387 1.65 -2.1768 
v 11.0387 1.6 -2.1268 
v 11.0387 1.65 -2.1768 
v 11.0387 1.6 -2.1268 
v 10.9387 1.65 -2.15 
v 10.9637 1.6 -2.1067 
v 10.9387 1.65 -2.15 
v 10.9637 1.6 -2.1067 
v 10.8655 1.65 -2.0768 
v 10.9088 1.6 -2.0518 
v 10.8655 1.65 -2.0768 
v 10.9088 1.6 -2.0518 
v 10.8387 1.65 -1.9768 
v 10.8887 1.6 -1.9768 
v 10.8387 1.65 -1.9768 
v 10.8887 1.6 -1.9768 
v 10.8655 1.65 -1.8768 
v 10.9088 1.6 -1.9018 
v 10.8655 1.65 -1.8768 
v 10.9088 1.6 -1.9018 
v 10.9387 1.65 -1.8036 
v 10.9637 1.6 -1.8469 
v 10.9387 1.65 -1.8036 
v 10.9637 1.6 -1.8469 
v 11.0387 1.65 -1.7768 
v 11.0387 1.6 -1.8268 
v 11.0387 1.7 -1.8268 
v 11.0387 1.65 -1.7768 
v 11.1137 1.7 -1.8469 
v 11.1387 1.65 -1.8036 
v 11.1137 1.7 -1.8469 
v 11.1387 1.65 -1.8036 
v 11.1686 1.7 -1.9018 
v 11.2119 1.65 -1.8768 
v 11.1686 1.7 -1.9018 
v 11.2119 1.65 -1.8768 
v 11.1887 1.7 -1.9768 
v 11.2387 1.65 -1.9768 
v 11.1887 1.7 -1.9768 
v 11.2387 1.65 -1.9768 
v 11.1686 1.7 -2.0518 
v 11.2119 1.65 -2.0768 
v 11.1686 1.7 -2.0518 
v 11.2119 1.65 -2.0768 
v 11.1137 1.7 -2.1067 
v 11.1387 1.65 -2.15 
v 11.1137 1.7 -2.1067 
v 11.1387 1.65 -2.15 
v 11.0387 1.7 -2.1268 
v 11.0387 1.65 -2.1768 
v 11.0387 1.7 -2.1268 
v 11.0387 1.65 -2.1768 
v 10.9637 1.7 -2.1067 
v 10.9387 1.65 -2.15 
v 10.9637 1.7 -2.1067 
v 10.9387 1.65 -2.15 
v 10.9088 1.7 -2.0518 
v 10.8655 1.65 -2.0768 
v 10.9088 1.7 -2.0518 
v 10.8655 1.65 -2.0768 
v 10.8887 1.7 -1.9768 
v 10.8387 1.65 -1.9768 
v 10.8887 1.7 -1.9768 
v 10.8387 1.65 -1.9768 
v 10.9088 1.7 -1.9018 
v 10.8655 1.65 -1.8768 
v 10.9088 1.7 -1.9018 
v 10.8655 1.65 -1.8768 
v 10.9637 1.7 -1.8469 
v 10.9387 1.65 -1.8036 
v 10.9637 1.7 -1.8469 
v 10.9387 1.65 -1.8036 
v 11.0387 1.7 -1.8268 
v 11.0387 1.65 -1.7768 
v 11.0387 1.75 -1.7768 
v 11.0387 1.7 -1.8268 
v 11.1387 1.75 -1.8036 
v 11.1137 1.7 -1.8469 
v 11.1387 1.75 -1.8036 
v 11.1137 1.7 -1.8469 
v 11.2119 1.75 -1.8768 
v 11.1686 1.7 -1.9018 
v 11.2119 1.75 -1.8768 
v 11.1686 1.7 -1.9018 
v 11.2387 1.75 -1.9768 
v 11.1887 1.7 -1.9768 
v 11.2387 1.75 -1.9768 
v 11.1887 1.7 -1.9768 
v 11.2119 1.75 -2.0768 
v 11.1686 1.7 -2.0518 
v 11.2119 1.75 -2.0768 
v 11.1686 1.7 -2.0518 
v 11.1387 1.75 -2.15 
v 11.1137 1.7 -2.1067 
v 11.1387 1.75 -2.15 
v 11.1137 1.7 -2.1067 
v 11.0387 1.75 -2.1768 
v 11.0387 1.7 -2.1268 
v 11.0387 1.75 -2.1768 
v 11.0387 1.7 -2.1268 
v 10.9387 1.75 -2.15 
v 10.9637 1.7 -2.1067 
v 10.9387 1.75 -2.15 
v 10.9637 1.7 -2.1067 
v 10.8655 1.75 -2.0768 
v 10.9088 1.7 -2.0518 
v 10.8655 1.75 -2.0768 
v 10.9088 1.7 -2.0518 
v 10.8387 1.75 -1.9768 
v 10.8887 1.7 -1.9768 
v 10.8387 1.75 -1.9768 
v 10.8887 1.7 -1.9768 
v 10.8655 1.75 -1.8768 
v 10.9088 1.7 -1.9018 
v 10.8655 1.75 -1.8768 
v 10.9088 1.7 -1.9018 
v 10.9387 1.75 -1.8036 
v 10.9637 1.7 -1.8469 
v 10.9387 1.75 -1.8036 
v 10.9637 1.7 -1.8469 
v 11.0387 1.75 -1.7768 
v 11.0387 1.7 -1.8268 
v 11.0387 1.8 -1.8268 
v 11.0387 1.75 -1.7768 
v 11.1137 1.8 -1.8469 
v 11.1387 1.75 -1.8036 
v 11.1137 1.8 -1.8469 
v 11.1387 1.75 -1.8036 
v 11.1686 1.8 -1.9018 
v 11.2119 1.75 -1.8768 
v 11.1686 1.8 -1.9018 
v 11.2119 1.75 -1.8768 
v 11.1887 1.8 -1.9768 
v 11.2387 1.75 -1.9768 
v 11.1887 1.8 -1.9768 
v 11.2387 1.75 -1.9768 
v 11.1686 1.8 -2.0518 
v 11.2119 1.75 -2.0768 
v 11.1686 1.8 -2.0518 
v 11.2119 1.75 -2.0768 
v 11.1137 1.8 -2.1067 
v 11.1387 1.75 -2.15 
v 11.1137 1.8 -2.1067 
v 11.1387 1.75 -2.15 
v 11.0387 1.8 -2.1268 
v 11.0387 1.75 -2.1768 
v 11.0387 1.8 -2.1268 
v 11.0387 1.75 -2.1768 
v 10.9637 1.8 -2.1067 
v 10.9387 1.75 -2.15 
v 10.9637 1.8 -2.1067 
v 10.9387 1.75 -2.15 
v 10.9088 1.8 -2.0518 
v 10.8655 1.75 -2.0768 
v 10.9088 1.8 -2.0518 
v 10.8655 1.75 -2.0768 
v 10.8887 1.8 -1.9768 
v 10.8387 1.75 -1.9768 
v 10.8887 1.8 -1.9768 
v 10.8387 1.75 -1.9768 
v 10.9088 1.8 -1.9018 
v 10.8655 1.75 -1.8768 
v 10.9088 1.8 -1.9018 
v 10.8655 1.75 -1.8768 
v 10.9637 1.8 -1.8469 
v 10.9387 1.75 -1.8036 
v 10.9637 1.8 -1.8469 
v 10.9387 1.75 -1.8036 
v 11.0387 1.8 -1.8268 
v 11.0387 1.75 -1.7768 
v 11.0387 1.85 -1.7768 
v 11.0387 1.8 -1.8268 
v 11.1387 1.85 -1.8036 
v 11.1137 1.8 -1.8469 
v 11.1387 1.85 -1.8036 
v 11.1137 1.8 -1.8469 
v 11.2119 1.85 -1.8768 
v 11.1686 1.8 -1.9018 
v 11.2119 1.85 -1.8768 
v 11.1686 1.8 -1.9018 
v 11.2387 1.85 -1.9768 
v 11.1887 1.8 -1.9768 
v 11.2387 1.85 -1.9768 
v 11.1887 1.8 -1.9768 
v 11.2119 1.85 -2.0768 
v 11.1686 1.8 -2.0518 
v 11.2119 1.85 -2.0768 
v 11.1686 1.8 -2.0518 
v 11.1387 1.85 -2.15 
v 11.1137 1.8 -2.1067 
v 11.1387 1.85 -2.15 
v 11.1137 1.8 -2.1067 
v 11.0387 1.85 -2.1768 
v 11.0387 1.8 -2.1268 
v 11.0387 1.85 -2.1768 
v 11.0387 1.8 -2.1268 
v 10.9387 1.85 -2.15 
v 10.9637 1.8 -2.1067 
v 10.9387 1.85 -2.15 
v 10.9637 1.8 -2.1067 
v 10.8655 1.85 -2.0768 
v 10.9088 1.8 -2.0518 
v 10.8655 1.85 -2.0768 
v 10.9088 1.8 -2.0518 
v 10.8387 1.85 -1.9768 
v 10.8887 1.8 -1.9768 
v 10.8387 1.85 -1.9768 
v 10.8887 1.8 -1.9768 
v 10.8655 1.85 -1.8768 
v 10.9088 1.8 -1.9018 
v 10.8655 1.85 -1.8768 
v 10.9088 1.8 -1.9018 
v 10.9387 1.85 -1.8036 
v 10.9637 1.8 -1.8469 
v 10.9387 1.85 -1.8036 
v 10.9637 1.8 -1.8469 
v 11.0387 1.85 -1.7768 
v 11.0387 1.8 -1.8268 
v 11.0387 1.9 -1.8268 
v 11.0387 1.85 -1.7768 
v 11.1137 1.9 -1.8469 
v 11.1387 1.85 -1.8036 
v 11.1137 1.9 -1.8469 
v 11.1387 1.85 -1.8036 
v 11.1686 1.9 -1.9018 
v 11.2119 1.85 -1.8768 
v 11.1686 1.9 -1.9018 
v 11.2119 1.85 -1.8768 
v 11.1887 1.9 -1.9768 
v 11.2387 1.85 -1.9768 
v 11.1887 1.9 -1.9768 
v 11.2387 1.85 -1.9768 
v 11.1686 1.9 -2.0518 
v 11.2119 1.85 -2.0768 
v 11.1686 1.9 -2.0518 
v 11.2119 1.85 -2.0768 
v 11.1137 1.9 -2.1067 
v 11.1387 1.85 -2.15 
v 11.1137 1.9 -2.1067 
v 11.1387 1.85 -2.15 
v 11.0387 1.9 -2.1268 
v 11.0387 1.85 -2.1768 
v 11.0387 1.9 -2.1268 
v 11.0387 1.85 -2.1768 
v 10.9637 1.9 -2.1067 
v 10.9387 1.85 -2.15 
v 10.9637 1.9 -2.1067 
v 10.9387 1.85 -2.15 
v 10.9088 1.9 -2.0518 
v 10.8655 1.85 -2.0768 
v 10.9088 1.9 -2.0518 
v 10.8655 1.85 -2.0768 
v 10.8887 1.9 -1.9768 
v 10.8387 1.85 -1.9768 
v 10.8887 1.9 -1.9768 
v 10.8387 1.85 -1.9768 
v 10.9088 1.9 -1.9018 
v 10.8655 1.85 -1.8768 
v 10.9088 1.9 -1.9018 
v 10.8655 1.85 -1.8768 
v 10.9637 1.9 -1.8469 
v 10.9387 1.85 -1.8036 
v 10.9637 1.9 -1.8469 
v 10.9387 1.85 -1.8036 
v 11.0387 1.9 -1.8268 
v 11.0387 1.85 -1.7768 
v 11.0387 1.95 -1.7768 
v 11.0387 1.9 -1.8268 
v 11.1387 1.95 -1.8036 
v 11.1137 1.9 -1.8469 
v 11.1387 1.95 -1.8036 
v 11.1137 1.9 -1.8469 
v 11.2119 1.95 -1.8768 
v 11.1686 1.9 -1.9018 
v 11.2119 1.95 -1.8768 
v 11.1686 1.9 -1.9018 
v 11.2387 1.95 -1.9768 
v 11.1887 1.9 -1.9768 
v 11.2387 1.95 -1.9768 
v 11.1887 1.9 -1.9768 
v 11.2119 1.95 -2.0768 
v 11.1686 1.9 -2.0518 
v 11.2119 1.95 -2.0768 
v 11.1686 1.9 -2.0518 
v 11.1387 1.95 -2.15 
v 11.1137 1.9 -2.1067 
v 11.1387 1.95 -2.15 
v 11.1137 1.9 -2.1067 
v 11.0387 1.95 -2.1768 
v 11.0387 1.9 -2.1268 
v 11.0387 1.95 -2.1768 
v 11.0387 1.9 -2.1268 
v 10.9387 1.95 -2.15 
v 10.9637 1.9 -2.1067 
v 10.9387 1.95 -2.15 
v 10.9637 1.9 -2.1067 
v 10.8655 1.95 -2.0768 
v 10.9088 1.9 -2.0518 
v 10.8655 1.95 -2.0768 
v 10.9088 1.9 -2.0518 
v 10.8387 1.95 -1.9768 
v 10.8887 1.9 -1.9768 
v 10.8387 1.95 -1.9768 
v 10.8887 1.9 -1.9768 
v 10.8655 1.95 -1.8768 
v 10.9088 1.9 -1.9018 
v 10.8655 1.95 -1.8768 
v 10.9088 1.9 -1.9018 
v 10.9387 1.95 -1.8036 
v 10.9637 1.9 -1.8469 
v 10.9387 1.95 -1.8036 
v 10.9637 1.9 -1.8469 
v 11.0387 1.95 -1.7768 
v 11.0387 1.9 -1.8268 
v 11.0387 2 -1.8268 
v 11.0387 1.95 -1.7768 
v 11.1137 2 -1.8469 
v 11.1387 1.95 -1.8036 
v 11.1137 2 -1.8469 
v 11.1387 1.95 -1.8036 
v 11.1686 2 -1.9018 
v 11.2119 1.95 -1.8768 
v 11.1686 2 -1.9018 
v 11.2119 1.95 -1.8768 
v 11.1887 2 -1.9768 
v 11.2387 1.95 -1.9768 
v 11.1887 2 -1.9768 
v 11.2387 1.95 -1.9768 
v 11.1686 2 -2.0518 
v 11.2119 1.95 -2.0768 
v 11.1686 2 -2.0518 
v 11.2119 1.95 -2.0768 
v 11.1137 2 -2.1067 
v 11.1387 1.95 -2.15 
v 11.1137 2 -2.1067 
v 11.1387 1.95 -2.15 
v 11.0387 2 -2.1268 
v 11.0387 1.95 -2.1768 
v 11.0387 2 -2.1268 
v 11.0387 1.95 -2.1768 
v 10.9637 2 -2.1067 
v 10.9387 1.95 -2.15 
v 10.9637 2 -2.1067 
v 10.9387 1.95 -2.15 
v 10.9088 2 -2.0518 
v 10.8655 1.95 -2.0768 
v 10.9088 2 -2.0518 
v 10.8655 1.95 -2.0768 
v 10.8887 2 -1.9768 
v 10.8387 1.95 -1.9768 
v 10.8887 2 -1.9768 
v 10.8387 1.95 -1.9768 
v 10.9088 2 -1.9018 
v 10.8655 1.95 -1.8768 
v 10.9088 2 -1.9018 
v 10.8655 1.95 -1.8768 
v 10.9637 2 -1.8469 
v 10.9387 1.95 -1.8036 
v 10.9637 2 -1.8469 
v 10.9387 1.95 -1.8036 
v 11.0387 2 -1.8268 
v 11.0387 1.95 -1.7768 
v 11.0387 2.05 -1.7768 
v 11.0387 2 -1.8268 
v 11.1387 2.05 -1.8036 
v 11.1137 2 -1.8469 
v 11.1387 2.05 -1.8036 
v 11.1137 2 -1.8469 
v 11.2119 2.05 -1.8768 
v 11.1686 2 -1.9018 
v 11.2119 2.05 -1.8768 
v 11.1686 2 -1.9018 
v 11.2387 2.05 -1.9768 
v 11.1887 2 -1.9768 
v 11.2387 2.05 -1.9768 
v 11.1887 2 -1.9768 
v 11.2119 2.05 -2.0768 
v 11.1686 2 -2.0518 
v 11.2119 2.05 -2.0768 
v 11.1686 2 -2.0518 
v 11.1387 2.05 -2.15 
v 11.1137 2 -2.1067 
v 11.1387 2.05 -2.15 
v 11.1137 2 -2.1067 
v 11.0387 2.05 -2.1768 
v 11.0387 2 -2.1268 
v 11.0387 2.05 -2.1768 
v 11.0387 2 -2.1268 
v 10.9387 2.05 -2.15 
v 10.9637 2 -2.1067 
v 10.9387 2.05 -2.15 
v 10.9637 2 -2.1067 
v 10.8655 2.05 -2.0768 
v 10.9088 2 -2.0518 
v 10.8655 2.05 -2.0768 
v 10.9088 2 -2.0518 
v 10.8387 2.05 -1.9768 
v 10.8887 2 -1.9768 
v 10.8387 2.05 -1.9768 
v 10.8887 2 -1.9768 
v 10.8655 2.05 -1.8768 
v 10.9088 2 -1.9018 
v 10.8655 2.05 -1.8768 
v 10.9088 2 -1.9018 
v 10.9387 2.05 -1.8036 
v 10.9637 2 -1.8469 
v 10.9387 2.05 -1.8036 
v 10.9637 2 -1.8469 
v 11.0387 2.05 -1.7768 
v 11.0387 2 -1.8268 
v 11.0387 2.1 -1.8268 
v 11.0387 2.05 -1.7768 
v 11.1137 2.1 -1.8469 
v 11.1387 2.05 -1.8036 
v 11.1137 2.1 -1.8469 
v 11.1387 2.05 -1.8036 
v 11.1686 2.1 -1.9018 
v 11.2119 2.05 -1.8768 
v 11.1686 2.1 -1.9018 
v 11.2119 2.05 -1.8768 
v 11.1887 2.1 -1.9768 
v 11.2387 2.05 -1.9768 
v 11.1887 2.1 -1.9768 
v 11.2387 2.05 -1.9768 
v 11.1686 2.1 -2.0518 
v 11.2119 2.05 -2.0768 
v 11.1686 2.1 -2.0518 
v 11.2119 2.05 -2.0768 
v 11.1137 2.1 -2.1067 
v 11.1387 2.05 -2.15 
v 11.1137 2.1 -2.1067 
v 11.1387 2.05 -2.15 
v 11.0387 2.1 -2.1268 
v 11.0387 2.05 -2.1768 
v 11.0387 2.1 -2.1268 
v 11.0387 2.05 -2.1768 
v 10.9637 2.1 -2.1067 
v 10.9387 2.05 -2.15 
v 10.9637 2.1 -2.1067 
v 10.9387 2.05 -2.15 
v 10.9088 2.1 -2.0518 
v 10.8655 2.05 -2.0768 
v 10.9088 2.1 -2.0518 
v 10.8655 2.05 -2.0768 
v 10.8887 2.1 -1.9768 
v 10.8387 2.05 -1.9768 
v 10.8887 2.1 -1.9768 
v 10.8387 2.05 -1.9768 
v 10.9088 2.1 -1.9018 
v 10.8655 2.05 -1.8768 
v 10.9088 2.1 -1.9018 
v 10.8655 2.05 -1.8768 
v 10.9637 2.1 -1.8469 
v 10.9387 2.05 -1.8036 
v 10.9637 2.1 -1.8469 
v 10.9387 2.05 -1.8036 
v 11.0387 2.1 -1.8268 
v 11.0387 2.05 -1.7768 
v 11.0387 2.15 -1.7768 
v 11.0387 2.1 -1.8268 
v 11.1387 2.15 -1.8036 
v 11.1137 2.1 -1.8469 
v 11.1387 2.15 -1.8036 
v 11.1137 2.1 -1.8469 
v 11.2119 2.15 -1.8768 
v 11.1686 2.1 -1.9018 
v 11.2119 2.15 -1.8768 
v 11.1686 2.1 -1.9018 
v 11.2387 2.15 -1.9768 
v 11.1887 2.1 -1.9768 
v 11.2387 2.15 -1.9768 
v 11.1887 2.1 -1.9768 
v 11.2119 2.15 -2.0768 
v 11.1686 2.1 -2.0518 
v 11.2119 2.15 -2.0768 
v 11.1686 2.1 -2.0518 
v 11.1387 2.15 -2.15 
v 11.1137 2.1 -2.1067 
v 11.1387 2.15 -2.15 
v 11.1137 2.1 -2.1067 
v 11.0387 2.15 -2.1768 
v 11.0387 2.1 -2.1268 
v 11.0387 2.15 -2.1768 
v 11.0387 2.1 -2.1268 
v 10.9387 2.15 -2.15 
v 10.9637 2.1 -2.1067 
v 10.9387 2.15 -2.15 
v 10.9637 2.1 -2.1067 
v 10.8655 2.15 -2.0768 
v 10.9088 2.1 -2.0518 
v 10.8655 2.15 -2.0768 
v 10.9088 2.1 -2.0518 
v 10.8387 2.15 -1.9768 
v 10.8887 2.1 -1.9768 
v 10.8387 2.15 -1.9768 
v 10.8887 2.1 -1.9768 
v 10.8655 2.15 -1.8768 
v 10.9088 2.1 -1.9018 
v 10.8655 2.15 -1.8768 
v 10.9088 2.1 -1.9018 
v 10.9387 2.15 -1.8036 
v 10.9637 2.1 -1.8469 
v 10.9387 2.15 -1.8036 
v 10.9637 2.1 -1.8469 
v 11.0387 2.15 -1.7768 
v 11.0387 2.1 -1.8268 
v 11.0387 2.2 -1.8268 
v 11.0387 2.15 -1.7768 
v 11.1137 2.2 -1.8469 
v 11.1387 2.15 -1.8036 
v 11.1137 2.2 -1.8469 
v 11.1387 2.15 -1.8036 
v 11.1686 2.2 -1.9018 
v 11.2119 2.15 -1.8768 
v 11.1686 2.2 -1.9018 
v 11.2119 2.15 -1.8768 
v 11.1887 2.2 -1.9768 
v 11.2387 2.15 -1.9768 
v 11.1887 2.2 -1.9768 
v 11.2387 2.15 -1.9768 
v 11.1686 2.2 -2.0518 
v 11.2119 2.15 -2.0768 
v 11.1686 2.2 -2.0518 
v 11.2119 2.15 -2.0768 
v 11.1137 2.2 -2.1067 
v 11.1387 2.15 -2.15 
v 11.1137 2.2 -2.1067 
v 11.1387 2.15 -2.15 
v 11.0387 2.2 -2.1268 
v 11.0387 2.15 -2.1768 
v 11.0387 2.2 -2.1268 
v 11.0387 2.15 -2.1768 
v 10.9637 2.2 -2.1067 
v 10.9387 2.15 -2.15 
v 10.9637 2.2 -2.1067 
v 10.9387 2.15 -2.15 
v 10.9088 2.2 -2.0518 
v 10.8655 2.15 -2.0768 
v 10.9088 2.2 -2.0518 
v 10.8655 2.15 -2.0768 
v 10.8887 2.2 -1.9768 
v 10.8387 2.15 -1.9768 
v 10.8887 2.2 -1.9768 
v 10.8387 2.15 -1.9768 
v 10.9088 2.2 -1.9018 
v 10.8655 2.15 -1.8768 
v 10.9088 2.2 -1.9018 
v 10.8655 2.15 -1.8768 
v 10.9637 2.2 -1.8469 
v 10.9387 2.15 -1.8036 
v 10.9637 2.2 -1.8469 
v 10.9387 2.15 -1.8036 
v 11.0387 2.2 -1.8268 
v 11.0387 2.15 -1.7768 
v 11.0387 2.25 -1.7768 
v 11.0387 2.2 -1.8268 
v 11.1387 2.25 -1.8036 
v 11.1137 2.2 -1.8469 
v 11.1387 2.25 -1.8036 
v 11.1137 2.2 -1.8469 
v 11.2119 2.25 -1.8768 
v 11.1686 2.2 -1.9018 
v 11.2119 2.25 -1.8768 
v 11.1686 2.2 -1.9018 
v 11.2387 2.25 -1.9768 
v 11.1887 2.2 -1.9768 
v 11.2387 2.25 -1.9768 
v 11.1887 2.2 -1.9768 
v 11.2119 2.25 -2.0768 
v 11.1686 2.2 -2.0518 
v 11.2119 2.25 -2.0768 
v 11.1686 2.2 -2.0518 
v 11.1387 2.25 -2.15 
v 11.1137 2.2 -2.1067 
v 11.1387 2.25 -2.15 
v 11.1137 2.2 -2.1067 
v 11.0387 2.25 -2.1768 
v 11.0387 2.2 -2.1268 
v 11.0387 2.25 -2.1768 
v 11.0387 2.2 -2.1268 
v 10.9387 2.25 -2.15 
v 10.9637 2.2 -2.1067 
v 10.9387 2.25 -2.15 
v 10.9637 2.2 -2.1067 
v 10.8655 2.25 -2.0768 
v 10.9088 2.2 -2.0518 
v 10.8655 2.25 -2.0768 
v 10.9088 2.2 -2.0518 
v 10.8387 2.25 -1.9768 
v 10.8887 2.2 -1.9768 
v 10.8387 2.25 -1.9768 
v 10.8887 2.2 -1.9768 
v 10.8655 2.25 -1.8768 
v 10.9088 2.2 -1.9018 
v 10.8655 2.25 -1.8768 
v 10.9088 2.2 -1.9018 
v 10.9387 2.25 -1.8036 
v 10.9637 2.2 -1.8469 
v 10.9387 2.25 -1.8036 
v 10.9637 2.2 -1.8469 
v 11.0387 2.25 -1.7768 
v 11.0387 2.2 -1.8268 
v 11.0387 2.3 -1.8268 
v 11.0387 2.25 -1.7768 
v 11.1137 2.3 -1.8469 
v 11.1387 2.25 -1.8036 
v 11.1137 2.3 -1.8469 
v 11.1387 2.25 -1.8036 
v 11.1686 2.3 -1.9018 
v 11.2119 2.25 -1.8768 
v 11.1686 2.3 -1.9018 
v 11.2119 2.25 -1.8768 
v 11.1887 2.3 -1.9768 
v 11.2387 2.25 -1.9768 
v 11.1887 2.3 -1.9768 
v 11.2387 2.25 -1.9768 
v 11.1686 2.3 -2.0518 
v 11.2119 2.25 -2.0768 
v 11.1686 2.3 -2.0518 
v 11.2119 2.25 -2.0768 
v 11.1137 2.3 -2.1067 
v 11.1387 2.25 -2.15 
v 11.1137 2.3 -2.1067 
v 11.1387 2.25 -2.15 
v 11.0387 2.3 -2.1268 
v 11.0387 2.25 -2.1768 
v 11.0387 2.3 -2.1268 
v 11.0387 2.25 -2.1768 
v 10.9637 2.3 -2.1067 
v 10.9387 2.25 -2.15 
v 10.9637 2.3 -2.1067 
v 10.9387 2.25 -2.15 
v 10.9088 2.3 -2.0518 
v 10.8655 2.25 -2.0768 
v 10.9088 2.3 -2.0518 
v 10.8655 2.25 -2.0768 
v 10.8887 2.3 -1.9768 
v 10.8387 2.25 -1.9768 
v 10.8887 2.3 -1.9768 
v 10.8387 2.25 -1.9768 
v 10.9088 2.3 -1.9018 
v 10.8655 2.25 -1.8768 
v 10.9088 2.3 -1.9018 
v 10.8655 2.25 -1.8768 
v 10.9637 2.3 -1.8469 
v 10.9387 2.25 -1.8036 
v 10.9637 2.3 -1.8469 
v 10.9387 2.25 -1.8036 
v 11.0387 2.3 -1.8268 
v 11.0387 2.25 -1.7768 
v 11.0387 2.35 -1.7768 
v 11.0387 2.3 -1.8268 
v 11.1387 2.35 -1.8036 
v 11.1137 2.3 -1.8469 
v 11.1387 2.35 -1.8036 
v 11.1137 2.3 -1.8469 
v 11.2119 2.35 -1.8768 
v 11.1686 2.3 -1.9018 
v 11.2119 2.35 -1.8768 
v 11.1686 2.3 -1.9018 
v 11.2387 2.35 -1.9768 
v 11.1887 2.3 -1.9768 
v 11.2387 2.35 -1.9768 
v 11.1887 2.3 -1.9768 
v 11.2119 2.35 -2.0768 
v 11.1686 2.3 -2.0518 
v 11.2119 2.35 -2.0768 
v 11.1686 2.3 -2.0518 
v 11.1387 2.35 -2.15 
v 11.1137 2.3 -2.1067 
v 11.1387 2.35 -2.15 
v 11.1137 2.3 -2.1067 
v 11.0387 2.35 -2.1768 
v 11.0387 2.3 -2.1268 
v 11.0387 2.35 -2.1768 
v 11.0387 2.3 -2.1268 
v 10.9387 2.35 -2.15 
v 10.9637 2.3 -2.1067 
v 10.9387 2.35 -2.15 
v 10.9637 2.3 -2.1067 
v 10.8655 2.35 -2.0768 
v 10.9088 2.3 -2.0518 
v 10.8655 2.35 -2.0768 
v 10.9088 2.3 -2.0518 
v 10.8387 2.35 -1.9768 
v 10.8887 2.3 -1.9768 
v 10.8387 2.35 -1.9768 
v 10.8887 2.3 -1.9768 
v 10.8655 2.35 -1.8768 
v 10.9088 2.3 -1.9018 
v 10.8655 2.35 -1.8768 
v 10.9088 2.3 -1.9018 
v 10.9387 2.35 -1.8036 
v 10.9637 2.3 -1.8469 
v 10.9387 2.35 -1.8036 
v 10.9637 2.3 -1.8469 
v 11.0387 2.35 -1.7768 
v 11.0387 2.3 -1.8268 
v 11.0387 2.4 -1.8268 
v 11.0387 2.35 -1.7768 
v 11.1137 2.4 -1.8469 
v 11.1387 2.35 -1.8036 
v 11.1137 2.4 -1.8469 
v 11.1387 2.35 -1.8036 
v 11.1686 2.4 -1.9018 
v 11.2119 2.35 -1.8768 
v 11.1686 2.4 -1.9018 
v 11.2119 2.35 -1.8768 
v 11.1887 2.4 -1.9768 
v 11.2387 2.35 -1.9768 
v 11.1887 2.4 -1.9768 
v 11.2387 2.35 -1.9768 
v 11.1686 2.4 -2.0518 
v 11.2119 2.35 -2.0768 
v 11.1686 2.4 -2.0518 
v 11.2119 2.35 -2.0768 
v 11.1137 2.4 -2.1067 
v 11.1387 2.35 -2.15 
v 11.1137 2.4 -2.1067 
v 11.1387 2.35 -2.15 
v 11.0387 2.4 -2.1268 
v 11.0387 2.35 -2.1768 
v 11.0387 2.4 -2.1268 
v 11.0387 2.35 -2.1768 
v 10.9637 2.4 -2.1067 
v 10.9387 2.35 -2.15 
v 10.9637 2.4 -2.1067 
v 10.9387 2.35 -2.15 
v 10.9088 2.4 -2.0518 
v 10.8655 2.35 -2.0768 
v 10.9088 2.4 -2.0518 
v 10.8655 2.35 -2.0768 
v 10.8887 2.4 -1.9768 
v 10.8387 2.35 -1.9768 
v 10.8887 2.4 -1.9768 
v 10.8387 2.35 -1.9768 
v 10.9088 2.4 -1.9018 
v 10.8655 2.35 -1.8768 
v 10.9088 2.4 -1.9018 
v 10.8655 2.35 -1.8768 
v 10.9637 2.4 -1.8469 
v 10.9387 2.35 -1.8036 
v 10.9637 2.4 -1.8469 
v 10.9387 2.35 -1.8036 
v 11.0387 2.4 -1.8268 
v 11.0387 2.35 -1.7768 
v 11.0387 2.45 -1.7768 
v 11.0387 2.4 -1.8268 
v 11.1387 2.45 -1.8036 
v 11.1137 2.4 -1.8469 
v 11.1387 2.45 -1.8036 
v 11.1137 2.4 -1.8469 
v 11.2119 2.45 -1.8768 
v 11.1686 2.4 -1.9018 
v 11.2119 2.45 -1.8768 
v 11.1686 2.4 -1.9018 
v 11.2387 2.45 -1.9768 
v 11.1887 2.4 -1.9768 
v 11.2387 2.45 -1.9768 
v 11.1887 2.4 -1.9768 
v 11.2119 2.45 -2.0768 
v 11.1686 2.4 -2.0518 
v 11.2119 2.45 -2.0768 
v 11.1686 2.4 -2.0518 
v 11.1387 2.45 -2.15 
v 11.1137 2.4 -2.1067 
v 11.1387 2.45 -2.15 
v 11.1137 2.4 -2.1067 
v 11.0387 2.45 -2.1768 
v 11.0387 2.4 -2.1268 
v 11.0387 2.45 -2.1768 
v 11.0387 2.4 -2.1268 
v 10.9387 2.45 -2.15 
v 10.9637 2.4 -2.1067 
v 10.9387 2.45 -2.15 
v 10.9637 2.4 -2.1067 
v 10.8655 2.45 -2.0768 
v 10.9088 2.4 -2.0518 
v 10.8655 2.45 -2.0768 
v 10.9088 2.4 -2.0518 
v 10.8387 2.45 -1.9768 
v 10.8887 2.4 -1.9768 
v 10.8387 2.45 -1.9768 
v 10.8887 2.4 -1.9768 
v 10.8655 2.45 -1.8768 
v 10.9088 2.4 -1.9018 
v 10.8655 2.45 -1.8768 
v 10.9088 2.4 -1.9018 
v 10.9387 2.45 -1.8036 
v 10.9637 2.4 -1.8469 
v 10.9387 2.45 -1.8036 
v 10.9637 2.4 -1.8469 
v 11.0387 2.45 -1.7768 
v 11.0387 2.4 -1.8268 
v 11.0387 2.5 -1.8268 
v 11.0387 2.45 -1.7768 
v 11.1137 2.5 -1.8469 
v 11.1387 2.45 -1.8036 
v 11.1137 2.5 -1.8469 
v 11.1387 2.45 -1.8036 
v 11.1686 2.5 -1.9018 
v 11.2119 2.45 -1.8768 
v 11.1686 2.5 -1.9018 
v 11.2119 2.45 -1.8768 
v 11.1887 2.5 -1.9768 
v 11.2387 2.45 -1.9768 
v 11.1887 2.5 -1.9768 
v 11.2387 2.45 -1.9768 
v 11.1686 2.5 -2.0518 
v 11.2119 2.45 -2.0768 
v 11.1686 2.5 -2.0518 
v 11.2119 2.45 -2.0768 
v 11.1137 2.5 -2.1067 
v 11.1387 2.45 -2.15 
v 11.1137 2.5 -2.1067 
v 11.1387 2.45 -2.15 
v 11.0387 2.5 -2.1268 
v 11.0387 2.45 -2.1768 
v 11.0387 2.5 -2.1268 
v 11.0387 2.45 -2.1768 
v 10.9637 2.5 -2.1067 
v 10.9387 2.45 -2.15 
v 10.9637 2.5 -2.1067 
v 10.9387 2.45 -2.15 
v 10.9088 2.5 -2.0518 
v 10.8655 2.45 -2.0768 
v 10.9088 2.5 -2.0518 
v 10.8655 2.45 -2.0768 
v 10.8887 2.5 -1.9768 
v 10.8387 2.45 -1.9768 
v 10.8887 2.5 -1.9768 
v 10.8387 2.45 -1.9768 
v 10.9088 2.5 -1.9018 
v 10.8655 2.45 -1.8768 
v 10.9088 2.5 -1.9018 
v 10.8655 2.45 -1.8768 
v 10.9637 2.5 -1.8469 
v 10.9387 2.45 -1.8036 
v 10.9637 2.5 -1.8469 
v 10.9387 2.45 -1.8036 
v 11.0387 2.5 -1.8268 
v 11.0387 2.45 -1.7768 
v 11.0387 2.55 -1.7768 
v 11.0387 2.5 -1.8268 
v 11.1387 2.55 -1.8036 
v 11.1137 2.5 -1.8469 
v 11.1387 2.55 -1.8036 
v 11.1137 2.5 -1.8469 
v 11.2119 2.55 -1.8768 
v 11.1686 2.5 -1.9018 
v 11.2119 2.55 -1.8768 
v 11.1686 2.5 -1.9018 
v 11.2387 2.55 -1.9768 
v 11.1887 2.5 -1.9768 
v 11.2387 2.55 -1.9768 
v 11.1887 2.5 -1.9768 
v 11.2119 2.55 -2.0768 
v 11.1686 2.5 -2.0518 
v 11.2119 2.55 -2.0768 
v 11.1686 2.5 -2.0518 
v 11.1387 2.55 -2.15 
v 11.1137 2.5 -2.1067 
v 11.1387 2.55 -2.15 
v 11.1137 2.5 -2.1067 
v 11.0387 2.55 -2.1768 
v 11.0387 2.5 -2.1268 
v 11.0387 2.55 -2.1768 
v 11.0387 2.5 -2.1268 
v 10.9387 2.55 -2.15 
v 10.9637 2.5 -2.1067 
v 10.9387 2.55 -2.15 
v 10.9637 2.5 -2.1067 
v 10.8655 2.55 -2.0768 
v 10.9088 2.5 -2.0518 
v 10.8655 2.55 -2.0768 
v 10.9088 2.5 -2.0518 
v 10.8387 2.55 -1.9768 
v 10.8887 2.5 -1.9768 
v 10.8387 2.55 -1.9768 
v 10.8887 2.5 -1.9768 
v 10.8655 2.55 -1.8768 
v 10.9088 2.5 -1.9018 
v 10.8655 2.55 -1.8768 
v 10.9088 2.5 -1.9018 
v 10.9387 2.55 -1.8036 
v 10.9637 2.5 -1.8469 
v 10.9387 2.55 -1.8036 
v 10.9637 2.5 -1.8469 
v 11.0387 2.55 -1.7768 
v 11.0387 2.5 -1.8268 
v 11.0387 2.6 -1.8268 
v 11.0387 2.55 -1.7768 
v 11.1137 2.6 -1.8469 
v 11.1387 2.55 -1.8036 
v 11.1137 2.6 -1.8469 
v 11.1387 2.55 -1.8036 
v 11.1686 2.6 -1.9018 
v 11.2119 2.55 -1.8768 
v 11.1686 2.6 -1.9018 
v 11.2119 2.55 -1.8768 
v 11.1887 2.6 -1.9768 
v 11.2387 2.55 -1.9768 
v 11.1887 2.6 -1.9768 
v 11.2387 2.55 -1.9768 
v 11.1686 2.6 -2.0518 
v 11.2119 2.55 -2.0768 
v 11.1686 2.6 -2.0518 
v 11.2119 2.55 -2.0768 
v 11.1137 2.6 -2.1067 
v 11.1387 2.55 -2.15 
v 11.1137 2.6 -2.1067 
v 11.1387 2.55 -2.15 
v 11.0387 2.6 -2.1268 
v 11.0387 2.55 -2.1768 
v 11.0387 2.6 -2.1268 
v 11.0387 2.55 -2.1768 
v 10.9637 2.6 -2.1067 
v 10.9387 2.55 -2.15 
v 10.9637 2.6 -2.1067 
v 10.9387 2.55 -2.15 
v 10.9088 2.6 -2.0518 
v 10.8655 2.55 -2.0768 
v 10.9088 2.6 -2.0518 
v 10.8655 2.55 -2.0768 
v 10.8887 2.6 -1.9768 
v 10.8387 2.55 -1.9768 
v 10.8887 2.6 -1.9768 
v 10.8387 2.55 -1.9768 
v 10.9088 2.6 -1.9018 
v 10.8655 2.55 -1.8768 
v 10.9088 2.6 -1.9018 
v 10.8655 2.55 -1.8768 
v 10.9637 2.6 -1.8469 
v 10.9387 2.55 -1.8036 
v 10.9637 2.6 -1.8469 
v 10.9387 2.55 -1.8036 
v 11.0387 2.6 -1.8268 
v 11.0387 2.55 -1.7768 
v 11.0387 2.65 -1.7768 
v 11.0387 2.6 -1.8268 
v 11.1387 2.65 -1.8036 
v 11.1137 2.6 -1.8469 
v 11.1387 2.65 -1.8036 
v 11.1137 2.6 -1.8469 
v 11.2119 2.65 -1.8768 
v 11.1686 2.6 -1.9018 
v 11.2119 2.65 -1.8768 
v 11.1686 2.6 -1.9018 
v 11.2387 2.65 -1.9768 
v 11.1887 2.6 -1.9768 
v 11.2387 2.65 -1.9768 
v 11.1887 2.6 -1.9768 
v 11.2119 2.65 -2.0768 
v 11.1686 2.6 -2.0518 
v 11.2119 2.65 -2.0768 
v 11.1686 2.6 -2.0518 
v 11.1387 2.65 -2.15 
v 11.1137 2.6 -2.1067 
v 11.1387 2.65 -2.15 
v 11.1137 2.6 -2.1067 
v 11.0387 2.65 -2.1768 
v 11.0387 2.6 -2.1268 
v 11.0387 2.65 -2.1768 
v 11.0387 2.6 -2.1268 
v 10.9387 2.65 -2.15 
v 10.9637 2.6 -2.1067 
v 10.9387 2.65 -2.15 
v 10.9637 2.6 -2.1067 
v 10.8655 2.65 -2.0768 
v 10.9088 2.6 -2.0518 
v 10.8655 2.65 -2.0768 
v 10.9088 2.6 -2.0518 
v 10.8387 2.65 -1.9768 
v 10.8887 2.6 -1.9768 
v 10.8387 2.65 -1.9768 
v 10.8887 2.6 -1.9768 
v 10.8655 2.65 -1.8768 
v 10.9088 2.6 -1.9018 
v 10.8655 2.65 -1.8768 
v 10.9088 2.6 -1.9018 
v 10.9387 2.65 -1.8036 
v 10.9637 2.6 -1.8469 
v 10.9387 2.65 -1.8036 
v 10.9637 2.6 -1.8469 
v 11.0387 2.65 -1.7768 
v 11.0387 2.6 -1.8268 
v 11.0387 2.7 -1.8268 
v 11.0387 2.65 -1.7768 
v 11.1137 2.7 -1.8469 
v 11.1387 2.65 -1.8036 
v 11.1137 2.7 -1.8469 
v 11.1387 2.65 -1.8036 
v 11.1686 2.7 -1.9018 
v 11.2119 2.65 -1.8768 
v 11.1686 2.7 -1.9018 
v 11.2119 2.65 -1.8768 
v 11.1887 2.7 -1.9768 
v 11.2387 2.65 -1.9768 
v 11.1887 2.7 -1.9768 
v 11.2387 2.65 -1.9768 
v 11.1686 2.7 -2.0518 
v 11.2119 2.65 -2.0768 
v 11.1686 2.7 -2.0518 
v 11.2119 2.65 -2.0768 
v 11.1137 2.7 -2.1067 
v 11.1387 2.65 -2.15 
v 11.1137 2.7 -2.1067 
v 11.1387 2.65 -2.15 
v 11.0387 2.7 -2.1268 
v 11.0387 2.65 -2.1768 
v 11.0387 2.7 -2.1268 
v 11.0387 2.65 -2.1768 
v 10.9637 2.7 -2.1067 
v 10.9387 2.65 -2.15 
v 10.9637 2.7 -2.1067 
v 10.9387 2.65 -2.15 
v 10.9088 2.7 -2.0518 
v 10.8655 2.65 -2.0768 
v 10.9088 2.7 -2.0518 
v 10.8655 2.65 -2.0768 
v 10.8887 2.7 -1.9768 
v 10.8387 2.65 -1.9768 
v 10.8887 2.7 -1.9768 
v 10.8387 2.65 -1.9768 
v 10.9088 2.7 -1.9018 
v 10.8655 2.65 -1.8768 
v 10.9088 2.7 -1.9018 
v 10.8655 2.65 -1.8768 
v 10.9637 2.7 -1.8469 
v 10.9387 2.65 -1.8036 
v 10.9637 2.7 -1.8469 
v 10.9387 2.65 -1.8036 
v 11.0387 2.7 -1.8268 
v 11.0387 2.65 -1.7768 
v 11.0387 2.75 -1.7768 
v 11.0387 2.7 -1.8268 
v 11.1387 2.75 -1.8036 
v 11.1137 2.7 -1.8469 
v 11.1387 2.75 -1.8036 
v 11.1137 2.7 -1.8469 
v 11.2119 2.75 -1.8768 
v 11.1686 2.7 -1.9018 
v 11.2119 2.75 -1.8768 
v 11.1686 2.7 -1.9018 
v 11.2387 2.75 -1.9768 
v 11.1887 2.7 -1.9768 
v 11.2387 2.75 -1.9768 
v 11.1887 2.7 -1.9768 
v 11.2119 2.75 -2.0768 
v 11.1686 2.7 -2.0518 
v 11.2119 2.75 -2.0768 
v 11.1686 2.7 -2.0518 
v 11.1387 2.75 -2.15 
v 11.1137 2.7 -2.1067 
v 11.1387 2.75 -2.15 
v 11.1137 2.7 -2.1067 
v 11.0387 2.75 -2.1768 
v 11.0387 2.7 -2.1268 
v 11.0387 2.75 -2.1768 
v 11.0387 2.7 -2.1268 
v 10.9387 2.75 -2.15 
v 10.9637 2.7 -2.1067 
v 10.9387 2.75 -2.15 
v 10.9637 2.7 -2.1067 
v 10.8655 2.75 -2.0768 
v 10.9088 2.7 -2.0518 
v 10.8655 2.75 -2.0768 
v 10.9088 2.7 -2.0518 
v 10.8387 2.75 -1.9768 
v 10.8887 2.7 -1.9768 
v 10.8387 2.75 -1.9768 
v 10.8887 2.7 -1.9768 
v 10.8655 2.75 -1.8768 
v 10.9088 2.7 -1.9018 
v 10.8655 2.75 -1.8768 
v 10.9088 2.7 -1.9018 
v 10.9387 2.75 -1.8036 
v 10.9637 2.7 -1.8469 
v 10.9387 2.75 -1.8036 
v 10.9637 2.7 -1.8469 
v 11.0387 2.75 -1.7768 
v 11.0387 2.7 -1.8268 
v 11.0387 2.8 -1.8268 
v 11.0387 2.75 -1.7768 
v 11.1137 2.8 -1.8469 
v 11.1387 2.75 -1.8036 
v 11.1137 2.8 -1.8469 
v 11.1387 2.75 -1.8036 
v 11.1686 2.8 -1.9018 
v 11.2119 2.75 -1.8768 
v 11.1686 2.8 -1.9018 
v 11.2119 2.75 -1.8768 
v 11.1887 2.8 -1.9768 
v 11.2387 2.75 -1.9768 
v 11.1887 2.8 -1.9768 
v 11.2387 2.75 -1.9768 
v 11.1686 2.8 -2.0518 
v 11.2119 2.75 -2.0768 
v 11.1686 2.8 -2.0518 
v 11.2119 2.75 -2.0768 
v 11.1137 2.8 -2.1067 
v 11.1387 2.75 -2.15 
v 11.1137 2.8 -2.1067 
v 11.1387 2.75 -2.15 
v 11.0387 2.8 -2.1268 
v 11.0387 2.75 -2.1768 
v 11.0387 2.8 -2.1268 
v 11.0387 2.75 -2.1768 
v 10.9637 2.8 -2.1067 
v 10.9387 2.75 -2.15 
v 10.9637 2.8 -2.1067 
v 10.9387 2.75 -2.15 
v 10.9088 2.8 -2.0518 
v 10.8655 2.75 -2.0768 
v 10.9088 2.8 -2.0518 
v 10.8655 2.75 -2.0768 
v 10.8887 2.8 -1.9768 
v 10.8387 2.75 -1.9768 
v 10.8887 2.8 -1.9768 
v 10.8387 2.75 -1.9768 
v 10.9088 2.8 -1.9018 
v 10.8655 2.75 -1.8768 
v 10.9088 2.8 -1.9018 
v 10.8655 2.75 -1.8768 
v 10.9637 2.8 -1.8469 
v 10.9387 2.75 -1.8036 
v 10.9637 2.8 -1.8469 
v 10.9387 2.75 -1.8036 
v 11.0387 2.8 -1.8268 
v 11.0387 2.75 -1.7768 
v 11.0387 2.85 -1.7768 
v 11.0387 2.8 -1.8268 
v 11.1387 2.85 -1.8036 
v 11.1137 2.8 -1.8469 
v 11.1387 2.85 -1.8036 
v 11.1137 2.8 -1.8469 
v 11.2119 2.85 -1.8768 
v 11.1686 2.8 -1.9018 
v 11.2119 2.85 -1.8768 
v 11.1686 2.8 -1.9018 
v 11.2387 2.85 -1.9768 
v 11.1887 2.8 -1.9768 
v 11.2387 2.85 -1.9768 
v 11.1887 2.8 -1.9768 
v 11.2119 2.85 -2.0768 
v 11.1686 2.8 -2.0518 
v 11.2119 2.85 -2.0768 
v 11.1686 2.8 -2.0518 
v 11.1387 2.85 -2.15 
v 11.1137 2.8 -2.1067 
v 11.1387 2.85 -2.15 
v 11.1137 2.8 -2.1067 
v 11.0387 2.85 -2.1768 
v 11.0387 2.8 -2.1268 
v 11.0387 2.85 -2.1768 
v 11.0387 2.8 -2.1268 
v 10.9387 2.85 -2.15 
v 10.9637 2.8 -2.1067 
v 10.9387 2.85 -2.15 
v 10.9637 2.8 -2.1067 
v 10.8655 2.85 -2.0768 
v 10.9088 2.8 -2.0518 
v 10.8655 2.85 -2.0768 
v 10.9088 2.8 -2.0518 
v 10.8387 2.85 -1.9768 
v 10.8887 2.8 -1.9768 
v 10.8387 2.85 -1.9768 
v 10.8887 2.8 -1.9768 
v 10.8655 2.85 -1.8768 
v 10.9088 2.8 -1.9018 
v 10.8655 2.85 -1.8768 
v 10.9088 2.8 -1.9018 
v 10.9387 2.85 -1.8036 
v 10.9637 2.8 -1.8469 
v 10.9387 2.85 -1.8036 
v 10.9637 2.8 -1.8469 
v 11.0387 2.85 -1.7768 
v 11.0387 2.8 -1.8268 
v 11.0387 2.9 -1.8268 
v 11.0387 2.85 -1.7768 
v 11.1137 2.9 -1.8469 
v 11.1387 2.85 -1.8036 
v 11.1137 2.9 -1.8469 
v 11.1387 2.85 -1.8036 
v 11.1686 2.9 -1.9018 
v 11.2119 2.85 -1.8768 
v 11.1686 2.9 -1.9018 
v 11.2119 2.85 -1.8768 
v 11.1887 2.9 -1.9768 
v 11.2387 2.85 -1.9768 
v 11.1887 2.9 -1.9768 
v 11.2387 2.85 -1.9768 
v 11.1686 2.9 -2.0518 
v 11.2119 2.85 -2.0768 
v 11.1686 2.9 -2.0518 
v 11.2119 2.85 -2.0768 
v 11.1137 2.9 -2.1067 
v 11.1387 2.85 -2.15 
v 11.1137 2.9 -2.1067 
v 11.1387 2.85 -2.15 
v 11.0387 2.9 -2.1268 
v 11.0387 2.85 -2.1768 
v 11.0387 2.9 -2.1268 
v 11.0387 2.85 -2.1768 
v 10.9637 2.9 -2.1067 
v 10.9387 2.85 -2.15 
v 10.9637 2.9 -2.1067 
v 10.9387 2.85 -2.15 
v 10.9088 2.9 -2.0518 
v 10.8655 2.85 -2.0768 
v 10.9088 2.9 -2.0518 
v 10.8655 2.85 -2.0768 
v 10.8887 2.9 -1.9768 
v 10.8387 2.85 -1.9768 
v 10.8887 2.9 -1.9768 
v 10.8387 2.85 -1.9768 
v 10.9088 2.9 -1.9018 
v 10.8655 2.85 -1.8768 
v 10.9088 2.9 -1.9018 
v 10.8655 2.85 -1.8768 
v 10.9637 2.9 -1.8469 
v 10.9387 2.85 -1.8036 
v 10.9637 2.9 -1.8469 
v 10.9387 2.85 -1.8036 
v 11.0387 2.9 -1.8268 
v 11.0387 2.85 -1.7768 
v 11.0387 2.95 -1.7768 
v 11.0387 2.9 -1.8268 
v 11.1387 2.95 -1.8036 
v 11.1137 2.9 -1.8469 
v 11.1387 2.95 -1.8036 
v 11.1137 2.9 -1.8469 
v 11.2119 2.95 -1.8768 
v 11.1686 2.9 -1.9018 
v 11.2119 2.95 -1.8768 
v 11.1686 2.9 -1.9018 
v 11.2387 2.95 -1.9768 
v 11.1887 2.9 -1.9768 
v 11.2387 2.95 -1.9768 
v 11.1887 2.9 -1.9768 
v 11.2119 2.95 -2.0768 
v 11.1686 2.9 -2.0518 
v 11.2119 2.95 -2.0768 
v 11.1686 2.9 -2.0518 
v 11.1387 2.95 -2.15 
v 11.1137 2.9 -2.1067 
v 11.1387 2.95 -2.15 
v 11.1137 2.9 -2.1067 
v 11.0387 2.95 -2.1768 
v 11.0387 2.9 -2.1268 
v 11.0387 2.95 -2.1768 
v 11.0387 2.9 -2.1268 
v 10.9387 2.95 -2.15 
v 10.9637 2.9 -2.1067 
v 10.9387 2.95 -2.15 
v 10.9637 2.9 -2.1067 
v 10.8655 2.95 -2.0768 
v 10.9088 2.9 -2.0518 
v 10.8655 2.95 -2.0768 
v 10.9088 2.9 -2.0518 
v 10.8387 2.95 -1.9768 
v 10.8887 2.9 -1.9768 
v 10.8387 2.95 -1.9768 
v 10.8887 2.9 -1.9768 
v 10.8655 2.95 -1.8768 
v 10.9088 2.9 -1.9018 
v 10.8655 2.95 -1.8768 
v 10.9088 2.9 -1.9018 
v 10.9387 2.95 -1.8036 
v 10.9637 2.9 -1.8469 
v 10.9387 2.95 -1.8036 
v 10.9637 2.9 -1.8469 
v 11.0387 2.95 -1.7768 
v 11.0387 2.9 -1.8268 
v 11.0387 3 -1.8268 
v 11.0387 2.95 -1.7768 
v 11.1137 3 -1.8469 
v 11.1387 2.95 -1.8036 
v 11.1137 3 -1.8469 
v 11.1387 2.95 -1.8036 
v 11.1686 3 -1.9018 
v 11.2119 2.95 -1.8768 
v 11.1686 3 -1.9018 
v 11.2119 2.95 -1.8768 
v 11.1887 3 -1.9768 
v 11.2387 2.95 -1.9768 
v 11.1887 3 -1.9768 
v 11.2387 2.95 -1.9768 
v 11.1686 3 -2.0518 
v 11.2119 2.95 -2.0768 
v 11.1686 3 -2.0518 
v 11.2119 2.95 -2.0768 
v 11.1137 3 -2.1067 
v 11.1387 2.95 -2.15 
v 11.1137 3 -2.1067 
v 11.1387 2.95 -2.15 
v 11.0387 3 -2.1268 
v 11.0387 2.95 -2.1768 
v 11.0387 3 -2.1268 
v 11.0387 2.95 -2.1768 
v 10.9637 3 -2.1067 
v 10.9387 2.95 -2.15 
v 10.9637 3 -2.1067 
v 10.9387 2.95 -2.15 
v 10.9088 3 -2.0518 
v 10.8655 2.95 -2.0768 
v 10.9088 3 -2.0518 
v 10.8655 2.95 -2.0768 
v 10.8887 3 -1.9768 
v 10.8387 2.95 -1.9768 
v 10.8887 3 -1.9768 
v 10.8387 2.95 -1.9768 
v 10.9088 3 -1.9018 
v 10.8655 2.95 -1.8768 
v 10.9088 3 -1.9018 
v 10.8655 2.95 -1.8768 
v 10.9637 3 -1.8469 
v 10.9387 2.95 -1.8036 
v 10.9637 3 -1.8469 
v 10.9387 2.95 -1.8036 
v 11.0387 3 -1.8268 
v 11.0387 2.95 -1.7768 
v 11.0387 3.05 -1.7768 
v 11.0387 3 -1.8268 
v 11.1387 3.05 -1.8036 
v 11.1137 3 -1.8469 
v 11.1387 3.05 -1.8036 
v 11.1137 3 -1.8469 
v 11.2119 3.05 -1.8768 
v 11.1686 3 -1.9018 
v 11.2119 3.05 -1.8768 
v 11.1686 3 -1.9018 
v 11.2387 3.05 -1.9768 
v 11.1887 3 -1.9768 
v 11.2387 3.05 -1.9768 
v 11.1887 3 -1.9768 
v 11.2119 3.05 -2.0768 
v 11.1686 3 -2.0518 
v 11.2119 3.05 -2.0768 
v 11.1686 3 -2.0518 
v 11.1387 3.05 -2.15 
v 11.1137 3 -2.1067 
v 11.1387 3.05 -2.15 
v 11.1137 3 -2.1067 
v 11.0387 3.05 -2.1768 
v 11.0387 3 -2.1268 
v 11.0387 3.05 -2.1768 
v 11.0387 3 -2.1268 
v 10.9387 3.05 -2.15 
v 10.9637 3 -2.1067 
v 10.9387 3.05 -2.15 
v 10.9637 3 -2.1067 
v 10.8655 3.05 -2.0768 
v 10.9088 3 -2.0518 
v 10.8655 3.05 -2.0768 
v 10.9088 3 -2.0518 
v 10.8387 3.05 -1.9768 
v 10.8887 3 -1.9768 
v 10.8387 3.05 -1.9768 
v 10.8887 3 -1.9768 
v 10.8655 3.05 -1.8768 
v 10.9088 3 -1.9018 
v 10.8655 3.05 -1.8768 
v 10.9088 3 -1.9018 
v 10.9387 3.05 -1.8036 
v 10.9637 3 -1.8469 
v 10.9387 3.05 -1.8036 
v 10.9637 3 -1.8469 
v 11.0387 3.05 -1.7768 
v 11.0387 3 -1.8268 
v 11.0387 3.1 -1.7768 
v 11.0387 3.05 -1.7768 
v 11.1387 3.1 -1.8036 
v 11.1387 3.1 -1.8036 
v 11.1387 3.05 -1.8036 
v 11.2119 3.1 -1.8768 
v 11.2119 3.1 -1.8768 
v 11.2119 3.05 -1.8768 
v 11.2387 3.1 -1.9768 
v 11.2387 3.1 -1.9768 
v 11.2387 3.05 -1.9768 
v 11.2119 3.1 -2.0768 
v 11.2119 3.1 -2.0768 
v 11.2119 3.05 -2.0768 
v 11.1387 3.1 -2.15 
v 11.1387 3.1 -2.15 
v 11.1387 3.05 -2.15 
v 11.0387 3.1 -2.1768 
v 11.0387 3.1 -2.1768 
v 11.0387 3.05 -2.1768 
v 10.9387 3.1 -2.15 
v 10.9387 3.1 -2.15 
v 10.9387 3.05 -2.15 
v 10.8655 3.1 -2.0768 
v 10.8655 3.1 -2.0768 
v 10.8655 3.05 -2.0768 
v 10.8387 3.1 -1.9768 
v 10.8387 3.1 -1.9768 
v 10.8387 3.05 -1.9768 
v 10.8655 3.1 -1.8768 
v 10.8655 3.1 -1.8768 
v 10.8655 3.05 -1.8768 
v 10.9387 3.1 -1.8036 
v 10.9387 3.1 -1.8036 
v 10.9387 3.05 -1.8036 
v 11.0387 3.1 -1.7768 
v 11.0387 3.1 -1.7768 
v 11.1387 3.1 -1.8036 
v 11.2119 3.1 -1.8768 
v 11.2387 3.1 -1.9768 
v 11.2119 3.1 -2.0768 
v 11.1387 3.1 -2.15 
v 11.0387 3.1 -2.1768 
v 10.9387 3.1 -2.15 
v 10.8655 3.1 -2.0768 
v 10.8387 3.1 -1.9768 
v 10.8655 3.1 -1.8768 
v 10.9387 3.1 -1.8036 
v 11.0387 3.2 -1.8268 
v 11.0387 3.1 -1.7768 
v 11.1137 3.2 -1.8469 
v 11.1387 3.1 -1.8036 
v 11.1137 3.2 -1.8469 
v 11.1387 3.1 -1.8036 
v 11.1686 3.2 -1.9018 
v 11.2119 3.1 -1.8768 
v 11.1686 3.2 -1.9018 
v 11.2119 3.1 -1.8768 
v 11.1887 3.2 -1.9768 
v 11.2387 3.1 -1.9768 
v 11.1887 3.2 -1.9768 
v 11.2387 3.1 -1.9768 
v 11.1686 3.2 -2.0518 
v 11.2119 3.1 -2.0768 
v 11.1686 3.2 -2.0518 
v 11.2119 3.1 -2.0768 
v 11.1137 3.2 -2.1067 
v 11.1387 3.1 -2.15 
v 11.1137 3.2 -2.1067 
v 11.1387 3.1 -2.15 
v 11.0387 3.2 -2.1268 
v 11.0387 3.1 -2.1768 
v 11.0387 3.2 -2.1268 
v 11.0387 3.1 -2.1768 
v 10.9637 3.2 -2.1067 
v 10.9387 3.1 -2.15 
v 10.9637 3.2 -2.1067 
v 10.9387 3.1 -2.15 
v 10.9088 3.2 -2.0518 
v 10.8655 3.1 -2.0768 
v 10.9088 3.2 -2.0518 
v 10.8655 3.1 -2.0768 
v 10.8887 3.2 -1.9768 
v 10.8387 3.1 -1.9768 
v 10.8887 3.2 -1.9768 
v 10.8387 3.1 -1.9768 
v 10.9088 3.2 -1.9018 
v 10.8655 3.1 -1.8768 
v 10.9088 3.2 -1.9018 
v 10.8655 3.1 -1.8768 
v 10.9637 3.2 -1.8469 
v 10.9387 3.1 -1.8036 
v 10.9637 3.2 -1.8469 
v 10.9387 3.1 -1.8036 
v 11.0387 3.2 -1.8268 
v 11.0387 3.1 -1.7768 
v 11.1137 4 -1.8469 
v 11.0387 3.2 -1.8268 
v 11.0387 4 -1.8268 
v 11.1686 4 -1.9018 
v 11.1137 3.2 -1.8469 
v 11.1137 4 -1.8469 
v 11.1887 4 -1.9768 
v 11.1686 3.2 -1.9018 
v 11.1686 4 -1.9018 
v 11.1686 4 -2.0518 
v 11.1887 3.2 -1.9768 
v 11.1887 4 -1.9768 
v 11.1137 4 -2.1067 
v 11.1686 3.2 -2.0518 
v 11.1686 4 -2.0518 
v 11.0387 4 -2.1268 
v 11.1137 3.2 -2.1067 
v 11.1137 4 -2.1067 
v 10.9637 4 -2.1067 
v 11.0387 3.2 -2.1268 
v 11.0387 4 -2.1268 
v 10.9088 4 -2.0518 
v 10.9637 3.2 -2.1067 
v 10.9637 4 -2.1067 
v 10.8887 4 -1.9768 
v 10.9088 3.2 -2.0518 
v 10.9088 4 -2.0518 
v 10.9088 4 -1.9018 
v 10.8887 3.2 -1.9768 
v 10.8887 4 -1.9768 
v 10.9637 4 -1.8469 
v 10.9088 3.2 -1.9018 
v 10.9088 4 -1.9018 
v 11.0387 4 -1.8268 
v 10.9637 3.2 -1.8469 
v 10.9637 4 -1.8469 
v 11.0387 0.9 -1.9768 
v 11.0387 4 -1.9768 
v 11.0387 4 -1.8268 
v 11.0537 4.05 -1.92082 
v 11.0537 4.05 -1.86082 
v 11.1137 4 -1.8469 
v 11.0387 4 -1.9768 
v 11.0837 4.05 -1.86886 
v 11.0537 4.05 -1.92082 
v 11.1137 4 -1.8469 
v 11.0537 4.05 -1.86082 
v 11.0837 4.05 -1.86886 
v 11.0387 4 -1.9768 
v 11.1137 4 -1.8469 
v 11.0797 4.05 -1.93582 
v 11.1097 4.05 -1.88386 
v 11.1686 4 -1.9018 
v 11.0387 4 -1.9768 
v 11.1316 4.05 -1.90582 
v 11.0797 4.05 -1.93582 
v 11.1686 4 -1.9018 
v 11.1097 4.05 -1.88386 
v 11.1316 4.05 -1.90582 
v 11.0387 4 -1.9768 
v 11.1686 4 -1.9018 
v 11.0947 4.05 -1.9618 
v 11.1466 4.05 -1.9318 
v 11.1887 4 -1.9768 
v 11.0387 4 -1.9768 
v 11.1547 4.05 -1.9618 
v 11.0947 4.05 -1.9618 
v 11.1887 4 -1.9768 
v 11.1466 4.05 -1.9318 
v 11.1547 4.05 -1.9618 
v 11.0387 4 -1.9768 
v 11.1887 4 -1.9768 
v 11.0947 4.05 -1.9918 
v 11.1547 4.05 -1.9918 
v 11.1686 4 -2.0518 
v 11.0387 4 -1.9768 
v 11.1466 4.05 -2.0218 
v 11.0947 4.05 -1.9918 
v 11.1686 4 -2.0518 
v 11.1547 4.05 -1.9918 
v 11.1466 4.05 -2.0218 
v 11.0387 4 -1.9768 
v 11.1686 4 -2.0518 
v 11.0797 4.05 -2.01778 
v 11.1316 4.05 -2.04778 
v 11.1137 4 -2.1067 
v 11.0387 4 -1.9768 
v 11.1097 4.05 -2.06974 
v 11.0797 4.05 -2.01778 
v 11.1137 4 -2.1067 
v 11.1316 4.05 -2.04778 
v 11.1097 4.05 -2.06974 
v 11.0387 4 -1.9768 
v 11.1137 4 -2.1067 
v 11.0537 4.05 -2.03278 
v 11.0837 4.05 -2.08474 
v 11.0387 4 -2.1268 
v 11.0387 4 -1.9768 
v 11.0537 4.05 -2.09278 
v 11.0537 4.05 -2.03278 
v 11.0387 4 -2.1268 
v 11.0837 4.05 -2.08474 
v 11.0537 4.05 -2.09278 
v 11.0387 4 -1.9768 
v 11.0387 4 -2.1268 
v 11.0237 4.05 -2.03278 
v 11.0237 4.05 -2.09278 
v 10.9637 4 -2.1067 
v 11.0387 4 -1.9768 
v 10.9937 4.05 -2.08474 
v 11.0237 4.05 -2.03278 
v 10.9637 4 -2.1067 
v 11.0237 4.05 -2.09278 
v 10.9937 4.05 -2.08474 
v 11.0387 4 -1.9768 
v 10.9637 4 -2.1067 
v 10.9977 4.05 -2.01778 
v 10.9677 4.05 -2.06974 
v 10.9088 4 -2.0518 
v 11.0387 4 -1.9768 
v 10.9458 4.05 -2.04778 
v 10.9977 4.05 -2.01778 
v 10.9088 4 -2.0518 
v 10.9677 4.05 -2.06974 
v 10.9458 4.05 -2.04778 
v 11.0387 4 -1.9768 
v 10.9088 4 -2.0518 
v 10.9827 4.05 -1.9918 
v 10.9308 4.05 -2.0218 
v 10.8887 4 -1.9768 
v 11.0387 4 -1.9768 
v 10.9227 4.05 -1.9918 
v 10.9827 4.05 -1.9918 
v 10.8887 4 -1.9768 
v 10.9308 4.05 -2.0218 
v 10.9227 4.05 -1.9918 
v 11.0387 4 -1.9768 
v 10.8887 4 -1.9768 
v 10.9827 4.05 -1.9618 
v 10.9227 4.05 -1.9618 
v 10.9088 4 -1.9018 
v 11.0387 4 -1.9768 
v 10.9308 4.05 -1.9318 
v 10.9827 4.05 -1.9618 
v 10.9088 4 -1.9018 
v 10.9227 4.05 -1.9618 
v 10.9308 4.05 -1.9318 
v 11.0387 4 -1.9768 
v 10.9088 4 -1.9018 
v 10.9977 4.05 -1.93582 
v 10.9458 4.05 -1.90582 
v 10.9637 4 -1.8469 
v 11.0387 4 -1.9768 
v 10.9677 4.05 -1.88386 
v 10.9977 4.05 -1.93582 
v 10.9637 4 -1.8469 
v 10.9458 4.05 -1.90582 
v 10.9677 4.05 -1.88386 
v 11.0387 4 -1.9768 
v 10.9637 4 -1.8469 
v 11.0237 4.05 -1.92082 
v 10.9937 4.05 -1.86886 
v 11.0387 4 -1.8268 
v 11.0387 4 -1.9768 
v 11.0237 4.05 -1.86082 
v 11.0237 4.05 -1.92082 
v 11.0387 4 -1.8268 
v 10.9937 4.05 -1.86886 
v 11.0237 4.05 -1.86082 
v 11.0537 4.05 -1.92082 
v 11.0537 4.05 -1.86082 
v 11.0577 4.1 -1.90589 
v 11.0577 4.1 -1.86989 
v 11.0837 4.05 -1.86886 
v 11.0537 4.05 -1.92082 
v 11.0757 4.1 -1.87471 
v 11.0577 4.1 -1.90589 
v 11.0537 4.05 -1.86082 
v 11.0837 4.05 -1.86886 
v 11.0577 4.1 -1.86989 
v 11.0757 4.1 -1.87471 
v 11.0757 4.1 -1.87471 
v 11.0577 4.1 -1.90589 
v 11.0577 4.1 -1.86989 
v 11.0797 4.05 -1.93582 
v 11.1097 4.05 -1.88386 
v 11.0906 4.1 -1.92489 
v 11.1086 4.1 -1.89371 
v 11.1316 4.05 -1.90582 
v 11.0797 4.05 -1.93582 
v 11.1218 4.1 -1.90689 
v 11.0906 4.1 -1.92489 
v 11.1097 4.05 -1.88386 
v 11.1316 4.05 -1.90582 
v 11.1086 4.1 -1.89371 
v 11.1218 4.1 -1.90689 
v 11.1218 4.1 -1.90689 
v 11.0906 4.1 -1.92489 
v 11.1086 4.1 -1.89371 
v 11.0947 4.05 -1.9618 
v 11.1466 4.05 -1.9318 
v 11.1096 4.1 -1.9578 
v 11.1408 4.1 -1.9398 
v 11.1547 4.05 -1.9618 
v 11.0947 4.05 -1.9618 
v 11.1456 4.1 -1.9578 
v 11.1096 4.1 -1.9578 
v 11.1466 4.05 -1.9318 
v 11.1547 4.05 -1.9618 
v 11.1408 4.1 -1.9398 
v 11.1456 4.1 -1.9578 
v 11.1456 4.1 -1.9578 
v 11.1096 4.1 -1.9578 
v 11.1408 4.1 -1.9398 
v 11.0947 4.05 -1.9918 
v 11.1547 4.05 -1.9918 
v 11.1096 4.1 -1.9958 
v 11.1456 4.1 -1.9958 
v 11.1466 4.05 -2.0218 
v 11.0947 4.05 -1.9918 
v 11.1408 4.1 -2.0138 
v 11.1096 4.1 -1.9958 
v 11.1547 4.05 -1.9918 
v 11.1466 4.05 -2.0218 
v 11.1456 4.1 -1.9958 
v 11.1408 4.1 -2.0138 
v 11.1408 4.1 -2.0138 
v 11.1096 4.1 -1.9958 
v 11.1456 4.1 -1.9958 
v 11.0797 4.05 -2.01778 
v 11.1316 4.05 -2.04778 
v 11.0906 4.1 -2.02871 
v 11.1218 4.1 -2.04671 
v 11.1097 4.05 -2.06974 
v 11.0797 4.05 -2.01778 
v 11.1086 4.1 -2.05989 
v 11.0906 4.1 -2.02871 
v 11.1316 4.05 -2.04778 
v 11.1097 4.05 -2.06974 
v 11.1218 4.1 -2.04671 
v 11.1086 4.1 -2.05989 
v 11.1086 4.1 -2.05989 
v 11.0906 4.1 -2.02871 
v 11.1218 4.1 -2.04671 
v 11.0537 4.05 -2.03278 
v 11.0837 4.05 -2.08474 
v 11.0577 4.1 -2.04771 
v 11.0757 4.1 -2.07889 
v 11.0537 4.05 -2.09278 
v 11.0537 4.05 -2.03278 
v 11.0577 4.1 -2.08371 
v 11.0577 4.1 -2.04771 
v 11.0837 4.05 -2.08474 
v 11.0537 4.05 -2.09278 
v 11.0757 4.1 -2.07889 
v 11.0577 4.1 -2.08371 
v 11.0577 4.1 -2.08371 
v 11.0577 4.1 -2.04771 
v 11.0757 4.1 -2.07889 
v 11.0237 4.05 -2.03278 
v 11.0237 4.05 -2.09278 
v 11.0197 4.1 -2.04771 
v 11.0197 4.1 -2.08371 
v 10.9937 4.05 -2.08474 
v 11.0237 4.05 -2.03278 
v 11.0017 4.1 -2.07889 
v 11.0197 4.1 -2.04771 
v 11.0237 4.05 -2.09278 
v 10.9937 4.05 -2.08474 
v 11.0197 4.1 -2.08371 
v 11.0017 4.1 -2.07889 
v 11.0017 4.1 -2.07889 
v 11.0197 4.1 -2.04771 
v 11.0197 4.1 -2.08371 
v 10.9977 4.05 -2.01778 
v 10.9677 4.05 -2.06974 
v 10.9868 4.1 -2.02871 
v 10.9688 4.1 -2.05989 
v 10.9458 4.05 -2.04778 
v 10.9977 4.05 -2.01778 
v 10.9556 4.1 -2.04671 
v 10.9868 4.1 -2.02871 
v 10.9677 4.05 -2.06974 
v 10.9458 4.05 -2.04778 
v 10.9688 4.1 -2.05989 
v 10.9556 4.1 -2.04671 
v 10.9556 4.1 -2.04671 
v 10.9868 4.1 -2.02871 
v 10.9688 4.1 -2.05989 
v 10.9827 4.05 -1.9918 
v 10.9308 4.05 -2.0218 
v 10.9678 4.1 -1.9958 
v 10.9366 4.1 -2.0138 
v 10.9227 4.05 -1.9918 
v 10.9827 4.05 -1.9918 
v 10.9318 4.1 -1.9958 
v 10.9678 4.1 -1.9958 
v 10.9308 4.05 -2.0218 
v 10.9227 4.05 -1.9918 
v 10.9366 4.1 -2.0138 
v 10.9318 4.1 -1.9958 
v 10.9318 4.1 -1.9958 
v 10.9678 4.1 -1.9958 
v 10.9366 4.1 -2.0138 
v 10.9827 4.05 -1.9618 
v 10.9227 4.05 -1.9618 
v 10.9678 4.1 -1.9578 
v 10.9318 4.1 -1.9578 
v 10.9308 4.05 -1.9318 
v 10.9827 4.05 -1.9618 
v 10.9366 4.1 -1.9398 
v 10.9678 4.1 -1.9578 
v 10.9227 4.05 -1.9618 
v 10.9308 4.05 -1.9318 
v 10.9318 4.1 -1.9578 
v 10.9366 4.1 -1.9398 
v 10.9366 4.1 -1.9398 
v 10.9678 4.1 -1.9578 
v 10.9318 4.1 -1.9578 
v 10.9977 4.05 -1.93582 
v 10.9458 4.05 -1.90582 
v 10.9868 4.1 -1.92489 
v 10.9556 4.1 -1.90689 
v 10.9677 4.05 -1.88386 
v 10.9977 4.05 -1.93582 
v 10.9688 4.1 -1.89371 
v 10.9868 4.1 -1.92489 
v 10.9458 4.05 -1.90582 
v 10.9677 4.05 -1.88386 
v 10.9556 4.1 -1.90689 
v 10.9688 4.1 -1.89371 
v 10.9688 4.1 -1.89371 
v 10.9868 4.1 -1.92489 
v 10.9556 4.1 -1.90689 
v 11.0237 4.05 -1.92082 
v 10.9937 4.05 -1.86886 
v 11.0197 4.1 -1.90589 
v 11.0017 4.1 -1.87471 
v 11.0237 4.05 -1.86082 
v 11.0237 4.05 -1.92082 
v 11.0197 4.1 -1.86989 
v 11.0197 4.1 -1.90589 
v 10.9937 4.05 -1.86886 
v 11.0237 4.05 -1.86082 
v 11.0017 4.1 -1.87471 
v 11.0197 4.1 -1.86989 
v 11.0197 4.1 -1.86989 
v 11.0197 4.1 -1.90589 
v 11.0017 4.1 -1.87471 

vn 0 1 0 
vn 0 0.866142 -0.496063 
vn 0 1 0 
vn 0 0.866142 -0.496063 
vn 0 0.496063 -0.866142 
vn 0 0.496063 -0.866142 
vn 0 0 -1 
vn 0 0 -1 
vn 0 -0.496063 -0.866142 
vn 0 -0.496063 -0.866142 
vn 0 -0.866142 -0.496063 
vn 0 -0.866142 -0.496063 
vn 0 -1 0 
vn 0 -1 0 
vn 0 -0.866142 0.496063 
vn 0 -0.866142 0.496063 
vn 0 -0.496063 0.866142 
vn 0 -0.496063 0.866142 
vn 0 0 1 
vn 0 0 1 
vn 0 0.496063 0.866142 
vn 0 0.496063 0.866142 
vn 0 0.866142 0.496063 
vn 0 0.866142 0.496063 
vn 0 0 -1 
vn 0 0 -1 
vn 0 0 -1 
vn 0 0 -1 
vn 0 0 -1 
vn 0 0 -1 
vn 0 0 -1 
vn 0 0 -1 
vn 0 0 -1 
vn 0 0 -1 
vn 0 0 -1 
vn 0 0 -1 
vn -0.181102 0.984252 0 
vn -0.181102 0.850394 -0.488189 
vn -0.19685 0.984252 0 
vn -0.19685 0.850394 -0.488189 
vn -0.181102 0.850394 -0.488189 
vn -0.181102 0.488189 -0.850394 
vn -0.19685 0.850394 -0.488189 
vn -0.19685 0.488189 -0.850394 
vn -0.181102 0 -0.984252 
vn -0.19685 0 -0.984252 
vn -0.181102 -0.488189 -0.850394 
vn -0.19685 -0.488189 -0.850394 
vn -0.181102 -0.850394 -0.488189 
vn -0.19685 -0.850394 -0.488189 
vn -0.181102 -0.984252 0 
vn -0.19685 -0.984252 0 
vn -0.181102 -0.850394 0.488189 
vn -0.19685 -0.850394 0.488189 
vn -0.181102 -0.488189 0.850394 
vn -0.19685 -0.488189 0.850394 
vn -0.181102 0 0.984252 
vn -0.19685 0 0.984252 
vn -0.181102 0.488189 0.850394 
vn -0.19685 0.488189 0.850394 
vn -0.181102 0.850394 0.488189 
vn -0.19685 0.850394 0.488189 
vn -0.181102 0.850394 0.488189 
vn -0.19685 0.850394 0.488189 
vn -0.165354 0.984252 0 
vn -0.165354 0.858268 -0.496063 
vn -0.181102 0.984252 0 
vn -0.165354 0.496063 -0.858268 
vn -0.165354 0 -0.984252 
vn -0.165354 -0.496063 -0.858268 
vn -0.165354 -0.858268 -0.496063 
vn -0.165354 -0.984252 0 
vn -0.165354 -0.858268 0.496063 
vn -0.165354 -0.496063 0.858268 
vn -0.165354 0 0.984252 
vn -0.165354 0.496063 0.858268 
vn -0.165354 0.858268 0.496063 
vn 1 0 0 
vn 1 0 0 
vn 1 0 0 
vn 1 0 0 
vn 1 0 0 
vn 1 0 0 
vn 1 0 0 
vn 1 0 0 
vn 1 0 0 
vn 1 0 0 
vn 1 0 0 
vn 1 0 0 
vn 1 0 0 
vn 1 0 0 
vn 1 0 0 
vn 1 0 0 
vn 1 0 0 
vn 1 0 0 
vn 1 0 0 
vn 1 0 0 
vn 1 0 0 
vn 1 0 0 
vn 1 0 0 
vn 1 0 0 
vn 1 0 0 
vn 1 0 0 
vn 1 0 0 
vn 1 0 0 
vn 1 0 0 
vn 1 0 0 
vn 1 0 0 
vn 1 0 0 
vn 1 0 0 
vn 1 0 0 
vn 1 0 0 
vn 1 0 0 
vn 0.385827 0.92126 0 
vn 0.385827 0.795276 -0.464567 
vn 0.708661 0.708661 0 
vn 0.708661 0.614173 -0.354331 
vn 0.385827 0.464567 -0.795276 
vn 0.708661 0.354331 -0.614173 
vn 0.385827 0 -0.92126 
vn 0.708661 0 -0.708661 
vn 0.385827 -0.464567 -0.795276 
vn 0.708661 -0.354331 -0.614173 
vn 0.385827 -0.795276 -0.464567 
vn 0.708661 -0.614173 -0.354331 
vn 0.385827 -0.92126 0 
vn 0.708661 -0.708661 0 
vn 0.385827 -0.795276 0.464567 
vn 0.708661 -0.614173 0.354331 
vn 0.385827 -0.464567 0.795276 
vn 0.708661 -0.354331 0.614173 
vn 0.385827 0 0.92126 
vn 0.708661 0 0.708661 
vn 0.385827 0.464567 0.795276 
vn 0.708661 0.354331 0.614173 
vn 0.385827 0.795276 0.464567 
vn 0.708661 0.614173 0.354331 
vn -0.385827 0.92126 0 
vn -0.385827 0.795276 -0.464567 
vn -0.385827 0.464567 -0.795276 
vn -0.385827 0 -0.92126 
vn -0.385827 -0.464567 -0.795276 
vn -0.385827 -0.795276 -0.464567 
vn -0.385827 -0.92126 0 
vn -0.385827 -0.795276 0.464567 
vn -0.385827 -0.464567 0.795276 
vn -0.385827 0 0.92126 
vn -0.385827 0.464567 0.795276 
vn -0.385827 0.795276 0.464567 
vn -0.708661 0.614173 -0.354331 
vn -0.708661 0.708661 0 
vn -0.708661 0.354331 -0.614173 
vn -0.708661 0 -0.708661 
vn -0.708661 -0.354331 -0.614173 
vn -0.708661 -0.614173 -0.354331 
vn -0.708661 -0.708661 0 
vn -0.708661 -0.614173 0.354331 
vn -0.708661 -0.354331 0.614173 
vn -0.708661 0 0.708661 
vn -0.708661 0.354331 0.614173 
vn -0.708661 0.614173 0.354331 
vn -1 0 0 
vn -1 0 0 
vn -1 0 0 
vn -1 0 0 
vn -1 0 0 
vn -1 0 0 
vn -1 0 0 
vn -1 0 0 
vn -1 0 0 
vn -1 0 0 
vn -1 0 0 
vn -1 0 0 
vn -1 0 0 
vn 0 1 0 
vn 0 0.866142 0.496063 
vn 0 1 0 
vn 0 0.866142 0.496063 
vn 0 0.866142 0.496063 
vn 0 0.496063 0.866142 
vn 0 0.866142 0.496063 
vn 0 0.496063 0.866142 
vn 0 0 1 
vn 0 0 1 
vn 0 -0.496063 0.866142 
vn 0 -0.496063 0.866142 
vn 0 -0.866142 0.496063 
vn 0 -0.866142 0.496063 
vn 0 -1 0 
vn 0 -1 0 
vn 0 -0.866142 -0.496063 
vn 0 -0.866142 -0.496063 
vn 0 -0.496063 -0.866142 
vn 0 -0.496063 -0.866142 
vn 0 0 -1 
vn 0 0 -1 
vn 0 0.496063 -0.866142 
vn 0 0.496063 -0.866142 
vn 0 0.496063 -0.866142 
vn 0 0.866142 -0.496063 
vn 0 0.496063 -0.866142 
vn 0 0.866142 -0.496063 
vn 0 0 -1 
vn 0 0 -1 
vn 0 0 -1 
vn 0 0 -1 
vn 0 0 -1 
vn 0 0 -1 
vn 0 0 -1 
vn 0 0 -1 
vn 0 0 -1 
vn 0 0 -1 
vn 0 0 -1 
vn 0 0 -1 
vn 0.181102 0.984252 0 
vn 0.181102 0.850394 0.488189 
vn 0.19685 0.984252 0 
vn 0.19685 0.850394 0.488189 
vn 0.181102 0.850394 0.488189 
vn 0.181102 0.488189 0.850394 
vn 0.19685 0.850394 0.488189 
vn 0.19685 0.488189 0.850394 
vn 0.181102 0 0.984252 
vn 0.19685 0 0.984252 
vn 0.181102 -0.488189 0.850394 
vn 0.19685 -0.488189 0.850394 
vn 0.181102 -0.850394 0.488189 
vn 0.19685 -0.850394 0.488189 
vn 0.181102 -0.984252 0 
vn 0.19685 -0.984252 0 
vn 0.181102 -0.850394 -0.488189 
vn 0.19685 -0.850394 -0.488189 
vn 0.181102 -0.488189 -0.850394 
vn 0.19685 -0.488189 -0.850394 
vn 0.181102 0 -0.984252 
vn 0.19685 0 -0.984252 
vn 0.181102 0.488189 -0.850394 
vn 0.19685 0.488189 -0.850394 
vn 0.181102 0.850394 -0.488189 
vn 0.19685 0.850394 -0.488189 
vn 0.181102 0.850394 -0.488189 
vn 0.19685 0.850394 -0.488189 
vn 0.165354 0.984252 0 
vn 0.165354 0.858268 0.496063 
vn 0.181102 0.984252 0 
vn 0.165354 0.496063 0.858268 
vn 0.165354 0 0.984252 
vn 0.165354 -0.496063 0.858268 
vn 0.165354 -0.858268 0.496063 
vn 0.165354 -0.984252 0 
vn 0.165354 -0.858268 -0.496063 
vn 0.165354 -0.496063 -0.858268 
vn 0.165354 0 -0.984252 
vn 0.165354 0.496063 -0.858268 
vn 0.165354 0.858268 -0.496063 
vn -1 0 0 
vn -1 0 0 
vn -1 0 0 
vn -1 0 0 
vn -1 0 0 
vn -1 0 0 
vn -1 0 0 
vn -1 0 0 
vn -1 0 0 
vn -1 0 0 
vn -1 0 0 
vn -1 0 0 
vn -1 0 0 
vn -1 0 0 
vn -1 0 0 
vn -1 0 0 
vn -1 0 0 
vn -1 0 0 
vn -1 0 0 
vn -1 0 0 
vn -1 0 0 
vn -1 0 0 
vn -1 0 0 
vn -1 0 0 
vn -1 0 0 
vn -1 0 0 
vn -1 0 0 
vn -1 0 0 
vn -1 0 0 
vn -1 0 0 
vn -1 0 0 
vn -1 0 0 
vn -1 0 0 
vn -1 0 0 
vn -1 0 0 
vn -1 0 0 
vn -0.385827 0.92126 0 
vn -0.385827 0.795276 0.464567 
vn -0.708661 0.708661 0 
vn -0.708661 0.614173 0.354331 
vn -0.385827 0.464567 0.795276 
vn -0.708661 0.354331 0.614173 
vn -0.385827 0 0.92126 
vn -0.708661 0 0.708661 
vn -0.385827 -0.464567 0.795276 
vn -0.708661 -0.354331 0.614173 
vn -0.385827 -0.795276 0.464567 
vn -0.708661 -0.614173 0.354331 
vn -0.385827 -0.92126 0 
vn -0.708661 -0.708661 0 
vn -0.385827 -0.795276 -0.464567 
vn -0.708661 -0.614173 -0.354331 
vn -0.385827 -0.464567 -0.795276 
vn -0.708661 -0.354331 -0.614173 
vn -0.385827 0 -0.92126 
vn -0.708661 0 -0.708661 
vn -0.385827 0.464567 -0.795276 
vn -0.708661 0.354331 -0.614173 
vn -0.385827 0.795276 -0.464567 
vn -0.708661 0.614173 -0.354331 
vn 0.385827 0.92126 0 
vn 0.385827 0.795276 0.464567 
vn 0.385827 0.464567 0.795276 
vn 0.385827 0 0.92126 
vn 0.385827 -0.464567 0.795276 
vn 0.385827 -0.795276 0.464567 
vn 0.385827 -0.92126 0 
vn 0.385827 -0.795276 -0.464567 
vn 0.385827 -0.464567 -0.795276 
vn 0.385827 0 -0.92126 
vn 0.385827 0.464567 -0.795276 
vn 0.385827 0.795276 -0.464567 
vn 0.708661 0.614173 0.354331 
vn 0.708661 0.708661 0 
vn 0.708661 0.354331 0.614173 
vn 0.708661 0 0.708661 
vn 0.708661 -0.354331 0.614173 
vn 0.708661 -0.614173 0.354331 
vn 0.708661 -0.708661 0 
vn 0.708661 -0.614173 -0.354331 
vn 0.708661 -0.354331 -0.614173 
vn 0.708661 0 -0.708661 
vn 0.708661 0.354331 -0.614173 
vn 0.708661 0.614173 -0.354331 
vn 1 0 0 
vn 1 0 0 
vn 1 0 0 
vn 1 0 0 
vn 1 0 0 
vn 1 0 0 
vn 1 0 0 
vn 1 0 0 
vn 1 0 0 
vn 1 0 0 
vn 1 0 0 
vn 1 0 0 
vn 1 0 0 
vn -0.976378 0 -0.228346 
vn -0.976378 0.11811 -0.19685 
vn -0.976378 0 -0.228346 
vn -0.976378 0.11811 -0.19685 
vn -0.976378 0.11811 -0.19685 
vn -0.976378 0.19685 -0.11811 
vn -0.976378 0.11811 -0.19685 
vn -0.976378 0.19685 -0.11811 
vn -0.976378 0.19685 -0.11811 
vn -0.976378 0.228346 0 
vn -0.976378 0.19685 -0.11811 
vn -0.976378 0.228346 0 
vn -0.976378 0.228346 0 
vn -0.976378 0.19685 0.11811 
vn -0.976378 0.228346 0 
vn -0.976378 0.19685 0.11811 
vn -0.976378 0.19685 0.11811 
vn -0.976378 0.11811 0.19685 
vn -0.976378 0.19685 0.11811 
vn -0.976378 0.11811 0.19685 
vn -0.976378 0.11811 0.19685 
vn -0.976378 0 0.228346 
vn -0.976378 0.11811 0.19685 
vn -0.976378 0 0.228346 
vn -0.976378 0 0.228346 
vn -0.976378 -0.11811 0.19685 
vn -0.976378 0 0.228346 
vn -0.976378 -0.11811 0.19685 
vn -0.976378 -0.11811 0.19685 
vn -0.976378 -0.19685 0.11811 
vn -0.976378 -0.11811 0.19685 
vn -0.976378 -0.19685 0.11811 
vn -0.976378 -0.19685 0.11811 
vn -0.976378 -0.228346 0 
vn -0.976378 -0.19685 0.11811 
vn -0.976378 -0.228346 0 
vn -0.976378 -0.228346 0 
vn -0.976378 -0.19685 -0.11811 
vn -0.976378 -0.228346 0 
vn -0.976378 -0.19685 -0.11811 
vn -0.976378 -0.19685 -0.11811 
vn -0.976378 -0.11811 -0.19685 
vn -0.976378 -0.19685 -0.11811 
vn -0.976378 -0.11811 -0.19685 
vn -0.976378 -0.11811 -0.19685 
vn -0.976378 0 -0.228346 
vn -0.976378 -0.11811 -0.19685 
vn -0.976378 0 -0.228346 
vn -1 0 0 
vn -1 0 0 
vn -0.976378 0 -0.228346 
vn -0.976378 0.11811 -0.19685 
vn -1 0 0 
vn -1 0 0 
vn -0.976378 0.11811 -0.19685 
vn -1 0 0 
vn -1 0 0 
vn -0.976378 0.19685 -0.11811 
vn -1 0 0 
vn -1 0 0 
vn -0.976378 0.228346 0 
vn -0.976378 0.19685 0.11811 
vn -1 0 0 
vn -1 0 0 
vn -0.976378 0.19685 0.11811 
vn -0.976378 0.11811 0.19685 
vn -1 0 0 
vn -1 0 0 
vn -0.976378 0.11811 0.19685 
vn -0.976378 0 0.228346 
vn -1 0 0 
vn -1 0 0 
vn -0.976378 0 0.228346 
vn -0.976378 -0.11811 0.19685 
vn -1 0 0 
vn -1 0 0 
vn -0.976378 -0.11811 0.19685 
vn -0.976378 -0.19685 0.11811 
vn -1 0 0 
vn -1 0 0 
vn -0.976378 -0.19685 0.11811 
vn -0.976378 -0.228346 0 
vn -1 0 0 
vn -1 0 0 
vn -0.976378 -0.228346 0 
vn -0.976378 -0.19685 -0.11811 
vn -1 0 0 
vn -1 0 0 
vn -0.976378 -0.19685 -0.11811 
vn -0.976378 -0.11811 -0.19685 
vn -1 0 0 
vn -1 0 0 
vn -0.976378 -0.11811 -0.19685 
vn -0.976378 0 -0.228346 
vn -0.385827 0 0.92126 
vn -0.385827 -0.464567 0.795276 
vn -0.708661 0 0.708661 
vn -0.708661 -0.354331 0.614173 
vn -0.385827 -0.464567 0.795276 
vn -0.385827 -0.795276 0.464567 
vn -0.708661 -0.354331 0.614173 
vn -0.708661 -0.614173 0.354331 
vn -0.385827 -0.795276 0.464567 
vn -0.385827 -0.92126 0 
vn -0.708661 -0.614173 0.354331 
vn -0.708661 -0.708661 0 
vn -0.385827 -0.92126 0 
vn -0.385827 -0.795276 -0.464567 
vn -0.708661 -0.708661 0 
vn -0.708661 -0.614173 -0.354331 
vn -0.385827 -0.795276 -0.464567 
vn -0.385827 -0.464567 -0.795276 
vn -0.708661 -0.614173 -0.354331 
vn -0.708661 -0.354331 -0.614173 
vn -0.385827 -0.464567 -0.795276 
vn -0.385827 0 -0.92126 
vn -0.708661 -0.354331 -0.614173 
vn -0.708661 0 -0.708661 
vn -0.385827 0 -0.92126 
vn -0.385827 0.464567 -0.795276 
vn -0.708661 0 -0.708661 
vn -0.708661 0.354331 -0.614173 
vn -0.385827 0.464567 -0.795276 
vn -0.385827 0.795276 -0.464567 
vn -0.708661 0.354331 -0.614173 
vn -0.708661 0.614173 -0.354331 
vn -0.385827 0.795276 -0.464567 
vn -0.385827 0.92126 0 
vn -0.708661 0.614173 -0.354331 
vn -0.708661 0.708661 0 
vn -0.385827 0.92126 0 
vn -0.385827 0.795276 0.464567 
vn -0.708661 0.708661 0 
vn -0.708661 0.614173 0.354331 
vn -0.385827 0.795276 0.464567 
vn -0.385827 0.464567 0.795276 
vn -0.708661 0.614173 0.354331 
vn -0.708661 0.354331 0.614173 
vn -0.385827 0.464567 0.795276 
vn -0.385827 0 0.92126 
vn -0.708661 0.354331 0.614173 
vn -0.708661 0 0.708661 
vn 0.228346 0 0.976378 
vn 0.228346 -0.488189 0.84252 
vn -0.385827 0 0.92126 
vn 0.228346 -0.488189 0.84252 
vn 0.228346 -0.84252 0.488189 
vn -0.385827 -0.464567 0.795276 
vn -0.385827 -0.795276 0.464567 
vn 0.228346 -0.84252 0.488189 
vn 0.228346 -0.976378 0 
vn -0.385827 -0.795276 0.464567 
vn 0.228346 -0.976378 0 
vn 0.228346 -0.84252 -0.488189 
vn -0.385827 -0.92126 0 
vn -0.385827 -0.795276 -0.464567 
vn 0.228346 -0.84252 -0.488189 
vn 0.228346 -0.488189 -0.84252 
vn -0.385827 -0.795276 -0.464567 
vn 0.228346 -0.488189 -0.84252 
vn 0.228346 0 -0.976378 
vn -0.385827 -0.464567 -0.795276 
vn 0.228346 0 -0.976378 
vn 0.228346 0.488189 -0.84252 
vn -0.385827 0 -0.92126 
vn 0.228346 0.488189 -0.84252 
vn 0.228346 0.84252 -0.488189 
vn -0.385827 0.464567 -0.795276 
vn 0.228346 0.84252 -0.488189 
vn 0.228346 0.976378 0 
vn -0.385827 0.795276 -0.464567 
vn 0.228346 0.976378 0 
vn 0.228346 0.84252 0.488189 
vn -0.385827 0.92126 0 
vn 0.228346 0.84252 0.488189 
vn 0.228346 0.488189 0.84252 
vn -0.385827 0.795276 0.464567 
vn 0.228346 0.488189 0.84252 
vn 0.228346 0 0.976378 
vn -0.385827 0.464567 0.795276 
vn 0.0393701 0 1 
vn 0.0393701 -0.496063 0.866142 
vn 0.228346 0 0.976378 
vn 0.0393701 -0.496063 0.866142 
vn 0.0393701 -0.866142 0.496063 
vn 0.228346 -0.488189 0.84252 
vn 0.228346 -0.84252 0.488189 
vn 0.0393701 -0.866142 0.496063 
vn 0.0393701 -1 0 
vn 0.228346 -0.84252 0.488189 
vn 0.228346 -0.976378 0 
vn 0.0393701 -1 0 
vn 0.0393701 -0.866142 -0.496063 
vn 0.228346 -0.976378 0 
vn 0.228346 -0.84252 -0.488189 
vn 0.0393701 -0.866142 -0.496063 
vn 0.0393701 -0.496063 -0.866142 
vn 0.228346 -0.84252 -0.488189 
vn 0.0393701 -0.496063 -0.866142 
vn 0.0393701 0 -1 
vn 0.228346 -0.488189 -0.84252 
vn 0.0393701 0 -1 
vn 0.0393701 0.496063 -0.866142 
vn 0.228346 0 -0.976378 
vn 0.0393701 0.496063 -0.866142 
vn 0.0393701 0.866142 -0.496063 
vn 0.228346 0.488189 -0.84252 
vn 0.0393701 0.866142 -0.496063 
vn 0.0393701 1 0 
vn 0.228346 0.84252 -0.488189 
vn 0.0393701 1 0 
vn 0.0393701 0.866142 0.496063 
vn 0.228346 0.976378 0 
vn 0.0393701 0.866142 0.496063 
vn 0.0393701 0.496063 0.866142 
vn 0.228346 0.84252 0.488189 
vn 0.0393701 0.496063 0.866142 
vn 0.0393701 0 1 
vn 0.228346 0.488189 0.84252 
vn -0.228346 0 0.976378 
vn -0.228346 -0.488189 0.84252 
vn -0.0393701 0 1 
vn -0.0393701 -0.496063 0.866142 
vn -0.228346 -0.488189 0.84252 
vn -0.228346 -0.84252 0.488189 
vn -0.0393701 -0.496063 0.866142 
vn -0.0393701 -0.866142 0.496063 
vn -0.228346 -0.84252 0.488189 
vn -0.228346 -0.976378 0 
vn -0.0393701 -0.866142 0.496063 
vn -0.0393701 -1 0 
vn -0.228346 -0.976378 0 
vn -0.228346 -0.84252 -0.488189 
vn -0.0393701 -1 0 
vn -0.0393701 -0.866142 -0.496063 
vn -0.228346 -0.84252 -0.488189 
vn -0.228346 -0.488189 -0.84252 
vn -0.0393701 -0.866142 -0.496063 
vn -0.0393701 -0.496063 -0.866142 
vn -0.228346 -0.488189 -0.84252 
vn -0.228346 0 -0.976378 
vn -0.0393701 -0.496063 -0.866142 
vn -0.0393701 0 -1 
vn -0.228346 0 -0.976378 
vn -0.228346 0.488189 -0.84252 
vn -0.0393701 0 -1 
vn -0.0393701 0.496063 -0.866142 
vn -0.228346 0.488189 -0.84252 
vn -0.228346 0.84252 -0.488189 
vn -0.0393701 0.496063 -0.866142 
vn -0.0393701 0.866142 -0.496063 
vn -0.228346 0.84252 -0.488189 
vn -0.228346 0.976378 0 
vn -0.0393701 0.866142 -0.496063 
vn -0.0393701 1 0 
vn -0.228346 0.976378 0 
vn -0.228346 0.84252 0.488189 
vn -0.0393701 1 0 
vn -0.0393701 0.866142 0.496063 
vn -0.228346 0.84252 0.488189 
vn -0.228346 0.488189 0.84252 
vn -0.0393701 0.866142 0.496063 
vn -0.0393701 0.496063 0.866142 
vn -0.228346 0.488189 0.84252 
vn -0.228346 0 0.976378 
vn -0.0393701 0.496063 0.866142 
vn -0.0393701 0 1 
vn 0.385827 0 0.92126 
vn 0.385827 -0.464567 0.795276 
vn -0.228346 0 0.976378 
vn 0.385827 -0.464567 0.795276 
vn 0.385827 -0.795276 0.464567 
vn -0.228346 -0.488189 0.84252 
vn -0.228346 -0.84252 0.488189 
vn 0.385827 -0.795276 0.464567 
vn 0.385827 -0.92126 0 
vn -0.228346 -0.84252 0.488189 
vn 0.385827 -0.92126 0 
vn 0.385827 -0.795276 -0.464567 
vn -0.228346 -0.976378 0 
vn -0.228346 -0.84252 -0.488189 
vn 0.385827 -0.795276 -0.464567 
vn 0.385827 -0.464567 -0.795276 
vn -0.228346 -0.84252 -0.488189 
vn 0.385827 -0.464567 -0.795276 
vn 0.385827 0 -0.92126 
vn -0.228346 -0.488189 -0.84252 
vn 0.385827 0 -0.92126 
vn 0.385827 0.464567 -0.795276 
vn -0.228346 0 -0.976378 
vn 0.385827 0.464567 -0.795276 
vn 0.385827 0.795276 -0.464567 
vn -0.228346 0.488189 -0.84252 
vn 0.385827 0.795276 -0.464567 
vn 0.385827 0.92126 0 
vn -0.228346 0.84252 -0.488189 
vn 0.385827 0.92126 0 
vn 0.385827 0.795276 0.464567 
vn -0.228346 0.976378 0 
vn 0.385827 0.795276 0.464567 
vn 0.385827 0.464567 0.795276 
vn -0.228346 0.84252 0.488189 
vn 0.385827 0.464567 0.795276 
vn 0.385827 0 0.92126 
vn -0.228346 0.488189 0.84252 
vn 0.708661 0 0.708661 
vn 0.708661 -0.354331 0.614173 
vn 0.385827 0 0.92126 
vn 0.708661 -0.354331 0.614173 
vn 0.708661 -0.614173 0.354331 
vn 0.385827 -0.464567 0.795276 
vn 0.385827 -0.795276 0.464567 
vn 0.708661 -0.614173 0.354331 
vn 0.708661 -0.708661 0 
vn 0.385827 -0.795276 0.464567 
vn 0.708661 -0.708661 0 
vn 0.708661 -0.614173 -0.354331 
vn 0.385827 -0.92126 0 
vn 0.385827 -0.795276 -0.464567 
vn 0.708661 -0.614173 -0.354331 
vn 0.708661 -0.354331 -0.614173 
vn 0.385827 -0.795276 -0.464567 
vn 0.708661 -0.354331 -0.614173 
vn 0.708661 0 -0.708661 
vn 0.385827 -0.464567 -0.795276 
vn 0.708661 0 -0.708661 
vn 0.708661 0.354331 -0.614173 
vn 0.385827 0 -0.92126 
vn 0.708661 0.354331 -0.614173 
vn 0.708661 0.614173 -0.354331 
vn 0.385827 0.464567 -0.795276 
vn 0.708661 0.614173 -0.354331 
vn 0.708661 0.708661 0 
vn 0.385827 0.795276 -0.464567 
vn 0.708661 0.708661 0 
vn 0.708661 0.614173 0.354331 
vn 0.385827 0.92126 0 
vn 0.708661 0.614173 0.354331 
vn 0.708661 0.354331 0.614173 
vn 0.385827 0.795276 0.464567 
vn 0.708661 0.354331 0.614173 
vn 0.708661 0 0.708661 
vn 0.385827 0.464567 0.795276 
vn 0.976378 0 -0.228346 
vn 0.976378 0.11811 -0.19685 
vn 1 0 0 
vn 1 0 0 
vn 0.976378 0.11811 -0.19685 
vn 0.976378 0.19685 -0.11811 
vn 1 0 0 
vn 1 0 0 
vn 0.976378 0.19685 -0.11811 
vn 0.976378 0.228346 0 
vn 1 0 0 
vn 1 0 0 
vn 0.976378 0.228346 0 
vn 0.976378 0.19685 0.11811 
vn 1 0 0 
vn 1 0 0 
vn 0.976378 0.19685 0.11811 
vn 0.976378 0.11811 0.19685 
vn 1 0 0 
vn 1 0 0 
vn 0.976378 0.11811 0.19685 
vn 0.976378 0 0.228346 
vn 1 0 0 
vn 1 0 0 
vn 0.976378 0 0.228346 
vn 0.976378 -0.11811 0.19685 
vn 1 0 0 
vn 1 0 0 
vn 0.976378 -0.11811 0.19685 
vn 0.976378 -0.19685 0.11811 
vn 1 0 0 
vn 1 0 0 
vn 0.976378 -0.19685 0.11811 
vn 0.976378 -0.228346 0 
vn 1 0 0 
vn 1 0 0 
vn 0.976378 -0.228346 0 
vn 0.976378 -0.19685 -0.11811 
vn 1 0 0 
vn 1 0 0 
vn 0.976378 -0.19685 -0.11811 
vn 0.976378 -0.11811 -0.19685 
vn 1 0 0 
vn 1 0 0 
vn 0.976378 -0.11811 -0.19685 
vn 0.976378 0 -0.228346 
vn 1 0 0 
vn 1 0 0 
vn 0.976378 0 -0.228346 
vn 0.976378 0.11811 -0.19685 
vn 0.976378 0 -0.228346 
vn 0.976378 0.11811 -0.19685 
vn 0.976378 0.19685 -0.11811 
vn 0.976378 0.11811 -0.19685 
vn 0.976378 0.19685 -0.11811 
vn 0.976378 0.228346 0 
vn 0.976378 0.19685 -0.11811 
vn 0.976378 0.19685 0.11811 
vn 0.976378 0.228346 0 
vn 0.976378 0.19685 0.11811 
vn 0.976378 0.228346 0 
vn 0.976378 0.19685 0.11811 
vn 0.976378 0.11811 0.19685 
vn 0.976378 0.19685 0.11811 
vn 0.976378 0.11811 0.19685 
vn 0.976378 0 0.228346 
vn 0.976378 0.11811 0.19685 
vn 0.976378 0 0.228346 
vn 0.976378 -0.11811 0.19685 
vn 0.976378 0 0.228346 
vn 0.976378 -0.11811 0.19685 
vn 0.976378 -0.19685 0.11811 
vn 0.976378 -0.11811 0.19685 
vn 0.976378 -0.19685 0.11811 
vn 0.976378 -0.228346 0 
vn 0.976378 -0.19685 0.11811 
vn 0.976378 -0.228346 0 
vn 0.976378 -0.19685 -0.11811 
vn 0.976378 -0.228346 0 
vn 0.976378 -0.19685 -0.11811 
vn 0.976378 -0.11811 -0.19685 
vn 0.976378 -0.19685 -0.11811 
vn 0.976378 -0.11811 -0.19685 
vn 0.976378 0 -0.228346 
vn 0.976378 -0.11811 -0.19685 
vn -0.976378 0.11811 -0.19685 
vn -1 0 0 
vn -0.976378 0.19685 -0.11811 
vn -1 0 0 
vn -0.976378 0.19685 -0.11811 
vn -0.976378 0.228346 0 
vn -1 0 0 
vn -0.976378 0.228346 0 
vn -0.976378 0.19685 0.11811 
vn -1 0 0 
vn -0.976378 0.19685 0.11811 
vn -0.976378 0.11811 0.19685 
vn -1 0 0 
vn -0.976378 0 0.228346 
vn -1 0 0 
vn -0.976378 -0.11811 0.19685 
vn -1 0 0 
vn -0.976378 -0.19685 0.11811 
vn -1 0 0 
vn -0.976378 -0.228346 0 
vn -1 0 0 
vn -0.976378 -0.19685 -0.11811 
vn -1 0 0 
vn -0.976378 -0.11811 -0.19685 
vn -1 0 0 
vn -0.976378 0 -0.228346 
vn -1 0 0 
vn 0.976378 0 -0.228346 
vn 1 0 0 
vn 0.976378 0.11811 -0.19685 
vn 1 0 0 
vn 0.976378 0.19685 -0.11811 
vn 1 0 0 
vn 0.976378 0.228346 0 
vn 1 0 0 
vn 0.976378 0.19685 0.11811 
vn 1 0 0 
vn 0.976378 0.11811 0.19685 
vn 1 0 0 
vn 0.976378 0 0.228346 
vn 1 0 0 
vn 0.976378 -0.11811 0.19685 
vn 1 0 0 
vn 0.976378 -0.19685 0.11811 
vn 1 0 0 
vn 0.976378 -0.228346 0 
vn 1 0 0 
vn 0.976378 -0.19685 -0.11811 
vn 1 0 0 
vn 0.976378 -0.11811 -0.19685 
vn 1 0 0 
vn -0.314961 0.0944882 0.944882 
vn 0.0393701 -0.496063 0.866142 
vn -0.314961 -0.559055 0.771654 
vn 0.314961 0.0944882 0.944882 
vn 0.0393701 0 1 
vn -0.314961 0.0944882 0.944882 
vn 0.314961 -0.559055 0.771654 
vn -0.0393701 0 1 
vn 0.314961 0.0944882 0.944882 
vn -0.314961 -0.559055 0.771654 
vn -0.0393701 -0.496063 0.866142 
vn 0.314961 -0.559055 0.771654 
vn -0.314961 -0.385827 0.866142 
vn 0.0393701 -0.866142 0.496063 
vn -0.314961 -0.866142 0.385827 
vn 0.314961 -0.385827 0.866142 
vn 0.0393701 -0.496063 0.866142 
vn -0.314961 -0.385827 0.866142 
vn 0.314961 -0.866142 0.385827 
vn -0.0393701 -0.496063 0.866142 
vn 0.314961 -0.385827 0.866142 
vn 0.0393701 -0.866142 0.496063 
vn -0.314961 -0.866142 0.385827 
vn -0.0393701 -0.866142 0.496063 
vn 0.314961 -0.866142 0.385827 
vn -0.314961 -0.771654 0.559055 
vn 0.0393701 -1 0 
vn -0.314961 -0.944882 -0.0944882 
vn 0.314961 -0.771654 0.559055 
vn 0.0393701 -0.866142 0.496063 
vn -0.314961 -0.771654 0.559055 
vn 0.314961 -0.944882 -0.0944882 
vn -0.0393701 -0.866142 0.496063 
vn 0.314961 -0.771654 0.559055 
vn 0.0393701 -1 0 
vn -0.314961 -0.944882 -0.0944882 
vn -0.0393701 -1 0 
vn 0.314961 -0.944882 -0.0944882 
vn -0.314961 -0.944882 0.0944882 
vn 0.0393701 -0.866142 -0.496063 
vn -0.314961 -0.771654 -0.559055 
vn 0.314961 -0.944882 0.0944882 
vn 0.0393701 -1 0 
vn -0.314961 -0.944882 0.0944882 
vn 0.314961 -0.771654 -0.559055 
vn -0.0393701 -1 0 
vn 0.314961 -0.944882 0.0944882 
vn -0.314961 -0.771654 -0.559055 
vn -0.0393701 -0.866142 -0.496063 
vn 0.314961 -0.771654 -0.559055 
vn -0.314961 -0.866142 -0.385827 
vn 0.0393701 -0.496063 -0.866142 
vn -0.314961 -0.385827 -0.866142 
vn -0.0393701 -0.866142 -0.496063 
vn 0.314961 -0.866142 -0.385827 
vn 0.0393701 -0.866142 -0.496063 
vn -0.314961 -0.866142 -0.385827 
vn 0.314961 -0.385827 -0.866142 
vn -0.0393701 -0.866142 -0.496063 
vn 0.314961 -0.866142 -0.385827 
vn -0.314961 -0.385827 -0.866142 
vn -0.0393701 -0.496063 -0.866142 
vn 0.314961 -0.385827 -0.866142 
vn -0.314961 -0.559055 -0.771654 
vn 0.0393701 0 -1 
vn -0.314961 0.0944882 -0.944882 
vn 0.314961 -0.559055 -0.771654 
vn 0.0393701 -0.496063 -0.866142 
vn -0.314961 -0.559055 -0.771654 
vn 0.314961 0.0944882 -0.944882 
vn -0.0393701 -0.496063 -0.866142 
vn 0.314961 -0.559055 -0.771654 
vn -0.314961 0.0944882 -0.944882 
vn -0.0393701 0 -1 
vn 0.314961 0.0944882 -0.944882 
vn -0.314961 -0.0944882 -0.944882 
vn 0.0393701 0.496063 -0.866142 
vn -0.314961 0.559055 -0.771654 
vn 0.314961 -0.0944882 -0.944882 
vn 0.0393701 0 -1 
vn -0.314961 -0.0944882 -0.944882 
vn 0.314961 0.559055 -0.771654 
vn -0.0393701 0 -1 
vn 0.314961 -0.0944882 -0.944882 
vn -0.314961 0.559055 -0.771654 
vn -0.0393701 0.496063 -0.866142 
vn 0.314961 0.559055 -0.771654 
vn -0.314961 0.385827 -0.866142 
vn 0.0393701 0.866142 -0.496063 
vn -0.314961 0.866142 -0.385827 
vn 0.314961 0.385827 -0.866142 
vn 0.0393701 0.496063 -0.866142 
vn -0.314961 0.385827 -0.866142 
vn 0.314961 0.866142 -0.385827 
vn -0.0393701 0.496063 -0.866142 
vn 0.314961 0.385827 -0.866142 
vn -0.314961 0.866142 -0.385827 
vn -0.0393701 0.866142 -0.496063 
vn 0.314961 0.866142 -0.385827 
vn -0.314961 0.771654 -0.559055 
vn 0.0393701 1 0 
vn -0.314961 0.944882 0.0944882 
vn 0.314961 0.771654 -0.559055 
vn 0.0393701 0.866142 -0.496063 
vn -0.314961 0.771654 -0.559055 
vn 0.314961 0.944882 0.0944882 
vn -0.0393701 0.866142 -0.496063 
vn 0.314961 0.771654 -0.559055 
vn -0.314961 0.944882 0.0944882 
vn -0.0393701 1 0 
vn 0.314961 0.944882 0.0944882 
vn -0.314961 0.944882 -0.0944882 
vn 0.0393701 0.866142 0.496063 
vn -0.314961 0.771654 0.559055 
vn 0.314961 0.944882 -0.0944882 
vn 0.0393701 1 0 
vn -0.314961 0.944882 -0.0944882 
vn 0.314961 0.771654 0.559055 
vn -0.0393701 1 0 
vn 0.314961 0.944882 -0.0944882 
vn -0.314961 0.771654 0.559055 
vn -0.0393701 0.866142 0.496063 
vn 0.314961 0.771654 0.559055 
vn -0.314961 0.866142 0.385827 
vn 0.0393701 0.496063 0.866142 
vn -0.314961 0.385827 0.866142 
vn 0.314961 0.866142 0.385827 
vn 0.0393701 0.866142 0.496063 
vn -0.314961 0.866142 0.385827 
vn 0.314961 0.385827 0.866142 
vn -0.0393701 0.866142 0.496063 
vn 0.314961 0.866142 0.385827 
vn -0.314961 0.385827 0.866142 
vn -0.0393701 0.496063 0.866142 
vn 0.314961 0.385827 0.866142 
vn -0.314961 0.559055 0.771654 
vn 0.0393701 0 1 
vn -0.314961 -0.0944882 0.944882 
vn 0.314961 0.559055 0.771654 
vn 0.0393701 0.496063 0.866142 
vn -0.314961 0.559055 0.771654 
vn 0.314961 -0.0944882 0.944882 
vn -0.0393701 0.496063 0.866142 
vn 0.314961 0.559055 0.771654 
vn -0.314961 -0.0944882 0.944882 
vn -0.0393701 0 1 
vn 0.314961 -0.0944882 0.944882 
vn -0.779528 -0.165354 0.606299 
vn -0.314961 -0.559055 0.771654 
vn -0.779528 -0.165354 0.606299 
vn 0 0.637795 0.771654 
vn -0.314961 0.0944882 0.944882 
vn 0 0.637795 0.771654 
vn 0.779528 -0.165354 0.606299 
vn 0.314961 0.0944882 0.944882 
vn 0.779528 -0.165354 0.606299 
vn 0 -0.937008 0.346457 
vn 0.314961 -0.559055 0.771654 
vn 0 -0.937008 0.346457 
vn 0 -0.259843 0.968504 
vn 0 -0.259843 0.968504 
vn 0 -0.259843 0.968504 
vn 0 -0.259843 0.968504 
vn -0.779528 -0.440945 0.440945 
vn -0.314961 -0.866142 0.385827 
vn -0.779528 -0.440945 0.440945 
vn 0 0.173228 0.984252 
vn -0.314961 -0.385827 0.866142 
vn 0 0.173228 0.984252 
vn 0.779528 -0.440945 0.440945 
vn 0.314961 -0.385827 0.866142 
vn 0.779528 -0.440945 0.440945 
vn 0 -0.984252 -0.173228 
vn 0.314961 -0.866142 0.385827 
vn 0 -0.984252 -0.173228 
vn 0 -0.708661 0.708661 
vn 0 -0.708661 0.708661 
vn 0 -0.708661 0.708661 
vn 0 -0.708661 0.708661 
vn -0.314961 -0.771654 0.559055 
vn -0.779528 -0.606299 0.165354 
vn -0.314961 -0.944882 -0.0944882 
vn -0.779528 -0.606299 0.165354 
vn 0.314961 -0.771654 0.559055 
vn 0 -0.346457 0.937008 
vn -0.314961 -0.771654 0.559055 
vn 0 -0.346457 0.937008 
vn 0.314961 -0.944882 -0.0944882 
vn 0.779528 -0.606299 0.165354 
vn 0.314961 -0.771654 0.559055 
vn 0.779528 -0.606299 0.165354 
vn -0.314961 -0.944882 -0.0944882 
vn 0 -0.771654 -0.637795 
vn 0.314961 -0.944882 -0.0944882 
vn 0 -0.771654 -0.637795 
vn 0 -0.968504 0.259843 
vn 0 -0.968504 0.259843 
vn 0 -0.968504 0.259843 
vn 0 -0.968504 0.259843 
vn -0.314961 -0.944882 0.0944882 
vn -0.779528 -0.606299 -0.165354 
vn -0.314961 -0.771654 -0.559055 
vn -0.779528 -0.606299 -0.165354 
vn 0.314961 -0.944882 0.0944882 
vn 0 -0.771654 0.637795 
vn -0.314961 -0.944882 0.0944882 
vn 0 -0.771654 0.637795 
vn 0.314961 -0.771654 -0.559055 
vn 0.779528 -0.606299 -0.165354 
vn 0.314961 -0.944882 0.0944882 
vn 0.779528 -0.606299 -0.165354 
vn -0.314961 -0.771654 -0.559055 
vn 0 -0.346457 -0.937008 
vn 0.314961 -0.771654 -0.559055 
vn 0 -0.346457 -0.937008 
vn 0 -0.968504 -0.259843 
vn 0 -0.968504 -0.259843 
vn 0 -0.968504 -0.259843 
vn 0 -0.968504 -0.259843 
vn -0.779528 -0.440945 -0.440945 
vn -0.314961 -0.385827 -0.866142 
vn -0.779528 -0.440945 -0.440945 
vn 0 -0.984252 0.173228 
vn -0.314961 -0.866142 -0.385827 
vn 0 -0.984252 0.173228 
vn 0.779528 -0.440945 -0.440945 
vn 0.314961 -0.866142 -0.385827 
vn 0.779528 -0.440945 -0.440945 
vn 0 0.173228 -0.984252 
vn 0.314961 -0.385827 -0.866142 
vn 0 0.173228 -0.984252 
vn 0 -0.708661 -0.708661 
vn 0 -0.708661 -0.708661 
vn 0 -0.708661 -0.708661 
vn 0 -0.708661 -0.708661 
vn -0.779528 -0.165354 -0.606299 
vn -0.314961 0.0944882 -0.944882 
vn -0.779528 -0.165354 -0.606299 
vn 0 -0.937008 -0.346457 
vn -0.314961 -0.559055 -0.771654 
vn 0 -0.937008 -0.346457 
vn 0.779528 -0.165354 -0.606299 
vn 0.314961 -0.559055 -0.771654 
vn 0.779528 -0.165354 -0.606299 
vn 0 0.637795 -0.771654 
vn 0.314961 0.0944882 -0.944882 
vn 0 0.637795 -0.771654 
vn 0 -0.259843 -0.968504 
vn 0 -0.259843 -0.968504 
vn 0 -0.259843 -0.968504 
vn 0 -0.259843 -0.968504 
vn -0.779528 0.165354 -0.606299 
vn -0.314961 0.559055 -0.771654 
vn -0.779528 0.165354 -0.606299 
vn 0 -0.637795 -0.771654 
vn -0.314961 -0.0944882 -0.944882 
vn 0 -0.637795 -0.771654 
vn 0.779528 0.165354 -0.606299 
vn 0.314961 -0.0944882 -0.944882 
vn 0.779528 0.165354 -0.606299 
vn 0 0.937008 -0.346457 
vn 0.314961 0.559055 -0.771654 
vn 0 0.937008 -0.346457 
vn 0 0.259843 -0.968504 
vn 0 0.259843 -0.968504 
vn 0 0.259843 -0.968504 
vn 0 0.259843 -0.968504 
vn -0.779528 0.440945 -0.440945 
vn -0.314961 0.866142 -0.385827 
vn -0.779528 0.440945 -0.440945 
vn 0 -0.173228 -0.984252 
vn -0.314961 0.385827 -0.866142 
vn 0 -0.173228 -0.984252 
vn 0.779528 0.440945 -0.440945 
vn 0.314961 0.385827 -0.866142 
vn 0.779528 0.440945 -0.440945 
vn 0 0.984252 0.173228 
vn 0.314961 0.866142 -0.385827 
vn 0 0.984252 0.173228 
vn 0 0.708661 -0.708661 
vn 0 0.708661 -0.708661 
vn 0 0.708661 -0.708661 
vn 0 0.708661 -0.708661 
vn -0.779528 0.606299 -0.165354 
vn -0.314961 0.944882 0.0944882 
vn -0.779528 0.606299 -0.165354 
vn 0 0.346457 -0.937008 
vn -0.314961 0.771654 -0.559055 
vn 0 0.346457 -0.937008 
vn 0.779528 0.606299 -0.165354 
vn 0.314961 0.771654 -0.559055 
vn 0.779528 0.606299 -0.165354 
vn 0 0.771654 0.637795 
vn 0.314961 0.944882 0.0944882 
vn 0 0.771654 0.637795 
vn 0 0.968504 -0.259843 
vn 0 0.968504 -0.259843 
vn 0 0.968504 -0.259843 
vn 0 0.968504 -0.259843 
vn -0.779528 0.606299 0.165354 
vn -0.314961 0.771654 0.559055 
vn -0.779528 0.606299 0.165354 
vn 0 0.771654 -0.637795 
vn -0.314961 0.944882 -0.0944882 
vn 0 0.771654 -0.637795 
vn 0.779528 0.606299 0.165354 
vn 0.314961 0.944882 -0.0944882 
vn 0.779528 0.606299 0.165354 
vn 0 0.346457 0.937008 
vn 0.314961 0.771654 0.559055 
vn 0 0.346457 0.937008 
vn 0 0.968504 0.259843 
vn 0 0.968504 0.259843 
vn 0 0.968504 0.259843 
vn 0 0.968504 0.259843 
vn -0.779528 0.440945 0.440945 
vn -0.314961 0.385827 0.866142 
vn -0.779528 0.440945 0.440945 
vn 0 0.984252 -0.173228 
vn -0.314961 0.866142 0.385827 
vn 0 0.984252 -0.173228 
vn 0.779528 0.440945 0.440945 
vn 0.314961 0.866142 0.385827 
vn 0.779528 0.440945 0.440945 
vn 0 -0.173228 0.984252 
vn 0.314961 0.385827 0.866142 
vn 0 -0.173228 0.984252 
vn 0 0.708661 0.708661 
vn 0 0.708661 0.708661 
vn 0 0.708661 0.708661 
vn 0 0.708661 0.708661 
vn -0.779528 0.165354 0.606299 
vn -0.314961 -0.0944882 0.944882 
vn -0.779528 0.165354 0.606299 
vn 0 0.937008 0.346457 
vn -0.314961 0.559055 0.771654 
vn 0 0.937008 0.346457 
vn 0.779528 0.165354 0.606299 
vn 0.314961 0.559055 0.771654 
vn 0.779528 0.165354 0.606299 
vn 0 -0.637795 0.771654 
vn 0.314961 -0.0944882 0.944882 
vn 0 -0.637795 0.771654 
vn 0 0.259843 0.968504 
vn 0 0.259843 0.968504 
vn 0 0.259843 0.968504 
vn 0 0.259843 0.968504 
vn 0 -0.976378 0.228346 
vn 0.11811 -0.976378 0.19685 
vn 0 -1 0 
vn 0 -1 0 
vn 0.11811 -0.976378 0.19685 
vn 0.19685 -0.976378 0.11811 
vn 0 -1 0 
vn 0.19685 -0.976378 0.11811 
vn 0.228346 -0.976378 0 
vn 0 -1 0 
vn 0.228346 -0.976378 0 
vn 0.19685 -0.976378 -0.11811 
vn 0 -1 0 
vn 0.19685 -0.976378 -0.11811 
vn 0.11811 -0.976378 -0.19685 
vn 0 -1 0 
vn 0.11811 -0.976378 -0.19685 
vn 0 -0.976378 -0.228346 
vn 0 -1 0 
vn 0 -0.976378 -0.228346 
vn -0.11811 -0.976378 -0.19685 
vn 0 -1 0 
vn -0.11811 -0.976378 -0.19685 
vn -0.19685 -0.976378 -0.11811 
vn 0 -1 0 
vn -0.19685 -0.976378 -0.11811 
vn -0.228346 -0.976378 0 
vn 0 -1 0 
vn -0.228346 -0.976378 0 
vn -0.19685 -0.976378 0.11811 
vn 0 -1 0 
vn -0.19685 -0.976378 0.11811 
vn -0.11811 -0.976378 0.19685 
vn 0 -1 0 
vn -0.11811 -0.976378 0.19685 
vn 0 -0.976378 0.228346 
vn 0 -1 0 
vn 0 -0.708661 0.700787 
vn 0.354331 -0.708661 0.606299 
vn 0 -0.976378 0.228346 
vn 0.354331 -0.708661 0.606299 
vn 0.606299 -0.708661 0.354331 
vn 0.11811 -0.976378 0.19685 
vn 0.606299 -0.708661 0.354331 
vn 0.700787 -0.708661 0 
vn 0.19685 -0.976378 0.11811 
vn 0.700787 -0.708661 0 
vn 0.606299 -0.708661 -0.354331 
vn 0.228346 -0.976378 0 
vn 0.606299 -0.708661 -0.354331 
vn 0.354331 -0.708661 -0.606299 
vn 0.19685 -0.976378 -0.11811 
vn 0.354331 -0.708661 -0.606299 
vn 0 -0.708661 -0.700787 
vn 0.11811 -0.976378 -0.19685 
vn 0 -0.708661 -0.700787 
vn -0.354331 -0.708661 -0.606299 
vn 0 -0.976378 -0.228346 
vn -0.354331 -0.708661 -0.606299 
vn -0.606299 -0.708661 -0.354331 
vn -0.11811 -0.976378 -0.19685 
vn -0.606299 -0.708661 -0.354331 
vn -0.700787 -0.708661 0 
vn -0.19685 -0.976378 -0.11811 
vn -0.700787 -0.708661 0 
vn -0.606299 -0.708661 0.354331 
vn -0.228346 -0.976378 0 
vn -0.606299 -0.708661 0.354331 
vn -0.354331 -0.708661 0.606299 
vn -0.19685 -0.976378 0.11811 
vn -0.354331 -0.708661 0.606299 
vn 0 -0.708661 0.700787 
vn -0.11811 -0.976378 0.19685 
vn 0 -0.448819 0.897638 
vn 0.448819 -0.448819 0.771654 
vn 0 -0.708661 0.700787 
vn 0.448819 -0.448819 0.771654 
vn 0.771654 -0.448819 0.448819 
vn 0.354331 -0.708661 0.606299 
vn 0.771654 -0.448819 0.448819 
vn 0.897638 -0.448819 0 
vn 0.606299 -0.708661 0.354331 
vn 0.897638 -0.448819 0 
vn 0.771654 -0.448819 -0.448819 
vn 0.700787 -0.708661 0 
vn 0.771654 -0.448819 -0.448819 
vn 0.448819 -0.448819 -0.771654 
vn 0.606299 -0.708661 -0.354331 
vn 0.448819 -0.448819 -0.771654 
vn 0 -0.448819 -0.897638 
vn 0.354331 -0.708661 -0.606299 
vn 0 -0.448819 -0.897638 
vn -0.448819 -0.448819 -0.771654 
vn 0 -0.708661 -0.700787 
vn -0.448819 -0.448819 -0.771654 
vn -0.771654 -0.448819 -0.448819 
vn -0.354331 -0.708661 -0.606299 
vn -0.771654 -0.448819 -0.448819 
vn -0.897638 -0.448819 0 
vn -0.606299 -0.708661 -0.354331 
vn -0.897638 -0.448819 0 
vn -0.771654 -0.448819 0.448819 
vn -0.700787 -0.708661 0 
vn -0.771654 -0.448819 0.448819 
vn -0.448819 -0.448819 0.771654 
vn -0.606299 -0.708661 0.354331 
vn -0.448819 -0.448819 0.771654 
vn 0 -0.448819 0.897638 
vn -0.354331 -0.708661 0.606299 
vn 0 0.708661 0.708661 
vn 0.354331 0.708661 0.614173 
vn 0 0.708661 0.708661 
vn 0.354331 0.708661 0.614173 
vn 0.354331 0.708661 0.614173 
vn 0.614173 0.708661 0.354331 
vn 0.354331 0.708661 0.614173 
vn 0.614173 0.708661 0.354331 
vn 0.614173 0.708661 0.354331 
vn 0.708661 0.708661 0 
vn 0.614173 0.708661 0.354331 
vn 0.708661 0.708661 0 
vn 0.708661 0.708661 0 
vn 0.614173 0.708661 -0.354331 
vn 0.708661 0.708661 0 
vn 0.614173 0.708661 -0.354331 
vn 0.614173 0.708661 -0.354331 
vn 0.354331 0.708661 -0.614173 
vn 0.614173 0.708661 -0.354331 
vn 0.354331 0.708661 -0.614173 
vn 0.354331 0.708661 -0.614173 
vn 0 0.708661 -0.708661 
vn 0.354331 0.708661 -0.614173 
vn 0 0.708661 -0.708661 
vn 0 0.708661 -0.708661 
vn -0.354331 0.708661 -0.614173 
vn 0 0.708661 -0.708661 
vn -0.354331 0.708661 -0.614173 
vn -0.354331 0.708661 -0.614173 
vn -0.614173 0.708661 -0.354331 
vn -0.354331 0.708661 -0.614173 
vn -0.614173 0.708661 -0.354331 
vn -0.614173 0.708661 -0.354331 
vn -0.708661 0.708661 0 
vn -0.614173 0.708661 -0.354331 
vn -0.708661 0.708661 0 
vn -0.708661 0.708661 0 
vn -0.614173 0.708661 0.354331 
vn -0.708661 0.708661 0 
vn -0.614173 0.708661 0.354331 
vn -0.614173 0.708661 0.354331 
vn -0.354331 0.708661 0.614173 
vn -0.614173 0.708661 0.354331 
vn -0.354331 0.708661 0.614173 
vn -0.354331 0.708661 0.614173 
vn 0 0.708661 0.708661 
vn -0.354331 0.708661 0.614173 
vn 0 0.708661 0.708661 
vn 0 -0.708661 0.708661 
vn 0.354331 -0.708661 0.614173 
vn 0 -0.708661 0.708661 
vn 0.354331 -0.708661 0.614173 
vn 0.354331 -0.708661 0.614173 
vn 0.614173 -0.708661 0.354331 
vn 0.354331 -0.708661 0.614173 
vn 0.614173 -0.708661 0.354331 
vn 0.614173 -0.708661 0.354331 
vn 0.708661 -0.708661 0 
vn 0.614173 -0.708661 0.354331 
vn 0.708661 -0.708661 0 
vn 0.708661 -0.708661 0 
vn 0.614173 -0.708661 -0.354331 
vn 0.708661 -0.708661 0 
vn 0.614173 -0.708661 -0.354331 
vn 0.614173 -0.708661 -0.354331 
vn 0.354331 -0.708661 -0.614173 
vn 0.614173 -0.708661 -0.354331 
vn 0.354331 -0.708661 -0.614173 
vn 0.354331 -0.708661 -0.614173 
vn 0 -0.708661 -0.708661 
vn 0.354331 -0.708661 -0.614173 
vn 0 -0.708661 -0.708661 
vn 0 -0.708661 -0.708661 
vn -0.354331 -0.708661 -0.614173 
vn 0 -0.708661 -0.708661 
vn -0.354331 -0.708661 -0.614173 
vn -0.354331 -0.708661 -0.614173 
vn -0.614173 -0.708661 -0.354331 
vn -0.354331 -0.708661 -0.614173 
vn -0.614173 -0.708661 -0.354331 
vn -0.614173 -0.708661 -0.354331 
vn -0.708661 -0.708661 0 
vn -0.614173 -0.708661 -0.354331 
vn -0.708661 -0.708661 0 
vn -0.708661 -0.708661 0 
vn -0.614173 -0.708661 0.354331 
vn -0.708661 -0.708661 0 
vn -0.614173 -0.708661 0.354331 
vn -0.614173 -0.708661 0.354331 
vn -0.354331 -0.708661 0.614173 
vn -0.614173 -0.708661 0.354331 
vn -0.354331 -0.708661 0.614173 
vn -0.354331 -0.708661 0.614173 
vn 0 -0.708661 0.708661 
vn -0.354331 -0.708661 0.614173 
vn 0 -0.708661 0.708661 
vn 0 0.708661 0.708661 
vn 0.354331 0.708661 0.614173 
vn 0 0.708661 0.708661 
vn 0.354331 0.708661 0.614173 
vn 0.354331 0.708661 0.614173 
vn 0.614173 0.708661 0.354331 
vn 0.354331 0.708661 0.614173 
vn 0.614173 0.708661 0.354331 
vn 0.614173 0.708661 0.354331 
vn 0.708661 0.708661 0 
vn 0.614173 0.708661 0.354331 
vn 0.708661 0.708661 0 
vn 0.708661 0.708661 0 
vn 0.614173 0.708661 -0.354331 
vn 0.708661 0.708661 0 
vn 0.614173 0.708661 -0.354331 
vn 0.614173 0.708661 -0.354331 
vn 0.354331 0.708661 -0.614173 
vn 0.614173 0.708661 -0.354331 
vn 0.354331 0.708661 -0.614173 
vn 0.354331 0.708661 -0.614173 
vn 0 0.708661 -0.708661 
vn 0.354331 0.708661 -0.614173 
vn 0 0.708661 -0.708661 
vn 0 0.708661 -0.708661 
vn -0.354331 0.708661 -0.614173 
vn 0 0.708661 -0.708661 
vn -0.354331 0.708661 -0.614173 
vn -0.354331 0.708661 -0.614173 
vn -0.614173 0.708661 -0.354331 
vn -0.354331 0.708661 -0.614173 
vn -0.614173 0.708661 -0.354331 
vn -0.614173 0.708661 -0.354331 
vn -0.708661 0.708661 0 
vn -0.614173 0.708661 -0.354331 
vn -0.708661 0.708661 0 
vn -0.708661 0.708661 0 
vn -0.614173 0.708661 0.354331 
vn -0.708661 0.708661 0 
vn -0.614173 0.708661 0.354331 
vn -0.614173 0.708661 0.354331 
vn -0.354331 0.708661 0.614173 
vn -0.614173 0.708661 0.354331 
vn -0.354331 0.708661 0.614173 
vn -0.354331 0.708661 0.614173 
vn 0 0.708661 0.708661 
vn -0.354331 0.708661 0.614173 
vn 0 0.708661 0.708661 
vn 0 -0.708661 0.708661 
vn 0.354331 -0.708661 0.614173 
vn 0 -0.708661 0.708661 
vn 0.354331 -0.708661 0.614173 
vn 0.354331 -0.708661 0.614173 
vn 0.614173 -0.708661 0.354331 
vn 0.354331 -0.708661 0.614173 
vn 0.614173 -0.708661 0.354331 
vn 0.614173 -0.708661 0.354331 
vn 0.708661 -0.708661 0 
vn 0.614173 -0.708661 0.354331 
vn 0.708661 -0.708661 0 
vn 0.708661 -0.708661 0 
vn 0.614173 -0.708661 -0.354331 
vn 0.708661 -0.708661 0 
vn 0.614173 -0.708661 -0.354331 
vn 0.614173 -0.708661 -0.354331 
vn 0.354331 -0.708661 -0.614173 
vn 0.614173 -0.708661 -0.354331 
vn 0.354331 -0.708661 -0.614173 
vn 0.354331 -0.708661 -0.614173 
vn 0 -0.708661 -0.708661 
vn 0.354331 -0.708661 -0.614173 
vn 0 -0.708661 -0.708661 
vn 0 -0.708661 -0.708661 
vn -0.354331 -0.708661 -0.614173 
vn 0 -0.708661 -0.708661 
vn -0.354331 -0.708661 -0.614173 
vn -0.354331 -0.708661 -0.614173 
vn -0.614173 -0.708661 -0.354331 
vn -0.354331 -0.708661 -0.614173 
vn -0.614173 -0.708661 -0.354331 
vn -0.614173 -0.708661 -0.354331 
vn -0.708661 -0.708661 0 
vn -0.614173 -0.708661 -0.354331 
vn -0.708661 -0.708661 0 
vn -0.708661 -0.708661 0 
vn -0.614173 -0.708661 0.354331 
vn -0.708661 -0.708661 0 
vn -0.614173 -0.708661 0.354331 
vn -0.614173 -0.708661 0.354331 
vn -0.354331 -0.708661 0.614173 
vn -0.614173 -0.708661 0.354331 
vn -0.354331 -0.708661 0.614173 
vn -0.354331 -0.708661 0.614173 
vn 0 -0.708661 0.708661 
vn -0.354331 -0.708661 0.614173 
vn 0 -0.708661 0.708661 
vn 0 0.708661 0.708661 
vn 0.354331 0.708661 0.614173 
vn 0 0.708661 0.708661 
vn 0.354331 0.708661 0.614173 
vn 0.354331 0.708661 0.614173 
vn 0.614173 0.708661 0.354331 
vn 0.354331 0.708661 0.614173 
vn 0.614173 0.708661 0.354331 
vn 0.614173 0.708661 0.354331 
vn 0.708661 0.708661 0 
vn 0.614173 0.708661 0.354331 
vn 0.708661 0.708661 0 
vn 0.708661 0.708661 0 
vn 0.614173 0.708661 -0.354331 
vn 0.708661 0.708661 0 
vn 0.614173 0.708661 -0.354331 
vn 0.614173 0.708661 -0.354331 
vn 0.354331 0.708661 -0.614173 
vn 0.614173 0.708661 -0.354331 
vn 0.354331 0.708661 -0.614173 
vn 0.354331 0.708661 -0.614173 
vn 0 0.708661 -0.708661 
vn 0.354331 0.708661 -0.614173 
vn 0 0.708661 -0.708661 
vn 0 0.708661 -0.708661 
vn -0.354331 0.708661 -0.614173 
vn 0 0.708661 -0.708661 
vn -0.354331 0.708661 -0.614173 
vn -0.354331 0.708661 -0.614173 
vn -0.614173 0.708661 -0.354331 
vn -0.354331 0.708661 -0.614173 
vn -0.614173 0.708661 -0.354331 
vn -0.614173 0.708661 -0.354331 
vn -0.708661 0.708661 0 
vn -0.614173 0.708661 -0.354331 
vn -0.708661 0.708661 0 
vn -0.708661 0.708661 0 
vn -0.614173 0.708661 0.354331 
vn -0.708661 0.708661 0 
vn -0.614173 0.708661 0.354331 
vn -0.614173 0.708661 0.354331 
vn -0.354331 0.708661 0.614173 
vn -0.614173 0.708661 0.354331 
vn -0.354331 0.708661 0.614173 
vn -0.354331 0.708661 0.614173 
vn 0 0.708661 0.708661 
vn -0.354331 0.708661 0.614173 
vn 0 0.708661 0.708661 
vn 0 -0.708661 0.708661 
vn 0.354331 -0.708661 0.614173 
vn 0 -0.708661 0.708661 
vn 0.354331 -0.708661 0.614173 
vn 0.354331 -0.708661 0.614173 
vn 0.614173 -0.708661 0.354331 
vn 0.354331 -0.708661 0.614173 
vn 0.614173 -0.708661 0.354331 
vn 0.614173 -0.708661 0.354331 
vn 0.708661 -0.708661 0 
vn 0.614173 -0.708661 0.354331 
vn 0.708661 -0.708661 0 
vn 0.708661 -0.708661 0 
vn 0.614173 -0.708661 -0.354331 
vn 0.708661 -0.708661 0 
vn 0.614173 -0.708661 -0.354331 
vn 0.614173 -0.708661 -0.354331 
vn 0.354331 -0.708661 -0.614173 
vn 0.614173 -0.708661 -0.354331 
vn 0.354331 -0.708661 -0.614173 
vn 0.354331 -0.708661 -0.614173 
vn 0 -0.708661 -0.708661 
vn 0.354331 -0.708661 -0.614173 
vn 0 -0.708661 -0.708661 
vn 0 -0.708661 -0.708661 
vn -0.354331 -0.708661 -0.614173 
vn 0 -0.708661 -0.708661 
vn -0.354331 -0.708661 -0.614173 
vn -0.354331 -0.708661 -0.614173 
vn -0.614173 -0.708661 -0.354331 
vn -0.354331 -0.708661 -0.614173 
vn -0.614173 -0.708661 -0.354331 
vn -0.614173 -0.708661 -0.354331 
vn -0.708661 -0.708661 0 
vn -0.614173 -0.708661 -0.354331 
vn -0.708661 -0.708661 0 
vn -0.708661 -0.708661 0 
vn -0.614173 -0.708661 0.354331 
vn -0.708661 -0.708661 0 
vn -0.614173 -0.708661 0.354331 
vn -0.614173 -0.708661 0.354331 
vn -0.354331 -0.708661 0.614173 
vn -0.614173 -0.708661 0.354331 
vn -0.354331 -0.708661 0.614173 
vn -0.354331 -0.708661 0.614173 
vn 0 -0.708661 0.708661 
vn -0.354331 -0.708661 0.614173 
vn 0 -0.708661 0.708661 
vn 0 0.708661 0.708661 
vn 0.354331 0.708661 0.614173 
vn 0 0.708661 0.708661 
vn 0.354331 0.708661 0.614173 
vn 0.354331 0.708661 0.614173 
vn 0.614173 0.708661 0.354331 
vn 0.354331 0.708661 0.614173 
vn 0.614173 0.708661 0.354331 
vn 0.614173 0.708661 0.354331 
vn 0.708661 0.708661 0 
vn 0.614173 0.708661 0.354331 
vn 0.708661 0.708661 0 
vn 0.708661 0.708661 0 
vn 0.614173 0.708661 -0.354331 
vn 0.708661 0.708661 0 
vn 0.614173 0.708661 -0.354331 
vn 0.614173 0.708661 -0.354331 
vn 0.354331 0.708661 -0.614173 
vn 0.614173 0.708661 -0.354331 
vn 0.354331 0.708661 -0.614173 
vn 0.354331 0.708661 -0.614173 
vn 0 0.708661 -0.708661 
vn 0.354331 0.708661 -0.614173 
vn 0 0.708661 -0.708661 
vn 0 0.708661 -0.708661 
vn -0.354331 0.708661 -0.614173 
vn 0 0.708661 -0.708661 
vn -0.354331 0.708661 -0.614173 
vn -0.354331 0.708661 -0.614173 
vn -0.614173 0.708661 -0.354331 
vn -0.354331 0.708661 -0.614173 
vn -0.614173 0.708661 -0.354331 
vn -0.614173 0.708661 -0.354331 
vn -0.708661 0.708661 0 
vn -0.614173 0.708661 -0.354331 
vn -0.708661 0.708661 0 
vn -0.708661 0.708661 0 
vn -0.614173 0.708661 0.354331 
vn -0.708661 0.708661 0 
vn -0.614173 0.708661 0.354331 
vn -0.614173 0.708661 0.354331 
vn -0.354331 0.708661 0.614173 
vn -0.614173 0.708661 0.354331 
vn -0.354331 0.708661 0.614173 
vn -0.354331 0.708661 0.614173 
vn 0 0.708661 0.708661 
vn -0.354331 0.708661 0.614173 
vn 0 0.708661 0.708661 
vn 0 -0.708661 0.708661 
vn 0.354331 -0.708661 0.614173 
vn 0 -0.708661 0.708661 
vn 0.354331 -0.708661 0.614173 
vn 0.354331 -0.708661 0.614173 
vn 0.614173 -0.708661 0.354331 
vn 0.354331 -0.708661 0.614173 
vn 0.614173 -0.708661 0.354331 
vn 0.614173 -0.708661 0.354331 
vn 0.708661 -0.708661 0 
vn 0.614173 -0.708661 0.354331 
vn 0.708661 -0.708661 0 
vn 0.708661 -0.708661 0 
vn 0.614173 -0.708661 -0.354331 
vn 0.708661 -0.708661 0 
vn 0.614173 -0.708661 -0.354331 
vn 0.614173 -0.708661 -0.354331 
vn 0.354331 -0.708661 -0.614173 
vn 0.614173 -0.708661 -0.354331 
vn 0.354331 -0.708661 -0.614173 
vn 0.354331 -0.708661 -0.614173 
vn 0 -0.708661 -0.708661 
vn 0.354331 -0.708661 -0.614173 
vn 0 -0.708661 -0.708661 
vn 0 -0.708661 -0.708661 
vn -0.354331 -0.708661 -0.614173 
vn 0 -0.708661 -0.708661 
vn -0.354331 -0.708661 -0.614173 
vn -0.354331 -0.708661 -0.614173 
vn -0.614173 -0.708661 -0.354331 
vn -0.354331 -0.708661 -0.614173 
vn -0.614173 -0.708661 -0.354331 
vn -0.614173 -0.708661 -0.354331 
vn -0.708661 -0.708661 0 
vn -0.614173 -0.708661 -0.354331 
vn -0.708661 -0.708661 0 
vn -0.708661 -0.708661 0 
vn -0.614173 -0.708661 0.354331 
vn -0.708661 -0.708661 0 
vn -0.614173 -0.708661 0.354331 
vn -0.614173 -0.708661 0.354331 
vn -0.354331 -0.708661 0.614173 
vn -0.614173 -0.708661 0.354331 
vn -0.354331 -0.708661 0.614173 
vn -0.354331 -0.708661 0.614173 
vn 0 -0.708661 0.708661 
vn -0.354331 -0.708661 0.614173 
vn 0 -0.708661 0.708661 
vn 0 0.708661 0.708661 
vn 0.354331 0.708661 0.614173 
vn 0 0.708661 0.708661 
vn 0.354331 0.708661 0.614173 
vn 0.354331 0.708661 0.614173 
vn 0.614173 0.708661 0.354331 
vn 0.354331 0.708661 0.614173 
vn 0.614173 0.708661 0.354331 
vn 0.614173 0.708661 0.354331 
vn 0.708661 0.708661 0 
vn 0.614173 0.708661 0.354331 
vn 0.708661 0.708661 0 
vn 0.708661 0.708661 0 
vn 0.614173 0.708661 -0.354331 
vn 0.708661 0.708661 0 
vn 0.614173 0.708661 -0.354331 
vn 0.614173 0.708661 -0.354331 
vn 0.354331 0.708661 -0.614173 
vn 0.614173 0.708661 -0.354331 
vn 0.354331 0.708661 -0.614173 
vn 0.354331 0.708661 -0.614173 
vn 0 0.708661 -0.708661 
vn 0.354331 0.708661 -0.614173 
vn 0 0.708661 -0.708661 
vn 0 0.708661 -0.708661 
vn -0.354331 0.708661 -0.614173 
vn 0 0.708661 -0.708661 
vn -0.354331 0.708661 -0.614173 
vn -0.354331 0.708661 -0.614173 
vn -0.614173 0.708661 -0.354331 
vn -0.354331 0.708661 -0.614173 
vn -0.614173 0.708661 -0.354331 
vn -0.614173 0.708661 -0.354331 
vn -0.708661 0.708661 0 
vn -0.614173 0.708661 -0.354331 
vn -0.708661 0.708661 0 
vn -0.708661 0.708661 0 
vn -0.614173 0.708661 0.354331 
vn -0.708661 0.708661 0 
vn -0.614173 0.708661 0.354331 
vn -0.614173 0.708661 0.354331 
vn -0.354331 0.708661 0.614173 
vn -0.614173 0.708661 0.354331 
vn -0.354331 0.708661 0.614173 
vn -0.354331 0.708661 0.614173 
vn 0 0.708661 0.708661 
vn -0.354331 0.708661 0.614173 
vn 0 0.708661 0.708661 
vn 0 -0.708661 0.708661 
vn 0.354331 -0.708661 0.614173 
vn 0 -0.708661 0.708661 
vn 0.354331 -0.708661 0.614173 
vn 0.354331 -0.708661 0.614173 
vn 0.614173 -0.708661 0.354331 
vn 0.354331 -0.708661 0.614173 
vn 0.614173 -0.708661 0.354331 
vn 0.614173 -0.708661 0.354331 
vn 0.708661 -0.708661 0 
vn 0.614173 -0.708661 0.354331 
vn 0.708661 -0.708661 0 
vn 0.708661 -0.708661 0 
vn 0.614173 -0.708661 -0.354331 
vn 0.708661 -0.708661 0 
vn 0.614173 -0.708661 -0.354331 
vn 0.614173 -0.708661 -0.354331 
vn 0.354331 -0.708661 -0.614173 
vn 0.614173 -0.708661 -0.354331 
vn 0.354331 -0.708661 -0.614173 
vn 0.354331 -0.708661 -0.614173 
vn 0 -0.708661 -0.708661 
vn 0.354331 -0.708661 -0.614173 
vn 0 -0.708661 -0.708661 
vn 0 -0.708661 -0.708661 
vn -0.354331 -0.708661 -0.614173 
vn 0 -0.708661 -0.708661 
vn -0.354331 -0.708661 -0.614173 
vn -0.354331 -0.708661 -0.614173 
vn -0.614173 -0.708661 -0.354331 
vn -0.354331 -0.708661 -0.614173 
vn -0.614173 -0.708661 -0.354331 
vn -0.614173 -0.708661 -0.354331 
vn -0.708661 -0.708661 0 
vn -0.614173 -0.708661 -0.354331 
vn -0.708661 -0.708661 0 
vn -0.708661 -0.708661 0 
vn -0.614173 -0.708661 0.354331 
vn -0.708661 -0.708661 0 
vn -0.614173 -0.708661 0.354331 
vn -0.614173 -0.708661 0.354331 
vn -0.354331 -0.708661 0.614173 
vn -0.614173 -0.708661 0.354331 
vn -0.354331 -0.708661 0.614173 
vn -0.354331 -0.708661 0.614173 
vn 0 -0.708661 0.708661 
vn -0.354331 -0.708661 0.614173 
vn 0 -0.708661 0.708661 
vn 0 0.708661 0.708661 
vn 0.354331 0.708661 0.614173 
vn 0 0.708661 0.708661 
vn 0.354331 0.708661 0.614173 
vn 0.354331 0.708661 0.614173 
vn 0.614173 0.708661 0.354331 
vn 0.354331 0.708661 0.614173 
vn 0.614173 0.708661 0.354331 
vn 0.614173 0.708661 0.354331 
vn 0.708661 0.708661 0 
vn 0.614173 0.708661 0.354331 
vn 0.708661 0.708661 0 
vn 0.708661 0.708661 0 
vn 0.614173 0.708661 -0.354331 
vn 0.708661 0.708661 0 
vn 0.614173 0.708661 -0.354331 
vn 0.614173 0.708661 -0.354331 
vn 0.354331 0.708661 -0.614173 
vn 0.614173 0.708661 -0.354331 
vn 0.354331 0.708661 -0.614173 
vn 0.354331 0.708661 -0.614173 
vn 0 0.708661 -0.708661 
vn 0.354331 0.708661 -0.614173 
vn 0 0.708661 -0.708661 
vn 0 0.708661 -0.708661 
vn -0.354331 0.708661 -0.614173 
vn 0 0.708661 -0.708661 
vn -0.354331 0.708661 -0.614173 
vn -0.354331 0.708661 -0.614173 
vn -0.614173 0.708661 -0.354331 
vn -0.354331 0.708661 -0.614173 
vn -0.614173 0.708661 -0.354331 
vn -0.614173 0.708661 -0.354331 
vn -0.708661 0.708661 0 
vn -0.614173 0.708661 -0.354331 
vn -0.708661 0.708661 0 
vn -0.708661 0.708661 0 
vn -0.614173 0.708661 0.354331 
vn -0.708661 0.708661 0 
vn -0.614173 0.708661 0.354331 
vn -0.614173 0.708661 0.354331 
vn -0.354331 0.708661 0.614173 
vn -0.614173 0.708661 0.354331 
vn -0.354331 0.708661 0.614173 
vn -0.354331 0.708661 0.614173 
vn 0 0.708661 0.708661 
vn -0.354331 0.708661 0.614173 
vn 0 0.708661 0.708661 
vn 0 -0.708661 0.708661 
vn 0.354331 -0.708661 0.614173 
vn 0 -0.708661 0.708661 
vn 0.354331 -0.708661 0.614173 
vn 0.354331 -0.708661 0.614173 
vn 0.614173 -0.708661 0.354331 
vn 0.354331 -0.708661 0.614173 
vn 0.614173 -0.708661 0.354331 
vn 0.614173 -0.708661 0.354331 
vn 0.708661 -0.708661 0 
vn 0.614173 -0.708661 0.354331 
vn 0.708661 -0.708661 0 
vn 0.708661 -0.708661 0 
vn 0.614173 -0.708661 -0.354331 
vn 0.708661 -0.708661 0 
vn 0.614173 -0.708661 -0.354331 
vn 0.614173 -0.708661 -0.354331 
vn 0.354331 -0.708661 -0.614173 
vn 0.614173 -0.708661 -0.354331 
vn 0.354331 -0.708661 -0.614173 
vn 0.354331 -0.708661 -0.614173 
vn 0 -0.708661 -0.708661 
vn 0.354331 -0.708661 -0.614173 
vn 0 -0.708661 -0.708661 
vn 0 -0.708661 -0.708661 
vn -0.354331 -0.708661 -0.614173 
vn 0 -0.708661 -0.708661 
vn -0.354331 -0.708661 -0.614173 
vn -0.354331 -0.708661 -0.614173 
vn -0.614173 -0.708661 -0.354331 
vn -0.354331 -0.708661 -0.614173 
vn -0.614173 -0.708661 -0.354331 
vn -0.614173 -0.708661 -0.354331 
vn -0.708661 -0.708661 0 
vn -0.614173 -0.708661 -0.354331 
vn -0.708661 -0.708661 0 
vn -0.708661 -0.708661 0 
vn -0.614173 -0.708661 0.354331 
vn -0.708661 -0.708661 0 
vn -0.614173 -0.708661 0.354331 
vn -0.614173 -0.708661 0.354331 
vn -0.354331 -0.708661 0.614173 
vn -0.614173 -0.708661 0.354331 
vn -0.354331 -0.708661 0.614173 
vn -0.354331 -0.708661 0.614173 
vn 0 -0.708661 0.708661 
vn -0.354331 -0.708661 0.614173 
vn 0 -0.708661 0.708661 
vn 0 0.708661 0.708661 
vn 0.354331 0.708661 0.614173 
vn 0 0.708661 0.708661 
vn 0.354331 0.708661 0.614173 
vn 0.354331 0.708661 0.614173 
vn 0.614173 0.708661 0.354331 
vn 0.354331 0.708661 0.614173 
vn 0.614173 0.708661 0.354331 
vn 0.614173 0.708661 0.354331 
vn 0.708661 0.708661 0 
vn 0.614173 0.708661 0.354331 
vn 0.708661 0.708661 0 
vn 0.708661 0.708661 0 
vn 0.614173 0.708661 -0.354331 
vn 0.708661 0.708661 0 
vn 0.614173 0.708661 -0.354331 
vn 0.614173 0.708661 -0.354331 
vn 0.354331 0.708661 -0.614173 
vn 0.614173 0.708661 -0.354331 
vn 0.354331 0.708661 -0.614173 
vn 0.354331 0.708661 -0.614173 
vn 0 0.708661 -0.708661 
vn 0.354331 0.708661 -0.614173 
vn 0 0.708661 -0.708661 
vn 0 0.708661 -0.708661 
vn -0.354331 0.708661 -0.614173 
vn 0 0.708661 -0.708661 
vn -0.354331 0.708661 -0.614173 
vn -0.354331 0.708661 -0.614173 
vn -0.614173 0.708661 -0.354331 
vn -0.354331 0.708661 -0.614173 
vn -0.614173 0.708661 -0.354331 
vn -0.614173 0.708661 -0.354331 
vn -0.708661 0.708661 0 
vn -0.614173 0.708661 -0.354331 
vn -0.708661 0.708661 0 
vn -0.708661 0.708661 0 
vn -0.614173 0.708661 0.354331 
vn -0.708661 0.708661 0 
vn -0.614173 0.708661 0.354331 
vn -0.614173 0.708661 0.354331 
vn -0.354331 0.708661 0.614173 
vn -0.614173 0.708661 0.354331 
vn -0.354331 0.708661 0.614173 
vn -0.354331 0.708661 0.614173 
vn 0 0.708661 0.708661 
vn -0.354331 0.708661 0.614173 
vn 0 0.708661 0.708661 
vn 0 -0.708661 0.708661 
vn 0.354331 -0.708661 0.614173 
vn 0 -0.708661 0.708661 
vn 0.354331 -0.708661 0.614173 
vn 0.354331 -0.708661 0.614173 
vn 0.614173 -0.708661 0.354331 
vn 0.354331 -0.708661 0.614173 
vn 0.614173 -0.708661 0.354331 
vn 0.614173 -0.708661 0.354331 
vn 0.708661 -0.708661 0 
vn 0.614173 -0.708661 0.354331 
vn 0.708661 -0.708661 0 
vn 0.708661 -0.708661 0 
vn 0.614173 -0.708661 -0.354331 
vn 0.708661 -0.708661 0 
vn 0.614173 -0.708661 -0.354331 
vn 0.614173 -0.708661 -0.354331 
vn 0.354331 -0.708661 -0.614173 
vn 0.614173 -0.708661 -0.354331 
vn 0.354331 -0.708661 -0.614173 
vn 0.354331 -0.708661 -0.614173 
vn 0 -0.708661 -0.708661 
vn 0.354331 -0.708661 -0.614173 
vn 0 -0.708661 -0.708661 
vn 0 -0.708661 -0.708661 
vn -0.354331 -0.708661 -0.614173 
vn 0 -0.708661 -0.708661 
vn -0.354331 -0.708661 -0.614173 
vn -0.354331 -0.708661 -0.614173 
vn -0.614173 -0.708661 -0.354331 
vn -0.354331 -0.708661 -0.614173 
vn -0.614173 -0.708661 -0.354331 
vn -0.614173 -0.708661 -0.354331 
vn -0.708661 -0.708661 0 
vn -0.614173 -0.708661 -0.354331 
vn -0.708661 -0.708661 0 
vn -0.708661 -0.708661 0 
vn -0.614173 -0.708661 0.354331 
vn -0.708661 -0.708661 0 
vn -0.614173 -0.708661 0.354331 
vn -0.614173 -0.708661 0.354331 
vn -0.354331 -0.708661 0.614173 
vn -0.614173 -0.708661 0.354331 
vn -0.354331 -0.708661 0.614173 
vn -0.354331 -0.708661 0.614173 
vn 0 -0.708661 0.708661 
vn -0.354331 -0.708661 0.614173 
vn 0 -0.708661 0.708661 
vn 0 0.708661 0.708661 
vn 0.354331 0.708661 0.614173 
vn 0 0.708661 0.708661 
vn 0.354331 0.708661 0.614173 
vn 0.354331 0.708661 0.614173 
vn 0.614173 0.708661 0.354331 
vn 0.354331 0.708661 0.614173 
vn 0.614173 0.708661 0.354331 
vn 0.614173 0.708661 0.354331 
vn 0.708661 0.708661 0 
vn 0.614173 0.708661 0.354331 
vn 0.708661 0.708661 0 
vn 0.708661 0.708661 0 
vn 0.614173 0.708661 -0.354331 
vn 0.708661 0.708661 0 
vn 0.614173 0.708661 -0.354331 
vn 0.614173 0.708661 -0.354331 
vn 0.354331 0.708661 -0.614173 
vn 0.614173 0.708661 -0.354331 
vn 0.354331 0.708661 -0.614173 
vn 0.354331 0.708661 -0.614173 
vn 0 0.708661 -0.708661 
vn 0.354331 0.708661 -0.614173 
vn 0 0.708661 -0.708661 
vn 0 0.708661 -0.708661 
vn -0.354331 0.708661 -0.614173 
vn 0 0.708661 -0.708661 
vn -0.354331 0.708661 -0.614173 
vn -0.354331 0.708661 -0.614173 
vn -0.614173 0.708661 -0.354331 
vn -0.354331 0.708661 -0.614173 
vn -0.614173 0.708661 -0.354331 
vn -0.614173 0.708661 -0.354331 
vn -0.708661 0.708661 0 
vn -0.614173 0.708661 -0.354331 
vn -0.708661 0.708661 0 
vn -0.708661 0.708661 0 
vn -0.614173 0.708661 0.354331 
vn -0.708661 0.708661 0 
vn -0.614173 0.708661 0.354331 
vn -0.614173 0.708661 0.354331 
vn -0.354331 0.708661 0.614173 
vn -0.614173 0.708661 0.354331 
vn -0.354331 0.708661 0.614173 
vn -0.354331 0.708661 0.614173 
vn 0 0.708661 0.708661 
vn -0.354331 0.708661 0.614173 
vn 0 0.708661 0.708661 
vn 0 -0.708661 0.708661 
vn 0.354331 -0.708661 0.614173 
vn 0 -0.708661 0.708661 
vn 0.354331 -0.708661 0.614173 
vn 0.354331 -0.708661 0.614173 
vn 0.614173 -0.708661 0.354331 
vn 0.354331 -0.708661 0.614173 
vn 0.614173 -0.708661 0.354331 
vn 0.614173 -0.708661 0.354331 
vn 0.708661 -0.708661 0 
vn 0.614173 -0.708661 0.354331 
vn 0.708661 -0.708661 0 
vn 0.708661 -0.708661 0 
vn 0.614173 -0.708661 -0.354331 
vn 0.708661 -0.708661 0 
vn 0.614173 -0.708661 -0.354331 
vn 0.614173 -0.708661 -0.354331 
vn 0.354331 -0.708661 -0.614173 
vn 0.614173 -0.708661 -0.354331 
vn 0.354331 -0.708661 -0.614173 
vn 0.354331 -0.708661 -0.614173 
vn 0 -0.708661 -0.708661 
vn 0.354331 -0.708661 -0.614173 
vn 0 -0.708661 -0.708661 
vn 0 -0.708661 -0.708661 
vn -0.354331 -0.708661 -0.614173 
vn 0 -0.708661 -0.708661 
vn -0.354331 -0.708661 -0.614173 
vn -0.354331 -0.708661 -0.614173 
vn -0.614173 -0.708661 -0.354331 
vn -0.354331 -0.708661 -0.614173 
vn -0.614173 -0.708661 -0.354331 
vn -0.614173 -0.708661 -0.354331 
vn -0.708661 -0.708661 0 
vn -0.614173 -0.708661 -0.354331 
vn -0.708661 -0.708661 0 
vn -0.708661 -0.708661 0 
vn -0.614173 -0.708661 0.354331 
vn -0.708661 -0.708661 0 
vn -0.614173 -0.708661 0.354331 
vn -0.614173 -0.708661 0.354331 
vn -0.354331 -0.708661 0.614173 
vn -0.614173 -0.708661 0.354331 
vn -0.354331 -0.708661 0.614173 
vn -0.354331 -0.708661 0.614173 
vn 0 -0.708661 0.708661 
vn -0.354331 -0.708661 0.614173 
vn 0 -0.708661 0.708661 
vn 0 0.708661 0.708661 
vn 0.354331 0.708661 0.614173 
vn 0 0.708661 0.708661 
vn 0.354331 0.708661 0.614173 
vn 0.354331 0.708661 0.614173 
vn 0.614173 0.708661 0.354331 
vn 0.354331 0.708661 0.614173 
vn 0.614173 0.708661 0.354331 
vn 0.614173 0.708661 0.354331 
vn 0.708661 0.708661 0 
vn 0.614173 0.708661 0.354331 
vn 0.708661 0.708661 0 
vn 0.708661 0.708661 0 
vn 0.614173 0.708661 -0.354331 
vn 0.708661 0.708661 0 
vn 0.614173 0.708661 -0.354331 
vn 0.614173 0.708661 -0.354331 
vn 0.354331 0.708661 -0.614173 
vn 0.614173 0.708661 -0.354331 
vn 0.354331 0.708661 -0.614173 
vn 0.354331 0.708661 -0.614173 
vn 0 0.708661 -0.708661 
vn 0.354331 0.708661 -0.614173 
vn 0 0.708661 -0.708661 
vn 0 0.708661 -0.708661 
vn -0.354331 0.708661 -0.614173 
vn 0 0.708661 -0.708661 
vn -0.354331 0.708661 -0.614173 
vn -0.354331 0.708661 -0.614173 
vn -0.614173 0.708661 -0.354331 
vn -0.354331 0.708661 -0.614173 
vn -0.614173 0.708661 -0.354331 
vn -0.614173 0.708661 -0.354331 
vn -0.708661 0.708661 0 
vn -0.614173 0.708661 -0.354331 
vn -0.708661 0.708661 0 
vn -0.708661 0.708661 0 
vn -0.614173 0.708661 0.354331 
vn -0.708661 0.708661 0 
vn -0.614173 0.708661 0.354331 
vn -0.614173 0.708661 0.354331 
vn -0.354331 0.708661 0.614173 
vn -0.614173 0.708661 0.354331 
vn -0.354331 0.708661 0.614173 
vn -0.354331 0.708661 0.614173 
vn 0 0.708661 0.708661 
vn -0.354331 0.708661 0.614173 
vn 0 0.708661 0.708661 
vn 0 -0.708661 0.708661 
vn 0.354331 -0.708661 0.614173 
vn 0 -0.708661 0.708661 
vn 0.354331 -0.708661 0.614173 
vn 0.354331 -0.708661 0.614173 
vn 0.614173 -0.708661 0.354331 
vn 0.354331 -0.708661 0.614173 
vn 0.614173 -0.708661 0.354331 
vn 0.614173 -0.708661 0.354331 
vn 0.708661 -0.708661 0 
vn 0.614173 -0.708661 0.354331 
vn 0.708661 -0.708661 0 
vn 0.708661 -0.708661 0 
vn 0.614173 -0.708661 -0.354331 
vn 0.708661 -0.708661 0 
vn 0.614173 -0.708661 -0.354331 
vn 0.614173 -0.708661 -0.354331 
vn 0.354331 -0.708661 -0.614173 
vn 0.614173 -0.708661 -0.354331 
vn 0.354331 -0.708661 -0.614173 
vn 0.354331 -0.708661 -0.614173 
vn 0 -0.708661 -0.708661 
vn 0.354331 -0.708661 -0.614173 
vn 0 -0.708661 -0.708661 
vn 0 -0.708661 -0.708661 
vn -0.354331 -0.708661 -0.614173 
vn 0 -0.708661 -0.708661 
vn -0.354331 -0.708661 -0.614173 
vn -0.354331 -0.708661 -0.614173 
vn -0.614173 -0.708661 -0.354331 
vn -0.354331 -0.708661 -0.614173 
vn -0.614173 -0.708661 -0.354331 
vn -0.614173 -0.708661 -0.354331 
vn -0.708661 -0.708661 0 
vn -0.614173 -0.708661 -0.354331 
vn -0.708661 -0.708661 0 
vn -0.708661 -0.708661 0 
vn -0.614173 -0.708661 0.354331 
vn -0.708661 -0.708661 0 
vn -0.614173 -0.708661 0.354331 
vn -0.614173 -0.708661 0.354331 
vn -0.354331 -0.708661 0.614173 
vn -0.614173 -0.708661 0.354331 
vn -0.354331 -0.708661 0.614173 
vn -0.354331 -0.708661 0.614173 
vn 0 -0.708661 0.708661 
vn -0.354331 -0.708661 0.614173 
vn 0 -0.708661 0.708661 
vn 0 0.708661 0.708661 
vn 0.354331 0.708661 0.614173 
vn 0 0.708661 0.708661 
vn 0.354331 0.708661 0.614173 
vn 0.354331 0.708661 0.614173 
vn 0.614173 0.708661 0.354331 
vn 0.354331 0.708661 0.614173 
vn 0.614173 0.708661 0.354331 
vn 0.614173 0.708661 0.354331 
vn 0.708661 0.708661 0 
vn 0.614173 0.708661 0.354331 
vn 0.708661 0.708661 0 
vn 0.708661 0.708661 0 
vn 0.614173 0.708661 -0.354331 
vn 0.708661 0.708661 0 
vn 0.614173 0.708661 -0.354331 
vn 0.614173 0.708661 -0.354331 
vn 0.354331 0.708661 -0.614173 
vn 0.614173 0.708661 -0.354331 
vn 0.354331 0.708661 -0.614173 
vn 0.354331 0.708661 -0.614173 
vn 0 0.708661 -0.708661 
vn 0.354331 0.708661 -0.614173 
vn 0 0.708661 -0.708661 
vn 0 0.708661 -0.708661 
vn -0.354331 0.708661 -0.614173 
vn 0 0.708661 -0.708661 
vn -0.354331 0.708661 -0.614173 
vn -0.354331 0.708661 -0.614173 
vn -0.614173 0.708661 -0.354331 
vn -0.354331 0.708661 -0.614173 
vn -0.614173 0.708661 -0.354331 
vn -0.614173 0.708661 -0.354331 
vn -0.708661 0.708661 0 
vn -0.614173 0.708661 -0.354331 
vn -0.708661 0.708661 0 
vn -0.708661 0.708661 0 
vn -0.614173 0.708661 0.354331 
vn -0.708661 0.708661 0 
vn -0.614173 0.708661 0.354331 
vn -0.614173 0.708661 0.354331 
vn -0.354331 0.708661 0.614173 
vn -0.614173 0.708661 0.354331 
vn -0.354331 0.708661 0.614173 
vn -0.354331 0.708661 0.614173 
vn 0 0.708661 0.708661 
vn -0.354331 0.708661 0.614173 
vn 0 0.708661 0.708661 
vn 0 -0.708661 0.708661 
vn 0.354331 -0.708661 0.614173 
vn 0 -0.708661 0.708661 
vn 0.354331 -0.708661 0.614173 
vn 0.354331 -0.708661 0.614173 
vn 0.614173 -0.708661 0.354331 
vn 0.354331 -0.708661 0.614173 
vn 0.614173 -0.708661 0.354331 
vn 0.614173 -0.708661 0.354331 
vn 0.708661 -0.708661 0 
vn 0.614173 -0.708661 0.354331 
vn 0.708661 -0.708661 0 
vn 0.708661 -0.708661 0 
vn 0.614173 -0.708661 -0.354331 
vn 0.708661 -0.708661 0 
vn 0.614173 -0.708661 -0.354331 
vn 0.614173 -0.708661 -0.354331 
vn 0.354331 -0.708661 -0.614173 
vn 0.614173 -0.708661 -0.354331 
vn 0.354331 -0.708661 -0.614173 
vn 0.354331 -0.708661 -0.614173 
vn 0 -0.708661 -0.708661 
vn 0.354331 -0.708661 -0.614173 
vn 0 -0.708661 -0.708661 
vn 0 -0.708661 -0.708661 
vn -0.354331 -0.708661 -0.614173 
vn 0 -0.708661 -0.708661 
vn -0.354331 -0.708661 -0.614173 
vn -0.354331 -0.708661 -0.614173 
vn -0.614173 -0.708661 -0.354331 
vn -0.354331 -0.708661 -0.614173 
vn -0.614173 -0.708661 -0.354331 
vn -0.614173 -0.708661 -0.354331 
vn -0.708661 -0.708661 0 
vn -0.614173 -0.708661 -0.354331 
vn -0.708661 -0.708661 0 
vn -0.708661 -0.708661 0 
vn -0.614173 -0.708661 0.354331 
vn -0.708661 -0.708661 0 
vn -0.614173 -0.708661 0.354331 
vn -0.614173 -0.708661 0.354331 
vn -0.354331 -0.708661 0.614173 
vn -0.614173 -0.708661 0.354331 
vn -0.354331 -0.708661 0.614173 
vn -0.354331 -0.708661 0.614173 
vn 0 -0.708661 0.708661 
vn -0.354331 -0.708661 0.614173 
vn 0 -0.708661 0.708661 
vn 0 0.708661 0.708661 
vn 0.354331 0.708661 0.614173 
vn 0 0.708661 0.708661 
vn 0.354331 0.708661 0.614173 
vn 0.354331 0.708661 0.614173 
vn 0.614173 0.708661 0.354331 
vn 0.354331 0.708661 0.614173 
vn 0.614173 0.708661 0.354331 
vn 0.614173 0.708661 0.354331 
vn 0.708661 0.708661 0 
vn 0.614173 0.708661 0.354331 
vn 0.708661 0.708661 0 
vn 0.708661 0.708661 0 
vn 0.614173 0.708661 -0.354331 
vn 0.708661 0.708661 0 
vn 0.614173 0.708661 -0.354331 
vn 0.614173 0.708661 -0.354331 
vn 0.354331 0.708661 -0.614173 
vn 0.614173 0.708661 -0.354331 
vn 0.354331 0.708661 -0.614173 
vn 0.354331 0.708661 -0.614173 
vn 0 0.708661 -0.708661 
vn 0.354331 0.708661 -0.614173 
vn 0 0.708661 -0.708661 
vn 0 0.708661 -0.708661 
vn -0.354331 0.708661 -0.614173 
vn 0 0.708661 -0.708661 
vn -0.354331 0.708661 -0.614173 
vn -0.354331 0.708661 -0.614173 
vn -0.614173 0.708661 -0.354331 
vn -0.354331 0.708661 -0.614173 
vn -0.614173 0.708661 -0.354331 
vn -0.614173 0.708661 -0.354331 
vn -0.708661 0.708661 0 
vn -0.614173 0.708661 -0.354331 
vn -0.708661 0.708661 0 
vn -0.708661 0.708661 0 
vn -0.614173 0.708661 0.354331 
vn -0.708661 0.708661 0 
vn -0.614173 0.708661 0.354331 
vn -0.614173 0.708661 0.354331 
vn -0.354331 0.708661 0.614173 
vn -0.614173 0.708661 0.354331 
vn -0.354331 0.708661 0.614173 
vn -0.354331 0.708661 0.614173 
vn 0 0.708661 0.708661 
vn -0.354331 0.708661 0.614173 
vn 0 0.708661 0.708661 
vn 0 -0.708661 0.708661 
vn 0.354331 -0.708661 0.614173 
vn 0 -0.708661 0.708661 
vn 0.354331 -0.708661 0.614173 
vn 0.354331 -0.708661 0.614173 
vn 0.614173 -0.708661 0.354331 
vn 0.354331 -0.708661 0.614173 
vn 0.614173 -0.708661 0.354331 
vn 0.614173 -0.708661 0.354331 
vn 0.708661 -0.708661 0 
vn 0.614173 -0.708661 0.354331 
vn 0.708661 -0.708661 0 
vn 0.708661 -0.708661 0 
vn 0.614173 -0.708661 -0.354331 
vn 0.708661 -0.708661 0 
vn 0.614173 -0.708661 -0.354331 
vn 0.614173 -0.708661 -0.354331 
vn 0.354331 -0.708661 -0.614173 
vn 0.614173 -0.708661 -0.354331 
vn 0.354331 -0.708661 -0.614173 
vn 0.354331 -0.708661 -0.614173 
vn 0 -0.708661 -0.708661 
vn 0.354331 -0.708661 -0.614173 
vn 0 -0.708661 -0.708661 
vn 0 -0.708661 -0.708661 
vn -0.354331 -0.708661 -0.614173 
vn 0 -0.708661 -0.708661 
vn -0.354331 -0.708661 -0.614173 
vn -0.354331 -0.708661 -0.614173 
vn -0.614173 -0.708661 -0.354331 
vn -0.354331 -0.708661 -0.614173 
vn -0.614173 -0.708661 -0.354331 
vn -0.614173 -0.708661 -0.354331 
vn -0.708661 -0.708661 0 
vn -0.614173 -0.708661 -0.354331 
vn -0.708661 -0.708661 0 
vn -0.708661 -0.708661 0 
vn -0.614173 -0.708661 0.354331 
vn -0.708661 -0.708661 0 
vn -0.614173 -0.708661 0.354331 
vn -0.614173 -0.708661 0.354331 
vn -0.354331 -0.708661 0.614173 
vn -0.614173 -0.708661 0.354331 
vn -0.354331 -0.708661 0.614173 
vn -0.354331 -0.708661 0.614173 
vn 0 -0.708661 0.708661 
vn -0.354331 -0.708661 0.614173 
vn 0 -0.708661 0.708661 
vn 0 0.708661 0.708661 
vn 0.354331 0.708661 0.614173 
vn 0 0.708661 0.708661 
vn 0.354331 0.708661 0.614173 
vn 0.354331 0.708661 0.614173 
vn 0.614173 0.708661 0.354331 
vn 0.354331 0.708661 0.614173 
vn 0.614173 0.708661 0.354331 
vn 0.614173 0.708661 0.354331 
vn 0.708661 0.708661 0 
vn 0.614173 0.708661 0.354331 
vn 0.708661 0.708661 0 
vn 0.708661 0.708661 0 
vn 0.614173 0.708661 -0.354331 
vn 0.708661 0.708661 0 
vn 0.614173 0.708661 -0.354331 
vn 0.614173 0.708661 -0.354331 
vn 0.354331 0.708661 -0.614173 
vn 0.614173 0.708661 -0.354331 
vn 0.354331 0.708661 -0.614173 
vn 0.354331 0.708661 -0.614173 
vn 0 0.708661 -0.708661 
vn 0.354331 0.708661 -0.614173 
vn 0 0.708661 -0.708661 
vn 0 0.708661 -0.708661 
vn -0.354331 0.708661 -0.614173 
vn 0 0.708661 -0.708661 
vn -0.354331 0.708661 -0.614173 
vn -0.354331 0.708661 -0.614173 
vn -0.614173 0.708661 -0.354331 
vn -0.354331 0.708661 -0.614173 
vn -0.614173 0.708661 -0.354331 
vn -0.614173 0.708661 -0.354331 
vn -0.708661 0.708661 0 
vn -0.614173 0.708661 -0.354331 
vn -0.708661 0.708661 0 
vn -0.708661 0.708661 0 
vn -0.614173 0.708661 0.354331 
vn -0.708661 0.708661 0 
vn -0.614173 0.708661 0.354331 
vn -0.614173 0.708661 0.354331 
vn -0.354331 0.708661 0.614173 
vn -0.614173 0.708661 0.354331 
vn -0.354331 0.708661 0.614173 
vn -0.354331 0.708661 0.614173 
vn 0 0.708661 0.708661 
vn -0.354331 0.708661 0.614173 
vn 0 0.708661 0.708661 
vn 0 -0.708661 0.708661 
vn 0.354331 -0.708661 0.614173 
vn 0 -0.708661 0.708661 
vn 0.354331 -0.708661 0.614173 
vn 0.354331 -0.708661 0.614173 
vn 0.614173 -0.708661 0.354331 
vn 0.354331 -0.708661 0.614173 
vn 0.614173 -0.708661 0.354331 
vn 0.614173 -0.708661 0.354331 
vn 0.708661 -0.708661 0 
vn 0.614173 -0.708661 0.354331 
vn 0.708661 -0.708661 0 
vn 0.708661 -0.708661 0 
vn 0.614173 -0.708661 -0.354331 
vn 0.708661 -0.708661 0 
vn 0.614173 -0.708661 -0.354331 
vn 0.614173 -0.708661 -0.354331 
vn 0.354331 -0.708661 -0.614173 
vn 0.614173 -0.708661 -0.354331 
vn 0.354331 -0.708661 -0.614173 
vn 0.354331 -0.708661 -0.614173 
vn 0 -0.708661 -0.708661 
vn 0.354331 -0.708661 -0.614173 
vn 0 -0.708661 -0.708661 
vn 0 -0.708661 -0.708661 
vn -0.354331 -0.708661 -0.614173 
vn 0 -0.708661 -0.708661 
vn -0.354331 -0.708661 -0.614173 
vn -0.354331 -0.708661 -0.614173 
vn -0.614173 -0.708661 -0.354331 
vn -0.354331 -0.708661 -0.614173 
vn -0.614173 -0.708661 -0.354331 
vn -0.614173 -0.708661 -0.354331 
vn -0.708661 -0.708661 0 
vn -0.614173 -0.708661 -0.354331 
vn -0.708661 -0.708661 0 
vn -0.708661 -0.708661 0 
vn -0.614173 -0.708661 0.354331 
vn -0.708661 -0.708661 0 
vn -0.614173 -0.708661 0.354331 
vn -0.614173 -0.708661 0.354331 
vn -0.354331 -0.708661 0.614173 
vn -0.614173 -0.708661 0.354331 
vn -0.354331 -0.708661 0.614173 
vn -0.354331 -0.708661 0.614173 
vn 0 -0.708661 0.708661 
vn -0.354331 -0.708661 0.614173 
vn 0 -0.708661 0.708661 
vn 0 0.708661 0.708661 
vn 0.354331 0.708661 0.614173 
vn 0 0.708661 0.708661 
vn 0.354331 0.708661 0.614173 
vn 0.354331 0.708661 0.614173 
vn 0.614173 0.708661 0.354331 
vn 0.354331 0.708661 0.614173 
vn 0.614173 0.708661 0.354331 
vn 0.614173 0.708661 0.354331 
vn 0.708661 0.708661 0 
vn 0.614173 0.708661 0.354331 
vn 0.708661 0.708661 0 
vn 0.708661 0.708661 0 
vn 0.614173 0.708661 -0.354331 
vn 0.708661 0.708661 0 
vn 0.614173 0.708661 -0.354331 
vn 0.614173 0.708661 -0.354331 
vn 0.354331 0.708661 -0.614173 
vn 0.614173 0.708661 -0.354331 
vn 0.354331 0.708661 -0.614173 
vn 0.354331 0.708661 -0.614173 
vn 0 0.708661 -0.708661 
vn 0.354331 0.708661 -0.614173 
vn 0 0.708661 -0.708661 
vn 0 0.708661 -0.708661 
vn -0.354331 0.708661 -0.614173 
vn 0 0.708661 -0.708661 
vn -0.354331 0.708661 -0.614173 
vn -0.354331 0.708661 -0.614173 
vn -0.614173 0.708661 -0.354331 
vn -0.354331 0.708661 -0.614173 
vn -0.614173 0.708661 -0.354331 
vn -0.614173 0.708661 -0.354331 
vn -0.708661 0.708661 0 
vn -0.614173 0.708661 -0.354331 
vn -0.708661 0.708661 0 
vn -0.708661 0.708661 0 
vn -0.614173 0.708661 0.354331 
vn -0.708661 0.708661 0 
vn -0.614173 0.708661 0.354331 
vn -0.614173 0.708661 0.354331 
vn -0.354331 0.708661 0.614173 
vn -0.614173 0.708661 0.354331 
vn -0.354331 0.708661 0.614173 
vn -0.354331 0.708661 0.614173 
vn 0 0.708661 0.708661 
vn -0.354331 0.708661 0.614173 
vn 0 0.708661 0.708661 
vn 0 -0.708661 0.708661 
vn 0.354331 -0.708661 0.614173 
vn 0 -0.708661 0.708661 
vn 0.354331 -0.708661 0.614173 
vn 0.354331 -0.708661 0.614173 
vn 0.614173 -0.708661 0.354331 
vn 0.354331 -0.708661 0.614173 
vn 0.614173 -0.708661 0.354331 
vn 0.614173 -0.708661 0.354331 
vn 0.708661 -0.708661 0 
vn 0.614173 -0.708661 0.354331 
vn 0.708661 -0.708661 0 
vn 0.708661 -0.708661 0 
vn 0.614173 -0.708661 -0.354331 
vn 0.708661 -0.708661 0 
vn 0.614173 -0.708661 -0.354331 
vn 0.614173 -0.708661 -0.354331 
vn 0.354331 -0.708661 -0.614173 
vn 0.614173 -0.708661 -0.354331 
vn 0.354331 -0.708661 -0.614173 
vn 0.354331 -0.708661 -0.614173 
vn 0 -0.708661 -0.708661 
vn 0.354331 -0.708661 -0.614173 
vn 0 -0.708661 -0.708661 
vn 0 -0.708661 -0.708661 
vn -0.354331 -0.708661 -0.614173 
vn 0 -0.708661 -0.708661 
vn -0.354331 -0.708661 -0.614173 
vn -0.354331 -0.708661 -0.614173 
vn -0.614173 -0.708661 -0.354331 
vn -0.354331 -0.708661 -0.614173 
vn -0.614173 -0.708661 -0.354331 
vn -0.614173 -0.708661 -0.354331 
vn -0.708661 -0.708661 0 
vn -0.614173 -0.708661 -0.354331 
vn -0.708661 -0.708661 0 
vn -0.708661 -0.708661 0 
vn -0.614173 -0.708661 0.354331 
vn -0.708661 -0.708661 0 
vn -0.614173 -0.708661 0.354331 
vn -0.614173 -0.708661 0.354331 
vn -0.354331 -0.708661 0.614173 
vn -0.614173 -0.708661 0.354331 
vn -0.354331 -0.708661 0.614173 
vn -0.354331 -0.708661 0.614173 
vn 0 -0.708661 0.708661 
vn -0.354331 -0.708661 0.614173 
vn 0 -0.708661 0.708661 
vn 0 0.708661 0.708661 
vn 0.354331 0.708661 0.614173 
vn 0 0.708661 0.708661 
vn 0.354331 0.708661 0.614173 
vn 0.354331 0.708661 0.614173 
vn 0.614173 0.708661 0.354331 
vn 0.354331 0.708661 0.614173 
vn 0.614173 0.708661 0.354331 
vn 0.614173 0.708661 0.354331 
vn 0.708661 0.708661 0 
vn 0.614173 0.708661 0.354331 
vn 0.708661 0.708661 0 
vn 0.708661 0.708661 0 
vn 0.614173 0.708661 -0.354331 
vn 0.708661 0.708661 0 
vn 0.614173 0.708661 -0.354331 
vn 0.614173 0.708661 -0.354331 
vn 0.354331 0.708661 -0.614173 
vn 0.614173 0.708661 -0.354331 
vn 0.354331 0.708661 -0.614173 
vn 0.354331 0.708661 -0.614173 
vn 0 0.708661 -0.708661 
vn 0.354331 0.708661 -0.614173 
vn 0 0.708661 -0.708661 
vn 0 0.708661 -0.708661 
vn -0.354331 0.708661 -0.614173 
vn 0 0.708661 -0.708661 
vn -0.354331 0.708661 -0.614173 
vn -0.354331 0.708661 -0.614173 
vn -0.614173 0.708661 -0.354331 
vn -0.354331 0.708661 -0.614173 
vn -0.614173 0.708661 -0.354331 
vn -0.614173 0.708661 -0.354331 
vn -0.708661 0.708661 0 
vn -0.614173 0.708661 -0.354331 
vn -0.708661 0.708661 0 
vn -0.708661 0.708661 0 
vn -0.614173 0.708661 0.354331 
vn -0.708661 0.708661 0 
vn -0.614173 0.708661 0.354331 
vn -0.614173 0.708661 0.354331 
vn -0.354331 0.708661 0.614173 
vn -0.614173 0.708661 0.354331 
vn -0.354331 0.708661 0.614173 
vn -0.354331 0.708661 0.614173 
vn 0 0.708661 0.708661 
vn -0.354331 0.708661 0.614173 
vn 0 0.708661 0.708661 
vn 0 -0.708661 0.708661 
vn 0.354331 -0.708661 0.614173 
vn 0 -0.708661 0.708661 
vn 0.354331 -0.708661 0.614173 
vn 0.354331 -0.708661 0.614173 
vn 0.614173 -0.708661 0.354331 
vn 0.354331 -0.708661 0.614173 
vn 0.614173 -0.708661 0.354331 
vn 0.614173 -0.708661 0.354331 
vn 0.708661 -0.708661 0 
vn 0.614173 -0.708661 0.354331 
vn 0.708661 -0.708661 0 
vn 0.708661 -0.708661 0 
vn 0.614173 -0.708661 -0.354331 
vn 0.708661 -0.708661 0 
vn 0.614173 -0.708661 -0.354331 
vn 0.614173 -0.708661 -0.354331 
vn 0.354331 -0.708661 -0.614173 
vn 0.614173 -0.708661 -0.354331 
vn 0.354331 -0.708661 -0.614173 
vn 0.354331 -0.708661 -0.614173 
vn 0 -0.708661 -0.708661 
vn 0.354331 -0.708661 -0.614173 
vn 0 -0.708661 -0.708661 
vn 0 -0.708661 -0.708661 
vn -0.354331 -0.708661 -0.614173 
vn 0 -0.708661 -0.708661 
vn -0.354331 -0.708661 -0.614173 
vn -0.354331 -0.708661 -0.614173 
vn -0.614173 -0.708661 -0.354331 
vn -0.354331 -0.708661 -0.614173 
vn -0.614173 -0.708661 -0.354331 
vn -0.614173 -0.708661 -0.354331 
vn -0.708661 -0.708661 0 
vn -0.614173 -0.708661 -0.354331 
vn -0.708661 -0.708661 0 
vn -0.708661 -0.708661 0 
vn -0.614173 -0.708661 0.354331 
vn -0.708661 -0.708661 0 
vn -0.614173 -0.708661 0.354331 
vn -0.614173 -0.708661 0.354331 
vn -0.354331 -0.708661 0.614173 
vn -0.614173 -0.708661 0.354331 
vn -0.354331 -0.708661 0.614173 
vn -0.354331 -0.708661 0.614173 
vn 0 -0.708661 0.708661 
vn -0.354331 -0.708661 0.614173 
vn 0 -0.708661 0.708661 
vn 0 0.708661 0.708661 
vn 0.354331 0.708661 0.614173 
vn 0 0.708661 0.708661 
vn 0.354331 0.708661 0.614173 
vn 0.354331 0.708661 0.614173 
vn 0.614173 0.708661 0.354331 
vn 0.354331 0.708661 0.614173 
vn 0.614173 0.708661 0.354331 
vn 0.614173 0.708661 0.354331 
vn 0.708661 0.708661 0 
vn 0.614173 0.708661 0.354331 
vn 0.708661 0.708661 0 
vn 0.708661 0.708661 0 
vn 0.614173 0.708661 -0.354331 
vn 0.708661 0.708661 0 
vn 0.614173 0.708661 -0.354331 
vn 0.614173 0.708661 -0.354331 
vn 0.354331 0.708661 -0.614173 
vn 0.614173 0.708661 -0.354331 
vn 0.354331 0.708661 -0.614173 
vn 0.354331 0.708661 -0.614173 
vn 0 0.708661 -0.708661 
vn 0.354331 0.708661 -0.614173 
vn 0 0.708661 -0.708661 
vn 0 0.708661 -0.708661 
vn -0.354331 0.708661 -0.614173 
vn 0 0.708661 -0.708661 
vn -0.354331 0.708661 -0.614173 
vn -0.354331 0.708661 -0.614173 
vn -0.614173 0.708661 -0.354331 
vn -0.354331 0.708661 -0.614173 
vn -0.614173 0.708661 -0.354331 
vn -0.614173 0.708661 -0.354331 
vn -0.708661 0.708661 0 
vn -0.614173 0.708661 -0.354331 
vn -0.708661 0.708661 0 
vn -0.708661 0.708661 0 
vn -0.614173 0.708661 0.354331 
vn -0.708661 0.708661 0 
vn -0.614173 0.708661 0.354331 
vn -0.614173 0.708661 0.354331 
vn -0.354331 0.708661 0.614173 
vn -0.614173 0.708661 0.354331 
vn -0.354331 0.708661 0.614173 
vn -0.354331 0.708661 0.614173 
vn 0 0.708661 0.708661 
vn -0.354331 0.708661 0.614173 
vn 0 0.708661 0.708661 
vn 0 -0.708661 0.708661 
vn 0.354331 -0.708661 0.614173 
vn 0 -0.708661 0.708661 
vn 0.354331 -0.708661 0.614173 
vn 0.354331 -0.708661 0.614173 
vn 0.614173 -0.708661 0.354331 
vn 0.354331 -0.708661 0.614173 
vn 0.614173 -0.708661 0.354331 
vn 0.614173 -0.708661 0.354331 
vn 0.708661 -0.708661 0 
vn 0.614173 -0.708661 0.354331 
vn 0.708661 -0.708661 0 
vn 0.708661 -0.708661 0 
vn 0.614173 -0.708661 -0.354331 
vn 0.708661 -0.708661 0 
vn 0.614173 -0.708661 -0.354331 
vn 0.614173 -0.708661 -0.354331 
vn 0.354331 -0.708661 -0.614173 
vn 0.614173 -0.708661 -0.354331 
vn 0.354331 -0.708661 -0.614173 
vn 0.354331 -0.708661 -0.614173 
vn 0 -0.708661 -0.708661 
vn 0.354331 -0.708661 -0.614173 
vn 0 -0.708661 -0.708661 
vn 0 -0.708661 -0.708661 
vn -0.354331 -0.708661 -0.614173 
vn 0 -0.708661 -0.708661 
vn -0.354331 -0.708661 -0.614173 
vn -0.354331 -0.708661 -0.614173 
vn -0.614173 -0.708661 -0.354331 
vn -0.354331 -0.708661 -0.614173 
vn -0.614173 -0.708661 -0.354331 
vn -0.614173 -0.708661 -0.354331 
vn -0.708661 -0.708661 0 
vn -0.614173 -0.708661 -0.354331 
vn -0.708661 -0.708661 0 
vn -0.708661 -0.708661 0 
vn -0.614173 -0.708661 0.354331 
vn -0.708661 -0.708661 0 
vn -0.614173 -0.708661 0.354331 
vn -0.614173 -0.708661 0.354331 
vn -0.354331 -0.708661 0.614173 
vn -0.614173 -0.708661 0.354331 
vn -0.354331 -0.708661 0.614173 
vn -0.354331 -0.708661 0.614173 
vn 0 -0.708661 0.708661 
vn -0.354331 -0.708661 0.614173 
vn 0 -0.708661 0.708661 
vn 0 0.708661 0.708661 
vn 0.354331 0.708661 0.614173 
vn 0 0.708661 0.708661 
vn 0.354331 0.708661 0.614173 
vn 0.354331 0.708661 0.614173 
vn 0.614173 0.708661 0.354331 
vn 0.354331 0.708661 0.614173 
vn 0.614173 0.708661 0.354331 
vn 0.614173 0.708661 0.354331 
vn 0.708661 0.708661 0 
vn 0.614173 0.708661 0.354331 
vn 0.708661 0.708661 0 
vn 0.708661 0.708661 0 
vn 0.614173 0.708661 -0.354331 
vn 0.708661 0.708661 0 
vn 0.614173 0.708661 -0.354331 
vn 0.614173 0.708661 -0.354331 
vn 0.354331 0.708661 -0.614173 
vn 0.614173 0.708661 -0.354331 
vn 0.354331 0.708661 -0.614173 
vn 0.354331 0.708661 -0.614173 
vn 0 0.708661 -0.708661 
vn 0.354331 0.708661 -0.614173 
vn 0 0.708661 -0.708661 
vn 0 0.708661 -0.708661 
vn -0.354331 0.708661 -0.614173 
vn 0 0.708661 -0.708661 
vn -0.354331 0.708661 -0.614173 
vn -0.354331 0.708661 -0.614173 
vn -0.614173 0.708661 -0.354331 
vn -0.354331 0.708661 -0.614173 
vn -0.614173 0.708661 -0.354331 
vn -0.614173 0.708661 -0.354331 
vn -0.708661 0.708661 0 
vn -0.614173 0.708661 -0.354331 
vn -0.708661 0.708661 0 
vn -0.708661 0.708661 0 
vn -0.614173 0.708661 0.354331 
vn -0.708661 0.708661 0 
vn -0.614173 0.708661 0.354331 
vn -0.614173 0.708661 0.354331 
vn -0.354331 0.708661 0.614173 
vn -0.614173 0.708661 0.354331 
vn -0.354331 0.708661 0.614173 
vn -0.354331 0.708661 0.614173 
vn 0 0.708661 0.708661 
vn -0.354331 0.708661 0.614173 
vn 0 0.708661 0.708661 
vn 0 -0.708661 0.708661 
vn 0.354331 -0.708661 0.614173 
vn 0 -0.708661 0.708661 
vn 0.354331 -0.708661 0.614173 
vn 0.354331 -0.708661 0.614173 
vn 0.614173 -0.708661 0.354331 
vn 0.354331 -0.708661 0.614173 
vn 0.614173 -0.708661 0.354331 
vn 0.614173 -0.708661 0.354331 
vn 0.708661 -0.708661 0 
vn 0.614173 -0.708661 0.354331 
vn 0.708661 -0.708661 0 
vn 0.708661 -0.708661 0 
vn 0.614173 -0.708661 -0.354331 
vn 0.708661 -0.708661 0 
vn 0.614173 -0.708661 -0.354331 
vn 0.614173 -0.708661 -0.354331 
vn 0.354331 -0.708661 -0.614173 
vn 0.614173 -0.708661 -0.354331 
vn 0.354331 -0.708661 -0.614173 
vn 0.354331 -0.708661 -0.614173 
vn 0 -0.708661 -0.708661 
vn 0.354331 -0.708661 -0.614173 
vn 0 -0.708661 -0.708661 
vn 0 -0.708661 -0.708661 
vn -0.354331 -0.708661 -0.614173 
vn 0 -0.708661 -0.708661 
vn -0.354331 -0.708661 -0.614173 
vn -0.354331 -0.708661 -0.614173 
vn -0.614173 -0.708661 -0.354331 
vn -0.354331 -0.708661 -0.614173 
vn -0.614173 -0.708661 -0.354331 
vn -0.614173 -0.708661 -0.354331 
vn -0.708661 -0.708661 0 
vn -0.614173 -0.708661 -0.354331 
vn -0.708661 -0.708661 0 
vn -0.708661 -0.708661 0 
vn -0.614173 -0.708661 0.354331 
vn -0.708661 -0.708661 0 
vn -0.614173 -0.708661 0.354331 
vn -0.614173 -0.708661 0.354331 
vn -0.354331 -0.708661 0.614173 
vn -0.614173 -0.708661 0.354331 
vn -0.354331 -0.708661 0.614173 
vn -0.354331 -0.708661 0.614173 
vn 0 -0.708661 0.708661 
vn -0.354331 -0.708661 0.614173 
vn 0 -0.708661 0.708661 
vn 0 0.708661 0.708661 
vn 0.354331 0.708661 0.614173 
vn 0 0.708661 0.708661 
vn 0.354331 0.708661 0.614173 
vn 0.354331 0.708661 0.614173 
vn 0.614173 0.708661 0.354331 
vn 0.354331 0.708661 0.614173 
vn 0.614173 0.708661 0.354331 
vn 0.614173 0.708661 0.354331 
vn 0.708661 0.708661 0 
vn 0.614173 0.708661 0.354331 
vn 0.708661 0.708661 0 
vn 0.708661 0.708661 0 
vn 0.614173 0.708661 -0.354331 
vn 0.708661 0.708661 0 
vn 0.614173 0.708661 -0.354331 
vn 0.614173 0.708661 -0.354331 
vn 0.354331 0.708661 -0.614173 
vn 0.614173 0.708661 -0.354331 
vn 0.354331 0.708661 -0.614173 
vn 0.354331 0.708661 -0.614173 
vn 0 0.708661 -0.708661 
vn 0.354331 0.708661 -0.614173 
vn 0 0.708661 -0.708661 
vn 0 0.708661 -0.708661 
vn -0.354331 0.708661 -0.614173 
vn 0 0.708661 -0.708661 
vn -0.354331 0.708661 -0.614173 
vn -0.354331 0.708661 -0.614173 
vn -0.614173 0.708661 -0.354331 
vn -0.354331 0.708661 -0.614173 
vn -0.614173 0.708661 -0.354331 
vn -0.614173 0.708661 -0.354331 
vn -0.708661 0.708661 0 
vn -0.614173 0.708661 -0.354331 
vn -0.708661 0.708661 0 
vn -0.708661 0.708661 0 
vn -0.614173 0.708661 0.354331 
vn -0.708661 0.708661 0 
vn -0.614173 0.708661 0.354331 
vn -0.614173 0.708661 0.354331 
vn -0.354331 0.708661 0.614173 
vn -0.614173 0.708661 0.354331 
vn -0.354331 0.708661 0.614173 
vn -0.354331 0.708661 0.614173 
vn 0 0.708661 0.708661 
vn -0.354331 0.708661 0.614173 
vn 0 0.708661 0.708661 
vn 0 -0.708661 0.708661 
vn 0.354331 -0.708661 0.614173 
vn 0 -0.708661 0.708661 
vn 0.354331 -0.708661 0.614173 
vn 0.354331 -0.708661 0.614173 
vn 0.614173 -0.708661 0.354331 
vn 0.354331 -0.708661 0.614173 
vn 0.614173 -0.708661 0.354331 
vn 0.614173 -0.708661 0.354331 
vn 0.708661 -0.708661 0 
vn 0.614173 -0.708661 0.354331 
vn 0.708661 -0.708661 0 
vn 0.708661 -0.708661 0 
vn 0.614173 -0.708661 -0.354331 
vn 0.708661 -0.708661 0 
vn 0.614173 -0.708661 -0.354331 
vn 0.614173 -0.708661 -0.354331 
vn 0.354331 -0.708661 -0.614173 
vn 0.614173 -0.708661 -0.354331 
vn 0.354331 -0.708661 -0.614173 
vn 0.354331 -0.708661 -0.614173 
vn 0 -0.708661 -0.708661 
vn 0.354331 -0.708661 -0.614173 
vn 0 -0.708661 -0.708661 
vn 0 -0.708661 -0.708661 
vn -0.354331 -0.708661 -0.614173 
vn 0 -0.708661 -0.708661 
vn -0.354331 -0.708661 -0.614173 
vn -0.354331 -0.708661 -0.614173 
vn -0.614173 -0.708661 -0.354331 
vn -0.354331 -0.708661 -0.614173 
vn -0.614173 -0.708661 -0.354331 
vn -0.614173 -0.708661 -0.354331 
vn -0.708661 -0.708661 0 
vn -0.614173 -0.708661 -0.354331 
vn -0.708661 -0.708661 0 
vn -0.708661 -0.708661 0 
vn -0.614173 -0.708661 0.354331 
vn -0.708661 -0.708661 0 
vn -0.614173 -0.708661 0.354331 
vn -0.614173 -0.708661 0.354331 
vn -0.354331 -0.708661 0.614173 
vn -0.614173 -0.708661 0.354331 
vn -0.354331 -0.708661 0.614173 
vn -0.354331 -0.708661 0.614173 
vn 0 -0.708661 0.708661 
vn -0.354331 -0.708661 0.614173 
vn 0 -0.708661 0.708661 
vn 0 0.708661 0.708661 
vn 0.354331 0.708661 0.614173 
vn 0 0.708661 0.708661 
vn 0.354331 0.708661 0.614173 
vn 0.354331 0.708661 0.614173 
vn 0.614173 0.708661 0.354331 
vn 0.354331 0.708661 0.614173 
vn 0.614173 0.708661 0.354331 
vn 0.614173 0.708661 0.354331 
vn 0.708661 0.708661 0 
vn 0.614173 0.708661 0.354331 
vn 0.708661 0.708661 0 
vn 0.708661 0.708661 0 
vn 0.614173 0.708661 -0.354331 
vn 0.708661 0.708661 0 
vn 0.614173 0.708661 -0.354331 
vn 0.614173 0.708661 -0.354331 
vn 0.354331 0.708661 -0.614173 
vn 0.614173 0.708661 -0.354331 
vn 0.354331 0.708661 -0.614173 
vn 0.354331 0.708661 -0.614173 
vn 0 0.708661 -0.708661 
vn 0.354331 0.708661 -0.614173 
vn 0 0.708661 -0.708661 
vn 0 0.708661 -0.708661 
vn -0.354331 0.708661 -0.614173 
vn 0 0.708661 -0.708661 
vn -0.354331 0.708661 -0.614173 
vn -0.354331 0.708661 -0.614173 
vn -0.614173 0.708661 -0.354331 
vn -0.354331 0.708661 -0.614173 
vn -0.614173 0.708661 -0.354331 
vn -0.614173 0.708661 -0.354331 
vn -0.708661 0.708661 0 
vn -0.614173 0.708661 -0.354331 
vn -0.708661 0.708661 0 
vn -0.708661 0.708661 0 
vn -0.614173 0.708661 0.354331 
vn -0.708661 0.708661 0 
vn -0.614173 0.708661 0.354331 
vn -0.614173 0.708661 0.354331 
vn -0.354331 0.708661 0.614173 
vn -0.614173 0.708661 0.354331 
vn -0.354331 0.708661 0.614173 
vn -0.354331 0.708661 0.614173 
vn 0 0.708661 0.708661 
vn -0.354331 0.708661 0.614173 
vn 0 0.708661 0.708661 
vn 0 -0.708661 0.708661 
vn 0.354331 -0.708661 0.614173 
vn 0 -0.708661 0.708661 
vn 0.354331 -0.708661 0.614173 
vn 0.354331 -0.708661 0.614173 
vn 0.614173 -0.708661 0.354331 
vn 0.354331 -0.708661 0.614173 
vn 0.614173 -0.708661 0.354331 
vn 0.614173 -0.708661 0.354331 
vn 0.708661 -0.708661 0 
vn 0.614173 -0.708661 0.354331 
vn 0.708661 -0.708661 0 
vn 0.708661 -0.708661 0 
vn 0.614173 -0.708661 -0.354331 
vn 0.708661 -0.708661 0 
vn 0.614173 -0.708661 -0.354331 
vn 0.614173 -0.708661 -0.354331 
vn 0.354331 -0.708661 -0.614173 
vn 0.614173 -0.708661 -0.354331 
vn 0.354331 -0.708661 -0.614173 
vn 0.354331 -0.708661 -0.614173 
vn 0 -0.708661 -0.708661 
vn 0.354331 -0.708661 -0.614173 
vn 0 -0.708661 -0.708661 
vn 0 -0.708661 -0.708661 
vn -0.354331 -0.708661 -0.614173 
vn 0 -0.708661 -0.708661 
vn -0.354331 -0.708661 -0.614173 
vn -0.354331 -0.708661 -0.614173 
vn -0.614173 -0.708661 -0.354331 
vn -0.354331 -0.708661 -0.614173 
vn -0.614173 -0.708661 -0.354331 
vn -0.614173 -0.708661 -0.354331 
vn -0.708661 -0.708661 0 
vn -0.614173 -0.708661 -0.354331 
vn -0.708661 -0.708661 0 
vn -0.708661 -0.708661 0 
vn -0.614173 -0.708661 0.354331 
vn -0.708661 -0.708661 0 
vn -0.614173 -0.708661 0.354331 
vn -0.614173 -0.708661 0.354331 
vn -0.354331 -0.708661 0.614173 
vn -0.614173 -0.708661 0.354331 
vn -0.354331 -0.708661 0.614173 
vn -0.354331 -0.708661 0.614173 
vn 0 -0.708661 0.708661 
vn -0.354331 -0.708661 0.614173 
vn 0 -0.708661 0.708661 
vn 0 0.708661 0.708661 
vn 0.354331 0.708661 0.614173 
vn 0 0.708661 0.708661 
vn 0.354331 0.708661 0.614173 
vn 0.354331 0.708661 0.614173 
vn 0.614173 0.708661 0.354331 
vn 0.354331 0.708661 0.614173 
vn 0.614173 0.708661 0.354331 
vn 0.614173 0.708661 0.354331 
vn 0.708661 0.708661 0 
vn 0.614173 0.708661 0.354331 
vn 0.708661 0.708661 0 
vn 0.708661 0.708661 0 
vn 0.614173 0.708661 -0.354331 
vn 0.708661 0.708661 0 
vn 0.614173 0.708661 -0.354331 
vn 0.614173 0.708661 -0.354331 
vn 0.354331 0.708661 -0.614173 
vn 0.614173 0.708661 -0.354331 
vn 0.354331 0.708661 -0.614173 
vn 0.354331 0.708661 -0.614173 
vn 0 0.708661 -0.708661 
vn 0.354331 0.708661 -0.614173 
vn 0 0.708661 -0.708661 
vn 0 0.708661 -0.708661 
vn -0.354331 0.708661 -0.614173 
vn 0 0.708661 -0.708661 
vn -0.354331 0.708661 -0.614173 
vn -0.354331 0.708661 -0.614173 
vn -0.614173 0.708661 -0.354331 
vn -0.354331 0.708661 -0.614173 
vn -0.614173 0.708661 -0.354331 
vn -0.614173 0.708661 -0.354331 
vn -0.708661 0.708661 0 
vn -0.614173 0.708661 -0.354331 
vn -0.708661 0.708661 0 
vn -0.708661 0.708661 0 
vn -0.614173 0.708661 0.354331 
vn -0.708661 0.708661 0 
vn -0.614173 0.708661 0.354331 
vn -0.614173 0.708661 0.354331 
vn -0.354331 0.708661 0.614173 
vn -0.614173 0.708661 0.354331 
vn -0.354331 0.708661 0.614173 
vn -0.354331 0.708661 0.614173 
vn 0 0.708661 0.708661 
vn -0.354331 0.708661 0.614173 
vn 0 0.708661 0.708661 
vn 0 -0.708661 0.708661 
vn 0.354331 -0.708661 0.614173 
vn 0 -0.708661 0.708661 
vn 0.354331 -0.708661 0.614173 
vn 0.354331 -0.708661 0.614173 
vn 0.614173 -0.708661 0.354331 
vn 0.354331 -0.708661 0.614173 
vn 0.614173 -0.708661 0.354331 
vn 0.614173 -0.708661 0.354331 
vn 0.708661 -0.708661 0 
vn 0.614173 -0.708661 0.354331 
vn 0.708661 -0.708661 0 
vn 0.708661 -0.708661 0 
vn 0.614173 -0.708661 -0.354331 
vn 0.708661 -0.708661 0 
vn 0.614173 -0.708661 -0.354331 
vn 0.614173 -0.708661 -0.354331 
vn 0.354331 -0.708661 -0.614173 
vn 0.614173 -0.708661 -0.354331 
vn 0.354331 -0.708661 -0.614173 
vn 0.354331 -0.708661 -0.614173 
vn 0 -0.708661 -0.708661 
vn 0.354331 -0.708661 -0.614173 
vn 0 -0.708661 -0.708661 
vn 0 -0.708661 -0.708661 
vn -0.354331 -0.708661 -0.614173 
vn 0 -0.708661 -0.708661 
vn -0.354331 -0.708661 -0.614173 
vn -0.354331 -0.708661 -0.614173 
vn -0.614173 -0.708661 -0.354331 
vn -0.354331 -0.708661 -0.614173 
vn -0.614173 -0.708661 -0.354331 
vn -0.614173 -0.708661 -0.354331 
vn -0.708661 -0.708661 0 
vn -0.614173 -0.708661 -0.354331 
vn -0.708661 -0.708661 0 
vn -0.708661 -0.708661 0 
vn -0.614173 -0.708661 0.354331 
vn -0.708661 -0.708661 0 
vn -0.614173 -0.708661 0.354331 
vn -0.614173 -0.708661 0.354331 
vn -0.354331 -0.708661 0.614173 
vn -0.614173 -0.708661 0.354331 
vn -0.354331 -0.708661 0.614173 
vn -0.354331 -0.708661 0.614173 
vn 0 -0.708661 0.708661 
vn -0.354331 -0.708661 0.614173 
vn 0 -0.708661 0.708661 
vn 0 0.708661 0.708661 
vn 0.354331 0.708661 0.614173 
vn 0 0.708661 0.708661 
vn 0.354331 0.708661 0.614173 
vn 0.354331 0.708661 0.614173 
vn 0.614173 0.708661 0.354331 
vn 0.354331 0.708661 0.614173 
vn 0.614173 0.708661 0.354331 
vn 0.614173 0.708661 0.354331 
vn 0.708661 0.708661 0 
vn 0.614173 0.708661 0.354331 
vn 0.708661 0.708661 0 
vn 0.708661 0.708661 0 
vn 0.614173 0.708661 -0.354331 
vn 0.708661 0.708661 0 
vn 0.614173 0.708661 -0.354331 
vn 0.614173 0.708661 -0.354331 
vn 0.354331 0.708661 -0.614173 
vn 0.614173 0.708661 -0.354331 
vn 0.354331 0.708661 -0.614173 
vn 0.354331 0.708661 -0.614173 
vn 0 0.708661 -0.708661 
vn 0.354331 0.708661 -0.614173 
vn 0 0.708661 -0.708661 
vn 0 0.708661 -0.708661 
vn -0.354331 0.708661 -0.614173 
vn 0 0.708661 -0.708661 
vn -0.354331 0.708661 -0.614173 
vn -0.354331 0.708661 -0.614173 
vn -0.614173 0.708661 -0.354331 
vn -0.354331 0.708661 -0.614173 
vn -0.614173 0.708661 -0.354331 
vn -0.614173 0.708661 -0.354331 
vn -0.708661 0.708661 0 
vn -0.614173 0.708661 -0.354331 
vn -0.708661 0.708661 0 
vn -0.708661 0.708661 0 
vn -0.614173 0.708661 0.354331 
vn -0.708661 0.708661 0 
vn -0.614173 0.708661 0.354331 
vn -0.614173 0.708661 0.354331 
vn -0.354331 0.708661 0.614173 
vn -0.614173 0.708661 0.354331 
vn -0.354331 0.708661 0.614173 
vn -0.354331 0.708661 0.614173 
vn 0 0.708661 0.708661 
vn -0.354331 0.708661 0.614173 
vn 0 0.708661 0.708661 
vn 0 -0.385827 0.92126 
vn 0.464567 -0.385827 0.795276 
vn 0 -0.708661 0.708661 
vn 0.354331 -0.708661 0.614173 
vn 0.464567 -0.385827 0.795276 
vn 0.795276 -0.385827 0.464567 
vn 0.354331 -0.708661 0.614173 
vn 0.614173 -0.708661 0.354331 
vn 0.795276 -0.385827 0.464567 
vn 0.92126 -0.385827 0 
vn 0.614173 -0.708661 0.354331 
vn 0.708661 -0.708661 0 
vn 0.92126 -0.385827 0 
vn 0.795276 -0.385827 -0.464567 
vn 0.708661 -0.708661 0 
vn 0.614173 -0.708661 -0.354331 
vn 0.795276 -0.385827 -0.464567 
vn 0.464567 -0.385827 -0.795276 
vn 0.614173 -0.708661 -0.354331 
vn 0.354331 -0.708661 -0.614173 
vn 0.464567 -0.385827 -0.795276 
vn 0 -0.385827 -0.92126 
vn 0.354331 -0.708661 -0.614173 
vn 0 -0.708661 -0.708661 
vn 0 -0.385827 -0.92126 
vn -0.464567 -0.385827 -0.795276 
vn 0 -0.708661 -0.708661 
vn -0.354331 -0.708661 -0.614173 
vn -0.464567 -0.385827 -0.795276 
vn -0.795276 -0.385827 -0.464567 
vn -0.354331 -0.708661 -0.614173 
vn -0.614173 -0.708661 -0.354331 
vn -0.795276 -0.385827 -0.464567 
vn -0.92126 -0.385827 0 
vn -0.614173 -0.708661 -0.354331 
vn -0.708661 -0.708661 0 
vn -0.92126 -0.385827 0 
vn -0.795276 -0.385827 0.464567 
vn -0.708661 -0.708661 0 
vn -0.614173 -0.708661 0.354331 
vn -0.795276 -0.385827 0.464567 
vn -0.464567 -0.385827 0.795276 
vn -0.614173 -0.708661 0.354331 
vn -0.354331 -0.708661 0.614173 
vn -0.464567 -0.385827 0.795276 
vn 0 -0.385827 0.92126 
vn -0.354331 -0.708661 0.614173 
vn 0 -0.708661 0.708661 
vn 0 0 1 
vn 0.496063 0 0.866142 
vn 0 -0.385827 0.92126 
vn 0.496063 0 0.866142 
vn 0.866142 0 0.496063 
vn 0.464567 -0.385827 0.795276 
vn 0.866142 0 0.496063 
vn 1 0 0 
vn 0.795276 -0.385827 0.464567 
vn 1 0 0 
vn 0.866142 0 -0.496063 
vn 0.92126 -0.385827 0 
vn 0.866142 0 -0.496063 
vn 0.496063 0 -0.866142 
vn 0.795276 -0.385827 -0.464567 
vn 0.496063 0 -0.866142 
vn 0 0 -1 
vn 0.464567 -0.385827 -0.795276 
vn 0 0 -1 
vn -0.496063 0 -0.866142 
vn 0 -0.385827 -0.92126 
vn -0.496063 0 -0.866142 
vn -0.866142 0 -0.496063 
vn -0.464567 -0.385827 -0.795276 
vn -0.866142 0 -0.496063 
vn -1 0 0 
vn -0.795276 -0.385827 -0.464567 
vn -1 0 0 
vn -0.866142 0 0.496063 
vn -0.92126 -0.385827 0 
vn -0.866142 0 0.496063 
vn -0.496063 0 0.866142 
vn -0.795276 -0.385827 0.464567 
vn -0.496063 0 0.866142 
vn 0 0 1 
vn -0.464567 -0.385827 0.795276 
vn 0 0 -1 
vn 0 0 -1 
vn 0 0 -1 
vn 0 0 -1 
vn 0 0 -1 
vn 0 0 -1 
vn 0 0 -1 
vn 0 0 -1 
vn 0 0 -1 
vn 0 0 -1 
vn 0 0 -1 
vn 0 0 -1 
vn 0 0.228346 0.976378 
vn 0.488189 0.228346 0.84252 
vn 0 0.448819 0.897638 
vn 0.448819 0.448819 0.771654 
vn 0.488189 0.228346 0.84252 
vn 0.84252 0.228346 0.488189 
vn 0.448819 0.448819 0.771654 
vn 0.771654 0.448819 0.448819 
vn 0.84252 0.228346 0.488189 
vn 0.976378 0.228346 0 
vn 0.771654 0.448819 0.448819 
vn 0.897638 0.448819 0 
vn 0.976378 0.228346 0 
vn 0.84252 0.228346 -0.488189 
vn 0.897638 0.448819 0 
vn 0.771654 0.448819 -0.448819 
vn 0.84252 0.228346 -0.488189 
vn 0.488189 0.228346 -0.84252 
vn 0.771654 0.448819 -0.448819 
vn 0.448819 0.448819 -0.771654 
vn 0.488189 0.228346 -0.84252 
vn 0 0.228346 -0.976378 
vn 0.448819 0.448819 -0.771654 
vn 0 0.448819 -0.897638 
vn 0 0.228346 -0.976378 
vn -0.488189 0.228346 -0.84252 
vn 0 0.448819 -0.897638 
vn -0.448819 0.448819 -0.771654 
vn -0.488189 0.228346 -0.84252 
vn -0.84252 0.228346 -0.488189 
vn -0.448819 0.448819 -0.771654 
vn -0.771654 0.448819 -0.448819 
vn -0.84252 0.228346 -0.488189 
vn -0.976378 0.228346 0 
vn -0.771654 0.448819 -0.448819 
vn -0.897638 0.448819 0 
vn -0.976378 0.228346 0 
vn -0.84252 0.228346 0.488189 
vn -0.897638 0.448819 0 
vn -0.771654 0.448819 0.448819 
vn -0.84252 0.228346 0.488189 
vn -0.488189 0.228346 0.84252 
vn -0.771654 0.448819 0.448819 
vn -0.448819 0.448819 0.771654 
vn -0.488189 0.228346 0.84252 
vn 0 0.228346 0.976378 
vn -0.448819 0.448819 0.771654 
vn 0 0.448819 0.897638 
vn 0 0.228346 0.976378 
vn 0.480315 0.267717 0.834646 
vn 0 0.267717 0.96063 
vn 0.488189 0.228346 0.84252 
vn 0.834646 0.267717 0.480315 
vn 0.480315 0.267717 0.834646 
vn 0.84252 0.228346 0.488189 
vn 0.96063 0.267717 0 
vn 0.834646 0.267717 0.480315 
vn 0.976378 0.228346 0 
vn 0.834646 0.267717 -0.480315 
vn 0.96063 0.267717 0 
vn 0.84252 0.228346 -0.488189 
vn 0.480315 0.267717 -0.834646 
vn 0.834646 0.267717 -0.480315 
vn 0.488189 0.228346 -0.84252 
vn 0 0.267717 -0.96063 
vn 0.480315 0.267717 -0.834646 
vn 0 0.228346 -0.976378 
vn -0.480315 0.267717 -0.834646 
vn 0 0.267717 -0.96063 
vn -0.488189 0.228346 -0.84252 
vn -0.834646 0.267717 -0.480315 
vn -0.480315 0.267717 -0.834646 
vn -0.84252 0.228346 -0.488189 
vn -0.96063 0.267717 0 
vn -0.834646 0.267717 -0.480315 
vn -0.976378 0.228346 0 
vn -0.834646 0.267717 0.480315 
vn -0.96063 0.267717 0 
vn -0.84252 0.228346 0.488189 
vn -0.480315 0.267717 0.834646 
vn -0.834646 0.267717 0.480315 
vn -0.488189 0.228346 0.84252 
vn 0 0.267717 0.96063 
vn -0.480315 0.267717 0.834646 
vn 0 0 -1 
vn -0.96063 0.291339 0 
vn -0.984252 0.181102 0 
vn -0.96063 0.291339 0 
vn -0.984252 0.181102 0 
vn 0.826772 0.291339 -0.480315 
vn 0.850394 0.181102 -0.488189 
vn 0.826772 0.291339 -0.480315 
vn 0.850394 0.181102 -0.488189 
vn 0.244094 0.330709 0.913386 
vn 0.480315 0.267717 0.834646 
vn 0.244094 0.330709 0.913386 
vn -0.826772 0.291339 0.480315 
vn -0.850394 0.181102 0.488189 
vn -0.826772 0.291339 0.480315 
vn -0.850394 0.181102 0.488189 
vn 0.480315 0.291339 -0.826772 
vn 0.488189 0.181102 -0.850394 
vn 0.480315 0.291339 -0.826772 
vn 0.488189 0.181102 -0.850394 
vn 0.669291 0.330709 0.669291 
vn 0.834646 0.267717 0.480315 
vn 0.669291 0.330709 0.669291 
vn -0.480315 0.291339 0.826772 
vn -0.488189 0.181102 0.850394 
vn -0.480315 0.291339 0.826772 
vn -0.488189 0.181102 0.850394 
vn 0 0.291339 -0.96063 
vn 0 0.181102 -0.984252 
vn 0 0.291339 -0.96063 
vn 0 0.181102 -0.984252 
vn 0.913386 0.330709 0.244094 
vn 0.96063 0.267717 0 
vn 0.913386 0.330709 0.244094 
vn 0 0.291339 0.96063 
vn 0 0.181102 0.984252 
vn 0 0.291339 0.96063 
vn 0 0.181102 0.984252 
vn -0.480315 0.291339 -0.826772 
vn -0.488189 0.181102 -0.850394 
vn -0.480315 0.291339 -0.826772 
vn -0.488189 0.181102 -0.850394 
vn 0.913386 0.330709 -0.244094 
vn 0.834646 0.267717 -0.480315 
vn 0.913386 0.330709 -0.244094 
vn 0.480315 0.291339 0.826772 
vn 0.488189 0.181102 0.850394 
vn 0.480315 0.291339 0.826772 
vn 0.488189 0.181102 0.850394 
vn -0.826772 0.291339 -0.480315 
vn -0.850394 0.181102 -0.488189 
vn -0.826772 0.291339 -0.480315 
vn -0.850394 0.181102 -0.488189 
vn 0.669291 0.330709 -0.669291 
vn 0.480315 0.267717 -0.834646 
vn 0.669291 0.330709 -0.669291 
vn 0.826772 0.291339 0.480315 
vn 0.850394 0.181102 0.488189 
vn 0.826772 0.291339 0.480315 
vn 0.850394 0.181102 0.488189 
vn -0.96063 0.291339 0 
vn -0.984252 0.181102 0 
vn -0.96063 0.291339 0 
vn -0.984252 0.181102 0 
vn 0.244094 0.330709 -0.913386 
vn 0 0.267717 -0.96063 
vn 0.244094 0.330709 -0.913386 
vn 0.96063 0.291339 0 
vn 0.984252 0.181102 0 
vn 0.96063 0.291339 0 
vn 0.984252 0.181102 0 
vn -0.826772 0.291339 0.480315 
vn -0.850394 0.181102 0.488189 
vn -0.826772 0.291339 0.480315 
vn -0.850394 0.181102 0.488189 
vn -0.244094 0.330709 -0.913386 
vn -0.480315 0.267717 -0.834646 
vn -0.244094 0.330709 -0.913386 
vn 0.826772 0.291339 -0.480315 
vn 0.850394 0.181102 -0.488189 
vn 0.826772 0.291339 -0.480315 
vn 0.850394 0.181102 -0.488189 
vn -0.480315 0.291339 0.826772 
vn -0.488189 0.181102 0.850394 
vn -0.480315 0.291339 0.826772 
vn -0.488189 0.181102 0.850394 
vn -0.669291 0.330709 -0.669291 
vn -0.834646 0.267717 -0.480315 
vn -0.669291 0.330709 -0.669291 
vn 0.480315 0.291339 -0.826772 
vn 0.488189 0.181102 -0.850394 
vn 0.480315 0.291339 -0.826772 
vn 0.488189 0.181102 -0.850394 
vn 0 0.291339 0.96063 
vn 0 0.181102 0.984252 
vn 0 0.291339 0.96063 
vn 0 0.181102 0.984252 
vn -0.913386 0.330709 -0.244094 
vn -0.96063 0.267717 0 
vn -0.913386 0.330709 -0.244094 
vn 0 0.291339 -0.96063 
vn 0 0.181102 -0.984252 
vn 0 0.291339 -0.96063 
vn 0 0.181102 -0.984252 
vn 0.480315 0.291339 0.826772 
vn 0.488189 0.181102 0.850394 
vn 0.480315 0.291339 0.826772 
vn 0.488189 0.181102 0.850394 
vn -0.913386 0.330709 0.244094 
vn -0.834646 0.267717 0.480315 
vn -0.913386 0.330709 0.244094 
vn -0.480315 0.291339 -0.826772 
vn -0.488189 0.181102 -0.850394 
vn -0.480315 0.291339 -0.826772 
vn -0.488189 0.181102 -0.850394 
vn 0.826772 0.291339 0.480315 
vn 0.850394 0.181102 0.488189 
vn 0.826772 0.291339 0.480315 
vn 0.850394 0.181102 0.488189 
vn -0.669291 0.330709 0.669291 
vn -0.480315 0.267717 0.834646 
vn -0.669291 0.330709 0.669291 
vn -0.826772 0.291339 -0.480315 
vn -0.850394 0.181102 -0.488189 
vn -0.826772 0.291339 -0.480315 
vn -0.850394 0.181102 -0.488189 
vn 0.96063 0.291339 0 
vn 0.984252 0.181102 0 
vn 0.96063 0.291339 0 
vn 0.984252 0.181102 0 
vn -0.244094 0.330709 0.913386 
vn 0 0.267717 0.96063 
vn -0.244094 0.330709 0.913386 
vn -0.984252 0.181102 0 
vn -1 0.0787402 0 
vn -0.984252 0.181102 0 
vn -1 0.0787402 0 
vn 0.850394 0.181102 -0.488189 
vn 0.866142 0.0787402 -0.496063 
vn 0.850394 0.181102 -0.488189 
vn 0.866142 0.0787402 -0.496063 
vn 0.244094 0.330709 0.913386 
vn 0.251969 0.149606 0.952756 
vn 0.244094 0.330709 0.913386 
vn 0.251969 0.149606 0.952756 
vn 0 1 0 
vn 0 1 0 
vn 0 1 0 
vn -0.850394 0.181102 0.488189 
vn -0.866142 0.0787402 0.496063 
vn -0.850394 0.181102 0.488189 
vn -0.866142 0.0787402 0.496063 
vn 0.488189 0.181102 -0.850394 
vn 0.496063 0.0787402 -0.866142 
vn 0.488189 0.181102 -0.850394 
vn 0.496063 0.0787402 -0.866142 
vn 0.669291 0.330709 0.669291 
vn 0.700787 0.149606 0.700787 
vn 0.669291 0.330709 0.669291 
vn 0.700787 0.149606 0.700787 
vn 0 1 0 
vn 0 1 0 
vn 0 1 0 
vn -0.488189 0.181102 0.850394 
vn -0.496063 0.0787402 0.866142 
vn -0.488189 0.181102 0.850394 
vn -0.496063 0.0787402 0.866142 
vn 0 0.181102 -0.984252 
vn 0 0.0787402 -1 
vn 0 0.181102 -0.984252 
vn 0 0.0787402 -1 
vn 0.913386 0.330709 0.244094 
vn 0.952756 0.149606 0.251969 
vn 0.913386 0.330709 0.244094 
vn 0.952756 0.149606 0.251969 
vn 0 1 0 
vn 0 1 0 
vn 0 1 0 
vn 0 0.181102 0.984252 
vn 0 0.0787402 1 
vn 0 0.181102 0.984252 
vn 0 0.0787402 1 
vn -0.488189 0.181102 -0.850394 
vn -0.496063 0.0787402 -0.866142 
vn -0.488189 0.181102 -0.850394 
vn -0.496063 0.0787402 -0.866142 
vn 0.913386 0.330709 -0.244094 
vn 0.952756 0.149606 -0.251969 
vn 0.913386 0.330709 -0.244094 
vn 0.952756 0.149606 -0.251969 
vn 0 1 0 
vn 0 1 0 
vn 0 1 0 
vn 0.488189 0.181102 0.850394 
vn 0.496063 0.0787402 0.866142 
vn 0.488189 0.181102 0.850394 
vn 0.496063 0.0787402 0.866142 
vn -0.850394 0.181102 -0.488189 
vn -0.866142 0.0787402 -0.496063 
vn -0.850394 0.181102 -0.488189 
vn -0.866142 0.0787402 -0.496063 
vn 0.669291 0.330709 -0.669291 
vn 0.700787 0.149606 -0.700787 
vn 0.669291 0.330709 -0.669291 
vn 0.700787 0.149606 -0.700787 
vn 0 1 0 
vn 0 1 0 
vn 0 1 0 
vn 0.850394 0.181102 0.488189 
vn 0.866142 0.0787402 0.496063 
vn 0.850394 0.181102 0.488189 
vn 0.866142 0.0787402 0.496063 
vn -0.984252 0.181102 0 
vn -1 0.0787402 0 
vn -0.984252 0.181102 0 
vn -1 0.0787402 0 
vn 0.244094 0.330709 -0.913386 
vn 0.251969 0.149606 -0.952756 
vn 0.244094 0.330709 -0.913386 
vn 0.251969 0.149606 -0.952756 
vn 0 1 0 
vn 0 1 0 
vn 0 1 0 
vn 0.984252 0.181102 0 
vn 1 0.0787402 0 
vn 0.984252 0.181102 0 
vn 1 0.0787402 0 
vn -0.850394 0.181102 0.488189 
vn -0.866142 0.0787402 0.496063 
vn -0.850394 0.181102 0.488189 
vn -0.866142 0.0787402 0.496063 
vn -0.244094 0.330709 -0.913386 
vn -0.251969 0.149606 -0.952756 
vn -0.244094 0.330709 -0.913386 
vn -0.251969 0.149606 -0.952756 
vn 0 1 0 
vn 0 1 0 
vn 0 1 0 
vn 0.850394 0.181102 -0.488189 
vn 0.866142 0.0787402 -0.496063 
vn 0.850394 0.181102 -0.488189 
vn 0.866142 0.0787402 -0.496063 
vn -0.488189 0.181102 0.850394 
vn -0.496063 0.0787402 0.866142 
vn -0.488189 0.181102 0.850394 
vn -0.496063 0.0787402 0.866142 
vn -0.669291 0.330709 -0.669291 
vn -0.700787 0.149606 -0.700787 
vn -0.669291 0.330709 -0.669291 
vn -0.700787 0.149606 -0.700787 
vn 0 1 0 
vn 0 1 0 
vn 0 1 0 
vn 0.488189 0.181102 -0.850394 
vn 0.496063 0.0787402 -0.866142 
vn 0.488189 0.181102 -0.850394 
vn 0.496063 0.0787402 -0.866142 
vn 0 0.181102 0.984252 
vn 0 0.0787402 1 
vn 0 0.181102 0.984252 
vn 0 0.0787402 1 
vn -0.913386 0.330709 -0.244094 
vn -0.952756 0.149606 -0.251969 
vn -0.913386 0.330709 -0.244094 
vn -0.952756 0.149606 -0.251969 
vn 0 1 0 
vn 0 1 0 
vn 0 1 0 
vn 0 0.181102 -0.984252 
vn 0 0.0787402 -1 
vn 0 0.181102 -0.984252 
vn 0 0.0787402 -1 
vn 0.488189 0.181102 0.850394 
vn 0.496063 0.0787402 0.866142 
vn 0.488189 0.181102 0.850394 
vn 0.496063 0.0787402 0.866142 
vn -0.913386 0.330709 0.244094 
vn -0.952756 0.149606 0.251969 
vn -0.913386 0.330709 0.244094 
vn -0.952756 0.149606 0.251969 
vn 0 1 0 
vn 0 1 0 
vn 0 1 0 
vn -0.488189 0.181102 -0.850394 
vn -0.496063 0.0787402 -0.866142 
vn -0.488189 0.181102 -0.850394 
vn -0.496063 0.0787402 -0.866142 
vn 0.850394 0.181102 0.488189 
vn 0.866142 0.0787402 0.496063 
vn 0.850394 0.181102 0.488189 
vn 0.866142 0.0787402 0.496063 
vn -0.669291 0.330709 0.669291 
vn -0.700787 0.149606 0.700787 
vn -0.669291 0.330709 0.669291 
vn -0.700787 0.149606 0.700787 
vn 0 1 0 
vn 0 1 0 
vn 0 1 0 
vn -0.850394 0.181102 -0.488189 
vn -0.866142 0.0787402 -0.496063 
vn -0.850394 0.181102 -0.488189 
vn -0.866142 0.0787402 -0.496063 
vn 0.984252 0.181102 0 
vn 1 0.0787402 0 
vn 0.984252 0.181102 0 
vn 1 0.0787402 0 
vn -0.244094 0.330709 0.913386 
vn -0.251969 0.149606 0.952756 
vn -0.244094 0.330709 0.913386 
vn -0.251969 0.149606 0.952756 
vn 0 1 0 
vn 0 1 0 
vn 0 1 0 

vt 0.90718 0.65671 
vt 0.90718 0.67644 
vt 0.8179 0.65671 
vt 0.8179 0.67644 
vt 0.90718 0.73034 
vt 0.8179 0.73034 
vt 0.90718 0.80398 
vt 0.8179 0.80398 
vt 0.90718 0.87761 
vt 0.8179 0.87761 
vt 0.90718 0.93151 
vt 0.8179 0.93151 
vt 0.90718 0.95124 
vt 0.8179 0.95124 
vt 0.90718 0.93151 
vt 0.8179 0.93151 
vt 0.90718 0.87761 
vt 0.8179 0.87761 
vt 0.90718 0.80398 
vt 0.8179 0.80398 
vt 0.90718 0.73034 
vt 0.8179 0.73034 
vt 0.90718 0.67644 
vt 0.8179 0.67644 
vt 0.72861 0.65671 
vt 0.72861 0.67644 
vt 0.72861 0.73034 
vt 0.72861 0.80398 
vt 0.72861 0.87761 
vt 0.72861 0.93151 
vt 0.72861 0.95124 
vt 0.72861 0.93151 
vt 0.72861 0.87761 
vt 0.72861 0.80398 
vt 0.72861 0.73034 
vt 0.72861 0.67644 
vt 0.08389 0.76742 
vt 0.09173 0.68714 
vt 0.17016 0.76407 
vt 0.1786 0.67762 
vt 0.8179 0.68555 
vt 0.8179 0.7356 
vt 0.72861 0.67644 
vt 0.72861 0.73034 
vt 0.8179 0.80398 
vt 0.72861 0.80398 
vt 0.8179 0.87235 
vt 0.72861 0.87761 
vt 0.8179 0.9224 
vt 0.72861 0.93151 
vt 0.8179 0.94072 
vt 0.72861 0.95124 
vt 0.8179 0.9224 
vt 0.72861 0.93151 
vt 0.8179 0.87235 
vt 0.72861 0.87761 
vt 0.8179 0.80398 
vt 0.72861 0.80398 
vt 0.8179 0.7356 
vt 0.72861 0.73034 
vt 0.8179 0.68555 
vt 0.72861 0.67644 
vt 0.07605 0.87717 
vt 0.16171 0.88226 
vt 0.92504 0.67775 
vt 0.92504 0.69466 
vt 0.8179 0.66723 
vt 0.92504 0.74086 
vt 0.92504 0.80398 
vt 0.92504 0.86709 
vt 0.92504 0.91329 
vt 0.92504 0.9302 
vt 0.92504 0.91329 
vt 0.92504 0.86709 
vt 0.92504 0.80398 
vt 0.92504 0.74086 
vt 0.92504 0.69466 
vt 0.92504 0.66723 
vt 0.92504 0.68555 
vt 0.92504 0.67775 
vt 0.92504 0.69466 
vt 0.92504 0.7356 
vt 0.92504 0.74086 
vt 0.92504 0.80398 
vt 0.92504 0.80398 
vt 0.92504 0.87235 
vt 0.92504 0.86709 
vt 0.92504 0.9224 
vt 0.92504 0.91329 
vt 0.92504 0.94072 
vt 0.92504 0.9302 
vt 0.92504 0.9224 
vt 0.92504 0.91329 
vt 0.92504 0.87235 
vt 0.92504 0.86709 
vt 0.92504 0.80398 
vt 0.92504 0.80398 
vt 0.92504 0.7356 
vt 0.92504 0.74086 
vt 0.92504 0.68555 
vt 0.92504 0.69466 
vt 0.92504 0.65671 
vt 0.92504 0.67644 
vt 0.92504 0.73034 
vt 0.92504 0.80398 
vt 0.92504 0.87761 
vt 0.92504 0.93151 
vt 0.92504 0.95124 
vt 0.92504 0.93151 
vt 0.92504 0.87761 
vt 0.92504 0.80398 
vt 0.92504 0.73034 
vt 0.92504 0.67644 
vt 0.9429 0.64619 
vt 0.9429 0.66733 
vt 0.92504 0.65671 
vt 0.92504 0.67644 
vt 0.9429 0.72508 
vt 0.92504 0.73034 
vt 0.9429 0.80398 
vt 0.92504 0.80398 
vt 0.9429 0.88287 
vt 0.92504 0.87761 
vt 0.9429 0.94062 
vt 0.92504 0.93151 
vt 0.9429 0.96176 
vt 0.92504 0.95124 
vt 0.9429 0.94062 
vt 0.92504 0.93151 
vt 0.9429 0.88287 
vt 0.92504 0.87761 
vt 0.9429 0.80398 
vt 0.92504 0.80398 
vt 0.9429 0.72508 
vt 0.92504 0.73034 
vt 0.9429 0.66733 
vt 0.92504 0.67644 
vt 0.97861 0.64619 
vt 0.97861 0.66733 
vt 0.97861 0.72508 
vt 0.97861 0.80398 
vt 0.97861 0.88287 
vt 0.97861 0.94062 
vt 0.97861 0.96176 
vt 0.97861 0.94062 
vt 0.97861 0.88287 
vt 0.97861 0.80398 
vt 0.97861 0.72508 
vt 0.97861 0.66733 
vt 0.99647 0.67644 
vt 0.99647 0.65671 
vt 0.99647 0.73034 
vt 0.99647 0.80398 
vt 0.99647 0.87761 
vt 0.99647 0.93151 
vt 0.99647 0.95124 
vt 0.99647 0.93151 
vt 0.99647 0.87761 
vt 0.99647 0.80398 
vt 0.99647 0.73034 
vt 0.99647 0.67644 
vt 0.99647 0.67644 
vt 0.99647 0.65671 
vt 0.99647 0.80398 
vt 0.99647 0.73034 
vt 0.99647 0.80398 
vt 0.99647 0.87761 
vt 0.99647 0.93151 
vt 0.99647 0.95124 
vt 0.99647 0.93151 
vt 0.99647 0.87761 
vt 0.99647 0.80398 
vt 0.99647 0.73034 
vt 0.99647 0.67644 
vt 0.11552 0.78242 
vt 0.09526 0.81212 
vt 0.19757 0.78369 
vt 0.17731 0.8134 
vt 0.17999 0.68737 
vt 0.18157 0.7548 
vt 0.2685 0.68712 
vt 0.27008 0.75456 
vt 0.18215 0.83268 
vt 0.27066 0.83243 
vt 0.18157 0.90012 
vt 0.27008 0.89987 
vt 0.17999 0.93906 
vt 0.2685 0.93881 
vt 0.17782 0.93906 
vt 0.26634 0.93882 
vt 0.17566 0.90013 
vt 0.26417 0.89988 
vt 0.17408 0.83269 
vt 0.26259 0.83245 
vt 0.1735 0.75482 
vt 0.26201 0.75457 
vt 0.17408 0.68738 
vt 0.26259 0.68713 
vt 0.1506 0.838 
vt 0.13577 0.79189 
vt 0.23265 0.83927 
vt 0.21783 0.79316 
vt 0.26432 0.65671 
vt 0.26432 0.67644 
vt 0.26432 0.73034 
vt 0.26432 0.80398 
vt 0.26432 0.87761 
vt 0.26432 0.93151 
vt 0.26432 0.95124 
vt 0.26432 0.93151 
vt 0.26432 0.87761 
vt 0.26432 0.80398 
vt 0.26432 0.73034 
vt 0.26432 0.67644 
vt 0.27263 0.80422 
vt 0.26479 0.91396 
vt 0.18636 0.79065 
vt 0.17791 0.90884 
vt 0.17504 0.68555 
vt 0.17504 0.7356 
vt 0.26432 0.67644 
vt 0.26432 0.73034 
vt 0.17504 0.80398 
vt 0.26432 0.80398 
vt 0.17504 0.87235 
vt 0.26432 0.87761 
vt 0.17504 0.9224 
vt 0.26432 0.93151 
vt 0.17504 0.94072 
vt 0.26432 0.95124 
vt 0.17504 0.9224 
vt 0.26432 0.93151 
vt 0.17504 0.87235 
vt 0.26432 0.87761 
vt 0.17504 0.80398 
vt 0.26432 0.80398 
vt 0.17504 0.7356 
vt 0.26432 0.73034 
vt 0.17504 0.68555 
vt 0.26432 0.67644 
vt 0.28047 0.72394 
vt 0.1948 0.7042 
vt 0.0679 0.67775 
vt 0.0679 0.69466 
vt 0.17504 0.66723 
vt 0.0679 0.74086 
vt 0.0679 0.80398 
vt 0.0679 0.86709 
vt 0.0679 0.91329 
vt 0.0679 0.9302 
vt 0.0679 0.91329 
vt 0.0679 0.86709 
vt 0.0679 0.80398 
vt 0.0679 0.74086 
vt 0.0679 0.69466 
vt 0.0679 0.66723 
vt 0.0679 0.68555 
vt 0.0679 0.67775 
vt 0.0679 0.69466 
vt 0.0679 0.7356 
vt 0.0679 0.74086 
vt 0.0679 0.80398 
vt 0.0679 0.80398 
vt 0.0679 0.87235 
vt 0.0679 0.86709 
vt 0.0679 0.9224 
vt 0.0679 0.91329 
vt 0.0679 0.94072 
vt 0.0679 0.9302 
vt 0.0679 0.9224 
vt 0.0679 0.91329 
vt 0.0679 0.87235 
vt 0.0679 0.86709 
vt 0.0679 0.80398 
vt 0.0679 0.80398 
vt 0.0679 0.7356 
vt 0.0679 0.74086 
vt 0.0679 0.68555 
vt 0.0679 0.69466 
vt 0.0679 0.65671 
vt 0.0679 0.67644 
vt 0.0679 0.73034 
vt 0.0679 0.80398 
vt 0.0679 0.87761 
vt 0.0679 0.93151 
vt 0.0679 0.95124 
vt 0.0679 0.93151 
vt 0.0679 0.87761 
vt 0.0679 0.80398 
vt 0.0679 0.73034 
vt 0.0679 0.67644 
vt 0.05004 0.64619 
vt 0.05004 0.66733 
vt 0.0679 0.65671 
vt 0.0679 0.67644 
vt 0.05004 0.72508 
vt 0.0679 0.73034 
vt 0.05004 0.80398 
vt 0.0679 0.80398 
vt 0.05004 0.88287 
vt 0.0679 0.87761 
vt 0.05004 0.94062 
vt 0.0679 0.93151 
vt 0.05004 0.96176 
vt 0.0679 0.95124 
vt 0.05004 0.94062 
vt 0.0679 0.93151 
vt 0.05004 0.88287 
vt 0.0679 0.87761 
vt 0.05004 0.80398 
vt 0.0679 0.80398 
vt 0.05004 0.72508 
vt 0.0679 0.73034 
vt 0.05004 0.66733 
vt 0.0679 0.67644 
vt 0.01432 0.64619 
vt 0.01432 0.66733 
vt 0.01432 0.72508 
vt 0.01432 0.80398 
vt 0.01432 0.88287 
vt 0.01432 0.94062 
vt 0.01432 0.96176 
vt 0.01432 0.94062 
vt 0.01432 0.88287 
vt 0.01432 0.80398 
vt 0.01432 0.72508 
vt 0.01432 0.66733 
vt -0.00353 0.67644 
vt -0.00353 0.65671 
vt -0.00353 0.73034 
vt -0.00353 0.80398 
vt -0.00353 0.87761 
vt -0.00353 0.93151 
vt -0.00353 0.95124 
vt -0.00353 0.93151 
vt -0.00353 0.87761 
vt -0.00353 0.80398 
vt -0.00353 0.73034 
vt -0.00353 0.67644 
vt -0.00353 0.67644 
vt -0.00353 0.65671 
vt -0.00353 0.80398 
vt -0.00353 0.73034 
vt -0.00353 0.80398 
vt -0.00353 0.87761 
vt -0.00353 0.93151 
vt -0.00353 0.95124 
vt -0.00353 0.93151 
vt -0.00353 0.87761 
vt -0.00353 0.80398 
vt -0.00353 0.73034 
vt -0.00353 0.67644 
vt 0.3179 0.80398 
vt 0.33575 0.80398 
vt 0.3179 0.71982 
vt 0.33575 0.73034 
vt 0.53565 0.72065 
vt 0.54585 0.73423 
vt 0.51556 0.66902 
vt 0.52827 0.68905 
vt 0.51556 0.66902 
vt 0.52827 0.68905 
vt 0.48811 0.65958 
vt 0.50425 0.68079 
vt 0.48811 0.65958 
vt 0.50425 0.68079 
vt 0.46066 0.69488 
vt 0.48024 0.71168 
vt 0.3179 0.65822 
vt 0.33575 0.67644 
vt 0.3179 0.71982 
vt 0.33575 0.73034 
vt 0.3179 0.71982 
vt 0.33575 0.73034 
vt 0.3179 0.80398 
vt 0.33575 0.80398 
vt 0.3179 0.80398 
vt 0.33575 0.80398 
vt 0.3179 0.88813 
vt 0.33575 0.87761 
vt 0.3179 0.88813 
vt 0.33575 0.87761 
vt 0.3179 0.94973 
vt 0.33575 0.93151 
vt 0.3179 0.94973 
vt 0.33575 0.93151 
vt 0.3179 0.97228 
vt 0.33575 0.95124 
vt 0.3179 0.97228 
vt 0.33575 0.95124 
vt 0.3179 0.94973 
vt 0.33575 0.93151 
vt 0.3179 0.94973 
vt 0.33575 0.93151 
vt 0.3179 0.88813 
vt 0.33575 0.87761 
vt 0.3179 0.88813 
vt 0.33575 0.87761 
vt 0.3179 0.80398 
vt 0.33575 0.80398 
vt 0.60193 0.77991 
vt 0.58303 0.78188 
vt 0.55889 0.70405 
vt 0.54253 0.71047 
vt 0.53862 0.71404 
vt 0.53565 0.72065 
vt 0.51727 0.65917 
vt 0.51727 0.65917 
vt 0.51556 0.66902 
vt 0.48811 0.64915 
vt 0.48811 0.64915 
vt 0.48811 0.65958 
vt 0.45895 0.68665 
vt 0.46066 0.69488 
vt 0.5639 0.88788 
vt 0.57541 0.89704 
vt 0.42074 0.95026 
vt 0.44066 0.95575 
vt 0.65786 0.79307 
vt 0.67778 0.79856 
vt 0.60546 0.88047 
vt 0.62846 0.88082 
vt 0.01265 0.85427 
vt 0.03566 0.85463 
vt 0.06505 0.94328 
vt 0.08498 0.9384 
vt 0.36174 0.92255 
vt 0.3781 0.91612 
vt 0.47932 0.96914 
vt 0.48877 0.95998 
vt 0.32536 0.88886 
vt 0.33481 0.87969 
vt 0.48597 0.89369 
vt 0.48597 0.88424 
vt 0.43465 0.81341 
vt 0.43465 0.80395 
vt 0.59527 0.77519 
vt 0.58582 0.76798 
vt 0.44131 0.93576 
vt 0.43186 0.92856 
vt 0.55889 0.86473 
vt 0.54253 0.8617 
vt 0.55889 0.86473 
vt 0.54253 0.8617 
vt 0.60193 0.77991 
vt 0.58303 0.78188 
vt 0.33575 0.80398 
vt 0.3179 0.80398 
vt 0.33575 0.7093 
vt 0.3179 0.71456 
vt 0.33575 0.7093 
vt 0.3179 0.71456 
vt 0.33575 0.64 
vt 0.3179 0.64911 
vt 0.33575 0.90444 
vt 0.3179 0.90973 
vt 0.33575 0.81969 
vt 0.3179 0.82968 
vt 0.33575 0.81969 
vt 0.3179 0.82968 
vt 0.33575 0.78312 
vt 0.3179 0.79515 
vt 0.33575 0.64 
vt 0.3179 0.64911 
vt 0.33575 0.7093 
vt 0.3179 0.71456 
vt 0.33575 0.7093 
vt 0.3179 0.71456 
vt 0.33575 0.80398 
vt 0.3179 0.80398 
vt 0.33575 0.80398 
vt 0.3179 0.80398 
vt 0.33575 0.89865 
vt 0.3179 0.89339 
vt 0.33575 0.89865 
vt 0.3179 0.89339 
vt 0.33575 0.96795 
vt 0.3179 0.95884 
vt 0.33575 0.96795 
vt 0.3179 0.95884 
vt 0.33575 0.99332 
vt 0.3179 0.9828 
vt 0.33575 0.99332 
vt 0.3179 0.9828 
vt 0.33575 0.96795 
vt 0.3179 0.95884 
vt 0.33575 0.96795 
vt 0.3179 0.95884 
vt 0.33575 0.89865 
vt 0.3179 0.89339 
vt 0.33575 0.89865 
vt 0.3179 0.89339 
vt 0.33575 0.80398 
vt 0.3179 0.80398 
vt 0.37147 0.80398 
vt 0.33575 0.80398 
vt 0.37147 0.7093 
vt 0.37147 0.7093 
vt 0.33575 0.7093 
vt 0.37147 0.64 
vt 0.33575 0.64 
vt 0.37147 0.90444 
vt 0.33575 0.90444 
vt 0.37147 0.81969 
vt 0.64496 0.79298 
vt 0.67946 0.79502 
vt 0.6341 0.94493 
vt 0.66861 0.94698 
vt 0.37147 0.64 
vt 0.33575 0.64 
vt 0.37147 0.7093 
vt 0.37147 0.7093 
vt 0.33575 0.7093 
vt 0.37147 0.80398 
vt 0.37147 0.80398 
vt 0.33575 0.80398 
vt 0.37147 0.89865 
vt 0.37147 0.89865 
vt 0.33575 0.89865 
vt 0.37147 0.96795 
vt 0.37147 0.96795 
vt 0.33575 0.96795 
vt 0.37147 0.99332 
vt 0.37147 0.99332 
vt 0.33575 0.99332 
vt 0.37147 0.96795 
vt 0.37147 0.96795 
vt 0.33575 0.96795 
vt 0.37147 0.89865 
vt 0.37147 0.89865 
vt 0.33575 0.89865 
vt 0.37147 0.80398 
vt 0.40718 0.80398 
vt 0.37147 0.80398 
vt 0.40718 0.71456 
vt 0.40718 0.71456 
vt 0.37147 0.7093 
vt 0.40718 0.64911 
vt 0.37147 0.64 
vt 0.40718 0.90973 
vt 0.37147 0.90444 
vt 0.40718 0.82968 
vt 0.37147 0.81969 
vt 0.40718 0.82968 
vt 0.37147 0.81969 
vt 0.40718 0.79515 
vt 0.37147 0.78312 
vt 0.40718 0.64911 
vt 0.37147 0.64 
vt 0.40718 0.71456 
vt 0.40718 0.71456 
vt 0.37147 0.7093 
vt 0.40718 0.80398 
vt 0.40718 0.80398 
vt 0.37147 0.80398 
vt 0.40718 0.89339 
vt 0.40718 0.89339 
vt 0.37147 0.89865 
vt 0.40718 0.95884 
vt 0.40718 0.95884 
vt 0.37147 0.96795 
vt 0.40718 0.9828 
vt 0.40718 0.9828 
vt 0.37147 0.99332 
vt 0.40718 0.95884 
vt 0.40718 0.95884 
vt 0.37147 0.96795 
vt 0.40718 0.89339 
vt 0.40718 0.89339 
vt 0.37147 0.89865 
vt 0.40718 0.80398 
vt 0.62147 0.80398 
vt 0.58575 0.80398 
vt 0.62147 0.7093 
vt 0.58575 0.71456 
vt 0.62147 0.7093 
vt 0.58575 0.71456 
vt 0.62147 0.64 
vt 0.58575 0.64911 
vt 0.62147 0.90444 
vt 0.58575 0.90973 
vt 0.62147 0.81969 
vt 0.58575 0.82968 
vt 0.62147 0.81969 
vt 0.58575 0.82968 
vt 0.62147 0.78312 
vt 0.58575 0.79515 
vt 0.62147 0.64 
vt 0.58575 0.64911 
vt 0.62147 0.7093 
vt 0.58575 0.71456 
vt 0.62147 0.7093 
vt 0.58575 0.71456 
vt 0.62147 0.80398 
vt 0.58575 0.80398 
vt 0.62147 0.80398 
vt 0.58575 0.80398 
vt 0.62147 0.89865 
vt 0.58575 0.89339 
vt 0.62147 0.89865 
vt 0.58575 0.89339 
vt 0.62147 0.96795 
vt 0.58575 0.95884 
vt 0.62147 0.96795 
vt 0.58575 0.95884 
vt 0.62147 0.99332 
vt 0.58575 0.9828 
vt 0.62147 0.99332 
vt 0.58575 0.9828 
vt 0.62147 0.96795 
vt 0.58575 0.95884 
vt 0.62147 0.96795 
vt 0.58575 0.95884 
vt 0.62147 0.89865 
vt 0.58575 0.89339 
vt 0.62147 0.89865 
vt 0.58575 0.89339 
vt 0.62147 0.80398 
vt 0.58575 0.80398 
vt 0.65718 0.80398 
vt 0.62147 0.80398 
vt 0.65718 0.7093 
vt 0.65718 0.7093 
vt 0.62147 0.7093 
vt 0.65718 0.64 
vt 0.62147 0.64 
vt 0.65718 0.90444 
vt 0.62147 0.90444 
vt 0.65718 0.81969 
vt 0.65718 0.81969 
vt 0.62147 0.81969 
vt 0.65718 0.78312 
vt 0.62147 0.78312 
vt 0.65718 0.64 
vt 0.62147 0.64 
vt 0.65718 0.7093 
vt 0.65718 0.7093 
vt 0.62147 0.7093 
vt 0.65718 0.80398 
vt 0.65718 0.80398 
vt 0.62147 0.80398 
vt 0.65718 0.89865 
vt 0.65718 0.89865 
vt 0.62147 0.89865 
vt 0.65718 0.96795 
vt 0.65718 0.96795 
vt 0.62147 0.96795 
vt 0.65718 0.99332 
vt 0.65718 0.99332 
vt 0.62147 0.99332 
vt 0.65718 0.96795 
vt 0.65718 0.96795 
vt 0.62147 0.96795 
vt 0.65718 0.89865 
vt 0.65718 0.89865 
vt 0.62147 0.89865 
vt 0.65718 0.80398 
vt 0.67504 0.80398 
vt 0.65718 0.80398 
vt 0.67504 0.71456 
vt 0.67504 0.71456 
vt 0.65718 0.7093 
vt 0.67504 0.64911 
vt 0.65718 0.64 
vt 0.67504 0.90973 
vt 0.65718 0.90444 
vt 0.67504 0.82968 
vt 0.35164 0.78406 
vt 0.36889 0.77662 
vt 0.34138 0.92757 
vt 0.35804 0.92858 
vt 0.67504 0.64911 
vt 0.65718 0.64 
vt 0.67504 0.71456 
vt 0.67504 0.71456 
vt 0.65718 0.7093 
vt 0.67504 0.80398 
vt 0.67504 0.80398 
vt 0.65718 0.80398 
vt 0.67504 0.89339 
vt 0.67504 0.89339 
vt 0.65718 0.89865 
vt 0.67504 0.95884 
vt 0.67504 0.95884 
vt 0.65718 0.96795 
vt 0.67504 0.9828 
vt 0.67504 0.9828 
vt 0.65718 0.99332 
vt 0.67504 0.95884 
vt 0.67504 0.95884 
vt 0.65718 0.96795 
vt 0.67504 0.89339 
vt 0.67504 0.89339 
vt 0.65718 0.89865 
vt 0.67504 0.80398 
vt 0.67504 0.80398 
vt 0.67504 0.80398 
vt 0.67504 0.71982 
vt 0.67504 0.71456 
vt 0.67504 0.71982 
vt 0.67504 0.71456 
vt 0.67504 0.65822 
vt 0.67504 0.64911 
vt 0.67504 0.65822 
vt 0.67504 0.64911 
vt 0.67504 0.63567 
vt 0.67504 0.62515 
vt 0.67504 0.63567 
vt 0.67504 0.62515 
vt 0.67504 0.65822 
vt 0.67504 0.64911 
vt 0.67504 0.80717 
vt 0.67504 0.79515 
vt 0.67504 0.82622 
vt 0.67504 0.81539 
vt 0.67504 0.71982 
vt 0.67504 0.71456 
vt 0.67504 0.80398 
vt 0.67504 0.80398 
vt 0.67504 0.80398 
vt 0.67504 0.80398 
vt 0.67504 0.88813 
vt 0.67504 0.89339 
vt 0.67504 0.88813 
vt 0.67504 0.89339 
vt 0.67504 0.94973 
vt 0.67504 0.95884 
vt 0.67504 0.94973 
vt 0.67504 0.95884 
vt 0.67504 0.97228 
vt 0.67504 0.9828 
vt 0.67504 0.97228 
vt 0.67504 0.9828 
vt 0.67504 0.94973 
vt 0.67504 0.95884 
vt 0.67504 0.94973 
vt 0.67504 0.95884 
vt 0.67504 0.88813 
vt 0.67504 0.89339 
vt 0.67504 0.88813 
vt 0.67504 0.89339 
vt 0.67504 0.80398 
vt 0.67504 0.80398 
vt 0.65718 0.73034 
vt 0.67504 0.80398 
vt 0.65718 0.80398 
vt 0.65718 0.67644 
vt 0.67504 0.71982 
vt 0.65718 0.73034 
vt 0.65718 0.65671 
vt 0.67504 0.65822 
vt 0.65718 0.67644 
vt 0.67504 0.65822 
vt 0.65718 0.67644 
vt 0.67504 0.63567 
vt 0.65718 0.65671 
vt 0.65718 0.73034 
vt 0.67504 0.65822 
vt 0.65718 0.67644 
vt 0.65718 0.80398 
vt 0.67504 0.71982 
vt 0.65718 0.73034 
vt 0.65718 0.87761 
vt 0.67504 0.80398 
vt 0.65718 0.80398 
vt 0.65718 0.93151 
vt 0.67504 0.88813 
vt 0.65718 0.87761 
vt 0.65718 0.95124 
vt 0.67504 0.94973 
vt 0.65718 0.93151 
vt 0.65718 0.93151 
vt 0.67504 0.97228 
vt 0.65718 0.95124 
vt 0.65718 0.87761 
vt 0.67504 0.94973 
vt 0.65718 0.93151 
vt 0.65718 0.80398 
vt 0.67504 0.88813 
vt 0.65718 0.87761 
vt 0.33575 0.80398 
vt 0.33575 0.73034 
vt 0.33575 0.80398 
vt 0.33575 0.67644 
vt 0.33575 0.67644 
vt 0.33575 0.80398 
vt 0.33575 0.65671 
vt 0.33575 0.65671 
vt 0.33575 0.80398 
vt 0.33575 0.67644 
vt 0.33575 0.67644 
vt 0.33575 0.80398 
vt 0.33575 0.73034 
vt 0.33575 0.80398 
vt 0.33575 0.80398 
vt 0.33575 0.80398 
vt 0.33575 0.87761 
vt 0.33575 0.80398 
vt 0.33575 0.93151 
vt 0.33575 0.80398 
vt 0.33575 0.95124 
vt 0.33575 0.80398 
vt 0.33575 0.93151 
vt 0.33575 0.80398 
vt 0.33575 0.87761 
vt 0.33575 0.80398 
vt 0.33575 0.80398 
vt 0.65718 0.80398 
vt 0.65718 0.80398 
vt 0.65718 0.80398 
vt 0.65718 0.73034 
vt 0.65718 0.80398 
vt 0.65718 0.67644 
vt 0.65718 0.80398 
vt 0.65718 0.65671 
vt 0.65718 0.80398 
vt 0.65718 0.67644 
vt 0.65718 0.80398 
vt 0.65718 0.73034 
vt 0.65718 0.80398 
vt 0.65718 0.80398 
vt 0.65718 0.80398 
vt 0.65718 0.87761 
vt 0.65718 0.80398 
vt 0.65718 0.93151 
vt 0.65718 0.80398 
vt 0.65718 0.95124 
vt 0.65718 0.80398 
vt 0.65718 0.93151 
vt 0.65718 0.80398 
vt 0.65718 0.87761 
vt 0.40718 0.71456 
vt 0.46075 0.77443 
vt 0.46075 0.73866 
vt 0.40718 0.80398 
vt 0.53218 0.77443 
vt 0.46075 0.77443 
vt 0.58575 0.80398 
vt 0.53218 0.73866 
vt 0.53218 0.77443 
vt 0.58575 0.71456 
vt 0.46075 0.73866 
vt 0.53218 0.73866 
vt 0.40718 0.64911 
vt 0.46075 0.68749 
vt 0.46075 0.66131 
vt 0.40718 0.71456 
vt 0.53218 0.68749 
vt 0.46075 0.68749 
vt 0.58575 0.71456 
vt 0.53218 0.66131 
vt 0.53218 0.68749 
vt 0.40718 0.64911 
vt 0.58575 0.64911 
vt 0.46075 0.66131 
vt 0.53218 0.66131 
vt 0.40718 0.82968 
vt 0.46075 0.8778 
vt 0.46075 0.84579 
vt 0.40718 0.64911 
vt 0.53218 0.63176 
vt 0.46075 0.63176 
vt 0.58575 0.90973 
vt 0.53218 0.84579 
vt 0.53218 0.8778 
vt 0.61045 0.79939 
vt 0.43791 0.78917 
vt 0.56208 0.75288 
vt 0.49306 0.74879 
vt 0.40718 0.79515 
vt 0.46075 0.80792 
vt 0.46075 0.79411 
vt 0.40718 0.82968 
vt 0.53218 0.80792 
vt 0.46075 0.80792 
vt 0.58575 0.82968 
vt 0.53218 0.79411 
vt 0.53218 0.80792 
vt 0.58575 0.64911 
vt 0.46075 0.63176 
vt 0.53218 0.63176 
vt 0.40718 0.71456 
vt 0.46075 0.66131 
vt 0.46075 0.68749 
vt 0.58575 0.64911 
vt 0.40718 0.64911 
vt 0.53218 0.66131 
vt 0.46075 0.66131 
vt 0.58575 0.64911 
vt 0.53218 0.68749 
vt 0.53218 0.66131 
vt 0.58575 0.71456 
vt 0.46075 0.68749 
vt 0.53218 0.68749 
vt 0.40718 0.80398 
vt 0.46075 0.73866 
vt 0.46075 0.77443 
vt 0.40718 0.71456 
vt 0.53218 0.73866 
vt 0.46075 0.73866 
vt 0.58575 0.71456 
vt 0.53218 0.77443 
vt 0.53218 0.73866 
vt 0.58575 0.80398 
vt 0.46075 0.77443 
vt 0.53218 0.77443 
vt 0.40718 0.89339 
vt 0.46075 0.83352 
vt 0.46075 0.86929 
vt 0.40718 0.80398 
vt 0.53218 0.83352 
vt 0.46075 0.83352 
vt 0.58575 0.80398 
vt 0.53218 0.86929 
vt 0.53218 0.83352 
vt 0.58575 0.89339 
vt 0.46075 0.86929 
vt 0.53218 0.86929 
vt 0.40718 0.95884 
vt 0.46075 0.92046 
vt 0.46075 0.94664 
vt 0.40718 0.89339 
vt 0.53218 0.92046 
vt 0.46075 0.92046 
vt 0.58575 0.89339 
vt 0.53218 0.94664 
vt 0.53218 0.92046 
vt 0.58575 0.95884 
vt 0.46075 0.94664 
vt 0.53218 0.94664 
vt 0.40718 0.9828 
vt 0.46075 0.97619 
vt 0.46075 0.98577 
vt 0.40718 0.95884 
vt 0.53218 0.97619 
vt 0.46075 0.97619 
vt 0.58575 0.95884 
vt 0.53218 0.98577 
vt 0.53218 0.97619 
vt 0.58575 0.9828 
vt 0.46075 0.98577 
vt 0.53218 0.98577 
vt 0.40718 0.95884 
vt 0.46075 0.98577 
vt 0.46075 0.97619 
vt 0.40718 0.9828 
vt 0.53218 0.98577 
vt 0.46075 0.98577 
vt 0.58575 0.9828 
vt 0.53218 0.97619 
vt 0.53218 0.98577 
vt 0.58575 0.95884 
vt 0.46075 0.97619 
vt 0.53218 0.97619 
vt 0.40718 0.89339 
vt 0.46075 0.94664 
vt 0.46075 0.92046 
vt 0.40718 0.95884 
vt 0.53218 0.94664 
vt 0.46075 0.94664 
vt 0.58575 0.95884 
vt 0.53218 0.92046 
vt 0.53218 0.94664 
vt 0.58575 0.89339 
vt 0.46075 0.92046 
vt 0.53218 0.92046 
vt 0.40718 0.80398 
vt 0.46075 0.86929 
vt 0.46075 0.83352 
vt 0.40718 0.89339 
vt 0.53218 0.86929 
vt 0.46075 0.86929 
vt 0.58575 0.89339 
vt 0.53218 0.83352 
vt 0.53218 0.86929 
vt 0.58575 0.80398 
vt 0.46075 0.83352 
vt 0.53218 0.83352 
vt 0.46075 0.73866 
vt 0.47504 0.76455 
vt 0.47504 0.7431 
vt 0.46075 0.77443 
vt 0.5179 0.76455 
vt 0.47504 0.76455 
vt 0.53218 0.77443 
vt 0.5179 0.7431 
vt 0.5179 0.76455 
vt 0.53218 0.73866 
vt 0.47504 0.7431 
vt 0.5179 0.7431 
vt 0.5179 0.23861 
vt 0.47504 0.23861 
vt 0.5179 0.21715 
vt 0.47504 0.21715 
vt 0.46075 0.66131 
vt 0.47504 0.67482 
vt 0.47504 0.65911 
vt 0.46075 0.68749 
vt 0.5179 0.67482 
vt 0.47504 0.67482 
vt 0.53218 0.68749 
vt 0.5179 0.65911 
vt 0.5179 0.67482 
vt 0.53218 0.66131 
vt 0.47504 0.65911 
vt 0.5179 0.65911 
vt 0.5179 0.14887 
vt 0.47504 0.14887 
vt 0.5179 0.13316 
vt 0.47504 0.13316 
vt 0.39674 0.90132 
vt 0.38064 0.85562 
vt 0.40714 0.88389 
vt 0.39748 0.85647 
vt 0.4587 0.88775 
vt 0.39674 0.90132 
vt 0.44431 0.87575 
vt 0.40714 0.88389 
vt 0.4426 0.84204 
vt 0.4587 0.88775 
vt 0.43465 0.84832 
vt 0.44431 0.87575 
vt 0.38064 0.85562 
vt 0.4426 0.84204 
vt 0.39748 0.85647 
vt 0.43465 0.84832 
vt 0.5179 0.09374 
vt 0.47504 0.09374 
vt 0.5179 0.08799 
vt 0.47504 0.08799 
vt 0.5553 0.83499 
vt 0.5512 0.8924 
vt 0.54036 0.84127 
vt 0.5379 0.87571 
vt 0.48628 0.8309 
vt 0.5553 0.83499 
vt 0.49895 0.83881 
vt 0.54036 0.84127 
vt 0.48218 0.88831 
vt 0.48628 0.8309 
vt 0.49649 0.87326 
vt 0.49895 0.83881 
vt 0.5512 0.8924 
vt 0.48218 0.88831 
vt 0.5379 0.87571 
vt 0.49649 0.87326 
vt 0.54219 0.16202 
vt 0.5836 0.16448 
vt 0.53973 0.19647 
vt 0.58114 0.19892 
vt 0.46075 0.68749 
vt 0.47504 0.65911 
vt 0.47504 0.67482 
vt 0.46075 0.66131 
vt 0.5179 0.65911 
vt 0.47504 0.65911 
vt 0.53218 0.66131 
vt 0.5179 0.67482 
vt 0.5179 0.65911 
vt 0.53218 0.68749 
vt 0.47504 0.67482 
vt 0.5179 0.67482 
vt 0.5319 0.32305 
vt 0.57331 0.32551 
vt 0.5301 0.35752 
vt 0.57151 0.35997 
vt 0.46075 0.77443 
vt 0.47504 0.7431 
vt 0.47504 0.76455 
vt 0.46075 0.73866 
vt 0.5179 0.7431 
vt 0.47504 0.7431 
vt 0.53218 0.73866 
vt 0.5179 0.76455 
vt 0.5179 0.7431 
vt 0.53218 0.77443 
vt 0.47504 0.76455 
vt 0.5179 0.76455 
vt 0.47778 0.10539 
vt 0.5199 0.1049 
vt 0.47745 0.12286 
vt 0.51957 0.12237 
vt 0.46075 0.86929 
vt 0.47504 0.8434 
vt 0.47504 0.86486 
vt 0.46075 0.83352 
vt 0.5179 0.8434 
vt 0.47504 0.8434 
vt 0.53218 0.83352 
vt 0.5179 0.86486 
vt 0.5179 0.8434 
vt 0.53218 0.86929 
vt 0.47504 0.86486 
vt 0.5179 0.86486 
vt 0.47745 0.19881 
vt 0.51957 0.19832 
vt 0.47778 0.22267 
vt 0.5199 0.22218 
vt 0.46075 0.94664 
vt 0.47504 0.93313 
vt 0.47504 0.94884 
vt 0.46075 0.92046 
vt 0.5179 0.93313 
vt 0.47504 0.93313 
vt 0.53218 0.92046 
vt 0.5179 0.94884 
vt 0.5179 0.93313 
vt 0.53218 0.94664 
vt 0.47504 0.94884 
vt 0.5179 0.94884 
vt 0.48008 0.31035 
vt 0.5222 0.30986 
vt 0.48099 0.33421 
vt 0.52312 0.33372 
vt 0.46075 0.98577 
vt 0.47504 0.98826 
vt 0.47504 0.99401 
vt 0.46075 0.97619 
vt 0.5179 0.98826 
vt 0.47504 0.98826 
vt 0.53218 0.97619 
vt 0.5179 0.99401 
vt 0.5179 0.98826 
vt 0.53218 0.98577 
vt 0.47504 0.99401 
vt 0.5179 0.99401 
vt 0.48497 0.41014 
vt 0.52709 0.40965 
vt 0.48622 0.4276 
vt 0.52834 0.42711 
vt 0.46075 0.97619 
vt 0.47504 0.99401 
vt 0.47504 0.98826 
vt 0.46075 0.98577 
vt 0.5179 0.99401 
vt 0.47504 0.99401 
vt 0.53218 0.98577 
vt 0.5179 0.98826 
vt 0.5179 0.99401 
vt 0.53218 0.97619 
vt 0.47504 0.98826 
vt 0.5179 0.98826 
vt 0.5179 0.46807 
vt 0.47504 0.46807 
vt 0.5179 0.46232 
vt 0.47504 0.46232 
vt 0.46075 0.92046 
vt 0.47504 0.94884 
vt 0.47504 0.93313 
vt 0.46075 0.94664 
vt 0.5179 0.94884 
vt 0.47504 0.94884 
vt 0.53218 0.94664 
vt 0.5179 0.93313 
vt 0.5179 0.94884 
vt 0.53218 0.92046 
vt 0.47504 0.93313 
vt 0.5179 0.93313 
vt 0.5179 0.4229 
vt 0.47504 0.4229 
vt 0.5179 0.40719 
vt 0.47504 0.40719 
vt 0.46075 0.83352 
vt 0.47504 0.86486 
vt 0.47504 0.8434 
vt 0.46075 0.86929 
vt 0.5179 0.86486 
vt 0.47504 0.86486 
vt 0.53218 0.86929 
vt 0.5179 0.8434 
vt 0.5179 0.86486 
vt 0.53218 0.83352 
vt 0.47504 0.8434 
vt 0.5179 0.8434 
vt 0.5179 0.33891 
vt 0.47504 0.33891 
vt 0.5179 0.31745 
vt 0.47504 0.31745 
vt 0.49647 -0.00599003 
vt 0.49647 -0.00599003 
vt 0.5054 -0.00599003 
vt 0.49647 -0.00599003 
vt 0.5054 -0.00599003 
vt 0.49647 -0.00599003 
vt 0.51193 -0.00599003 
vt 0.51193 -0.00599003 
vt 0.49647 -0.00599003 
vt 0.51432 -0.00599003 
vt 0.51432 -0.00599003 
vt 0.49647 -0.00599003 
vt 0.51193 -0.00599003 
vt 0.51193 -0.00599003 
vt 0.49647 -0.00599003 
vt 0.5054 -0.00599003 
vt 0.5054 -0.00599003 
vt 0.49647 -0.00599003 
vt 0.49647 -0.00599003 
vt 0.49647 -0.00599003 
vt 0.49647 -0.00599003 
vt 0.48754 -0.00599003 
vt 0.48754 -0.00599003 
vt 0.49647 -0.00599003 
vt 0.481 -0.00599003 
vt 0.481 -0.00599003 
vt 0.49647 -0.00599003 
vt 0.47861 -0.00599003 
vt 0.47861 -0.00599003 
vt 0.49647 -0.00599003 
vt 0.481 -0.00599003 
vt 0.481 -0.00599003 
vt 0.49647 -0.00599003 
vt 0.48754 -0.00599003 
vt 0.48754 -0.00599003 
vt 0.49647 -0.00599003 
vt 0.49647 -0.00599003 
vt 0.49647 0.00453001 
vt 0.49647 -0.00599003 
vt 0.52325 0.00453001 
vt 0.52325 0.00453001 
vt 0.5054 -0.00599003 
vt 0.54286 0.00453001 
vt 0.54286 0.00453001 
vt 0.51193 -0.00599003 
vt 0.55004 0.00453001 
vt 0.55004 0.00453001 
vt 0.51432 -0.00599003 
vt 0.54286 0.00453001 
vt 0.54286 0.00453001 
vt 0.51193 -0.00599003 
vt 0.52325 0.00453001 
vt 0.52325 0.00453001 
vt 0.5054 -0.00599003 
vt 0.49647 0.00453001 
vt 0.49647 0.00453001 
vt 0.49647 -0.00599003 
vt 0.46968 0.00453001 
vt 0.46968 0.00453001 
vt 0.48754 -0.00599003 
vt 0.45007 0.00453001 
vt 0.45007 0.00453001 
vt 0.481 -0.00599003 
vt 0.4429 0.00453001 
vt 0.4429 0.00453001 
vt 0.47861 -0.00599003 
vt 0.45007 0.00453001 
vt 0.45007 0.00453001 
vt 0.481 -0.00599003 
vt 0.46968 0.00453001 
vt 0.46968 0.00453001 
vt 0.48754 -0.00599003 
vt 0.49647 0.00453001 
vt 0.49647 0.02557 
vt 0.49647 0.00453001 
vt 0.53218 0.02557 
vt 0.53218 0.02557 
vt 0.52325 0.00453001 
vt 0.55833 0.02557 
vt 0.55833 0.02557 
vt 0.54286 0.00453001 
vt 0.5679 0.02557 
vt 0.5679 0.02557 
vt 0.55004 0.00453001 
vt 0.55833 0.02557 
vt 0.55833 0.02557 
vt 0.54286 0.00453001 
vt 0.53218 0.02557 
vt 0.53218 0.02557 
vt 0.52325 0.00453001 
vt 0.49647 0.02557 
vt 0.49647 0.02557 
vt 0.49647 0.00453001 
vt 0.46075 0.02557 
vt 0.46075 0.02557 
vt 0.46968 0.00453001 
vt 0.43461 0.02557 
vt 0.43461 0.02557 
vt 0.45007 0.00453001 
vt 0.42504 0.02557 
vt 0.42504 0.02557 
vt 0.4429 0.00453001 
vt 0.43461 0.02557 
vt 0.43461 0.02557 
vt 0.45007 0.00453001 
vt 0.46075 0.02557 
vt 0.46075 0.02557 
vt 0.46968 0.00453001 
vt 0.49647 0.02557 
vt 0.49647 0.03609 
vt 0.49647 0.02557 
vt 0.52325 0.03609 
vt 0.53218 0.02557 
vt 0.52325 0.03609 
vt 0.53218 0.02557 
vt 0.54286 0.03609 
vt 0.55833 0.02557 
vt 0.54286 0.03609 
vt 0.55833 0.02557 
vt 0.55004 0.03609 
vt 0.5679 0.02557 
vt 0.55004 0.03609 
vt 0.5679 0.02557 
vt 0.54286 0.03609 
vt 0.55833 0.02557 
vt 0.54286 0.03609 
vt 0.55833 0.02557 
vt 0.52325 0.03609 
vt 0.53218 0.02557 
vt 0.52325 0.03609 
vt 0.53218 0.02557 
vt 0.49647 0.03609 
vt 0.49647 0.02557 
vt 0.49647 0.03609 
vt 0.49647 0.02557 
vt 0.46968 0.03609 
vt 0.46075 0.02557 
vt 0.46968 0.03609 
vt 0.46075 0.02557 
vt 0.45007 0.03609 
vt 0.43461 0.02557 
vt 0.45007 0.03609 
vt 0.43461 0.02557 
vt 0.4429 0.03609 
vt 0.42504 0.02557 
vt 0.4429 0.03609 
vt 0.42504 0.02557 
vt 0.45007 0.03609 
vt 0.43461 0.02557 
vt 0.45007 0.03609 
vt 0.43461 0.02557 
vt 0.46968 0.03609 
vt 0.46075 0.02557 
vt 0.46968 0.03609 
vt 0.46075 0.02557 
vt 0.49647 0.03609 
vt 0.49647 0.02557 
vt 0.49647 0.04661 
vt 0.49647 0.03609 
vt 0.53218 0.04661 
vt 0.52325 0.03609 
vt 0.53218 0.04661 
vt 0.52325 0.03609 
vt 0.55833 0.04661 
vt 0.54286 0.03609 
vt 0.55833 0.04661 
vt 0.54286 0.03609 
vt 0.5679 0.04661 
vt 0.55004 0.03609 
vt 0.5679 0.04661 
vt 0.55004 0.03609 
vt 0.55833 0.04661 
vt 0.54286 0.03609 
vt 0.55833 0.04661 
vt 0.54286 0.03609 
vt 0.53218 0.04661 
vt 0.52325 0.03609 
vt 0.53218 0.04661 
vt 0.52325 0.03609 
vt 0.49647 0.04661 
vt 0.49647 0.03609 
vt 0.49647 0.04661 
vt 0.49647 0.03609 
vt 0.46075 0.04661 
vt 0.46968 0.03609 
vt 0.46075 0.04661 
vt 0.46968 0.03609 
vt 0.43461 0.04661 
vt 0.45007 0.03609 
vt 0.43461 0.04661 
vt 0.45007 0.03609 
vt 0.42504 0.04661 
vt 0.4429 0.03609 
vt 0.42504 0.04661 
vt 0.4429 0.03609 
vt 0.43461 0.04661 
vt 0.45007 0.03609 
vt 0.43461 0.04661 
vt 0.45007 0.03609 
vt 0.46075 0.04661 
vt 0.46968 0.03609 
vt 0.46075 0.04661 
vt 0.46968 0.03609 
vt 0.49647 0.04661 
vt 0.49647 0.03609 
vt 0.49647 0.05713 
vt 0.49647 0.04661 
vt 0.52325 0.05713 
vt 0.53218 0.04661 
vt 0.52325 0.05713 
vt 0.53218 0.04661 
vt 0.54286 0.05713 
vt 0.55833 0.04661 
vt 0.54286 0.05713 
vt 0.55833 0.04661 
vt 0.55004 0.05713 
vt 0.5679 0.04661 
vt 0.55004 0.05713 
vt 0.5679 0.04661 
vt 0.54286 0.05713 
vt 0.55833 0.04661 
vt 0.54286 0.05713 
vt 0.55833 0.04661 
vt 0.52325 0.05713 
vt 0.53218 0.04661 
vt 0.52325 0.05713 
vt 0.53218 0.04661 
vt 0.49647 0.05713 
vt 0.49647 0.04661 
vt 0.49647 0.05713 
vt 0.49647 0.04661 
vt 0.46968 0.05713 
vt 0.46075 0.04661 
vt 0.46968 0.05713 
vt 0.46075 0.04661 
vt 0.45007 0.05713 
vt 0.43461 0.04661 
vt 0.45007 0.05713 
vt 0.43461 0.04661 
vt 0.4429 0.05713 
vt 0.42504 0.04661 
vt 0.4429 0.05713 
vt 0.42504 0.04661 
vt 0.45007 0.05713 
vt 0.43461 0.04661 
vt 0.45007 0.05713 
vt 0.43461 0.04661 
vt 0.46968 0.05713 
vt 0.46075 0.04661 
vt 0.46968 0.05713 
vt 0.46075 0.04661 
vt 0.49647 0.05713 
vt 0.49647 0.04661 
vt 0.49647 0.06765 
vt 0.49647 0.05713 
vt 0.53218 0.06765 
vt 0.52325 0.05713 
vt 0.53218 0.06765 
vt 0.52325 0.05713 
vt 0.55833 0.06765 
vt 0.54286 0.05713 
vt 0.55833 0.06765 
vt 0.54286 0.05713 
vt 0.5679 0.06765 
vt 0.55004 0.05713 
vt 0.5679 0.06765 
vt 0.55004 0.05713 
vt 0.55833 0.06765 
vt 0.54286 0.05713 
vt 0.55833 0.06765 
vt 0.54286 0.05713 
vt 0.53218 0.06765 
vt 0.52325 0.05713 
vt 0.53218 0.06765 
vt 0.52325 0.05713 
vt 0.49647 0.06765 
vt 0.49647 0.05713 
vt 0.49647 0.06765 
vt 0.49647 0.05713 
vt 0.46075 0.06765 
vt 0.46968 0.05713 
vt 0.46075 0.06765 
vt 0.46968 0.05713 
vt 0.43461 0.06765 
vt 0.45007 0.05713 
vt 0.43461 0.06765 
vt 0.45007 0.05713 
vt 0.42504 0.06765 
vt 0.4429 0.05713 
vt 0.42504 0.06765 
vt 0.4429 0.05713 
vt 0.43461 0.06765 
vt 0.45007 0.05713 
vt 0.43461 0.06765 
vt 0.45007 0.05713 
vt 0.46075 0.06765 
vt 0.46968 0.05713 
vt 0.46075 0.06765 
vt 0.46968 0.05713 
vt 0.49647 0.06765 
vt 0.49647 0.05713 
vt 0.49647 0.07817 
vt 0.49647 0.06765 
vt 0.52325 0.07817 
vt 0.53218 0.06765 
vt 0.52325 0.07817 
vt 0.53218 0.06765 
vt 0.54286 0.07817 
vt 0.55833 0.06765 
vt 0.54286 0.07817 
vt 0.55833 0.06765 
vt 0.55004 0.07817 
vt 0.5679 0.06765 
vt 0.55004 0.07817 
vt 0.5679 0.06765 
vt 0.54286 0.07817 
vt 0.55833 0.06765 
vt 0.54286 0.07817 
vt 0.55833 0.06765 
vt 0.52325 0.07817 
vt 0.53218 0.06765 
vt 0.52325 0.07817 
vt 0.53218 0.06765 
vt 0.49647 0.07817 
vt 0.49647 0.06765 
vt 0.49647 0.07817 
vt 0.49647 0.06765 
vt 0.46968 0.07817 
vt 0.46075 0.06765 
vt 0.46968 0.07817 
vt 0.46075 0.06765 
vt 0.45007 0.07817 
vt 0.43461 0.06765 
vt 0.45007 0.07817 
vt 0.43461 0.06765 
vt 0.4429 0.07817 
vt 0.42504 0.06765 
vt 0.4429 0.07817 
vt 0.42504 0.06765 
vt 0.45007 0.07817 
vt 0.43461 0.06765 
vt 0.45007 0.07817 
vt 0.43461 0.06765 
vt 0.46968 0.07817 
vt 0.46075 0.06765 
vt 0.46968 0.07817 
vt 0.46075 0.06765 
vt 0.49647 0.07817 
vt 0.49647 0.06765 
vt 0.49647 0.08869 
vt 0.49647 0.07817 
vt 0.53218 0.08869 
vt 0.52325 0.07817 
vt 0.53218 0.08869 
vt 0.52325 0.07817 
vt 0.55833 0.08869 
vt 0.54286 0.07817 
vt 0.55833 0.08869 
vt 0.54286 0.07817 
vt 0.5679 0.08869 
vt 0.55004 0.07817 
vt 0.5679 0.08869 
vt 0.55004 0.07817 
vt 0.55833 0.08869 
vt 0.54286 0.07817 
vt 0.55833 0.08869 
vt 0.54286 0.07817 
vt 0.53218 0.08869 
vt 0.52325 0.07817 
vt 0.53218 0.08869 
vt 0.52325 0.07817 
vt 0.49647 0.08869 
vt 0.49647 0.07817 
vt 0.49647 0.08869 
vt 0.49647 0.07817 
vt 0.46075 0.08869 
vt 0.46968 0.07817 
vt 0.46075 0.08869 
vt 0.46968 0.07817 
vt 0.43461 0.08869 
vt 0.45007 0.07817 
vt 0.43461 0.08869 
vt 0.45007 0.07817 
vt 0.42504 0.08869 
vt 0.4429 0.07817 
vt 0.42504 0.08869 
vt 0.4429 0.07817 
vt 0.43461 0.08869 
vt 0.45007 0.07817 
vt 0.43461 0.08869 
vt 0.45007 0.07817 
vt 0.46075 0.08869 
vt 0.46968 0.07817 
vt 0.46075 0.08869 
vt 0.46968 0.07817 
vt 0.49647 0.08869 
vt 0.49647 0.07817 
vt 0.49647 0.0992 
vt 0.49647 0.08869 
vt 0.52325 0.0992 
vt 0.53218 0.08869 
vt 0.52325 0.0992 
vt 0.53218 0.08869 
vt 0.54286 0.0992 
vt 0.55833 0.08869 
vt 0.54286 0.0992 
vt 0.55833 0.08869 
vt 0.55004 0.0992 
vt 0.5679 0.08869 
vt 0.55004 0.0992 
vt 0.5679 0.08869 
vt 0.54286 0.0992 
vt 0.55833 0.08869 
vt 0.54286 0.0992 
vt 0.55833 0.08869 
vt 0.52325 0.0992 
vt 0.53218 0.08869 
vt 0.52325 0.0992 
vt 0.53218 0.08869 
vt 0.49647 0.0992 
vt 0.49647 0.08869 
vt 0.49647 0.0992 
vt 0.49647 0.08869 
vt 0.46968 0.0992 
vt 0.46075 0.08869 
vt 0.46968 0.0992 
vt 0.46075 0.08869 
vt 0.45007 0.0992 
vt 0.43461 0.08869 
vt 0.45007 0.0992 
vt 0.43461 0.08869 
vt 0.4429 0.0992 
vt 0.42504 0.08869 
vt 0.4429 0.0992 
vt 0.42504 0.08869 
vt 0.45007 0.0992 
vt 0.43461 0.08869 
vt 0.45007 0.0992 
vt 0.43461 0.08869 
vt 0.46968 0.0992 
vt 0.46075 0.08869 
vt 0.46968 0.0992 
vt 0.46075 0.08869 
vt 0.49647 0.0992 
vt 0.49647 0.08869 
vt 0.49647 0.10972 
vt 0.49647 0.0992 
vt 0.53218 0.10972 
vt 0.52325 0.0992 
vt 0.53218 0.10972 
vt 0.52325 0.0992 
vt 0.55833 0.10972 
vt 0.54286 0.0992 
vt 0.55833 0.10972 
vt 0.54286 0.0992 
vt 0.5679 0.10972 
vt 0.55004 0.0992 
vt 0.5679 0.10972 
vt 0.55004 0.0992 
vt 0.55833 0.10972 
vt 0.54286 0.0992 
vt 0.55833 0.10972 
vt 0.54286 0.0992 
vt 0.53218 0.10972 
vt 0.52325 0.0992 
vt 0.53218 0.10972 
vt 0.52325 0.0992 
vt 0.49647 0.10972 
vt 0.49647 0.0992 
vt 0.49647 0.10972 
vt 0.49647 0.0992 
vt 0.46075 0.10972 
vt 0.46968 0.0992 
vt 0.46075 0.10972 
vt 0.46968 0.0992 
vt 0.43461 0.10972 
vt 0.45007 0.0992 
vt 0.43461 0.10972 
vt 0.45007 0.0992 
vt 0.42504 0.10972 
vt 0.4429 0.0992 
vt 0.42504 0.10972 
vt 0.4429 0.0992 
vt 0.43461 0.10972 
vt 0.45007 0.0992 
vt 0.43461 0.10972 
vt 0.45007 0.0992 
vt 0.46075 0.10972 
vt 0.46968 0.0992 
vt 0.46075 0.10972 
vt 0.46968 0.0992 
vt 0.49647 0.10972 
vt 0.49647 0.0992 
vt 0.49647 0.12024 
vt 0.49647 0.10972 
vt 0.52325 0.12024 
vt 0.53218 0.10972 
vt 0.52325 0.12024 
vt 0.53218 0.10972 
vt 0.54286 0.12024 
vt 0.55833 0.10972 
vt 0.54286 0.12024 
vt 0.55833 0.10972 
vt 0.55004 0.12024 
vt 0.5679 0.10972 
vt 0.55004 0.12024 
vt 0.5679 0.10972 
vt 0.54286 0.12024 
vt 0.55833 0.10972 
vt 0.54286 0.12024 
vt 0.55833 0.10972 
vt 0.52325 0.12024 
vt 0.53218 0.10972 
vt 0.52325 0.12024 
vt 0.53218 0.10972 
vt 0.49647 0.12024 
vt 0.49647 0.10972 
vt 0.49647 0.12024 
vt 0.49647 0.10972 
vt 0.46968 0.12024 
vt 0.46075 0.10972 
vt 0.46968 0.12024 
vt 0.46075 0.10972 
vt 0.45007 0.12024 
vt 0.43461 0.10972 
vt 0.45007 0.12024 
vt 0.43461 0.10972 
vt 0.4429 0.12024 
vt 0.42504 0.10972 
vt 0.4429 0.12024 
vt 0.42504 0.10972 
vt 0.45007 0.12024 
vt 0.43461 0.10972 
vt 0.45007 0.12024 
vt 0.43461 0.10972 
vt 0.46968 0.12024 
vt 0.46075 0.10972 
vt 0.46968 0.12024 
vt 0.46075 0.10972 
vt 0.49647 0.12024 
vt 0.49647 0.10972 
vt 0.49647 0.13076 
vt 0.49647 0.12024 
vt 0.53218 0.13076 
vt 0.52325 0.12024 
vt 0.53218 0.13076 
vt 0.52325 0.12024 
vt 0.55833 0.13076 
vt 0.54286 0.12024 
vt 0.55833 0.13076 
vt 0.54286 0.12024 
vt 0.5679 0.13076 
vt 0.55004 0.12024 
vt 0.5679 0.13076 
vt 0.55004 0.12024 
vt 0.55833 0.13076 
vt 0.54286 0.12024 
vt 0.55833 0.13076 
vt 0.54286 0.12024 
vt 0.53218 0.13076 
vt 0.52325 0.12024 
vt 0.53218 0.13076 
vt 0.52325 0.12024 
vt 0.49647 0.13076 
vt 0.49647 0.12024 
vt 0.49647 0.13076 
vt 0.49647 0.12024 
vt 0.46075 0.13076 
vt 0.46968 0.12024 
vt 0.46075 0.13076 
vt 0.46968 0.12024 
vt 0.43461 0.13076 
vt 0.45007 0.12024 
vt 0.43461 0.13076 
vt 0.45007 0.12024 
vt 0.42504 0.13076 
vt 0.4429 0.12024 
vt 0.42504 0.13076 
vt 0.4429 0.12024 
vt 0.43461 0.13076 
vt 0.45007 0.12024 
vt 0.43461 0.13076 
vt 0.45007 0.12024 
vt 0.46075 0.13076 
vt 0.46968 0.12024 
vt 0.46075 0.13076 
vt 0.46968 0.12024 
vt 0.49647 0.13076 
vt 0.49647 0.12024 
vt 0.49647 0.14128 
vt 0.49647 0.13076 
vt 0.52325 0.14128 
vt 0.53218 0.13076 
vt 0.52325 0.14128 
vt 0.53218 0.13076 
vt 0.54286 0.14128 
vt 0.55833 0.13076 
vt 0.54286 0.14128 
vt 0.55833 0.13076 
vt 0.55004 0.14128 
vt 0.5679 0.13076 
vt 0.55004 0.14128 
vt 0.5679 0.13076 
vt 0.54286 0.14128 
vt 0.55833 0.13076 
vt 0.54286 0.14128 
vt 0.55833 0.13076 
vt 0.52325 0.14128 
vt 0.53218 0.13076 
vt 0.52325 0.14128 
vt 0.53218 0.13076 
vt 0.49647 0.14128 
vt 0.49647 0.13076 
vt 0.49647 0.14128 
vt 0.49647 0.13076 
vt 0.46968 0.14128 
vt 0.46075 0.13076 
vt 0.46968 0.14128 
vt 0.46075 0.13076 
vt 0.45007 0.14128 
vt 0.43461 0.13076 
vt 0.45007 0.14128 
vt 0.43461 0.13076 
vt 0.4429 0.14128 
vt 0.42504 0.13076 
vt 0.4429 0.14128 
vt 0.42504 0.13076 
vt 0.45007 0.14128 
vt 0.43461 0.13076 
vt 0.45007 0.14128 
vt 0.43461 0.13076 
vt 0.46968 0.14128 
vt 0.46075 0.13076 
vt 0.46968 0.14128 
vt 0.46075 0.13076 
vt 0.49647 0.14128 
vt 0.49647 0.13076 
vt 0.49647 0.1518 
vt 0.49647 0.14128 
vt 0.53218 0.1518 
vt 0.52325 0.14128 
vt 0.53218 0.1518 
vt 0.52325 0.14128 
vt 0.55833 0.1518 
vt 0.54286 0.14128 
vt 0.55833 0.1518 
vt 0.54286 0.14128 
vt 0.5679 0.1518 
vt 0.55004 0.14128 
vt 0.5679 0.1518 
vt 0.55004 0.14128 
vt 0.55833 0.1518 
vt 0.54286 0.14128 
vt 0.55833 0.1518 
vt 0.54286 0.14128 
vt 0.53218 0.1518 
vt 0.52325 0.14128 
vt 0.53218 0.1518 
vt 0.52325 0.14128 
vt 0.49647 0.1518 
vt 0.49647 0.14128 
vt 0.49647 0.1518 
vt 0.49647 0.14128 
vt 0.46075 0.1518 
vt 0.46968 0.14128 
vt 0.46075 0.1518 
vt 0.46968 0.14128 
vt 0.43461 0.1518 
vt 0.45007 0.14128 
vt 0.43461 0.1518 
vt 0.45007 0.14128 
vt 0.42504 0.1518 
vt 0.4429 0.14128 
vt 0.42504 0.1518 
vt 0.4429 0.14128 
vt 0.43461 0.1518 
vt 0.45007 0.14128 
vt 0.43461 0.1518 
vt 0.45007 0.14128 
vt 0.46075 0.1518 
vt 0.46968 0.14128 
vt 0.46075 0.1518 
vt 0.46968 0.14128 
vt 0.49647 0.1518 
vt 0.49647 0.14128 
vt 0.49647 0.16232 
vt 0.49647 0.1518 
vt 0.52325 0.16232 
vt 0.53218 0.1518 
vt 0.52325 0.16232 
vt 0.53218 0.1518 
vt 0.54286 0.16232 
vt 0.55833 0.1518 
vt 0.54286 0.16232 
vt 0.55833 0.1518 
vt 0.55004 0.16232 
vt 0.5679 0.1518 
vt 0.55004 0.16232 
vt 0.5679 0.1518 
vt 0.54286 0.16232 
vt 0.55833 0.1518 
vt 0.54286 0.16232 
vt 0.55833 0.1518 
vt 0.52325 0.16232 
vt 0.53218 0.1518 
vt 0.52325 0.16232 
vt 0.53218 0.1518 
vt 0.49647 0.16232 
vt 0.49647 0.1518 
vt 0.49647 0.16232 
vt 0.49647 0.1518 
vt 0.46968 0.16232 
vt 0.46075 0.1518 
vt 0.46968 0.16232 
vt 0.46075 0.1518 
vt 0.45007 0.16232 
vt 0.43461 0.1518 
vt 0.45007 0.16232 
vt 0.43461 0.1518 
vt 0.4429 0.16232 
vt 0.42504 0.1518 
vt 0.4429 0.16232 
vt 0.42504 0.1518 
vt 0.45007 0.16232 
vt 0.43461 0.1518 
vt 0.45007 0.16232 
vt 0.43461 0.1518 
vt 0.46968 0.16232 
vt 0.46075 0.1518 
vt 0.46968 0.16232 
vt 0.46075 0.1518 
vt 0.49647 0.16232 
vt 0.49647 0.1518 
vt 0.49647 0.17284 
vt 0.49647 0.16232 
vt 0.53218 0.17284 
vt 0.52325 0.16232 
vt 0.53218 0.17284 
vt 0.52325 0.16232 
vt 0.55833 0.17284 
vt 0.54286 0.16232 
vt 0.55833 0.17284 
vt 0.54286 0.16232 
vt 0.5679 0.17284 
vt 0.55004 0.16232 
vt 0.5679 0.17284 
vt 0.55004 0.16232 
vt 0.55833 0.17284 
vt 0.54286 0.16232 
vt 0.55833 0.17284 
vt 0.54286 0.16232 
vt 0.53218 0.17284 
vt 0.52325 0.16232 
vt 0.53218 0.17284 
vt 0.52325 0.16232 
vt 0.49647 0.17284 
vt 0.49647 0.16232 
vt 0.49647 0.17284 
vt 0.49647 0.16232 
vt 0.46075 0.17284 
vt 0.46968 0.16232 
vt 0.46075 0.17284 
vt 0.46968 0.16232 
vt 0.43461 0.17284 
vt 0.45007 0.16232 
vt 0.43461 0.17284 
vt 0.45007 0.16232 
vt 0.42504 0.17284 
vt 0.4429 0.16232 
vt 0.42504 0.17284 
vt 0.4429 0.16232 
vt 0.43461 0.17284 
vt 0.45007 0.16232 
vt 0.43461 0.17284 
vt 0.45007 0.16232 
vt 0.46075 0.17284 
vt 0.46968 0.16232 
vt 0.46075 0.17284 
vt 0.46968 0.16232 
vt 0.49647 0.17284 
vt 0.49647 0.16232 
vt 0.49647 0.18336 
vt 0.49647 0.17284 
vt 0.52325 0.18336 
vt 0.53218 0.17284 
vt 0.52325 0.18336 
vt 0.53218 0.17284 
vt 0.54286 0.18336 
vt 0.55833 0.17284 
vt 0.54286 0.18336 
vt 0.55833 0.17284 
vt 0.55004 0.18336 
vt 0.5679 0.17284 
vt 0.55004 0.18336 
vt 0.5679 0.17284 
vt 0.54286 0.18336 
vt 0.55833 0.17284 
vt 0.54286 0.18336 
vt 0.55833 0.17284 
vt 0.52325 0.18336 
vt 0.53218 0.17284 
vt 0.52325 0.18336 
vt 0.53218 0.17284 
vt 0.49647 0.18336 
vt 0.49647 0.17284 
vt 0.49647 0.18336 
vt 0.49647 0.17284 
vt 0.46968 0.18336 
vt 0.46075 0.17284 
vt 0.46968 0.18336 
vt 0.46075 0.17284 
vt 0.45007 0.18336 
vt 0.43461 0.17284 
vt 0.45007 0.18336 
vt 0.43461 0.17284 
vt 0.4429 0.18336 
vt 0.42504 0.17284 
vt 0.4429 0.18336 
vt 0.42504 0.17284 
vt 0.45007 0.18336 
vt 0.43461 0.17284 
vt 0.45007 0.18336 
vt 0.43461 0.17284 
vt 0.46968 0.18336 
vt 0.46075 0.17284 
vt 0.46968 0.18336 
vt 0.46075 0.17284 
vt 0.49647 0.18336 
vt 0.49647 0.17284 
vt 0.49647 0.19388 
vt 0.49647 0.18336 
vt 0.53218 0.19388 
vt 0.52325 0.18336 
vt 0.53218 0.19388 
vt 0.52325 0.18336 
vt 0.55833 0.19388 
vt 0.54286 0.18336 
vt 0.55833 0.19388 
vt 0.54286 0.18336 
vt 0.5679 0.19388 
vt 0.55004 0.18336 
vt 0.5679 0.19388 
vt 0.55004 0.18336 
vt 0.55833 0.19388 
vt 0.54286 0.18336 
vt 0.55833 0.19388 
vt 0.54286 0.18336 
vt 0.53218 0.19388 
vt 0.52325 0.18336 
vt 0.53218 0.19388 
vt 0.52325 0.18336 
vt 0.49647 0.19388 
vt 0.49647 0.18336 
vt 0.49647 0.19388 
vt 0.49647 0.18336 
vt 0.46075 0.19388 
vt 0.46968 0.18336 
vt 0.46075 0.19388 
vt 0.46968 0.18336 
vt 0.43461 0.19388 
vt 0.45007 0.18336 
vt 0.43461 0.19388 
vt 0.45007 0.18336 
vt 0.42504 0.19388 
vt 0.4429 0.18336 
vt 0.42504 0.19388 
vt 0.4429 0.18336 
vt 0.43461 0.19388 
vt 0.45007 0.18336 
vt 0.43461 0.19388 
vt 0.45007 0.18336 
vt 0.46075 0.19388 
vt 0.46968 0.18336 
vt 0.46075 0.19388 
vt 0.46968 0.18336 
vt 0.49647 0.19388 
vt 0.49647 0.18336 
vt 0.49647 0.20439 
vt 0.49647 0.19388 
vt 0.52325 0.20439 
vt 0.53218 0.19388 
vt 0.52325 0.20439 
vt 0.53218 0.19388 
vt 0.54286 0.20439 
vt 0.55833 0.19388 
vt 0.54286 0.20439 
vt 0.55833 0.19388 
vt 0.55004 0.20439 
vt 0.5679 0.19388 
vt 0.55004 0.20439 
vt 0.5679 0.19388 
vt 0.54286 0.20439 
vt 0.55833 0.19388 
vt 0.54286 0.20439 
vt 0.55833 0.19388 
vt 0.52325 0.20439 
vt 0.53218 0.19388 
vt 0.52325 0.20439 
vt 0.53218 0.19388 
vt 0.49647 0.20439 
vt 0.49647 0.19388 
vt 0.49647 0.20439 
vt 0.49647 0.19388 
vt 0.46968 0.20439 
vt 0.46075 0.19388 
vt 0.46968 0.20439 
vt 0.46075 0.19388 
vt 0.45007 0.20439 
vt 0.43461 0.19388 
vt 0.45007 0.20439 
vt 0.43461 0.19388 
vt 0.4429 0.20439 
vt 0.42504 0.19388 
vt 0.4429 0.20439 
vt 0.42504 0.19388 
vt 0.45007 0.20439 
vt 0.43461 0.19388 
vt 0.45007 0.20439 
vt 0.43461 0.19388 
vt 0.46968 0.20439 
vt 0.46075 0.19388 
vt 0.46968 0.20439 
vt 0.46075 0.19388 
vt 0.49647 0.20439 
vt 0.49647 0.19388 
vt 0.49647 0.21491 
vt 0.49647 0.20439 
vt 0.53218 0.21491 
vt 0.52325 0.20439 
vt 0.53218 0.21491 
vt 0.52325 0.20439 
vt 0.55833 0.21491 
vt 0.54286 0.20439 
vt 0.55833 0.21491 
vt 0.54286 0.20439 
vt 0.5679 0.21491 
vt 0.55004 0.20439 
vt 0.5679 0.21491 
vt 0.55004 0.20439 
vt 0.55833 0.21491 
vt 0.54286 0.20439 
vt 0.55833 0.21491 
vt 0.54286 0.20439 
vt 0.53218 0.21491 
vt 0.52325 0.20439 
vt 0.53218 0.21491 
vt 0.52325 0.20439 
vt 0.49647 0.21491 
vt 0.49647 0.20439 
vt 0.49647 0.21491 
vt 0.49647 0.20439 
vt 0.46075 0.21491 
vt 0.46968 0.20439 
vt 0.46075 0.21491 
vt 0.46968 0.20439 
vt 0.43461 0.21491 
vt 0.45007 0.20439 
vt 0.43461 0.21491 
vt 0.45007 0.20439 
vt 0.42504 0.21491 
vt 0.4429 0.20439 
vt 0.42504 0.21491 
vt 0.4429 0.20439 
vt 0.43461 0.21491 
vt 0.45007 0.20439 
vt 0.43461 0.21491 
vt 0.45007 0.20439 
vt 0.46075 0.21491 
vt 0.46968 0.20439 
vt 0.46075 0.21491 
vt 0.46968 0.20439 
vt 0.49647 0.21491 
vt 0.49647 0.20439 
vt 0.49647 0.22543 
vt 0.49647 0.21491 
vt 0.52325 0.22543 
vt 0.53218 0.21491 
vt 0.52325 0.22543 
vt 0.53218 0.21491 
vt 0.54286 0.22543 
vt 0.55833 0.21491 
vt 0.54286 0.22543 
vt 0.55833 0.21491 
vt 0.55004 0.22543 
vt 0.5679 0.21491 
vt 0.55004 0.22543 
vt 0.5679 0.21491 
vt 0.54286 0.22543 
vt 0.55833 0.21491 
vt 0.54286 0.22543 
vt 0.55833 0.21491 
vt 0.52325 0.22543 
vt 0.53218 0.21491 
vt 0.52325 0.22543 
vt 0.53218 0.21491 
vt 0.49647 0.22543 
vt 0.49647 0.21491 
vt 0.49647 0.22543 
vt 0.49647 0.21491 
vt 0.46968 0.22543 
vt 0.46075 0.21491 
vt 0.46968 0.22543 
vt 0.46075 0.21491 
vt 0.45007 0.22543 
vt 0.43461 0.21491 
vt 0.45007 0.22543 
vt 0.43461 0.21491 
vt 0.4429 0.22543 
vt 0.42504 0.21491 
vt 0.4429 0.22543 
vt 0.42504 0.21491 
vt 0.45007 0.22543 
vt 0.43461 0.21491 
vt 0.45007 0.22543 
vt 0.43461 0.21491 
vt 0.46968 0.22543 
vt 0.46075 0.21491 
vt 0.46968 0.22543 
vt 0.46075 0.21491 
vt 0.49647 0.22543 
vt 0.49647 0.21491 
vt 0.49647 0.23595 
vt 0.49647 0.22543 
vt 0.53218 0.23595 
vt 0.52325 0.22543 
vt 0.53218 0.23595 
vt 0.52325 0.22543 
vt 0.55833 0.23595 
vt 0.54286 0.22543 
vt 0.55833 0.23595 
vt 0.54286 0.22543 
vt 0.5679 0.23595 
vt 0.55004 0.22543 
vt 0.5679 0.23595 
vt 0.55004 0.22543 
vt 0.55833 0.23595 
vt 0.54286 0.22543 
vt 0.55833 0.23595 
vt 0.54286 0.22543 
vt 0.53218 0.23595 
vt 0.52325 0.22543 
vt 0.53218 0.23595 
vt 0.52325 0.22543 
vt 0.49647 0.23595 
vt 0.49647 0.22543 
vt 0.49647 0.23595 
vt 0.49647 0.22543 
vt 0.46075 0.23595 
vt 0.46968 0.22543 
vt 0.46075 0.23595 
vt 0.46968 0.22543 
vt 0.43461 0.23595 
vt 0.45007 0.22543 
vt 0.43461 0.23595 
vt 0.45007 0.22543 
vt 0.42504 0.23595 
vt 0.4429 0.22543 
vt 0.42504 0.23595 
vt 0.4429 0.22543 
vt 0.43461 0.23595 
vt 0.45007 0.22543 
vt 0.43461 0.23595 
vt 0.45007 0.22543 
vt 0.46075 0.23595 
vt 0.46968 0.22543 
vt 0.46075 0.23595 
vt 0.46968 0.22543 
vt 0.49647 0.23595 
vt 0.49647 0.22543 
vt 0.49647 0.24647 
vt 0.49647 0.23595 
vt 0.52325 0.24647 
vt 0.53218 0.23595 
vt 0.52325 0.24647 
vt 0.53218 0.23595 
vt 0.54286 0.24647 
vt 0.55833 0.23595 
vt 0.54286 0.24647 
vt 0.55833 0.23595 
vt 0.55004 0.24647 
vt 0.5679 0.23595 
vt 0.55004 0.24647 
vt 0.5679 0.23595 
vt 0.54286 0.24647 
vt 0.55833 0.23595 
vt 0.54286 0.24647 
vt 0.55833 0.23595 
vt 0.52325 0.24647 
vt 0.53218 0.23595 
vt 0.52325 0.24647 
vt 0.53218 0.23595 
vt 0.49647 0.24647 
vt 0.49647 0.23595 
vt 0.49647 0.24647 
vt 0.49647 0.23595 
vt 0.46968 0.24647 
vt 0.46075 0.23595 
vt 0.46968 0.24647 
vt 0.46075 0.23595 
vt 0.45007 0.24647 
vt 0.43461 0.23595 
vt 0.45007 0.24647 
vt 0.43461 0.23595 
vt 0.4429 0.24647 
vt 0.42504 0.23595 
vt 0.4429 0.24647 
vt 0.42504 0.23595 
vt 0.45007 0.24647 
vt 0.43461 0.23595 
vt 0.45007 0.24647 
vt 0.43461 0.23595 
vt 0.46968 0.24647 
vt 0.46075 0.23595 
vt 0.46968 0.24647 
vt 0.46075 0.23595 
vt 0.49647 0.24647 
vt 0.49647 0.23595 
vt 0.49647 0.25699 
vt 0.49647 0.24647 
vt 0.53218 0.25699 
vt 0.52325 0.24647 
vt 0.53218 0.25699 
vt 0.52325 0.24647 
vt 0.55833 0.25699 
vt 0.54286 0.24647 
vt 0.55833 0.25699 
vt 0.54286 0.24647 
vt 0.5679 0.25699 
vt 0.55004 0.24647 
vt 0.5679 0.25699 
vt 0.55004 0.24647 
vt 0.55833 0.25699 
vt 0.54286 0.24647 
vt 0.55833 0.25699 
vt 0.54286 0.24647 
vt 0.53218 0.25699 
vt 0.52325 0.24647 
vt 0.53218 0.25699 
vt 0.52325 0.24647 
vt 0.49647 0.25699 
vt 0.49647 0.24647 
vt 0.49647 0.25699 
vt 0.49647 0.24647 
vt 0.46075 0.25699 
vt 0.46968 0.24647 
vt 0.46075 0.25699 
vt 0.46968 0.24647 
vt 0.43461 0.25699 
vt 0.45007 0.24647 
vt 0.43461 0.25699 
vt 0.45007 0.24647 
vt 0.42504 0.25699 
vt 0.4429 0.24647 
vt 0.42504 0.25699 
vt 0.4429 0.24647 
vt 0.43461 0.25699 
vt 0.45007 0.24647 
vt 0.43461 0.25699 
vt 0.45007 0.24647 
vt 0.46075 0.25699 
vt 0.46968 0.24647 
vt 0.46075 0.25699 
vt 0.46968 0.24647 
vt 0.49647 0.25699 
vt 0.49647 0.24647 
vt 0.49647 0.26751 
vt 0.49647 0.25699 
vt 0.52325 0.26751 
vt 0.53218 0.25699 
vt 0.52325 0.26751 
vt 0.53218 0.25699 
vt 0.54286 0.26751 
vt 0.55833 0.25699 
vt 0.54286 0.26751 
vt 0.55833 0.25699 
vt 0.55004 0.26751 
vt 0.5679 0.25699 
vt 0.55004 0.26751 
vt 0.5679 0.25699 
vt 0.54286 0.26751 
vt 0.55833 0.25699 
vt 0.54286 0.26751 
vt 0.55833 0.25699 
vt 0.52325 0.26751 
vt 0.53218 0.25699 
vt 0.52325 0.26751 
vt 0.53218 0.25699 
vt 0.49647 0.26751 
vt 0.49647 0.25699 
vt 0.49647 0.26751 
vt 0.49647 0.25699 
vt 0.46968 0.26751 
vt 0.46075 0.25699 
vt 0.46968 0.26751 
vt 0.46075 0.25699 
vt 0.45007 0.26751 
vt 0.43461 0.25699 
vt 0.45007 0.26751 
vt 0.43461 0.25699 
vt 0.4429 0.26751 
vt 0.42504 0.25699 
vt 0.4429 0.26751 
vt 0.42504 0.25699 
vt 0.45007 0.26751 
vt 0.43461 0.25699 
vt 0.45007 0.26751 
vt 0.43461 0.25699 
vt 0.46968 0.26751 
vt 0.46075 0.25699 
vt 0.46968 0.26751 
vt 0.46075 0.25699 
vt 0.49647 0.26751 
vt 0.49647 0.25699 
vt 0.49647 0.27803 
vt 0.49647 0.26751 
vt 0.53218 0.27803 
vt 0.52325 0.26751 
vt 0.53218 0.27803 
vt 0.52325 0.26751 
vt 0.55833 0.27803 
vt 0.54286 0.26751 
vt 0.55833 0.27803 
vt 0.54286 0.26751 
vt 0.5679 0.27803 
vt 0.55004 0.26751 
vt 0.5679 0.27803 
vt 0.55004 0.26751 
vt 0.55833 0.27803 
vt 0.54286 0.26751 
vt 0.55833 0.27803 
vt 0.54286 0.26751 
vt 0.53218 0.27803 
vt 0.52325 0.26751 
vt 0.53218 0.27803 
vt 0.52325 0.26751 
vt 0.49647 0.27803 
vt 0.49647 0.26751 
vt 0.49647 0.27803 
vt 0.49647 0.26751 
vt 0.46075 0.27803 
vt 0.46968 0.26751 
vt 0.46075 0.27803 
vt 0.46968 0.26751 
vt 0.43461 0.27803 
vt 0.45007 0.26751 
vt 0.43461 0.27803 
vt 0.45007 0.26751 
vt 0.42504 0.27803 
vt 0.4429 0.26751 
vt 0.42504 0.27803 
vt 0.4429 0.26751 
vt 0.43461 0.27803 
vt 0.45007 0.26751 
vt 0.43461 0.27803 
vt 0.45007 0.26751 
vt 0.46075 0.27803 
vt 0.46968 0.26751 
vt 0.46075 0.27803 
vt 0.46968 0.26751 
vt 0.49647 0.27803 
vt 0.49647 0.26751 
vt 0.49647 0.28855 
vt 0.49647 0.27803 
vt 0.52325 0.28855 
vt 0.53218 0.27803 
vt 0.52325 0.28855 
vt 0.53218 0.27803 
vt 0.54286 0.28855 
vt 0.55833 0.27803 
vt 0.54286 0.28855 
vt 0.55833 0.27803 
vt 0.55004 0.28855 
vt 0.5679 0.27803 
vt 0.55004 0.28855 
vt 0.5679 0.27803 
vt 0.54286 0.28855 
vt 0.55833 0.27803 
vt 0.54286 0.28855 
vt 0.55833 0.27803 
vt 0.52325 0.28855 
vt 0.53218 0.27803 
vt 0.52325 0.28855 
vt 0.53218 0.27803 
vt 0.49647 0.28855 
vt 0.49647 0.27803 
vt 0.49647 0.28855 
vt 0.49647 0.27803 
vt 0.46968 0.28855 
vt 0.46075 0.27803 
vt 0.46968 0.28855 
vt 0.46075 0.27803 
vt 0.45007 0.28855 
vt 0.43461 0.27803 
vt 0.45007 0.28855 
vt 0.43461 0.27803 
vt 0.4429 0.28855 
vt 0.42504 0.27803 
vt 0.4429 0.28855 
vt 0.42504 0.27803 
vt 0.45007 0.28855 
vt 0.43461 0.27803 
vt 0.45007 0.28855 
vt 0.43461 0.27803 
vt 0.46968 0.28855 
vt 0.46075 0.27803 
vt 0.46968 0.28855 
vt 0.46075 0.27803 
vt 0.49647 0.28855 
vt 0.49647 0.27803 
vt 0.49647 0.29906 
vt 0.49647 0.28855 
vt 0.53218 0.29906 
vt 0.52325 0.28855 
vt 0.53218 0.29906 
vt 0.52325 0.28855 
vt 0.55833 0.29906 
vt 0.54286 0.28855 
vt 0.55833 0.29906 
vt 0.54286 0.28855 
vt 0.5679 0.29906 
vt 0.55004 0.28855 
vt 0.5679 0.29906 
vt 0.55004 0.28855 
vt 0.55833 0.29906 
vt 0.54286 0.28855 
vt 0.55833 0.29906 
vt 0.54286 0.28855 
vt 0.53218 0.29906 
vt 0.52325 0.28855 
vt 0.53218 0.29906 
vt 0.52325 0.28855 
vt 0.49647 0.29906 
vt 0.49647 0.28855 
vt 0.49647 0.29906 
vt 0.49647 0.28855 
vt 0.46075 0.29906 
vt 0.46968 0.28855 
vt 0.46075 0.29906 
vt 0.46968 0.28855 
vt 0.43461 0.29906 
vt 0.45007 0.28855 
vt 0.43461 0.29906 
vt 0.45007 0.28855 
vt 0.42504 0.29906 
vt 0.4429 0.28855 
vt 0.42504 0.29906 
vt 0.4429 0.28855 
vt 0.43461 0.29906 
vt 0.45007 0.28855 
vt 0.43461 0.29906 
vt 0.45007 0.28855 
vt 0.46075 0.29906 
vt 0.46968 0.28855 
vt 0.46075 0.29906 
vt 0.46968 0.28855 
vt 0.49647 0.29906 
vt 0.49647 0.28855 
vt 0.49647 0.30958 
vt 0.49647 0.29906 
vt 0.52325 0.30958 
vt 0.53218 0.29906 
vt 0.52325 0.30958 
vt 0.53218 0.29906 
vt 0.54286 0.30958 
vt 0.55833 0.29906 
vt 0.54286 0.30958 
vt 0.55833 0.29906 
vt 0.55004 0.30958 
vt 0.5679 0.29906 
vt 0.55004 0.30958 
vt 0.5679 0.29906 
vt 0.54286 0.30958 
vt 0.55833 0.29906 
vt 0.54286 0.30958 
vt 0.55833 0.29906 
vt 0.52325 0.30958 
vt 0.53218 0.29906 
vt 0.52325 0.30958 
vt 0.53218 0.29906 
vt 0.49647 0.30958 
vt 0.49647 0.29906 
vt 0.49647 0.30958 
vt 0.49647 0.29906 
vt 0.46968 0.30958 
vt 0.46075 0.29906 
vt 0.46968 0.30958 
vt 0.46075 0.29906 
vt 0.45007 0.30958 
vt 0.43461 0.29906 
vt 0.45007 0.30958 
vt 0.43461 0.29906 
vt 0.4429 0.30958 
vt 0.42504 0.29906 
vt 0.4429 0.30958 
vt 0.42504 0.29906 
vt 0.45007 0.30958 
vt 0.43461 0.29906 
vt 0.45007 0.30958 
vt 0.43461 0.29906 
vt 0.46968 0.30958 
vt 0.46075 0.29906 
vt 0.46968 0.30958 
vt 0.46075 0.29906 
vt 0.49647 0.30958 
vt 0.49647 0.29906 
vt 0.49647 0.3201 
vt 0.49647 0.30958 
vt 0.53218 0.3201 
vt 0.52325 0.30958 
vt 0.53218 0.3201 
vt 0.52325 0.30958 
vt 0.55833 0.3201 
vt 0.54286 0.30958 
vt 0.55833 0.3201 
vt 0.54286 0.30958 
vt 0.5679 0.3201 
vt 0.55004 0.30958 
vt 0.5679 0.3201 
vt 0.55004 0.30958 
vt 0.55833 0.3201 
vt 0.54286 0.30958 
vt 0.55833 0.3201 
vt 0.54286 0.30958 
vt 0.53218 0.3201 
vt 0.52325 0.30958 
vt 0.53218 0.3201 
vt 0.52325 0.30958 
vt 0.49647 0.3201 
vt 0.49647 0.30958 
vt 0.49647 0.3201 
vt 0.49647 0.30958 
vt 0.46075 0.3201 
vt 0.46968 0.30958 
vt 0.46075 0.3201 
vt 0.46968 0.30958 
vt 0.43461 0.3201 
vt 0.45007 0.30958 
vt 0.43461 0.3201 
vt 0.45007 0.30958 
vt 0.42504 0.3201 
vt 0.4429 0.30958 
vt 0.42504 0.3201 
vt 0.4429 0.30958 
vt 0.43461 0.3201 
vt 0.45007 0.30958 
vt 0.43461 0.3201 
vt 0.45007 0.30958 
vt 0.46075 0.3201 
vt 0.46968 0.30958 
vt 0.46075 0.3201 
vt 0.46968 0.30958 
vt 0.49647 0.3201 
vt 0.49647 0.30958 
vt 0.49647 0.33062 
vt 0.49647 0.3201 
vt 0.52325 0.33062 
vt 0.53218 0.3201 
vt 0.52325 0.33062 
vt 0.53218 0.3201 
vt 0.54286 0.33062 
vt 0.55833 0.3201 
vt 0.54286 0.33062 
vt 0.55833 0.3201 
vt 0.55004 0.33062 
vt 0.5679 0.3201 
vt 0.55004 0.33062 
vt 0.5679 0.3201 
vt 0.54286 0.33062 
vt 0.55833 0.3201 
vt 0.54286 0.33062 
vt 0.55833 0.3201 
vt 0.52325 0.33062 
vt 0.53218 0.3201 
vt 0.52325 0.33062 
vt 0.53218 0.3201 
vt 0.49647 0.33062 
vt 0.49647 0.3201 
vt 0.49647 0.33062 
vt 0.49647 0.3201 
vt 0.46968 0.33062 
vt 0.46075 0.3201 
vt 0.46968 0.33062 
vt 0.46075 0.3201 
vt 0.45007 0.33062 
vt 0.43461 0.3201 
vt 0.45007 0.33062 
vt 0.43461 0.3201 
vt 0.4429 0.33062 
vt 0.42504 0.3201 
vt 0.4429 0.33062 
vt 0.42504 0.3201 
vt 0.45007 0.33062 
vt 0.43461 0.3201 
vt 0.45007 0.33062 
vt 0.43461 0.3201 
vt 0.46968 0.33062 
vt 0.46075 0.3201 
vt 0.46968 0.33062 
vt 0.46075 0.3201 
vt 0.49647 0.33062 
vt 0.49647 0.3201 
vt 0.49647 0.34114 
vt 0.49647 0.33062 
vt 0.53218 0.34114 
vt 0.52325 0.33062 
vt 0.53218 0.34114 
vt 0.52325 0.33062 
vt 0.55833 0.34114 
vt 0.54286 0.33062 
vt 0.55833 0.34114 
vt 0.54286 0.33062 
vt 0.5679 0.34114 
vt 0.55004 0.33062 
vt 0.5679 0.34114 
vt 0.55004 0.33062 
vt 0.55833 0.34114 
vt 0.54286 0.33062 
vt 0.55833 0.34114 
vt 0.54286 0.33062 
vt 0.53218 0.34114 
vt 0.52325 0.33062 
vt 0.53218 0.34114 
vt 0.52325 0.33062 
vt 0.49647 0.34114 
vt 0.49647 0.33062 
vt 0.49647 0.34114 
vt 0.49647 0.33062 
vt 0.46075 0.34114 
vt 0.46968 0.33062 
vt 0.46075 0.34114 
vt 0.46968 0.33062 
vt 0.43461 0.34114 
vt 0.45007 0.33062 
vt 0.43461 0.34114 
vt 0.45007 0.33062 
vt 0.42504 0.34114 
vt 0.4429 0.33062 
vt 0.42504 0.34114 
vt 0.4429 0.33062 
vt 0.43461 0.34114 
vt 0.45007 0.33062 
vt 0.43461 0.34114 
vt 0.45007 0.33062 
vt 0.46075 0.34114 
vt 0.46968 0.33062 
vt 0.46075 0.34114 
vt 0.46968 0.33062 
vt 0.49647 0.34114 
vt 0.49647 0.33062 
vt 0.49647 0.35166 
vt 0.49647 0.34114 
vt 0.52325 0.35166 
vt 0.53218 0.34114 
vt 0.52325 0.35166 
vt 0.53218 0.34114 
vt 0.54286 0.35166 
vt 0.55833 0.34114 
vt 0.54286 0.35166 
vt 0.55833 0.34114 
vt 0.55004 0.35166 
vt 0.5679 0.34114 
vt 0.55004 0.35166 
vt 0.5679 0.34114 
vt 0.54286 0.35166 
vt 0.55833 0.34114 
vt 0.54286 0.35166 
vt 0.55833 0.34114 
vt 0.52325 0.35166 
vt 0.53218 0.34114 
vt 0.52325 0.35166 
vt 0.53218 0.34114 
vt 0.49647 0.35166 
vt 0.49647 0.34114 
vt 0.49647 0.35166 
vt 0.49647 0.34114 
vt 0.46968 0.35166 
vt 0.46075 0.34114 
vt 0.46968 0.35166 
vt 0.46075 0.34114 
vt 0.45007 0.35166 
vt 0.43461 0.34114 
vt 0.45007 0.35166 
vt 0.43461 0.34114 
vt 0.4429 0.35166 
vt 0.42504 0.34114 
vt 0.4429 0.35166 
vt 0.42504 0.34114 
vt 0.45007 0.35166 
vt 0.43461 0.34114 
vt 0.45007 0.35166 
vt 0.43461 0.34114 
vt 0.46968 0.35166 
vt 0.46075 0.34114 
vt 0.46968 0.35166 
vt 0.46075 0.34114 
vt 0.49647 0.35166 
vt 0.49647 0.34114 
vt 0.49647 0.36218 
vt 0.49647 0.35166 
vt 0.53218 0.36218 
vt 0.52325 0.35166 
vt 0.53218 0.36218 
vt 0.52325 0.35166 
vt 0.55833 0.36218 
vt 0.54286 0.35166 
vt 0.55833 0.36218 
vt 0.54286 0.35166 
vt 0.5679 0.36218 
vt 0.55004 0.35166 
vt 0.5679 0.36218 
vt 0.55004 0.35166 
vt 0.55833 0.36218 
vt 0.54286 0.35166 
vt 0.55833 0.36218 
vt 0.54286 0.35166 
vt 0.53218 0.36218 
vt 0.52325 0.35166 
vt 0.53218 0.36218 
vt 0.52325 0.35166 
vt 0.49647 0.36218 
vt 0.49647 0.35166 
vt 0.49647 0.36218 
vt 0.49647 0.35166 
vt 0.46075 0.36218 
vt 0.46968 0.35166 
vt 0.46075 0.36218 
vt 0.46968 0.35166 
vt 0.43461 0.36218 
vt 0.45007 0.35166 
vt 0.43461 0.36218 
vt 0.45007 0.35166 
vt 0.42504 0.36218 
vt 0.4429 0.35166 
vt 0.42504 0.36218 
vt 0.4429 0.35166 
vt 0.43461 0.36218 
vt 0.45007 0.35166 
vt 0.43461 0.36218 
vt 0.45007 0.35166 
vt 0.46075 0.36218 
vt 0.46968 0.35166 
vt 0.46075 0.36218 
vt 0.46968 0.35166 
vt 0.49647 0.36218 
vt 0.49647 0.35166 
vt 0.49647 0.3727 
vt 0.49647 0.36218 
vt 0.52325 0.3727 
vt 0.53218 0.36218 
vt 0.52325 0.3727 
vt 0.53218 0.36218 
vt 0.54286 0.3727 
vt 0.55833 0.36218 
vt 0.54286 0.3727 
vt 0.55833 0.36218 
vt 0.55004 0.3727 
vt 0.5679 0.36218 
vt 0.55004 0.3727 
vt 0.5679 0.36218 
vt 0.54286 0.3727 
vt 0.55833 0.36218 
vt 0.54286 0.3727 
vt 0.55833 0.36218 
vt 0.52325 0.3727 
vt 0.53218 0.36218 
vt 0.52325 0.3727 
vt 0.53218 0.36218 
vt 0.49647 0.3727 
vt 0.49647 0.36218 
vt 0.49647 0.3727 
vt 0.49647 0.36218 
vt 0.46968 0.3727 
vt 0.46075 0.36218 
vt 0.46968 0.3727 
vt 0.46075 0.36218 
vt 0.45007 0.3727 
vt 0.43461 0.36218 
vt 0.45007 0.3727 
vt 0.43461 0.36218 
vt 0.4429 0.3727 
vt 0.42504 0.36218 
vt 0.4429 0.3727 
vt 0.42504 0.36218 
vt 0.45007 0.3727 
vt 0.43461 0.36218 
vt 0.45007 0.3727 
vt 0.43461 0.36218 
vt 0.46968 0.3727 
vt 0.46075 0.36218 
vt 0.46968 0.3727 
vt 0.46075 0.36218 
vt 0.49647 0.3727 
vt 0.49647 0.36218 
vt 0.49647 0.38322 
vt 0.49647 0.3727 
vt 0.53218 0.38322 
vt 0.52325 0.3727 
vt 0.53218 0.38322 
vt 0.52325 0.3727 
vt 0.55833 0.38322 
vt 0.54286 0.3727 
vt 0.55833 0.38322 
vt 0.54286 0.3727 
vt 0.5679 0.38322 
vt 0.55004 0.3727 
vt 0.5679 0.38322 
vt 0.55004 0.3727 
vt 0.55833 0.38322 
vt 0.54286 0.3727 
vt 0.55833 0.38322 
vt 0.54286 0.3727 
vt 0.53218 0.38322 
vt 0.52325 0.3727 
vt 0.53218 0.38322 
vt 0.52325 0.3727 
vt 0.49647 0.38322 
vt 0.49647 0.3727 
vt 0.49647 0.38322 
vt 0.49647 0.3727 
vt 0.46075 0.38322 
vt 0.46968 0.3727 
vt 0.46075 0.38322 
vt 0.46968 0.3727 
vt 0.43461 0.38322 
vt 0.45007 0.3727 
vt 0.43461 0.38322 
vt 0.45007 0.3727 
vt 0.42504 0.38322 
vt 0.4429 0.3727 
vt 0.42504 0.38322 
vt 0.4429 0.3727 
vt 0.43461 0.38322 
vt 0.45007 0.3727 
vt 0.43461 0.38322 
vt 0.45007 0.3727 
vt 0.46075 0.38322 
vt 0.46968 0.3727 
vt 0.46075 0.38322 
vt 0.46968 0.3727 
vt 0.49647 0.38322 
vt 0.49647 0.3727 
vt 0.49647 0.39374 
vt 0.49647 0.38322 
vt 0.52325 0.39374 
vt 0.53218 0.38322 
vt 0.52325 0.39374 
vt 0.53218 0.38322 
vt 0.54286 0.39374 
vt 0.55833 0.38322 
vt 0.54286 0.39374 
vt 0.55833 0.38322 
vt 0.55004 0.39374 
vt 0.5679 0.38322 
vt 0.55004 0.39374 
vt 0.5679 0.38322 
vt 0.54286 0.39374 
vt 0.55833 0.38322 
vt 0.54286 0.39374 
vt 0.55833 0.38322 
vt 0.52325 0.39374 
vt 0.53218 0.38322 
vt 0.52325 0.39374 
vt 0.53218 0.38322 
vt 0.49647 0.39374 
vt 0.49647 0.38322 
vt 0.49647 0.39374 
vt 0.49647 0.38322 
vt 0.46968 0.39374 
vt 0.46075 0.38322 
vt 0.46968 0.39374 
vt 0.46075 0.38322 
vt 0.45007 0.39374 
vt 0.43461 0.38322 
vt 0.45007 0.39374 
vt 0.43461 0.38322 
vt 0.4429 0.39374 
vt 0.42504 0.38322 
vt 0.4429 0.39374 
vt 0.42504 0.38322 
vt 0.45007 0.39374 
vt 0.43461 0.38322 
vt 0.45007 0.39374 
vt 0.43461 0.38322 
vt 0.46968 0.39374 
vt 0.46075 0.38322 
vt 0.46968 0.39374 
vt 0.46075 0.38322 
vt 0.49647 0.39374 
vt 0.49647 0.38322 
vt 0.49647 0.40425 
vt 0.49647 0.39374 
vt 0.53218 0.40425 
vt 0.52325 0.39374 
vt 0.53218 0.40425 
vt 0.52325 0.39374 
vt 0.55833 0.40425 
vt 0.54286 0.39374 
vt 0.55833 0.40425 
vt 0.54286 0.39374 
vt 0.5679 0.40425 
vt 0.55004 0.39374 
vt 0.5679 0.40425 
vt 0.55004 0.39374 
vt 0.55833 0.40425 
vt 0.54286 0.39374 
vt 0.55833 0.40425 
vt 0.54286 0.39374 
vt 0.53218 0.40425 
vt 0.52325 0.39374 
vt 0.53218 0.40425 
vt 0.52325 0.39374 
vt 0.49647 0.40425 
vt 0.49647 0.39374 
vt 0.49647 0.40425 
vt 0.49647 0.39374 
vt 0.46075 0.40425 
vt 0.46968 0.39374 
vt 0.46075 0.40425 
vt 0.46968 0.39374 
vt 0.43461 0.40425 
vt 0.45007 0.39374 
vt 0.43461 0.40425 
vt 0.45007 0.39374 
vt 0.42504 0.40425 
vt 0.4429 0.39374 
vt 0.42504 0.40425 
vt 0.4429 0.39374 
vt 0.43461 0.40425 
vt 0.45007 0.39374 
vt 0.43461 0.40425 
vt 0.45007 0.39374 
vt 0.46075 0.40425 
vt 0.46968 0.39374 
vt 0.46075 0.40425 
vt 0.46968 0.39374 
vt 0.49647 0.40425 
vt 0.49647 0.39374 
vt 0.49647 0.41477 
vt 0.49647 0.40425 
vt 0.52325 0.41477 
vt 0.53218 0.40425 
vt 0.52325 0.41477 
vt 0.53218 0.40425 
vt 0.54286 0.41477 
vt 0.55833 0.40425 
vt 0.54286 0.41477 
vt 0.55833 0.40425 
vt 0.55004 0.41477 
vt 0.5679 0.40425 
vt 0.55004 0.41477 
vt 0.5679 0.40425 
vt 0.54286 0.41477 
vt 0.55833 0.40425 
vt 0.54286 0.41477 
vt 0.55833 0.40425 
vt 0.52325 0.41477 
vt 0.53218 0.40425 
vt 0.52325 0.41477 
vt 0.53218 0.40425 
vt 0.49647 0.41477 
vt 0.49647 0.40425 
vt 0.49647 0.41477 
vt 0.49647 0.40425 
vt 0.46968 0.41477 
vt 0.46075 0.40425 
vt 0.46968 0.41477 
vt 0.46075 0.40425 
vt 0.45007 0.41477 
vt 0.43461 0.40425 
vt 0.45007 0.41477 
vt 0.43461 0.40425 
vt 0.4429 0.41477 
vt 0.42504 0.40425 
vt 0.4429 0.41477 
vt 0.42504 0.40425 
vt 0.45007 0.41477 
vt 0.43461 0.40425 
vt 0.45007 0.41477 
vt 0.43461 0.40425 
vt 0.46968 0.41477 
vt 0.46075 0.40425 
vt 0.46968 0.41477 
vt 0.46075 0.40425 
vt 0.49647 0.41477 
vt 0.49647 0.40425 
vt 0.49647 0.42529 
vt 0.49647 0.41477 
vt 0.53218 0.42529 
vt 0.52325 0.41477 
vt 0.53218 0.42529 
vt 0.52325 0.41477 
vt 0.55833 0.42529 
vt 0.54286 0.41477 
vt 0.55833 0.42529 
vt 0.54286 0.41477 
vt 0.5679 0.42529 
vt 0.55004 0.41477 
vt 0.5679 0.42529 
vt 0.55004 0.41477 
vt 0.55833 0.42529 
vt 0.54286 0.41477 
vt 0.55833 0.42529 
vt 0.54286 0.41477 
vt 0.53218 0.42529 
vt 0.52325 0.41477 
vt 0.53218 0.42529 
vt 0.52325 0.41477 
vt 0.49647 0.42529 
vt 0.49647 0.41477 
vt 0.49647 0.42529 
vt 0.49647 0.41477 
vt 0.46075 0.42529 
vt 0.46968 0.41477 
vt 0.46075 0.42529 
vt 0.46968 0.41477 
vt 0.43461 0.42529 
vt 0.45007 0.41477 
vt 0.43461 0.42529 
vt 0.45007 0.41477 
vt 0.42504 0.42529 
vt 0.4429 0.41477 
vt 0.42504 0.42529 
vt 0.4429 0.41477 
vt 0.43461 0.42529 
vt 0.45007 0.41477 
vt 0.43461 0.42529 
vt 0.45007 0.41477 
vt 0.46075 0.42529 
vt 0.46968 0.41477 
vt 0.46075 0.42529 
vt 0.46968 0.41477 
vt 0.49647 0.42529 
vt 0.49647 0.41477 
vt 0.49647 0.43581 
vt 0.49647 0.42529 
vt 0.52325 0.43581 
vt 0.53218 0.42529 
vt 0.52325 0.43581 
vt 0.53218 0.42529 
vt 0.54286 0.43581 
vt 0.55833 0.42529 
vt 0.54286 0.43581 
vt 0.55833 0.42529 
vt 0.55004 0.43581 
vt 0.5679 0.42529 
vt 0.55004 0.43581 
vt 0.5679 0.42529 
vt 0.54286 0.43581 
vt 0.55833 0.42529 
vt 0.54286 0.43581 
vt 0.55833 0.42529 
vt 0.52325 0.43581 
vt 0.53218 0.42529 
vt 0.52325 0.43581 
vt 0.53218 0.42529 
vt 0.49647 0.43581 
vt 0.49647 0.42529 
vt 0.49647 0.43581 
vt 0.49647 0.42529 
vt 0.46968 0.43581 
vt 0.46075 0.42529 
vt 0.46968 0.43581 
vt 0.46075 0.42529 
vt 0.45007 0.43581 
vt 0.43461 0.42529 
vt 0.45007 0.43581 
vt 0.43461 0.42529 
vt 0.4429 0.43581 
vt 0.42504 0.42529 
vt 0.4429 0.43581 
vt 0.42504 0.42529 
vt 0.45007 0.43581 
vt 0.43461 0.42529 
vt 0.45007 0.43581 
vt 0.43461 0.42529 
vt 0.46968 0.43581 
vt 0.46075 0.42529 
vt 0.46968 0.43581 
vt 0.46075 0.42529 
vt 0.49647 0.43581 
vt 0.49647 0.42529 
vt 0.49647 0.44633 
vt 0.49647 0.43581 
vt 0.53218 0.44633 
vt 0.52325 0.43581 
vt 0.53218 0.44633 
vt 0.52325 0.43581 
vt 0.55833 0.44633 
vt 0.54286 0.43581 
vt 0.55833 0.44633 
vt 0.54286 0.43581 
vt 0.5679 0.44633 
vt 0.55004 0.43581 
vt 0.5679 0.44633 
vt 0.55004 0.43581 
vt 0.55833 0.44633 
vt 0.54286 0.43581 
vt 0.55833 0.44633 
vt 0.54286 0.43581 
vt 0.53218 0.44633 
vt 0.52325 0.43581 
vt 0.53218 0.44633 
vt 0.52325 0.43581 
vt 0.49647 0.44633 
vt 0.49647 0.43581 
vt 0.49647 0.44633 
vt 0.49647 0.43581 
vt 0.46075 0.44633 
vt 0.46968 0.43581 
vt 0.46075 0.44633 
vt 0.46968 0.43581 
vt 0.43461 0.44633 
vt 0.45007 0.43581 
vt 0.43461 0.44633 
vt 0.45007 0.43581 
vt 0.42504 0.44633 
vt 0.4429 0.43581 
vt 0.42504 0.44633 
vt 0.4429 0.43581 
vt 0.43461 0.44633 
vt 0.45007 0.43581 
vt 0.43461 0.44633 
vt 0.45007 0.43581 
vt 0.46075 0.44633 
vt 0.46968 0.43581 
vt 0.46075 0.44633 
vt 0.46968 0.43581 
vt 0.49647 0.44633 
vt 0.49647 0.43581 
vt 0.49647 0.45685 
vt 0.49647 0.44633 
vt 0.53218 0.45685 
vt 0.53218 0.45685 
vt 0.53218 0.44633 
vt 0.55833 0.45685 
vt 0.55833 0.45685 
vt 0.55833 0.44633 
vt 0.5679 0.45685 
vt 0.5679 0.45685 
vt 0.5679 0.44633 
vt 0.55833 0.45685 
vt 0.55833 0.45685 
vt 0.55833 0.44633 
vt 0.53218 0.45685 
vt 0.53218 0.45685 
vt 0.53218 0.44633 
vt 0.49647 0.45685 
vt 0.49647 0.45685 
vt 0.49647 0.44633 
vt 0.46075 0.45685 
vt 0.46075 0.45685 
vt 0.46075 0.44633 
vt 0.43461 0.45685 
vt 0.43461 0.45685 
vt 0.43461 0.44633 
vt 0.42504 0.45685 
vt 0.42504 0.45685 
vt 0.42504 0.44633 
vt 0.43461 0.45685 
vt 0.43461 0.45685 
vt 0.43461 0.44633 
vt 0.46075 0.45685 
vt 0.46075 0.45685 
vt 0.46075 0.44633 
vt 0.49647 0.45685 
vt 0.49647 0.45685 
vt 0.53218 0.45685 
vt 0.55833 0.45685 
vt 0.5679 0.45685 
vt 0.55833 0.45685 
vt 0.53218 0.45685 
vt 0.49647 0.45685 
vt 0.46075 0.45685 
vt 0.43461 0.45685 
vt 0.42504 0.45685 
vt 0.43461 0.45685 
vt 0.46075 0.45685 
vt 0.49647 0.47789 
vt 0.49647 0.45685 
vt 0.52325 0.47789 
vt 0.53218 0.45685 
vt 0.52325 0.47789 
vt 0.53218 0.45685 
vt 0.54286 0.47789 
vt 0.55833 0.45685 
vt 0.54286 0.47789 
vt 0.55833 0.45685 
vt 0.55004 0.47789 
vt 0.5679 0.45685 
vt 0.55004 0.47789 
vt 0.5679 0.45685 
vt 0.54286 0.47789 
vt 0.55833 0.45685 
vt 0.54286 0.47789 
vt 0.55833 0.45685 
vt 0.52325 0.47789 
vt 0.53218 0.45685 
vt 0.52325 0.47789 
vt 0.53218 0.45685 
vt 0.49647 0.47789 
vt 0.49647 0.45685 
vt 0.49647 0.47789 
vt 0.49647 0.45685 
vt 0.46968 0.47789 
vt 0.46075 0.45685 
vt 0.46968 0.47789 
vt 0.46075 0.45685 
vt 0.45007 0.47789 
vt 0.43461 0.45685 
vt 0.45007 0.47789 
vt 0.43461 0.45685 
vt 0.4429 0.47789 
vt 0.42504 0.45685 
vt 0.4429 0.47789 
vt 0.42504 0.45685 
vt 0.45007 0.47789 
vt 0.43461 0.45685 
vt 0.45007 0.47789 
vt 0.43461 0.45685 
vt 0.46968 0.47789 
vt 0.46075 0.45685 
vt 0.46968 0.47789 
vt 0.46075 0.45685 
vt 0.49647 0.47789 
vt 0.49647 0.45685 
vt 0.52325 0.64619 
vt 0.49647 0.47789 
vt 0.49647 0.64619 
vt 0.54286 0.64619 
vt 0.52325 0.47789 
vt 0.52325 0.64619 
vt 0.55004 0.64619 
vt 0.54286 0.47789 
vt 0.54286 0.64619 
vt 0.54286 0.64619 
vt 0.55004 0.47789 
vt 0.55004 0.64619 
vt 0.52325 0.64619 
vt 0.54286 0.47789 
vt 0.54286 0.64619 
vt 0.49647 0.64619 
vt 0.52325 0.47789 
vt 0.52325 0.64619 
vt 0.46968 0.64619 
vt 0.49647 0.47789 
vt 0.49647 0.64619 
vt 0.45007 0.64619 
vt 0.46968 0.47789 
vt 0.46968 0.64619 
vt 0.4429 0.64619 
vt 0.45007 0.47789 
vt 0.45007 0.64619 
vt 0.45007 0.64619 
vt 0.4429 0.47789 
vt 0.4429 0.64619 
vt 0.46968 0.64619 
vt 0.45007 0.47789 
vt 0.45007 0.64619 
vt 0.49647 0.64619 
vt 0.46968 0.47789 
vt 0.46968 0.64619 
vt 0.49647 -0.00599003 
vt 0.49647 0.64619 
vt 0.49647 0.64619 
vt 0.50182 0.65671 
vt 0.50182 0.65671 
vt 0.52325 0.64619 
vt 0.49647 0.64619 
vt 0.51254 0.65671 
vt 0.50182 0.65671 
vt 0.52325 0.64619 
vt 0.50182 0.65671 
vt 0.51254 0.65671 
vt 0.49647 0.64619 
vt 0.52325 0.64619 
vt 0.5111 0.65671 
vt 0.52182 0.65671 
vt 0.54286 0.64619 
vt 0.49647 0.64619 
vt 0.52966 0.65671 
vt 0.5111 0.65671 
vt 0.54286 0.64619 
vt 0.52182 0.65671 
vt 0.52966 0.65671 
vt 0.49647 0.64619 
vt 0.54286 0.64619 
vt 0.51646 0.65671 
vt 0.53502 0.65671 
vt 0.55004 0.64619 
vt 0.49647 0.64619 
vt 0.53789 0.65671 
vt 0.51646 0.65671 
vt 0.55004 0.64619 
vt 0.53502 0.65671 
vt 0.53789 0.65671 
vt 0.49647 0.64619 
vt 0.55004 0.64619 
vt 0.51646 0.65671 
vt 0.53789 0.65671 
vt 0.54286 0.64619 
vt 0.49647 0.64619 
vt 0.53502 0.65671 
vt 0.51646 0.65671 
vt 0.54286 0.64619 
vt 0.53789 0.65671 
vt 0.53502 0.65671 
vt 0.49647 0.64619 
vt 0.54286 0.64619 
vt 0.5111 0.65671 
vt 0.52966 0.65671 
vt 0.52325 0.64619 
vt 0.49647 0.64619 
vt 0.52182 0.65671 
vt 0.5111 0.65671 
vt 0.52325 0.64619 
vt 0.52966 0.65671 
vt 0.52182 0.65671 
vt 0.49647 0.64619 
vt 0.52325 0.64619 
vt 0.50182 0.65671 
vt 0.51254 0.65671 
vt 0.43408 0.64355 
vt 0.4377 0.5997 
vt 0.42972 0.64176 
vt 0.43117 0.62422 
vt 0.49647 0.64619 
vt 0.51254 0.65671 
vt 0.50182 0.65671 
vt 0.49647 0.64619 
vt 0.49647 0.64619 
vt 0.49111 0.65671 
vt 0.49111 0.65671 
vt 0.46968 0.64619 
vt 0.49647 0.64619 
vt 0.4804 0.65671 
vt 0.49111 0.65671 
vt 0.46968 0.64619 
vt 0.49111 0.65671 
vt 0.4804 0.65671 
vt 0.49647 0.64619 
vt 0.46968 0.64619 
vt 0.48183 0.65671 
vt 0.47112 0.65671 
vt 0.45007 0.64619 
vt 0.49647 0.64619 
vt 0.46327 0.65671 
vt 0.48183 0.65671 
vt 0.45007 0.64619 
vt 0.47112 0.65671 
vt 0.46327 0.65671 
vt 0.49647 0.64619 
vt 0.45007 0.64619 
vt 0.47647 0.65671 
vt 0.45792 0.65671 
vt 0.4429 0.64619 
vt 0.49647 0.64619 
vt 0.45505 0.65671 
vt 0.47647 0.65671 
vt 0.4429 0.64619 
vt 0.45792 0.65671 
vt 0.45505 0.65671 
vt 0.49647 0.64619 
vt 0.4429 0.64619 
vt 0.47647 0.65671 
vt 0.45505 0.65671 
vt 0.45007 0.64619 
vt 0.49647 0.64619 
vt 0.45792 0.65671 
vt 0.47647 0.65671 
vt 0.45007 0.64619 
vt 0.45505 0.65671 
vt 0.45792 0.65671 
vt 0.49647 0.64619 
vt 0.45007 0.64619 
vt 0.48183 0.65671 
vt 0.46327 0.65671 
vt 0.46968 0.64619 
vt 0.49647 0.64619 
vt 0.47112 0.65671 
vt 0.48183 0.65671 
vt 0.46968 0.64619 
vt 0.46327 0.65671 
vt 0.47112 0.65671 
vt 0.49647 0.64619 
vt 0.46968 0.64619 
vt 0.49111 0.65671 
vt 0.4804 0.65671 
vt 0.49647 0.64619 
vt 0.49647 0.64619 
vt 0.49111 0.65671 
vt 0.49111 0.65671 
vt 0.49647 0.64619 
vt 0.4804 0.65671 
vt 0.49111 0.65671 
vt 0.50182 0.65671 
vt 0.50182 0.65671 
vt 0.50325 0.66723 
vt 0.50325 0.66723 
vt 0.51254 0.65671 
vt 0.50182 0.65671 
vt 0.50968 0.66723 
vt 0.50325 0.66723 
vt 0.50182 0.65671 
vt 0.51254 0.65671 
vt 0.50325 0.66723 
vt 0.50968 0.66723 
vt 0.50968 0.66723 
vt 0.50325 0.66723 
vt 0.50325 0.66723 
vt 0.5111 0.65671 
vt 0.52182 0.65671 
vt 0.51501 0.66723 
vt 0.52143 0.66723 
vt 0.52966 0.65671 
vt 0.5111 0.65671 
vt 0.52614 0.66723 
vt 0.51501 0.66723 
vt 0.52182 0.65671 
vt 0.52966 0.65671 
vt 0.52143 0.66723 
vt 0.52614 0.66723 
vt 0.52614 0.66723 
vt 0.51501 0.66723 
vt 0.52143 0.66723 
vt 0.51646 0.65671 
vt 0.53502 0.65671 
vt 0.52179 0.66723 
vt 0.53293 0.66723 
vt 0.53789 0.65671 
vt 0.51646 0.65671 
vt 0.53465 0.66723 
vt 0.52179 0.66723 
vt 0.53502 0.65671 
vt 0.53789 0.65671 
vt 0.53293 0.66723 
vt 0.53465 0.66723 
vt 0.53465 0.66723 
vt 0.52179 0.66723 
vt 0.53293 0.66723 
vt 0.51646 0.65671 
vt 0.53789 0.65671 
vt 0.52179 0.66723 
vt 0.53465 0.66723 
vt 0.53502 0.65671 
vt 0.51646 0.65671 
vt 0.53293 0.66723 
vt 0.52179 0.66723 
vt 0.53789 0.65671 
vt 0.53502 0.65671 
vt 0.53465 0.66723 
vt 0.53293 0.66723 
vt 0.53293 0.66723 
vt 0.52179 0.66723 
vt 0.53465 0.66723 
vt 0.5111 0.65671 
vt 0.52966 0.65671 
vt 0.51501 0.66723 
vt 0.52614 0.66723 
vt 0.52182 0.65671 
vt 0.5111 0.65671 
vt 0.52143 0.66723 
vt 0.51501 0.66723 
vt 0.52966 0.65671 
vt 0.52182 0.65671 
vt 0.52614 0.66723 
vt 0.52143 0.66723 
vt 0.52143 0.66723 
vt 0.51501 0.66723 
vt 0.52614 0.66723 
vt 0.50182 0.65671 
vt 0.51254 0.65671 
vt 0.50325 0.66723 
vt 0.50968 0.66723 
vt 0.50182 0.65671 
vt 0.50182 0.65671 
vt 0.50325 0.66723 
vt 0.50325 0.66723 
vt 0.51254 0.65671 
vt 0.50182 0.65671 
vt 0.50968 0.66723 
vt 0.50325 0.66723 
vt 0.50325 0.66723 
vt 0.50325 0.66723 
vt 0.50968 0.66723 
vt 0.49111 0.65671 
vt 0.49111 0.65671 
vt 0.48968 0.66723 
vt 0.48968 0.66723 
vt 0.4804 0.65671 
vt 0.49111 0.65671 
vt 0.48325 0.66723 
vt 0.48968 0.66723 
vt 0.49111 0.65671 
vt 0.4804 0.65671 
vt 0.48968 0.66723 
vt 0.48325 0.66723 
vt 0.48325 0.66723 
vt 0.48968 0.66723 
vt 0.48968 0.66723 
vt 0.48183 0.65671 
vt 0.47112 0.65671 
vt 0.47793 0.66723 
vt 0.4715 0.66723 
vt 0.46327 0.65671 
vt 0.48183 0.65671 
vt 0.46679 0.66723 
vt 0.47793 0.66723 
vt 0.47112 0.65671 
vt 0.46327 0.65671 
vt 0.4715 0.66723 
vt 0.46679 0.66723 
vt 0.46679 0.66723 
vt 0.47793 0.66723 
vt 0.4715 0.66723 
vt 0.47647 0.65671 
vt 0.45792 0.65671 
vt 0.47114 0.66723 
vt 0.46001 0.66723 
vt 0.45505 0.65671 
vt 0.47647 0.65671 
vt 0.45829 0.66723 
vt 0.47114 0.66723 
vt 0.45792 0.65671 
vt 0.45505 0.65671 
vt 0.46001 0.66723 
vt 0.45829 0.66723 
vt 0.45829 0.66723 
vt 0.47114 0.66723 
vt 0.46001 0.66723 
vt 0.47647 0.65671 
vt 0.45505 0.65671 
vt 0.47114 0.66723 
vt 0.45829 0.66723 
vt 0.45792 0.65671 
vt 0.47647 0.65671 
vt 0.46001 0.66723 
vt 0.47114 0.66723 
vt 0.45505 0.65671 
vt 0.45792 0.65671 
vt 0.45829 0.66723 
vt 0.46001 0.66723 
vt 0.46001 0.66723 
vt 0.47114 0.66723 
vt 0.45829 0.66723 
vt 0.48183 0.65671 
vt 0.46327 0.65671 
vt 0.47793 0.66723 
vt 0.46679 0.66723 
vt 0.47112 0.65671 
vt 0.48183 0.65671 
vt 0.4715 0.66723 
vt 0.47793 0.66723 
vt 0.46327 0.65671 
vt 0.47112 0.65671 
vt 0.46679 0.66723 
vt 0.4715 0.66723 
vt 0.4715 0.66723 
vt 0.47793 0.66723 
vt 0.46679 0.66723 
vt 0.49111 0.65671 
vt 0.4804 0.65671 
vt 0.48968 0.66723 
vt 0.48325 0.66723 
vt 0.49111 0.65671 
vt 0.49111 0.65671 
vt 0.48968 0.66723 
vt 0.48968 0.66723 
vt 0.4804 0.65671 
vt 0.49111 0.65671 
vt 0.48325 0.66723 
vt 0.48968 0.66723 
vt 0.48968 0.66723 
vt 0.48968 0.66723 
vt 0.48325 0.66723 

usemtl Handle1Mtl

f 1/1/1 2/2/2 3/3/3 
f 2/2/2 4/4/4 3/3/3 
f 2/2/2 5/5/5 4/4/4 
f 5/5/5 6/6/6 4/4/4 
f 5/5/5 7/7/7 6/6/6 
f 7/7/7 8/8/8 6/6/6 
f 7/7/7 9/9/9 8/8/8 
f 9/9/9 10/10/10 8/8/8 
f 9/9/9 11/11/11 10/10/10 
f 11/11/11 12/12/12 10/10/10 
f 11/11/11 13/13/13 12/12/12 
f 13/13/13 14/14/14 12/12/12 
f 13/13/13 15/15/15 14/14/14 
f 15/15/15 16/16/16 14/14/14 
f 15/15/15 17/17/17 16/16/16 
f 17/17/17 18/18/18 16/16/16 
f 17/17/17 19/19/19 18/18/18 
f 19/19/19 20/20/20 18/18/18 
f 19/19/19 21/21/21 20/20/20 
f 21/21/21 22/22/22 20/20/20 
f 21/21/21 23/23/23 22/22/22 
f 23/23/23 24/24/24 22/22/22 
f 23/23/23 1/1/1 24/24/24 
f 1/1/1 3/3/3 24/24/24 
f 25/25/25 26/26/26 25/25/25 
f 26/26/26 26/26/26 25/25/25 
f 26/26/26 27/27/27 26/26/26 
f 27/27/27 27/27/27 26/26/26 
f 27/27/27 28/28/28 27/27/27 
f 28/28/28 28/28/28 27/27/27 
f 28/28/28 29/29/29 28/28/28 
f 29/29/29 29/29/29 28/28/28 
f 29/29/29 30/30/30 29/29/29 
f 30/30/30 30/30/30 29/29/29 
f 30/30/30 31/31/31 30/30/30 
f 31/31/31 31/31/31 30/30/30 
f 31/31/31 32/32/32 31/31/31 
f 32/32/32 32/32/32 31/31/31 
f 32/32/32 33/33/33 32/32/32 
f 33/33/33 33/33/33 32/32/32 
f 33/33/33 34/34/34 33/33/33 
f 34/34/34 34/34/34 33/33/33 
f 34/34/34 35/35/35 34/34/34 
f 35/35/35 35/35/35 34/34/34 
f 35/35/35 36/36/36 35/35/35 
f 36/36/36 36/36/36 35/35/35 
f 36/36/36 25/25/25 36/36/36 
f 25/25/25 25/25/25 36/36/36 
f 37/37/37 38/38/38 39/39/39 
f 38/38/38 40/40/40 39/39/39 
f 41/41/41 42/42/42 43/43/43 
f 42/42/42 44/44/44 43/43/43 
f 42/42/42 45/45/45 44/44/44 
f 45/45/45 46/46/46 44/44/44 
f 45/45/45 47/47/47 46/46/46 
f 47/47/47 48/48/48 46/46/46 
f 47/47/47 49/49/49 48/48/48 
f 49/49/49 50/50/50 48/48/48 
f 49/49/49 51/51/51 50/50/50 
f 51/51/51 52/52/52 50/50/50 
f 51/51/51 53/53/53 52/52/52 
f 53/53/53 54/54/54 52/52/52 
f 53/53/53 55/55/55 54/54/54 
f 55/55/55 56/56/56 54/54/54 
f 55/55/55 57/57/57 56/56/56 
f 57/57/57 58/58/58 56/56/56 
f 57/57/57 59/59/59 58/58/58 
f 59/59/59 60/60/60 58/58/58 
f 59/59/59 61/61/61 60/60/60 
f 61/61/61 62/62/62 60/60/60 
f 63/63/63 37/37/37 64/64/64 
f 37/37/37 39/39/39 64/64/64 
f 65/65/65 66/66/66 67/67/67 
f 66/66/66 41/41/41 67/67/67 
f 66/66/66 68/68/68 41/41/41 
f 68/68/68 42/42/42 41/41/41 
f 68/68/68 69/69/69 42/42/42 
f 69/69/69 45/45/45 42/42/42 
f 69/69/69 70/70/70 45/45/45 
f 70/70/70 47/47/47 45/45/45 
f 70/70/70 71/71/71 47/47/47 
f 71/71/71 49/49/49 47/47/47 
f 71/71/71 72/72/72 49/49/49 
f 72/72/72 51/51/51 49/49/49 
f 72/72/72 73/73/73 51/51/51 
f 73/73/73 53/53/53 51/51/51 
f 73/73/73 74/74/74 53/53/53 
f 74/74/74 55/55/55 53/53/53 
f 74/74/74 75/75/75 55/55/55 
f 75/75/75 57/57/57 55/55/55 
f 75/75/75 76/76/76 57/57/57 
f 76/76/76 59/59/59 57/57/57 
f 76/76/76 77/77/77 59/59/59 
f 77/77/77 61/61/61 59/59/59 
f 77/77/77 65/65/65 61/61/61 
f 65/65/65 67/67/67 61/61/61 
f 78/78/78 79/79/79 80/80/80 
f 79/79/79 81/81/81 80/80/80 
f 79/79/79 82/82/82 81/81/81 
f 82/82/82 83/83/83 81/81/81 
f 82/82/82 84/84/84 83/83/83 
f 84/84/84 85/85/85 83/83/83 
f 84/84/84 86/86/86 85/85/85 
f 86/86/86 87/87/87 85/85/85 
f 86/86/86 88/88/88 87/87/87 
f 88/88/88 89/89/89 87/87/87 
f 88/88/88 90/90/90 89/89/89 
f 90/90/90 91/91/91 89/89/89 
f 90/90/90 92/92/92 91/91/91 
f 92/92/92 93/93/93 91/91/91 
f 92/92/92 94/94/94 93/93/93 
f 94/94/94 95/95/95 93/93/93 
f 94/94/94 96/96/96 95/95/95 
f 96/96/96 97/97/97 95/95/95 
f 96/96/96 98/98/98 97/97/97 
f 98/98/98 99/99/99 97/97/97 
f 98/98/98 100/100/100 99/99/99 
f 100/100/100 101/101/101 99/99/99 
f 100/100/100 78/78/78 101/101/101 
f 78/78/78 80/80/80 101/101/101 
f 102/102/102 103/103/103 78/78/78 
f 103/103/103 79/79/79 78/78/78 
f 103/103/103 104/104/104 79/79/79 
f 104/104/104 82/82/82 79/79/79 
f 104/104/104 105/105/105 82/82/82 
f 105/105/105 84/84/84 82/82/82 
f 105/105/105 106/106/106 84/84/84 
f 106/106/106 86/86/86 84/84/84 
f 106/106/106 107/107/107 86/86/86 
f 107/107/107 88/88/88 86/86/86 
f 107/107/107 108/108/108 88/88/88 
f 108/108/108 90/90/90 88/88/88 
f 108/108/108 109/109/109 90/90/90 
f 109/109/109 92/92/92 90/90/90 
f 109/109/109 110/110/110 92/92/92 
f 110/110/110 94/94/94 92/92/92 
f 110/110/110 111/111/111 94/94/94 
f 111/111/111 96/96/96 94/94/94 
f 111/111/111 112/112/112 96/96/96 
f 112/112/112 98/98/98 96/96/96 
f 112/112/112 113/113/113 98/98/98 
f 113/113/113 100/100/100 98/98/98 
f 113/113/113 102/102/102 100/100/100 
f 102/102/102 78/78/78 100/100/100 
f 114/114/114 115/115/115 116/116/116 
f 115/115/115 117/117/117 116/116/116 
f 115/115/115 118/118/118 117/117/117 
f 118/118/118 119/119/119 117/117/117 
f 118/118/118 120/120/120 119/119/119 
f 120/120/120 121/121/121 119/119/119 
f 120/120/120 122/122/122 121/121/121 
f 122/122/122 123/123/123 121/121/121 
f 122/122/122 124/124/124 123/123/123 
f 124/124/124 125/125/125 123/123/123 
f 124/124/124 126/126/126 125/125/125 
f 126/126/126 127/127/127 125/125/125 
f 126/126/126 128/128/128 127/127/127 
f 128/128/128 129/129/129 127/127/127 
f 128/128/128 130/130/130 129/129/129 
f 130/130/130 131/131/131 129/129/129 
f 130/130/130 132/132/132 131/131/131 
f 132/132/132 133/133/133 131/131/131 
f 132/132/132 134/134/134 133/133/133 
f 134/134/134 135/135/135 133/133/133 
f 134/134/134 136/136/136 135/135/135 
f 136/136/136 137/137/137 135/135/135 
f 136/136/136 114/114/114 137/137/137 
f 114/114/114 116/116/116 137/137/137 
f 138/138/138 139/139/139 114/114/114 
f 139/139/139 115/115/115 114/114/114 
f 139/139/139 140/140/140 115/115/115 
f 140/140/140 118/118/118 115/115/115 
f 140/140/140 141/141/141 118/118/118 
f 141/141/141 120/120/120 118/118/118 
f 141/141/141 142/142/142 120/120/120 
f 142/142/142 122/122/122 120/120/120 
f 142/142/142 143/143/143 122/122/122 
f 143/143/143 124/124/124 122/122/122 
f 143/143/143 144/144/144 124/124/124 
f 144/144/144 126/126/126 124/124/124 
f 144/144/144 145/145/145 126/126/126 
f 145/145/145 128/128/128 126/126/126 
f 145/145/145 146/146/146 128/128/128 
f 146/146/146 130/130/130 128/128/128 
f 146/146/146 147/147/147 130/130/130 
f 147/147/147 132/132/132 130/130/130 
f 147/147/147 148/148/148 132/132/132 
f 148/148/148 134/134/134 132/132/132 
f 148/148/148 149/149/149 134/134/134 
f 149/149/149 136/136/136 134/134/134 
f 149/149/149 138/138/138 136/136/136 
f 138/138/138 114/114/114 136/136/136 
f 139/139/139 138/138/138 150/150/150 
f 138/138/138 151/151/151 150/150/150 
f 140/140/140 139/139/139 152/152/152 
f 139/139/139 150/150/150 152/152/152 
f 141/141/141 140/140/140 153/153/153 
f 140/140/140 152/152/152 153/153/153 
f 142/142/142 141/141/141 154/154/154 
f 141/141/141 153/153/153 154/154/154 
f 143/143/143 142/142/142 155/155/155 
f 142/142/142 154/154/154 155/155/155 
f 144/144/144 143/143/143 156/156/156 
f 143/143/143 155/155/155 156/156/156 
f 145/145/145 144/144/144 157/157/157 
f 144/144/144 156/156/156 157/157/157 
f 146/146/146 145/145/145 158/158/158 
f 145/145/145 157/157/157 158/158/158 
f 147/147/147 146/146/146 159/159/159 
f 146/146/146 158/158/158 159/159/159 
f 148/148/148 147/147/147 160/160/160 
f 147/147/147 159/159/159 160/160/160 
f 149/149/149 148/148/148 161/161/161 
f 148/148/148 160/160/160 161/161/161 
f 138/138/138 149/149/149 151/151/151 
f 149/149/149 161/161/161 151/151/151 
f 162/162/162 163/163/163 164/164/164 
f 165/165/165 162/162/162 164/164/164 
f 166/166/166 165/165/165 164/164/164 
f 167/167/167 166/166/166 164/164/164 
f 168/168/168 167/167/167 164/164/164 
f 169/169/169 168/168/168 164/164/164 
f 170/170/170 169/169/169 164/164/164 
f 171/171/171 170/170/170 164/164/164 
f 172/172/172 171/171/171 164/164/164 
f 173/173/173 172/172/172 164/164/164 
f 174/174/174 173/173/173 164/164/164 
f 163/163/163 174/174/174 164/164/164 
f 175/175/175 176/176/176 177/177/177 
f 176/176/176 178/178/178 177/177/177 
f 179/179/179 180/180/180 181/181/181 
f 180/180/180 182/182/182 181/181/181 
f 180/180/180 183/183/183 182/182/182 
f 183/183/183 184/184/184 182/182/182 
f 183/183/183 185/185/185 184/184/184 
f 185/185/185 186/186/186 184/184/184 
f 185/185/185 187/187/187 186/186/186 
f 187/187/187 188/188/188 186/186/186 
f 187/187/187 189/189/189 188/188/188 
f 189/189/189 190/190/190 188/188/188 
f 189/189/189 191/191/191 190/190/190 
f 191/191/191 192/192/192 190/190/190 
f 191/191/191 193/193/193 192/192/192 
f 193/193/193 194/194/194 192/192/192 
f 193/193/193 195/195/195 194/194/194 
f 195/195/195 196/196/196 194/194/194 
f 195/195/195 197/197/197 196/196/196 
f 197/197/197 198/198/198 196/196/196 
f 199/199/199 200/200/200 201/201/201 
f 200/200/200 202/202/202 201/201/201 
f 200/200/200 175/175/175 202/202/202 
f 175/175/175 177/177/177 202/202/202 
f 203/203/203 204/204/204 203/203/203 
f 204/204/204 204/204/204 203/203/203 
f 204/204/204 205/205/205 204/204/204 
f 205/205/205 205/205/205 204/204/204 
f 205/205/205 206/206/206 205/205/205 
f 206/206/206 206/206/206 205/205/205 
f 206/206/206 207/207/207 206/206/206 
f 207/207/207 207/207/207 206/206/206 
f 207/207/207 208/208/208 207/207/207 
f 208/208/208 208/208/208 207/207/207 
f 208/208/208 209/209/209 208/208/208 
f 209/209/209 209/209/209 208/208/208 
f 209/209/209 210/210/210 209/209/209 
f 210/210/210 210/210/210 209/209/209 
f 210/210/210 211/211/211 210/210/210 
f 211/211/211 211/211/211 210/210/210 
f 211/211/211 212/212/212 211/211/211 
f 212/212/212 212/212/212 211/211/211 
f 212/212/212 213/213/213 212/212/212 
f 213/213/213 213/213/213 212/212/212 
f 213/213/213 214/214/214 213/213/213 
f 214/214/214 214/214/214 213/213/213 
f 214/214/214 203/203/203 214/214/214 
f 203/203/203 203/203/203 214/214/214 
f 215/215/215 216/216/216 217/217/217 
f 216/216/216 218/218/218 217/217/217 
f 219/219/219 220/220/220 221/221/221 
f 220/220/220 222/222/222 221/221/221 
f 220/220/220 223/223/223 222/222/222 
f 223/223/223 224/224/224 222/222/222 
f 223/223/223 225/225/225 224/224/224 
f 225/225/225 226/226/226 224/224/224 
f 225/225/225 227/227/227 226/226/226 
f 227/227/227 228/228/228 226/226/226 
f 227/227/227 229/229/229 228/228/228 
f 229/229/229 230/230/230 228/228/228 
f 229/229/229 231/231/231 230/230/230 
f 231/231/231 232/232/232 230/230/230 
f 231/231/231 233/233/233 232/232/232 
f 233/233/233 234/234/234 232/232/232 
f 233/233/233 235/235/235 234/234/234 
f 235/235/235 236/236/236 234/234/234 
f 235/235/235 237/237/237 236/236/236 
f 237/237/237 238/238/238 236/236/236 
f 237/237/237 239/239/239 238/238/238 
f 239/239/239 240/240/240 238/238/238 
f 241/241/241 215/215/215 242/242/242 
f 215/215/215 217/217/217 242/242/242 
f 243/243/243 244/244/244 245/245/245 
f 244/244/244 219/219/219 245/245/245 
f 244/244/244 246/246/246 219/219/219 
f 246/246/246 220/220/220 219/219/219 
f 246/246/246 247/247/247 220/220/220 
f 247/247/247 223/223/223 220/220/220 
f 247/247/247 248/248/248 223/223/223 
f 248/248/248 225/225/225 223/223/223 
f 248/248/248 249/249/249 225/225/225 
f 249/249/249 227/227/227 225/225/225 
f 249/249/249 250/250/250 227/227/227 
f 250/250/250 229/229/229 227/227/227 
f 250/250/250 251/251/251 229/229/229 
f 251/251/251 231/231/231 229/229/229 
f 251/251/251 252/252/252 231/231/231 
f 252/252/252 233/233/233 231/231/231 
f 252/252/252 253/253/253 233/233/233 
f 253/253/253 235/235/235 233/233/233 
f 253/253/253 254/254/254 235/235/235 
f 254/254/254 237/237/237 235/235/235 
f 254/254/254 255/255/255 237/237/237 
f 255/255/255 239/239/239 237/237/237 
f 255/255/255 243/243/243 239/239/239 
f 243/243/243 245/245/245 239/239/239 
f 256/256/256 257/257/257 258/258/258 
f 257/257/257 259/259/259 258/258/258 
f 257/257/257 260/260/260 259/259/259 
f 260/260/260 261/261/261 259/259/259 
f 260/260/260 262/262/262 261/261/261 
f 262/262/262 263/263/263 261/261/261 
f 262/262/262 264/264/264 263/263/263 
f 264/264/264 265/265/265 263/263/263 
f 264/264/264 266/266/266 265/265/265 
f 266/266/266 267/267/267 265/265/265 
f 266/266/266 268/268/268 267/267/267 
f 268/268/268 269/269/269 267/267/267 
f 268/268/268 270/270/270 269/269/269 
f 270/270/270 271/271/271 269/269/269 
f 270/270/270 272/272/272 271/271/271 
f 272/272/272 273/273/273 271/271/271 
f 272/272/272 274/274/274 273/273/273 
f 274/274/274 275/275/275 273/273/273 
f 274/274/274 276/276/276 275/275/275 
f 276/276/276 277/277/277 275/275/275 
f 276/276/276 278/278/278 277/277/277 
f 278/278/278 279/279/279 277/277/277 
f 278/278/278 256/256/256 279/279/279 
f 256/256/256 258/258/258 279/279/279 
f 280/280/280 281/281/281 256/256/256 
f 281/281/281 257/257/257 256/256/256 
f 281/281/281 282/282/282 257/257/257 
f 282/282/282 260/260/260 257/257/257 
f 282/282/282 283/283/283 260/260/260 
f 283/283/283 262/262/262 260/260/260 
f 283/283/283 284/284/284 262/262/262 
f 284/284/284 264/264/264 262/262/262 
f 284/284/284 285/285/285 264/264/264 
f 285/285/285 266/266/266 264/264/264 
f 285/285/285 286/286/286 266/266/266 
f 286/286/286 268/268/268 266/266/266 
f 286/286/286 287/287/287 268/268/268 
f 287/287/287 270/270/270 268/268/268 
f 287/287/287 288/288/288 270/270/270 
f 288/288/288 272/272/272 270/270/270 
f 288/288/288 289/289/289 272/272/272 
f 289/289/289 274/274/274 272/272/272 
f 289/289/289 290/290/290 274/274/274 
f 290/290/290 276/276/276 274/274/274 
f 290/290/290 291/291/291 276/276/276 
f 291/291/291 278/278/278 276/276/276 
f 291/291/291 280/280/280 278/278/278 
f 280/280/280 256/256/256 278/278/278 
f 292/292/292 293/293/293 294/294/294 
f 293/293/293 295/295/295 294/294/294 
f 293/293/293 296/296/296 295/295/295 
f 296/296/296 297/297/297 295/295/295 
f 296/296/296 298/298/298 297/297/297 
f 298/298/298 299/299/299 297/297/297 
f 298/298/298 300/300/300 299/299/299 
f 300/300/300 301/301/301 299/299/299 
f 300/300/300 302/302/302 301/301/301 
f 302/302/302 303/303/303 301/301/301 
f 302/302/302 304/304/304 303/303/303 
f 304/304/304 305/305/305 303/303/303 
f 304/304/304 306/306/306 305/305/305 
f 306/306/306 307/307/307 305/305/305 
f 306/306/306 308/308/308 307/307/307 
f 308/308/308 309/309/309 307/307/307 
f 308/308/308 310/310/310 309/309/309 
f 310/310/310 311/311/311 309/309/309 
f 310/310/310 312/312/312 311/311/311 
f 312/312/312 313/313/313 311/311/311 
f 312/312/312 314/314/314 313/313/313 
f 314/314/314 315/315/315 313/313/313 
f 314/314/314 292/292/292 315/315/315 
f 292/292/292 294/294/294 315/315/315 
f 316/316/316 317/317/317 292/292/292 
f 317/317/317 293/293/293 292/292/292 
f 317/317/317 318/318/318 293/293/293 
f 318/318/318 296/296/296 293/293/293 
f 318/318/318 319/319/319 296/296/296 
f 319/319/319 298/298/298 296/296/296 
f 319/319/319 320/320/320 298/298/298 
f 320/320/320 300/300/300 298/298/298 
f 320/320/320 321/321/321 300/300/300 
f 321/321/321 302/302/302 300/300/300 
f 321/321/321 322/322/322 302/302/302 
f 322/322/322 304/304/304 302/302/302 
f 322/322/322 323/323/323 304/304/304 
f 323/323/323 306/306/306 304/304/304 
f 323/323/323 324/324/324 306/306/306 
f 324/324/324 308/308/308 306/306/306 
f 324/324/324 325/325/325 308/308/308 
f 325/325/325 310/310/310 308/308/308 
f 325/325/325 326/326/326 310/310/310 
f 326/326/326 312/312/312 310/310/310 
f 326/326/326 327/327/327 312/312/312 
f 327/327/327 314/314/314 312/312/312 
f 327/327/327 316/316/316 314/314/314 
f 316/316/316 292/292/292 314/314/314 
f 317/317/317 316/316/316 328/328/328 
f 316/316/316 329/329/329 328/328/328 
f 318/318/318 317/317/317 330/330/330 
f 317/317/317 328/328/328 330/330/330 
f 319/319/319 318/318/318 331/331/331 
f 318/318/318 330/330/330 331/331/331 
f 320/320/320 319/319/319 332/332/332 
f 319/319/319 331/331/331 332/332/332 
f 321/321/321 320/320/320 333/333/333 
f 320/320/320 332/332/332 333/333/333 
f 322/322/322 321/321/321 334/334/334 
f 321/321/321 333/333/333 334/334/334 
f 323/323/323 322/322/322 335/335/335 
f 322/322/322 334/334/334 335/335/335 
f 324/324/324 323/323/323 336/336/336 
f 323/323/323 335/335/335 336/336/336 
f 325/325/325 324/324/324 337/337/337 
f 324/324/324 336/336/336 337/337/337 
f 326/326/326 325/325/325 338/338/338 
f 325/325/325 337/337/337 338/338/338 
f 327/327/327 326/326/326 339/339/339 
f 326/326/326 338/338/338 339/339/339 
f 316/316/316 327/327/327 329/329/329 
f 327/327/327 339/339/339 329/329/329 
f 340/340/340 341/341/341 342/342/342 
f 343/343/343 340/340/340 342/342/342 
f 344/344/344 343/343/343 342/342/342 
f 345/345/345 344/344/344 342/342/342 
f 346/346/346 345/345/345 342/342/342 
f 347/347/347 346/346/346 342/342/342 
f 348/348/348 347/347/347 342/342/342 
f 349/349/349 348/348/348 342/342/342 
f 350/350/350 349/349/349 342/342/342 
f 351/351/351 350/350/350 342/342/342 
f 352/352/352 351/351/351 342/342/342 
f 341/341/341 352/352/352 342/342/342 
f 353/353/353 354/354/354 355/355/355 
f 354/354/354 356/356/356 355/355/355 
f 357/357/357 358/358/358 359/359/359 
f 358/358/358 360/360/360 359/359/359 
f 361/361/361 362/362/362 363/363/363 
f 362/362/362 364/364/364 363/363/363 
f 365/365/365 366/366/366 367/367/367 
f 366/366/366 368/368/368 367/367/367 
f 369/369/369 370/370/370 371/371/371 
f 370/370/370 372/372/372 371/371/371 
f 373/373/373 374/374/374 375/375/375 
f 374/374/374 376/376/376 375/375/375 
f 377/377/377 378/378/378 379/379/379 
f 378/378/378 380/380/380 379/379/379 
f 381/381/381 382/382/382 383/383/383 
f 382/382/382 384/384/384 383/383/383 
f 385/385/385 386/386/386 387/387/387 
f 386/386/386 388/388/388 387/387/387 
f 389/389/389 390/390/390 391/391/391 
f 390/390/390 392/392/392 391/391/391 
f 393/393/393 394/394/394 395/395/395 
f 394/394/394 396/396/396 395/395/395 
f 397/397/397 398/398/398 399/399/399 
f 398/398/398 400/400/400 399/399/399 
f 401/401/401 402/402/402 403/403/403 
f 402/402/402 404/404/404 403/403/403 
f 405/405/405 406/406/406 407/407/407 
f 406/406/406 361/361/361 407/407/407 
f 408/408/408 409/409/409 410/410/410 
f 409/409/409 365/365/365 410/410/410 
f 411/411/411 412/412/412 413/413/413 
f 412/412/412 414/414/414 413/413/413 
f 415/415/415 416/416/416 417/417/417 
f 416/416/416 418/418/418 417/417/417 
f 419/419/419 420/420/420 421/421/421 
f 420/420/420 422/422/422 421/421/421 
f 423/423/423 424/424/424 425/425/425 
f 424/424/424 426/426/426 425/425/425 
f 427/427/427 428/428/428 429/429/429 
f 428/428/428 430/430/430 429/429/429 
f 431/431/431 432/432/432 433/433/433 
f 432/432/432 434/434/434 433/433/433 
f 435/435/435 436/436/436 437/437/437 
f 436/436/436 438/438/438 437/437/437 
f 439/439/439 440/440/440 441/441/441 
f 440/440/440 442/442/442 441/441/441 
f 443/443/443 444/444/444 445/445/445 
f 444/444/444 446/446/446 445/445/445 
f 447/447/447 448/448/448 449/449/449 
f 448/448/448 450/450/450 449/449/449 
f 451/451/451 452/452/452 453/453/453 
f 452/452/452 454/454/454 453/453/453 
f 455/455/455 456/456/456 457/457/457 
f 456/456/456 458/458/458 457/457/457 
f 459/459/459 460/460/460 461/461/461 
f 460/460/460 462/462/462 461/461/461 
f 463/463/463 464/464/464 465/465/465 
f 464/464/464 466/466/466 465/465/465 
f 467/467/467 468/468/468 469/469/469 
f 468/468/468 470/470/470 469/469/469 
f 471/471/471 472/472/472 473/473/473 
f 472/472/472 474/474/474 473/473/473 
f 475/475/475 476/476/476 477/477/477 
f 476/476/476 478/478/478 477/477/477 
f 479/479/479 480/480/480 481/481/481 
f 480/480/480 482/482/482 481/481/481 
f 483/483/483 484/484/484 485/485/485 
f 484/484/484 486/486/486 485/485/485 
f 487/487/487 488/488/488 489/489/489 
f 488/488/488 490/490/490 489/489/489 
f 491/491/491 492/492/492 493/493/493 
f 492/492/492 494/494/494 493/493/493 
f 495/495/495 496/496/496 497/497/497 
f 496/496/496 451/451/451 497/497/497 
f 498/498/498 499/499/499 500/500/500 
f 499/499/499 501/501/501 500/500/500 
f 502/502/502 503/503/503 504/504/504 
f 503/503/503 459/459/459 504/504/504 
f 505/505/505 506/506/506 507/507/507 
f 506/506/506 508/508/508 507/507/507 
f 509/509/509 510/510/510 511/511/511 
f 510/510/510 467/467/467 511/511/511 
f 512/512/512 513/513/513 514/514/514 
f 513/513/513 471/471/471 514/514/514 
f 515/515/515 516/516/516 517/517/517 
f 516/516/516 475/475/475 517/517/517 
f 518/518/518 519/519/519 520/520/520 
f 519/519/519 479/479/479 520/520/520 
f 521/521/521 522/522/522 523/523/523 
f 522/522/522 483/483/483 523/523/523 
f 524/524/524 525/525/525 526/526/526 
f 525/525/525 487/487/487 526/526/526 
f 527/527/527 528/528/528 529/529/529 
f 528/528/528 491/491/491 529/529/529 
f 530/530/530 531/531/531 532/532/532 
f 531/531/531 447/447/447 532/532/532 
f 533/533/533 534/534/534 535/535/535 
f 534/534/534 498/498/498 535/535/535 
f 536/536/536 537/537/537 538/538/538 
f 537/537/537 539/539/539 538/538/538 
f 540/540/540 541/541/541 542/542/542 
f 541/541/541 543/543/543 542/542/542 
f 544/544/544 545/545/545 546/546/546 
f 545/545/545 547/547/547 546/546/546 
f 548/548/548 549/549/549 550/550/550 
f 549/549/549 512/512/512 550/550/550 
f 551/551/551 552/552/552 553/553/553 
f 552/552/552 515/515/515 553/553/553 
f 554/554/554 555/555/555 556/556/556 
f 555/555/555 518/518/518 556/556/556 
f 557/557/557 558/558/558 559/559/559 
f 558/558/558 521/521/521 559/559/559 
f 560/560/560 561/561/561 562/562/562 
f 561/561/561 524/524/524 562/562/562 
f 563/563/563 564/564/564 565/565/565 
f 564/564/564 527/527/527 565/565/565 
f 566/566/566 567/567/567 568/568/568 
f 567/567/567 530/530/530 568/568/568 
f 569/569/569 570/570/570 571/571/571 
f 570/570/570 495/495/495 571/571/571 
f 572/572/572 573/573/573 574/574/574 
f 573/573/573 575/575/575 574/574/574 
f 576/576/576 577/577/577 578/578/578 
f 577/577/577 579/579/579 578/578/578 
f 580/580/580 581/581/581 582/582/582 
f 581/581/581 583/583/583 582/582/582 
f 584/584/584 585/585/585 586/586/586 
f 585/585/585 587/587/587 586/586/586 
f 588/588/588 589/589/589 590/590/590 
f 589/589/589 591/591/591 590/590/590 
f 592/592/592 593/593/593 594/594/594 
f 593/593/593 595/595/595 594/594/594 
f 596/596/596 597/597/597 598/598/598 
f 597/597/597 599/599/599 598/598/598 
f 600/600/600 601/601/601 602/602/602 
f 601/601/601 603/603/603 602/602/602 
f 604/604/604 605/605/605 606/606/606 
f 605/605/605 607/607/607 606/606/606 
f 608/608/608 609/609/609 610/610/610 
f 609/609/609 611/611/611 610/610/610 
f 612/612/612 613/613/613 614/614/614 
f 613/613/613 615/615/615 614/614/614 
f 616/616/616 617/617/617 618/618/618 
f 617/617/617 619/619/619 618/618/618 
f 620/620/620 621/621/621 622/622/622 
f 621/621/621 576/576/576 622/622/622 
f 623/623/623 624/624/624 625/625/625 
f 624/624/624 626/626/626 625/625/625 
f 627/627/627 628/628/628 629/629/629 
f 628/628/628 584/584/584 629/629/629 
f 630/630/630 631/631/631 632/632/632 
f 631/631/631 633/633/633 632/632/632 
f 634/634/634 635/635/635 636/636/636 
f 635/635/635 592/592/592 636/636/636 
f 637/637/637 638/638/638 639/639/639 
f 638/638/638 596/596/596 639/639/639 
f 640/640/640 641/641/641 642/642/642 
f 641/641/641 600/600/600 642/642/642 
f 643/643/643 644/644/644 645/645/645 
f 644/644/644 604/604/604 645/645/645 
f 646/646/646 647/647/647 648/648/648 
f 647/647/647 608/608/608 648/648/648 
f 649/649/649 650/650/650 651/651/651 
f 650/650/650 612/612/612 651/651/651 
f 652/652/652 653/653/653 654/654/654 
f 653/653/653 616/616/616 654/654/654 
f 655/655/655 656/656/656 657/657/657 
f 656/656/656 572/572/572 657/657/657 
f 658/658/658 659/659/659 660/660/660 
f 659/659/659 623/623/623 660/660/660 
f 661/661/661 662/662/662 663/663/663 
f 662/662/662 664/664/664 663/663/663 
f 665/665/665 666/666/666 667/667/667 
f 666/666/666 630/630/630 667/667/667 
f 668/668/668 669/669/669 670/670/670 
f 669/669/669 671/671/671 670/670/670 
f 672/672/672 673/673/673 674/674/674 
f 673/673/673 637/637/637 674/674/674 
f 675/675/675 676/676/676 677/677/677 
f 676/676/676 640/640/640 677/677/677 
f 678/678/678 679/679/679 680/680/680 
f 679/679/679 643/643/643 680/680/680 
f 681/681/681 682/682/682 683/683/683 
f 682/682/682 646/646/646 683/683/683 
f 684/684/684 685/685/685 686/686/686 
f 685/685/685 649/649/649 686/686/686 
f 687/687/687 688/688/688 689/689/689 
f 688/688/688 652/652/652 689/689/689 
f 690/690/690 691/691/691 692/692/692 
f 691/691/691 655/655/655 692/692/692 
f 693/693/693 694/694/694 695/695/695 
f 694/694/694 620/620/620 695/695/695 
f 696/696/696 697/697/697 698/698/698 
f 697/697/697 699/699/699 698/698/698 
f 700/700/700 701/701/701 702/702/702 
f 701/701/701 703/703/703 702/702/702 
f 704/704/704 705/705/705 706/706/706 
f 705/705/705 707/707/707 706/706/706 
f 708/708/708 709/709/709 710/710/710 
f 709/709/709 711/711/711 710/710/710 
f 712/712/712 713/713/713 714/714/714 
f 713/713/713 715/715/715 714/714/714 
f 716/716/716 717/717/717 718/718/718 
f 717/717/717 719/719/719 718/718/718 
f 720/720/720 721/721/721 722/722/722 
f 721/721/721 723/723/723 722/722/722 
f 724/724/724 725/725/725 726/726/726 
f 725/725/725 727/727/727 726/726/726 
f 728/728/728 729/729/729 730/730/730 
f 729/729/729 731/731/731 730/730/730 
f 732/732/732 733/733/733 734/734/734 
f 733/733/733 735/735/735 734/734/734 
f 736/736/736 737/737/737 738/738/738 
f 737/737/737 739/739/739 738/738/738 
f 740/740/740 741/741/741 742/742/742 
f 741/741/741 743/743/743 742/742/742 
f 700/700/700 744/744/744 745/745/745 
f 744/744/744 746/746/746 745/745/745 
f 704/704/704 747/747/747 748/748/748 
f 747/747/747 749/749/749 748/748/748 
f 708/708/708 750/750/750 751/751/751 
f 750/750/750 752/752/752 751/751/751 
f 753/753/753 754/754/754 755/755/755 
f 754/754/754 756/756/756 755/755/755 
f 716/716/716 757/757/757 758/758/758 
f 757/757/757 759/759/759 758/758/758 
f 720/720/720 760/760/760 761/761/761 
f 760/760/760 762/762/762 761/761/761 
f 724/724/724 763/763/763 764/764/764 
f 763/763/763 765/765/765 764/764/764 
f 728/728/728 766/766/766 767/767/767 
f 766/766/766 768/768/768 767/767/767 
f 732/732/732 769/769/769 770/770/770 
f 769/769/769 771/771/771 770/770/770 
f 736/736/736 772/772/772 773/773/773 
f 772/772/772 774/774/774 773/773/773 
f 740/740/740 775/775/775 776/776/776 
f 775/775/775 777/777/777 776/776/776 
f 696/696/696 778/778/778 779/779/779 
f 778/778/778 780/780/780 779/779/779 
f 400/400/400 781/781/781 782/782/782 
f 356/356/356 783/783/783 784/784/784 
f 785/785/785 786/786/786 787/787/787 
f 788/788/788 789/789/789 790/790/790 
f 791/791/791 792/792/792 793/793/793 
f 372/372/372 794/794/794 795/795/795 
f 376/376/376 796/796/796 797/797/797 
f 380/380/380 798/798/798 799/799/799 
f 384/384/384 800/800/800 801/801/801 
f 388/388/388 802/802/802 803/803/803 
f 392/392/392 804/804/804 805/805/805 
f 396/396/396 806/806/806 807/807/807 
f 749/749/749 808/808/808 809/809/809 
f 752/752/752 810/810/810 811/811/811 
f 756/756/756 812/812/812 813/813/813 
f 759/759/759 814/814/814 815/815/815 
f 762/762/762 816/816/816 817/817/817 
f 765/765/765 818/818/818 819/819/819 
f 768/768/768 820/820/820 821/821/821 
f 771/771/771 822/822/822 823/823/823 
f 774/774/774 824/824/824 825/825/825 
f 777/777/777 826/826/826 827/827/827 
f 780/780/780 828/828/828 829/829/829 
f 746/746/746 830/830/830 831/831/831 
f 533/533/533 832/832/832 833/833/833 
f 832/832/832 834/834/834 833/833/833 
f 619/619/619 835/835/835 836/836/836 
f 835/835/835 837/837/837 836/836/836 
f 575/575/575 838/838/838 839/839/839 
f 838/838/838 840/840/840 839/839/839 
f 536/536/536 841/841/841 842/842/842 
f 841/841/841 843/843/843 842/842/842 
f 536/536/536 844/844/844 845/845/845 
f 844/844/844 846/846/846 845/845/845 
f 575/575/575 847/847/847 848/848/848 
f 847/847/847 849/849/849 848/848/848 
f 579/579/579 850/850/850 851/851/851 
f 850/850/850 852/852/852 851/851/851 
f 853/853/853 854/854/854 855/855/855 
f 854/854/854 856/856/856 855/855/855 
f 540/540/540 857/857/857 858/858/858 
f 857/857/857 859/859/859 858/858/858 
f 579/579/579 860/860/860 861/861/861 
f 860/860/860 862/862/862 861/861/861 
f 583/583/583 863/863/863 864/864/864 
f 863/863/863 865/865/865 864/864/864 
f 866/866/866 867/867/867 868/868/868 
f 867/867/867 869/869/869 868/868/868 
f 544/544/544 870/870/870 871/871/871 
f 870/870/870 872/872/872 871/871/871 
f 583/583/583 873/873/873 874/874/874 
f 873/873/873 875/875/875 874/874/874 
f 587/587/587 876/876/876 877/877/877 
f 876/876/876 878/878/878 877/877/877 
f 548/548/548 879/879/879 880/880/880 
f 879/879/879 881/881/881 880/880/880 
f 548/548/548 882/882/882 883/883/883 
f 882/882/882 884/884/884 883/883/883 
f 885/885/885 886/886/886 887/887/887 
f 886/886/886 888/888/888 887/887/887 
f 591/591/591 889/889/889 890/890/890 
f 889/889/889 891/891/891 890/890/890 
f 551/551/551 892/892/892 893/893/893 
f 892/892/892 894/894/894 893/893/893 
f 551/551/551 895/895/895 896/896/896 
f 895/895/895 897/897/897 896/896/896 
f 591/591/591 898/898/898 899/899/899 
f 898/898/898 900/900/900 899/899/899 
f 595/595/595 901/901/901 902/902/902 
f 901/901/901 903/903/903 902/902/902 
f 554/554/554 904/904/904 905/905/905 
f 904/904/904 906/906/906 905/905/905 
f 554/554/554 907/907/907 908/908/908 
f 907/907/907 909/909/909 908/908/908 
f 595/595/595 910/910/910 911/911/911 
f 910/910/910 912/912/912 911/911/911 
f 599/599/599 913/913/913 914/914/914 
f 913/913/913 915/915/915 914/914/914 
f 557/557/557 916/916/916 917/917/917 
f 916/916/916 918/918/918 917/917/917 
f 557/557/557 919/919/919 920/920/920 
f 919/919/919 921/921/921 920/920/920 
f 599/599/599 922/922/922 923/923/923 
f 922/922/922 924/924/924 923/923/923 
f 603/603/603 925/925/925 926/926/926 
f 925/925/925 927/927/927 926/926/926 
f 560/560/560 928/928/928 929/929/929 
f 928/928/928 930/930/930 929/929/929 
f 560/560/560 931/931/931 932/932/932 
f 931/931/931 933/933/933 932/932/932 
f 603/603/603 934/934/934 935/935/935 
f 934/934/934 936/936/936 935/935/935 
f 607/607/607 937/937/937 938/938/938 
f 937/937/937 939/939/939 938/938/938 
f 563/563/563 940/940/940 941/941/941 
f 940/940/940 942/942/942 941/941/941 
f 563/563/563 943/943/943 944/944/944 
f 943/943/943 945/945/945 944/944/944 
f 607/607/607 946/946/946 947/947/947 
f 946/946/946 948/948/948 947/947/947 
f 611/611/611 949/949/949 950/950/950 
f 949/949/949 951/951/951 950/950/950 
f 566/566/566 952/952/952 953/953/953 
f 952/952/952 954/954/954 953/953/953 
f 566/566/566 955/955/955 956/956/956 
f 955/955/955 957/957/957 956/956/956 
f 611/611/611 958/958/958 959/959/959 
f 958/958/958 960/960/960 959/959/959 
f 615/615/615 961/961/961 962/962/962 
f 961/961/961 963/963/963 962/962/962 
f 569/569/569 964/964/964 965/965/965 
f 964/964/964 966/966/966 965/965/965 
f 569/569/569 967/967/967 968/968/968 
f 967/967/967 969/969/969 968/968/968 
f 615/615/615 970/970/970 971/971/971 
f 970/970/970 972/972/972 971/971/971 
f 619/619/619 973/973/973 974/974/974 
f 973/973/973 975/975/975 974/974/974 
f 533/533/533 976/976/976 977/977/977 
f 976/976/976 978/978/978 977/977/977 
f 837/837/837 979/979/979 980/980/980 
f 979/979/979 981/981/981 980/980/980 
f 840/840/840 982/982/982 983/983/983 
f 982/982/982 984/984/984 983/983/983 
f 843/843/843 985/985/985 986/986/986 
f 985/985/985 987/987/987 986/986/986 
f 834/834/834 988/988/988 989/989/989 
f 988/988/988 990/990/990 989/989/989 
f 991/991/991 992/992/992 993/993/993 
f 992/992/992 994/994/994 993/993/993 
f 849/849/849 995/995/995 996/996/996 
f 995/995/995 997/997/997 996/996/996 
f 852/852/852 998/998/998 999/999/999 
f 998/998/998 1000/1000/1000 999/999/999 
f 856/856/856 1001/1001/1001 1002/1002/1002 
f 1001/1001/1001 1003/1003/1003 1002/1002/1002 
f 846/846/846 1004/1004/1004 1005/1005/1005 
f 1004/1004/1004 1006/1006/1006 1005/1005/1005 
f 1007/1007/1007 1008/1008/1008 1009/1009/1009 
f 1008/1008/1008 1010/1010/1010 1009/1009/1009 
f 1011/1011/1011 1012/1012/1012 1013/1013/1013 
f 1012/1012/1012 1014/1014/1014 1013/1013/1013 
f 1015/1015/1015 1016/1016/1016 1017/1017/1017 
f 1016/1016/1016 1018/1018/1018 1017/1017/1017 
f 1019/1019/1019 1020/1020/1020 1021/1021/1021 
f 1020/1020/1020 1022/1022/1022 1021/1021/1021 
f 1023/1023/1023 1024/1024/1024 1025/1025/1025 
f 1024/1024/1024 1026/1026/1026 1025/1025/1025 
f 1027/1027/1027 1028/1028/1028 1029/1029/1029 
f 1028/1028/1028 1030/1030/1030 1029/1029/1029 
f 1031/1031/1031 1032/1032/1032 1033/1033/1033 
f 1032/1032/1032 1034/1034/1034 1033/1033/1033 
f 1035/1035/1035 1036/1036/1036 1037/1037/1037 
f 1036/1036/1036 1038/1038/1038 1037/1037/1037 
f 1039/1039/1039 1040/1040/1040 1041/1041/1041 
f 1040/1040/1040 1042/1042/1042 1041/1041/1041 
f 1043/1043/1043 1044/1044/1044 1045/1045/1045 
f 1044/1044/1044 1046/1046/1046 1045/1045/1045 
f 1047/1047/1047 1048/1048/1048 1049/1049/1049 
f 1048/1048/1048 1050/1050/1050 1049/1049/1049 
f 888/888/888 1051/1051/1051 1052/1052/1052 
f 1051/1051/1051 1053/1053/1053 1052/1052/1052 
f 891/891/891 1054/1054/1054 1055/1055/1055 
f 1054/1054/1054 1056/1056/1056 1055/1055/1055 
f 894/894/894 1057/1057/1057 1058/1058/1058 
f 1057/1057/1057 1059/1059/1059 1058/1058/1058 
f 884/884/884 1060/1060/1060 1061/1061/1061 
f 1060/1060/1060 1062/1062/1062 1061/1061/1061 
f 1063/1063/1063 1064/1064/1064 1065/1065/1065 
f 1064/1064/1064 1066/1066/1066 1065/1065/1065 
f 900/900/900 1067/1067/1067 1068/1068/1068 
f 1067/1067/1067 1069/1069/1069 1068/1068/1068 
f 903/903/903 1070/1070/1070 1071/1071/1071 
f 1070/1070/1070 1072/1072/1072 1071/1071/1071 
f 906/906/906 1073/1073/1073 1074/1074/1074 
f 1073/1073/1073 1075/1075/1075 1074/1074/1074 
f 897/897/897 1076/1076/1076 1077/1077/1077 
f 1076/1076/1076 1078/1078/1078 1077/1077/1077 
f 1079/1079/1079 1080/1080/1080 1081/1081/1081 
f 1080/1080/1080 1082/1082/1082 1081/1081/1081 
f 912/912/912 1083/1083/1083 1084/1084/1084 
f 1083/1083/1083 1085/1085/1085 1084/1084/1084 
f 915/915/915 1086/1086/1086 1087/1087/1087 
f 1086/1086/1086 1088/1088/1088 1087/1087/1087 
f 918/918/918 1089/1089/1089 1090/1090/1090 
f 1089/1089/1089 1091/1091/1091 1090/1090/1090 
f 909/909/909 1092/1092/1092 1093/1093/1093 
f 1092/1092/1092 1094/1094/1094 1093/1093/1093 
f 1095/1095/1095 1096/1096/1096 1097/1097/1097 
f 1096/1096/1096 1098/1098/1098 1097/1097/1097 
f 924/924/924 1099/1099/1099 1100/1100/1100 
f 1099/1099/1099 1101/1101/1101 1100/1100/1100 
f 927/927/927 1102/1102/1102 1103/1103/1103 
f 1102/1102/1102 1104/1104/1104 1103/1103/1103 
f 930/930/930 1105/1105/1105 1106/1106/1106 
f 1105/1105/1105 1107/1107/1107 1106/1106/1106 
f 921/921/921 1108/1108/1108 1109/1109/1109 
f 1108/1108/1108 1110/1110/1110 1109/1109/1109 
f 1111/1111/1111 1112/1112/1112 1113/1113/1113 
f 1112/1112/1112 1114/1114/1114 1113/1113/1113 
f 936/936/936 1115/1115/1115 1116/1116/1116 
f 1115/1115/1115 1117/1117/1117 1116/1116/1116 
f 939/939/939 1118/1118/1118 1119/1119/1119 
f 1118/1118/1118 1120/1120/1120 1119/1119/1119 
f 942/942/942 1121/1121/1121 1122/1122/1122 
f 1121/1121/1121 1123/1123/1123 1122/1122/1122 
f 933/933/933 1124/1124/1124 1125/1125/1125 
f 1124/1124/1124 1126/1126/1126 1125/1125/1125 
f 1127/1127/1127 1128/1128/1128 1129/1129/1129 
f 1128/1128/1128 1130/1130/1130 1129/1129/1129 
f 948/948/948 1131/1131/1131 1132/1132/1132 
f 1131/1131/1131 1133/1133/1133 1132/1132/1132 
f 951/951/951 1134/1134/1134 1135/1135/1135 
f 1134/1134/1134 1136/1136/1136 1135/1135/1135 
f 954/954/954 1137/1137/1137 1138/1138/1138 
f 1137/1137/1137 1139/1139/1139 1138/1138/1138 
f 945/945/945 1140/1140/1140 1141/1141/1141 
f 1140/1140/1140 1142/1142/1142 1141/1141/1141 
f 1143/1143/1143 1144/1144/1144 1145/1145/1145 
f 1144/1144/1144 1146/1146/1146 1145/1145/1145 
f 960/960/960 1147/1147/1147 1148/1148/1148 
f 1147/1147/1147 1149/1149/1149 1148/1148/1148 
f 963/963/963 1150/1150/1150 1151/1151/1151 
f 1150/1150/1150 1152/1152/1152 1151/1151/1151 
f 966/966/966 1153/1153/1153 1154/1154/1154 
f 1153/1153/1153 1155/1155/1155 1154/1154/1154 
f 957/957/957 1156/1156/1156 1157/1157/1157 
f 1156/1156/1156 1158/1158/1158 1157/1157/1157 
f 1159/1159/1159 1160/1160/1160 1161/1161/1161 
f 1160/1160/1160 1162/1162/1162 1161/1161/1161 
f 972/972/972 1163/1163/1163 1164/1164/1164 
f 1163/1163/1163 1165/1165/1165 1164/1164/1164 
f 975/975/975 1166/1166/1166 1167/1167/1167 
f 1166/1166/1166 1168/1168/1168 1167/1167/1167 
f 978/978/978 1169/1169/1169 1170/1170/1170 
f 1169/1169/1169 1171/1171/1171 1170/1170/1170 
f 969/969/969 1172/1172/1172 1173/1173/1173 
f 1172/1172/1172 1174/1174/1174 1173/1173/1173 
f 1175/1175/1175 1176/1176/1176 1177/1177/1177 
f 1176/1176/1176 1178/1178/1178 1177/1177/1177 
f 1179/1179/1179 1180/1180/1180 1181/1181/1181 
f 1180/1180/1180 1182/1182/1182 1181/1181/1181 
f 1183/1183/1183 1184/1184/1184 1185/1185/1185 
f 1184/1184/1184 1182/1182/1182 1185/1185/1185 
f 1186/1186/1186 1187/1187/1187 1188/1188/1188 
f 1187/1187/1187 1182/1182/1182 1188/1188/1188 
f 1189/1189/1189 1190/1190/1190 1191/1191/1191 
f 1190/1190/1190 1182/1182/1182 1191/1191/1191 
f 1192/1192/1192 1193/1193/1193 1194/1194/1194 
f 1193/1193/1193 1182/1182/1182 1194/1194/1194 
f 1195/1195/1195 1196/1196/1196 1197/1197/1197 
f 1196/1196/1196 1182/1182/1182 1197/1197/1197 
f 1198/1198/1198 1199/1199/1199 1200/1200/1200 
f 1199/1199/1199 1182/1182/1182 1200/1200/1200 
f 1201/1201/1201 1202/1202/1202 1203/1203/1203 
f 1202/1202/1202 1182/1182/1182 1203/1203/1203 
f 1204/1204/1204 1205/1205/1205 1206/1206/1206 
f 1205/1205/1205 1182/1182/1182 1206/1206/1206 
f 1207/1207/1207 1208/1208/1208 1209/1209/1209 
f 1208/1208/1208 1182/1182/1182 1209/1209/1209 
f 1210/1210/1210 1211/1211/1211 1212/1212/1212 
f 1211/1211/1211 1182/1182/1182 1212/1212/1212 
f 1213/1213/1213 1214/1214/1214 1215/1215/1215 
f 1214/1214/1214 1182/1182/1182 1215/1215/1215 
f 1216/1216/1216 1217/1217/1217 1218/1218/1218 
f 1217/1217/1217 1183/1183/1183 1218/1218/1218 
f 1219/1219/1219 1220/1220/1220 1221/1221/1221 
f 1220/1220/1220 1186/1186/1186 1221/1221/1221 
f 1222/1222/1222 1223/1223/1223 1224/1224/1224 
f 1223/1223/1223 1189/1189/1189 1224/1224/1224 
f 1225/1225/1225 1226/1226/1226 1227/1227/1227 
f 1226/1226/1226 1192/1192/1192 1227/1227/1227 
f 1228/1228/1228 1229/1229/1229 1230/1230/1230 
f 1229/1229/1229 1195/1195/1195 1230/1230/1230 
f 1231/1231/1231 1232/1232/1232 1233/1233/1233 
f 1232/1232/1232 1198/1198/1198 1233/1233/1233 
f 1234/1234/1234 1235/1235/1235 1236/1236/1236 
f 1235/1235/1235 1201/1201/1201 1236/1236/1236 
f 1237/1237/1237 1238/1238/1238 1239/1239/1239 
f 1238/1238/1238 1204/1204/1204 1239/1239/1239 
f 1240/1240/1240 1241/1241/1241 1242/1242/1242 
f 1241/1241/1241 1207/1207/1207 1242/1242/1242 
f 1243/1243/1243 1244/1244/1244 1245/1245/1245 
f 1244/1244/1244 1210/1210/1210 1245/1245/1245 
f 1246/1246/1246 1247/1247/1247 1248/1248/1248 
f 1247/1247/1247 1213/1213/1213 1248/1248/1248 
f 1249/1249/1249 1250/1250/1250 1251/1251/1251 
f 1250/1250/1250 1179/1179/1179 1251/1251/1251 
f 1252/1252/1252 1253/1253/1253 1254/1254/1254 
f 1253/1253/1253 1219/1219/1219 1254/1254/1254 
f 1255/1255/1255 1256/1256/1256 1257/1257/1257 
f 1256/1256/1256 1222/1222/1222 1257/1257/1257 
f 1258/1258/1258 1259/1259/1259 1260/1260/1260 
f 1259/1259/1259 1225/1225/1225 1260/1260/1260 
f 1261/1261/1261 1262/1262/1262 1263/1263/1263 
f 1262/1262/1262 1228/1228/1228 1263/1263/1263 
f 1264/1264/1264 1265/1265/1265 1266/1266/1266 
f 1265/1265/1265 1231/1231/1231 1266/1266/1266 
f 1267/1267/1267 1268/1268/1268 1269/1269/1269 
f 1268/1268/1268 1234/1234/1234 1269/1269/1269 
f 1270/1270/1270 1271/1271/1271 1272/1272/1272 
f 1271/1271/1271 1237/1237/1237 1272/1272/1272 
f 1273/1273/1273 1274/1274/1274 1275/1275/1275 
f 1274/1274/1274 1240/1240/1240 1275/1275/1275 
f 1276/1276/1276 1277/1277/1277 1278/1278/1278 
f 1277/1277/1277 1243/1243/1243 1278/1278/1278 
f 1279/1279/1279 1280/1280/1280 1281/1281/1281 
f 1280/1280/1280 1246/1246/1246 1281/1281/1281 
f 1282/1282/1282 1283/1283/1283 1284/1284/1284 
f 1283/1283/1283 1249/1249/1249 1284/1284/1284 
f 1285/1285/1285 1286/1286/1286 1287/1287/1287 
f 1286/1286/1286 1216/1216/1216 1287/1287/1287 
f 1288/1288/1288 1289/1289/1289 1290/1290/1290 
f 1289/1289/1289 1291/1291/1291 1290/1290/1290 
f 1292/1292/1292 1293/1293/1293 1294/1294/1294 
f 1293/1293/1293 1295/1295/1295 1294/1294/1294 
f 1296/1296/1296 1297/1297/1297 1298/1298/1298 
f 1297/1297/1297 1299/1299/1299 1298/1298/1298 
f 1300/1300/1300 1301/1301/1301 1302/1302/1302 
f 1301/1301/1301 1303/1303/1303 1302/1302/1302 
f 1304/1304/1304 1305/1305/1305 1306/1306/1306 
f 1305/1305/1305 1307/1307/1307 1306/1306/1306 
f 1308/1308/1308 1309/1309/1309 1310/1310/1310 
f 1309/1309/1309 1311/1311/1311 1310/1310/1310 
f 1312/1312/1312 1313/1313/1313 1314/1314/1314 
f 1313/1313/1313 1315/1315/1315 1314/1314/1314 
f 1316/1316/1316 1317/1317/1317 1318/1318/1318 
f 1317/1317/1317 1319/1319/1319 1318/1318/1318 
f 1320/1320/1320 1321/1321/1321 1322/1322/1322 
f 1321/1321/1321 1323/1323/1323 1322/1322/1322 
f 1324/1324/1324 1325/1325/1325 1326/1326/1326 
f 1325/1325/1325 1327/1327/1327 1326/1326/1326 
f 1328/1328/1328 1329/1329/1329 1330/1330/1330 
f 1329/1329/1329 1331/1331/1331 1330/1330/1330 
f 1332/1332/1332 1333/1333/1333 1334/1334/1334 
f 1333/1333/1333 1335/1335/1335 1334/1334/1334 
f 1336/1336/1336 1337/1337/1337 1338/1338/1338 
f 1337/1337/1337 1339/1339/1339 1338/1338/1338 
f 1340/1340/1340 1341/1341/1341 1342/1342/1342 
f 1341/1341/1341 1343/1343/1343 1342/1342/1342 
f 1344/1344/1344 1345/1345/1345 1346/1346/1346 
f 1345/1345/1345 1347/1347/1347 1346/1346/1346 
f 1348/1348/1348 1349/1349/1349 1350/1350/1350 
f 1349/1349/1349 1351/1351/1351 1350/1350/1350 
f 1352/1352/1352 1353/1353/1353 1354/1354/1354 
f 1353/1353/1353 1355/1355/1355 1354/1354/1354 
f 1356/1356/1356 1357/1357/1357 1358/1358/1358 
f 1357/1357/1357 1359/1359/1359 1358/1358/1358 
f 1360/1360/1360 1361/1361/1361 1362/1362/1362 
f 1361/1361/1361 1363/1363/1363 1362/1362/1362 
f 1364/1364/1364 1365/1365/1365 1366/1366/1366 
f 1365/1365/1365 1367/1367/1367 1366/1366/1366 
f 1368/1368/1368 1369/1369/1369 1370/1370/1370 
f 1369/1369/1369 1371/1371/1371 1370/1370/1370 
f 1372/1372/1372 1373/1373/1373 1374/1374/1374 
f 1373/1373/1373 1375/1375/1375 1374/1374/1374 
f 1376/1376/1376 1377/1377/1377 1378/1378/1378 
f 1377/1377/1377 1379/1379/1379 1378/1378/1378 
f 1380/1380/1380 1381/1381/1381 1382/1382/1382 
f 1381/1381/1381 1383/1383/1383 1382/1382/1382 
f 1384/1384/1384 1385/1385/1385 1386/1386/1386 
f 1385/1385/1385 1387/1387/1387 1386/1386/1386 
f 1388/1388/1388 1389/1389/1389 1390/1390/1390 
f 1389/1389/1389 1391/1391/1391 1390/1390/1390 
f 1392/1392/1392 1393/1393/1393 1394/1394/1394 
f 1393/1393/1393 1395/1395/1395 1394/1394/1394 
f 1396/1396/1396 1397/1397/1397 1398/1398/1398 
f 1397/1397/1397 1399/1399/1399 1398/1398/1398 
f 1400/1400/1400 1401/1401/1401 1402/1402/1402 
f 1401/1401/1401 1403/1403/1403 1402/1402/1402 
f 1404/1404/1404 1405/1405/1405 1406/1406/1406 
f 1405/1405/1405 1407/1407/1407 1406/1406/1406 
f 1408/1408/1408 1409/1409/1409 1410/1410/1410 
f 1409/1409/1409 1411/1411/1411 1410/1410/1410 
f 1412/1412/1412 1413/1413/1413 1414/1414/1414 
f 1413/1413/1413 1415/1415/1415 1414/1414/1414 
f 1416/1416/1416 1417/1417/1417 1418/1418/1418 
f 1417/1417/1417 1419/1419/1419 1418/1418/1418 
f 1420/1420/1420 1421/1421/1421 1422/1422/1422 
f 1421/1421/1421 1423/1423/1423 1422/1422/1422 
f 1424/1424/1424 1425/1425/1425 1426/1426/1426 
f 1425/1425/1425 1427/1427/1427 1426/1426/1426 
f 1428/1428/1428 1429/1429/1429 1430/1430/1430 
f 1429/1429/1429 1431/1431/1431 1430/1430/1430 
f 1432/1432/1432 1433/1433/1433 1434/1434/1434 
f 1433/1433/1433 1435/1435/1435 1434/1434/1434 
f 1436/1436/1436 1437/1437/1437 1438/1438/1438 
f 1437/1437/1437 1439/1439/1439 1438/1438/1438 
f 1440/1440/1440 1441/1441/1441 1442/1442/1442 
f 1441/1441/1441 1443/1443/1443 1442/1442/1442 
f 1444/1444/1444 1445/1445/1445 1446/1446/1446 
f 1445/1445/1445 1447/1447/1447 1446/1446/1446 
f 1448/1448/1448 1449/1449/1449 1450/1450/1450 
f 1449/1449/1449 1451/1451/1451 1450/1450/1450 
f 1452/1452/1452 1453/1453/1453 1454/1454/1454 
f 1453/1453/1453 1455/1455/1455 1454/1454/1454 
f 1456/1456/1456 1457/1457/1457 1458/1458/1458 
f 1457/1457/1457 1459/1459/1459 1458/1458/1458 
f 1460/1460/1460 1461/1461/1461 1462/1462/1462 
f 1461/1461/1461 1463/1463/1463 1462/1462/1462 
f 1464/1464/1464 1465/1465/1465 1466/1466/1466 
f 1465/1465/1465 1467/1467/1467 1466/1466/1466 
f 1468/1468/1468 1469/1469/1469 1470/1470/1470 
f 1469/1469/1469 1471/1471/1471 1470/1470/1470 
f 1472/1472/1472 1473/1473/1473 1474/1474/1474 
f 1473/1473/1473 1475/1475/1475 1474/1474/1474 
f 1476/1476/1476 1477/1477/1477 1478/1478/1478 
f 1477/1477/1477 1479/1479/1479 1478/1478/1478 
f 1480/1480/1480 1481/1481/1481 1482/1482/1482 
f 1481/1481/1481 1483/1483/1483 1482/1482/1482 
f 1484/1484/1484 1485/1485/1485 1486/1486/1486 
f 1485/1485/1485 1487/1487/1487 1486/1486/1486 
f 1488/1488/1488 1489/1489/1489 1490/1490/1490 
f 1489/1489/1489 1491/1491/1491 1490/1490/1490 
f 1492/1492/1492 1493/1493/1493 1494/1494/1494 
f 1493/1493/1493 1495/1495/1495 1494/1494/1494 
f 1496/1496/1496 1497/1497/1497 1498/1498/1498 
f 1497/1497/1497 1499/1499/1499 1498/1498/1498 
f 1500/1500/1500 1501/1501/1501 1502/1502/1502 
f 1501/1501/1501 1503/1503/1503 1502/1502/1502 
f 1504/1504/1504 1505/1505/1505 1506/1506/1506 
f 1505/1505/1505 1507/1507/1507 1506/1506/1506 
f 1508/1508/1508 1509/1509/1509 1510/1510/1510 
f 1509/1509/1509 1511/1511/1511 1510/1510/1510 
f 1512/1512/1512 1513/1513/1513 1514/1514/1514 
f 1513/1513/1513 1515/1515/1515 1514/1514/1514 
f 1516/1516/1516 1517/1517/1517 1518/1518/1518 
f 1517/1517/1517 1519/1519/1519 1518/1518/1518 
f 1520/1520/1520 1521/1521/1521 1522/1522/1522 
f 1521/1521/1521 1523/1523/1523 1522/1522/1522 
f 1524/1524/1524 1525/1525/1525 1526/1526/1526 
f 1525/1525/1525 1527/1527/1527 1526/1526/1526 
f 1528/1528/1528 1529/1529/1529 1530/1530/1530 
f 1529/1529/1529 1531/1531/1531 1530/1530/1530 
f 1532/1532/1532 1533/1533/1533 1534/1534/1534 
f 1533/1533/1533 1535/1535/1535 1534/1534/1534 
f 1536/1536/1536 1537/1537/1537 1538/1538/1538 
f 1537/1537/1537 1539/1539/1539 1538/1538/1538 
f 1540/1540/1540 1541/1541/1541 1542/1542/1542 
f 1541/1541/1541 1543/1543/1543 1542/1542/1542 
f 1544/1544/1544 1545/1545/1545 1546/1546/1546 
f 1545/1545/1545 1547/1547/1547 1546/1546/1546 
f 1548/1548/1548 1549/1549/1549 1550/1550/1550 
f 1549/1549/1549 1551/1551/1551 1550/1550/1550 
f 1552/1552/1552 1553/1553/1553 1554/1554/1554 
f 1553/1553/1553 1555/1555/1555 1554/1554/1554 
f 1556/1556/1556 1557/1557/1557 1558/1558/1558 
f 1557/1557/1557 1559/1559/1559 1558/1558/1558 
f 1560/1560/1560 1561/1561/1561 1562/1562/1562 
f 1561/1561/1561 1563/1563/1563 1562/1562/1562 
f 1564/1564/1564 1565/1565/1565 1566/1566/1566 
f 1565/1565/1565 1567/1567/1567 1566/1566/1566 
f 1568/1568/1568 1569/1569/1569 1570/1570/1570 
f 1569/1569/1569 1571/1571/1571 1570/1570/1570 
f 1572/1572/1572 1573/1573/1573 1574/1574/1574 
f 1573/1573/1573 1575/1575/1575 1574/1574/1574 
f 1576/1576/1576 1577/1577/1577 1578/1578/1578 
f 1577/1577/1577 1579/1579/1579 1578/1578/1578 
f 1580/1580/1580 1581/1581/1581 1582/1582/1582 
f 1581/1581/1581 1583/1583/1583 1582/1582/1582 
f 1584/1584/1584 1585/1585/1585 1586/1586/1586 
f 1585/1585/1585 1587/1587/1587 1586/1586/1586 
f 1588/1588/1588 1589/1589/1589 1590/1590/1590 
f 1589/1589/1589 1591/1591/1591 1590/1590/1590 
f 1592/1592/1592 1593/1593/1593 1594/1594/1594 
f 1593/1593/1593 1595/1595/1595 1594/1594/1594 
f 1596/1596/1596 1597/1597/1597 1598/1598/1598 
f 1597/1597/1597 1599/1599/1599 1598/1598/1598 
f 1600/1600/1600 1601/1601/1601 1602/1602/1602 
f 1601/1601/1601 1603/1603/1603 1602/1602/1602 
f 1604/1604/1604 1605/1605/1605 1606/1606/1606 
f 1605/1605/1605 1607/1607/1607 1606/1606/1606 
f 1608/1608/1608 1609/1609/1609 1610/1610/1610 
f 1609/1609/1609 1611/1611/1611 1610/1610/1610 
f 1612/1612/1612 1613/1613/1613 1614/1614/1614 
f 1613/1613/1613 1615/1615/1615 1614/1614/1614 
f 1616/1616/1616 1617/1617/1617 1618/1618/1618 
f 1617/1617/1617 1619/1619/1619 1618/1618/1618 
f 1620/1620/1620 1621/1621/1621 1622/1622/1622 
f 1621/1621/1621 1623/1623/1623 1622/1622/1622 
f 1624/1624/1624 1625/1625/1625 1626/1626/1626 
f 1625/1625/1625 1627/1627/1627 1626/1626/1626 
f 1628/1628/1628 1629/1629/1629 1630/1630/1630 
f 1629/1629/1629 1631/1631/1631 1630/1630/1630 
f 1632/1632/1632 1633/1633/1633 1634/1634/1634 
f 1633/1633/1633 1635/1635/1635 1634/1634/1634 
f 1636/1636/1636 1637/1637/1637 1638/1638/1638 
f 1637/1637/1637 1639/1639/1639 1638/1638/1638 
f 1640/1640/1640 1641/1641/1641 1642/1642/1642 
f 1641/1641/1641 1643/1643/1643 1642/1642/1642 
f 1644/1644/1644 1645/1645/1645 1646/1646/1646 
f 1645/1645/1645 1647/1647/1647 1646/1646/1646 
f 1648/1648/1648 1649/1649/1649 1650/1650/1650 
f 1649/1649/1649 1651/1651/1651 1650/1650/1650 
f 1652/1652/1652 1653/1653/1653 1654/1654/1654 
f 1653/1653/1653 1655/1655/1655 1654/1654/1654 
f 1656/1656/1656 1657/1657/1657 1658/1658/1658 
f 1657/1657/1657 1659/1659/1659 1658/1658/1658 
f 1660/1660/1660 1661/1661/1661 1662/1662/1662 
f 1661/1661/1661 1663/1663/1663 1662/1662/1662 
f 1664/1664/1664 1665/1665/1665 1666/1666/1666 
f 1665/1665/1665 1667/1667/1667 1666/1666/1666 
f 1668/1668/1668 1669/1669/1669 1670/1670/1670 
f 1669/1669/1669 1671/1671/1671 1670/1670/1670 
f 1672/1672/1672 1673/1673/1673 1674/1674/1674 
f 1673/1673/1673 1675/1675/1675 1674/1674/1674 
f 1676/1676/1676 1677/1677/1677 1678/1678/1678 
f 1677/1677/1677 1679/1679/1679 1678/1678/1678 
f 1680/1680/1680 1681/1681/1681 1682/1682/1682 
f 1681/1681/1681 1683/1683/1683 1682/1682/1682 
f 1684/1684/1684 1685/1685/1685 1686/1686/1686 
f 1685/1685/1685 1687/1687/1687 1686/1686/1686 
f 1688/1688/1688 1689/1689/1689 1690/1690/1690 
f 1689/1689/1689 1691/1691/1691 1690/1690/1690 
f 1692/1692/1692 1693/1693/1693 1694/1694/1694 
f 1693/1693/1693 1695/1695/1695 1694/1694/1694 
f 1696/1696/1696 1697/1697/1697 1698/1698/1698 
f 1697/1697/1697 1699/1699/1699 1698/1698/1698 
f 1700/1700/1700 1701/1701/1701 1702/1702/1702 
f 1701/1701/1701 1703/1703/1703 1702/1702/1702 
f 1704/1704/1704 1705/1705/1705 1706/1706/1706 
f 1705/1705/1705 1707/1707/1707 1706/1706/1706 
f 1708/1708/1708 1709/1709/1709 1710/1710/1710 
f 1709/1709/1709 1711/1711/1711 1710/1710/1710 
f 1712/1712/1712 1713/1713/1713 1714/1714/1714 
f 1713/1713/1713 1715/1715/1715 1714/1714/1714 
f 1716/1716/1716 1717/1717/1717 1718/1718/1718 
f 1717/1717/1717 1719/1719/1719 1718/1718/1718 
f 1720/1720/1720 1721/1721/1721 1722/1722/1722 
f 1721/1721/1721 1723/1723/1723 1722/1722/1722 
f 1724/1724/1724 1725/1725/1725 1726/1726/1726 
f 1725/1725/1725 1727/1727/1727 1726/1726/1726 
f 1728/1728/1728 1729/1729/1729 1730/1730/1730 
f 1729/1729/1729 1731/1731/1731 1730/1730/1730 
f 1732/1732/1732 1733/1733/1733 1734/1734/1734 
f 1733/1733/1733 1735/1735/1735 1734/1734/1734 
f 1736/1736/1736 1737/1737/1737 1738/1738/1738 
f 1737/1737/1737 1739/1739/1739 1738/1738/1738 
f 1740/1740/1740 1741/1741/1741 1742/1742/1742 
f 1741/1741/1741 1743/1743/1743 1742/1742/1742 
f 1744/1744/1744 1745/1745/1745 1746/1746/1746 
f 1745/1745/1745 1747/1747/1747 1746/1746/1746 
f 1748/1748/1748 1749/1749/1749 1750/1750/1750 
f 1749/1749/1749 1751/1751/1751 1750/1750/1750 
f 1752/1752/1752 1753/1753/1753 1754/1754/1754 
f 1753/1753/1753 1755/1755/1755 1754/1754/1754 
f 1756/1756/1756 1757/1757/1757 1758/1758/1758 
f 1757/1757/1757 1759/1759/1759 1758/1758/1758 
f 1760/1760/1760 1761/1761/1761 1762/1762/1762 
f 1761/1761/1761 1763/1763/1763 1762/1762/1762 
f 1764/1764/1764 1765/1765/1765 1766/1766/1766 
f 1765/1765/1765 1767/1767/1767 1766/1766/1766 
f 1768/1768/1768 1769/1769/1769 1770/1770/1770 
f 1769/1769/1769 1771/1771/1771 1770/1770/1770 
f 1772/1772/1772 1773/1773/1773 1774/1774/1774 
f 1773/1773/1773 1775/1775/1775 1774/1774/1774 
f 1776/1776/1776 1777/1777/1777 1778/1778/1778 
f 1777/1777/1777 1779/1779/1779 1778/1778/1778 
f 1780/1780/1780 1781/1781/1781 1782/1782/1782 
f 1781/1781/1781 1783/1783/1783 1782/1782/1782 
f 1784/1784/1784 1785/1785/1785 1786/1786/1786 
f 1785/1785/1785 1787/1787/1787 1786/1786/1786 
f 1788/1788/1788 1789/1789/1789 1790/1790/1790 
f 1789/1789/1789 1791/1791/1791 1790/1790/1790 
f 1792/1792/1792 1793/1793/1793 1794/1794/1794 
f 1793/1793/1793 1795/1795/1795 1794/1794/1794 
f 1796/1796/1796 1797/1797/1797 1798/1798/1798 
f 1797/1797/1797 1799/1799/1799 1798/1798/1798 
f 1800/1800/1800 1801/1801/1801 1802/1802/1802 
f 1801/1801/1801 1803/1803/1803 1802/1802/1802 
f 1804/1804/1804 1805/1805/1805 1806/1806/1806 
f 1805/1805/1805 1807/1807/1807 1806/1806/1806 
f 1808/1808/1808 1809/1809/1809 1810/1810/1810 
f 1809/1809/1809 1811/1811/1811 1810/1810/1810 
f 1812/1812/1812 1813/1813/1813 1814/1814/1814 
f 1813/1813/1813 1815/1815/1815 1814/1814/1814 
f 1816/1816/1816 1817/1817/1817 1818/1818/1818 
f 1817/1817/1817 1819/1819/1819 1818/1818/1818 
f 1820/1820/1820 1821/1821/1821 1822/1822/1822 
f 1821/1821/1821 1823/1823/1823 1822/1822/1822 
f 1824/1824/1824 1825/1825/1825 1826/1826/1826 
f 1825/1825/1825 1827/1827/1827 1826/1826/1826 
f 1828/1828/1828 1829/1829/1829 1830/1830/1830 
f 1829/1829/1829 1831/1831/1831 1830/1830/1830 
f 1832/1832/1832 1833/1833/1833 1834/1834/1834 
f 1833/1833/1833 1835/1835/1835 1834/1834/1834 
f 1836/1836/1836 1837/1837/1837 1838/1838/1838 
f 1837/1837/1837 1839/1839/1839 1838/1838/1838 
f 1840/1840/1840 1841/1841/1841 1842/1842/1842 
f 1841/1841/1841 1843/1843/1843 1842/1842/1842 
f 1844/1844/1844 1845/1845/1845 1846/1846/1846 
f 1845/1845/1845 1847/1847/1847 1846/1846/1846 
f 1848/1848/1848 1849/1849/1849 1850/1850/1850 
f 1849/1849/1849 1851/1851/1851 1850/1850/1850 
f 1852/1852/1852 1853/1853/1853 1854/1854/1854 
f 1853/1853/1853 1855/1855/1855 1854/1854/1854 
f 1856/1856/1856 1857/1857/1857 1858/1858/1858 
f 1857/1857/1857 1859/1859/1859 1858/1858/1858 
f 1860/1860/1860 1861/1861/1861 1862/1862/1862 
f 1861/1861/1861 1863/1863/1863 1862/1862/1862 
f 1864/1864/1864 1865/1865/1865 1866/1866/1866 
f 1865/1865/1865 1867/1867/1867 1866/1866/1866 
f 1868/1868/1868 1869/1869/1869 1870/1870/1870 
f 1869/1869/1869 1871/1871/1871 1870/1870/1870 
f 1872/1872/1872 1873/1873/1873 1874/1874/1874 
f 1873/1873/1873 1875/1875/1875 1874/1874/1874 
f 1876/1876/1876 1877/1877/1877 1878/1878/1878 
f 1877/1877/1877 1879/1879/1879 1878/1878/1878 
f 1880/1880/1880 1881/1881/1881 1882/1882/1882 
f 1881/1881/1881 1883/1883/1883 1882/1882/1882 
f 1884/1884/1884 1885/1885/1885 1886/1886/1886 
f 1885/1885/1885 1887/1887/1887 1886/1886/1886 
f 1888/1888/1888 1889/1889/1889 1890/1890/1890 
f 1889/1889/1889 1891/1891/1891 1890/1890/1890 
f 1892/1892/1892 1893/1893/1893 1894/1894/1894 
f 1893/1893/1893 1895/1895/1895 1894/1894/1894 
f 1896/1896/1896 1897/1897/1897 1898/1898/1898 
f 1897/1897/1897 1899/1899/1899 1898/1898/1898 
f 1900/1900/1900 1901/1901/1901 1902/1902/1902 
f 1901/1901/1901 1903/1903/1903 1902/1902/1902 
f 1904/1904/1904 1905/1905/1905 1906/1906/1906 
f 1905/1905/1905 1907/1907/1907 1906/1906/1906 
f 1908/1908/1908 1909/1909/1909 1910/1910/1910 
f 1909/1909/1909 1911/1911/1911 1910/1910/1910 
f 1912/1912/1912 1913/1913/1913 1914/1914/1914 
f 1913/1913/1913 1915/1915/1915 1914/1914/1914 
f 1916/1916/1916 1917/1917/1917 1918/1918/1918 
f 1917/1917/1917 1919/1919/1919 1918/1918/1918 
f 1920/1920/1920 1921/1921/1921 1922/1922/1922 
f 1921/1921/1921 1923/1923/1923 1922/1922/1922 
f 1924/1924/1924 1925/1925/1925 1926/1926/1926 
f 1925/1925/1925 1927/1927/1927 1926/1926/1926 
f 1928/1928/1928 1929/1929/1929 1930/1930/1930 
f 1929/1929/1929 1931/1931/1931 1930/1930/1930 
f 1932/1932/1932 1933/1933/1933 1934/1934/1934 
f 1933/1933/1933 1935/1935/1935 1934/1934/1934 
f 1936/1936/1936 1937/1937/1937 1938/1938/1938 
f 1937/1937/1937 1939/1939/1939 1938/1938/1938 
f 1940/1940/1940 1941/1941/1941 1942/1942/1942 
f 1941/1941/1941 1943/1943/1943 1942/1942/1942 
f 1944/1944/1944 1945/1945/1945 1946/1946/1946 
f 1945/1945/1945 1947/1947/1947 1946/1946/1946 
f 1948/1948/1948 1949/1949/1949 1950/1950/1950 
f 1949/1949/1949 1951/1951/1951 1950/1950/1950 
f 1952/1952/1952 1953/1953/1953 1954/1954/1954 
f 1953/1953/1953 1955/1955/1955 1954/1954/1954 
f 1956/1956/1956 1957/1957/1957 1958/1958/1958 
f 1957/1957/1957 1959/1959/1959 1958/1958/1958 
f 1960/1960/1960 1961/1961/1961 1962/1962/1962 
f 1961/1961/1961 1963/1963/1963 1962/1962/1962 
f 1964/1964/1964 1965/1965/1965 1966/1966/1966 
f 1965/1965/1965 1967/1967/1967 1966/1966/1966 
f 1968/1968/1968 1969/1969/1969 1970/1970/1970 
f 1969/1969/1969 1971/1971/1971 1970/1970/1970 
f 1972/1972/1972 1973/1973/1973 1974/1974/1974 
f 1973/1973/1973 1975/1975/1975 1974/1974/1974 
f 1976/1976/1976 1977/1977/1977 1978/1978/1978 
f 1977/1977/1977 1979/1979/1979 1978/1978/1978 
f 1980/1980/1980 1981/1981/1981 1982/1982/1982 
f 1981/1981/1981 1983/1983/1983 1982/1982/1982 
f 1984/1984/1984 1985/1985/1985 1986/1986/1986 
f 1985/1985/1985 1987/1987/1987 1986/1986/1986 
f 1988/1988/1988 1989/1989/1989 1990/1990/1990 
f 1989/1989/1989 1991/1991/1991 1990/1990/1990 
f 1992/1992/1992 1993/1993/1993 1994/1994/1994 
f 1993/1993/1993 1995/1995/1995 1994/1994/1994 
f 1996/1996/1996 1997/1997/1997 1998/1998/1998 
f 1997/1997/1997 1999/1999/1999 1998/1998/1998 
f 2000/2000/2000 2001/2001/2001 2002/2002/2002 
f 2001/2001/2001 2003/2003/2003 2002/2002/2002 
f 2004/2004/2004 2005/2005/2005 2006/2006/2006 
f 2005/2005/2005 2007/2007/2007 2006/2006/2006 
f 2008/2008/2008 2009/2009/2009 2010/2010/2010 
f 2009/2009/2009 2011/2011/2011 2010/2010/2010 
f 2012/2012/2012 2013/2013/2013 2014/2014/2014 
f 2013/2013/2013 2015/2015/2015 2014/2014/2014 
f 2016/2016/2016 2017/2017/2017 2018/2018/2018 
f 2017/2017/2017 2019/2019/2019 2018/2018/2018 
f 2020/2020/2020 2021/2021/2021 2022/2022/2022 
f 2021/2021/2021 2023/2023/2023 2022/2022/2022 
f 2024/2024/2024 2025/2025/2025 2026/2026/2026 
f 2025/2025/2025 2027/2027/2027 2026/2026/2026 
f 2028/2028/2028 2029/2029/2029 2030/2030/2030 
f 2029/2029/2029 2031/2031/2031 2030/2030/2030 
f 2032/2032/2032 2033/2033/2033 2034/2034/2034 
f 2033/2033/2033 2035/2035/2035 2034/2034/2034 
f 2036/2036/2036 2037/2037/2037 2038/2038/2038 
f 2037/2037/2037 2039/2039/2039 2038/2038/2038 
f 2040/2040/2040 2041/2041/2041 2042/2042/2042 
f 2041/2041/2041 2043/2043/2043 2042/2042/2042 
f 2044/2044/2044 2045/2045/2045 2046/2046/2046 
f 2045/2045/2045 2047/2047/2047 2046/2046/2046 
f 2048/2048/2048 2049/2049/2049 2050/2050/2050 
f 2049/2049/2049 2051/2051/2051 2050/2050/2050 
f 2052/2052/2052 2053/2053/2053 2054/2054/2054 
f 2053/2053/2053 2055/2055/2055 2054/2054/2054 
f 2056/2056/2056 2057/2057/2057 2058/2058/2058 
f 2057/2057/2057 2059/2059/2059 2058/2058/2058 
f 2060/2060/2060 2061/2061/2061 2062/2062/2062 
f 2061/2061/2061 2063/2063/2063 2062/2062/2062 
f 2064/2064/2064 2065/2065/2065 2066/2066/2066 
f 2065/2065/2065 2067/2067/2067 2066/2066/2066 
f 2068/2068/2068 2069/2069/2069 2070/2070/2070 
f 2069/2069/2069 2071/2071/2071 2070/2070/2070 
f 2072/2072/2072 2073/2073/2073 2074/2074/2074 
f 2073/2073/2073 2075/2075/2075 2074/2074/2074 
f 2076/2076/2076 2077/2077/2077 2078/2078/2078 
f 2077/2077/2077 2079/2079/2079 2078/2078/2078 
f 2080/2080/2080 2081/2081/2081 2082/2082/2082 
f 2081/2081/2081 2083/2083/2083 2082/2082/2082 
f 2084/2084/2084 2085/2085/2085 2086/2086/2086 
f 2085/2085/2085 2087/2087/2087 2086/2086/2086 
f 2088/2088/2088 2089/2089/2089 2090/2090/2090 
f 2089/2089/2089 2091/2091/2091 2090/2090/2090 
f 2092/2092/2092 2093/2093/2093 2094/2094/2094 
f 2093/2093/2093 2095/2095/2095 2094/2094/2094 
f 2096/2096/2096 2097/2097/2097 2098/2098/2098 
f 2097/2097/2097 2099/2099/2099 2098/2098/2098 
f 2100/2100/2100 2101/2101/2101 2102/2102/2102 
f 2101/2101/2101 2103/2103/2103 2102/2102/2102 
f 2104/2104/2104 2105/2105/2105 2106/2106/2106 
f 2105/2105/2105 2107/2107/2107 2106/2106/2106 
f 2108/2108/2108 2109/2109/2109 2110/2110/2110 
f 2109/2109/2109 2111/2111/2111 2110/2110/2110 
f 2112/2112/2112 2113/2113/2113 2114/2114/2114 
f 2113/2113/2113 2115/2115/2115 2114/2114/2114 
f 2116/2116/2116 2117/2117/2117 2118/2118/2118 
f 2117/2117/2117 2119/2119/2119 2118/2118/2118 
f 2120/2120/2120 2121/2121/2121 2122/2122/2122 
f 2121/2121/2121 2123/2123/2123 2122/2122/2122 
f 2124/2124/2124 2125/2125/2125 2126/2126/2126 
f 2125/2125/2125 2127/2127/2127 2126/2126/2126 
f 2128/2128/2128 2129/2129/2129 2130/2130/2130 
f 2129/2129/2129 2131/2131/2131 2130/2130/2130 
f 2132/2132/2132 2133/2133/2133 2134/2134/2134 
f 2133/2133/2133 2135/2135/2135 2134/2134/2134 
f 2136/2136/2136 2137/2137/2137 2138/2138/2138 
f 2137/2137/2137 2139/2139/2139 2138/2138/2138 
f 2140/2140/2140 2141/2141/2141 2142/2142/2142 
f 2141/2141/2141 2143/2143/2143 2142/2142/2142 
f 2144/2144/2144 2145/2145/2145 2146/2146/2146 
f 2145/2145/2145 2147/2147/2147 2146/2146/2146 
f 2148/2148/2148 2149/2149/2149 2150/2150/2150 
f 2149/2149/2149 2151/2151/2151 2150/2150/2150 
f 2152/2152/2152 2153/2153/2153 2154/2154/2154 
f 2153/2153/2153 2155/2155/2155 2154/2154/2154 
f 2156/2156/2156 2157/2157/2157 2158/2158/2158 
f 2157/2157/2157 2159/2159/2159 2158/2158/2158 
f 2160/2160/2160 2161/2161/2161 2162/2162/2162 
f 2161/2161/2161 2163/2163/2163 2162/2162/2162 
f 2164/2164/2164 2165/2165/2165 2166/2166/2166 
f 2165/2165/2165 2167/2167/2167 2166/2166/2166 
f 2168/2168/2168 2169/2169/2169 2170/2170/2170 
f 2169/2169/2169 2171/2171/2171 2170/2170/2170 
f 2172/2172/2172 2173/2173/2173 2174/2174/2174 
f 2173/2173/2173 2175/2175/2175 2174/2174/2174 
f 2176/2176/2176 2177/2177/2177 2178/2178/2178 
f 2177/2177/2177 2179/2179/2179 2178/2178/2178 
f 2180/2180/2180 2181/2181/2181 2182/2182/2182 
f 2181/2181/2181 2183/2183/2183 2182/2182/2182 
f 2184/2184/2184 2185/2185/2185 2186/2186/2186 
f 2185/2185/2185 2187/2187/2187 2186/2186/2186 
f 2188/2188/2188 2189/2189/2189 2190/2190/2190 
f 2189/2189/2189 2191/2191/2191 2190/2190/2190 
f 2192/2192/2192 2193/2193/2193 2194/2194/2194 
f 2193/2193/2193 2195/2195/2195 2194/2194/2194 
f 2196/2196/2196 2197/2197/2197 2198/2198/2198 
f 2197/2197/2197 2199/2199/2199 2198/2198/2198 
f 2200/2200/2200 2201/2201/2201 2202/2202/2202 
f 2201/2201/2201 2203/2203/2203 2202/2202/2202 
f 2204/2204/2204 2205/2205/2205 2206/2206/2206 
f 2205/2205/2205 2207/2207/2207 2206/2206/2206 
f 2208/2208/2208 2209/2209/2209 2210/2210/2210 
f 2209/2209/2209 2211/2211/2211 2210/2210/2210 
f 2212/2212/2212 2213/2213/2213 2214/2214/2214 
f 2213/2213/2213 2215/2215/2215 2214/2214/2214 
f 2216/2216/2216 2217/2217/2217 2218/2218/2218 
f 2217/2217/2217 2219/2219/2219 2218/2218/2218 
f 2220/2220/2220 2221/2221/2221 2222/2222/2222 
f 2221/2221/2221 2223/2223/2223 2222/2222/2222 
f 2224/2224/2224 2225/2225/2225 2226/2226/2226 
f 2225/2225/2225 2227/2227/2227 2226/2226/2226 
f 2228/2228/2228 2229/2229/2229 2230/2230/2230 
f 2229/2229/2229 2231/2231/2231 2230/2230/2230 
f 2232/2232/2232 2233/2233/2233 2234/2234/2234 
f 2233/2233/2233 2235/2235/2235 2234/2234/2234 
f 2236/2236/2236 2237/2237/2237 2238/2238/2238 
f 2237/2237/2237 2239/2239/2239 2238/2238/2238 
f 2240/2240/2240 2241/2241/2241 2242/2242/2242 
f 2241/2241/2241 2243/2243/2243 2242/2242/2242 
f 2244/2244/2244 2245/2245/2245 2246/2246/2246 
f 2245/2245/2245 2247/2247/2247 2246/2246/2246 
f 2248/2248/2248 2249/2249/2249 2250/2250/2250 
f 2249/2249/2249 2251/2251/2251 2250/2250/2250 
f 2252/2252/2252 2253/2253/2253 2254/2254/2254 
f 2253/2253/2253 2255/2255/2255 2254/2254/2254 
f 2256/2256/2256 2257/2257/2257 2258/2258/2258 
f 2257/2257/2257 2259/2259/2259 2258/2258/2258 
f 2260/2260/2260 2261/2261/2261 2262/2262/2262 
f 2261/2261/2261 2263/2263/2263 2262/2262/2262 
f 2264/2264/2264 2265/2265/2265 2266/2266/2266 
f 2265/2265/2265 2267/2267/2267 2266/2266/2266 
f 2268/2268/2268 2269/2269/2269 2270/2270/2270 
f 2269/2269/2269 2271/2271/2271 2270/2270/2270 
f 2272/2272/2272 2273/2273/2273 2274/2274/2274 
f 2273/2273/2273 2275/2275/2275 2274/2274/2274 
f 2276/2276/2276 2277/2277/2277 2278/2278/2278 
f 2277/2277/2277 2279/2279/2279 2278/2278/2278 
f 2280/2280/2280 2281/2281/2281 2282/2282/2282 
f 2281/2281/2281 2283/2283/2283 2282/2282/2282 
f 2284/2284/2284 2285/2285/2285 2286/2286/2286 
f 2285/2285/2285 2287/2287/2287 2286/2286/2286 
f 2288/2288/2288 2289/2289/2289 2290/2290/2290 
f 2289/2289/2289 2291/2291/2291 2290/2290/2290 
f 2292/2292/2292 2293/2293/2293 2294/2294/2294 
f 2293/2293/2293 2295/2295/2295 2294/2294/2294 
f 2296/2296/2296 2297/2297/2297 2298/2298/2298 
f 2297/2297/2297 2299/2299/2299 2298/2298/2298 
f 2300/2300/2300 2301/2301/2301 2302/2302/2302 
f 2301/2301/2301 2303/2303/2303 2302/2302/2302 
f 2304/2304/2304 2305/2305/2305 2306/2306/2306 
f 2305/2305/2305 2307/2307/2307 2306/2306/2306 
f 2308/2308/2308 2309/2309/2309 2310/2310/2310 
f 2309/2309/2309 2311/2311/2311 2310/2310/2310 
f 2312/2312/2312 2313/2313/2313 2314/2314/2314 
f 2313/2313/2313 2315/2315/2315 2314/2314/2314 
f 2316/2316/2316 2317/2317/2317 2318/2318/2318 
f 2317/2317/2317 2319/2319/2319 2318/2318/2318 
f 2320/2320/2320 2321/2321/2321 2322/2322/2322 
f 2321/2321/2321 2323/2323/2323 2322/2322/2322 
f 2324/2324/2324 2325/2325/2325 2326/2326/2326 
f 2325/2325/2325 2327/2327/2327 2326/2326/2326 
f 2328/2328/2328 2329/2329/2329 2330/2330/2330 
f 2329/2329/2329 2331/2331/2331 2330/2330/2330 
f 2332/2332/2332 2333/2333/2333 2334/2334/2334 
f 2333/2333/2333 2335/2335/2335 2334/2334/2334 
f 2336/2336/2336 2337/2337/2337 2338/2338/2338 
f 2337/2337/2337 2339/2339/2339 2338/2338/2338 
f 2340/2340/2340 2341/2341/2341 2342/2342/2342 
f 2341/2341/2341 2343/2343/2343 2342/2342/2342 
f 2344/2344/2344 2345/2345/2345 2346/2346/2346 
f 2345/2345/2345 2347/2347/2347 2346/2346/2346 
f 2348/2348/2348 2349/2349/2349 2350/2350/2350 
f 2349/2349/2349 2351/2351/2351 2350/2350/2350 
f 2352/2352/2352 2353/2353/2353 2354/2354/2354 
f 2353/2353/2353 2355/2355/2355 2354/2354/2354 
f 2356/2356/2356 2357/2357/2357 2358/2358/2358 
f 2357/2357/2357 2359/2359/2359 2358/2358/2358 
f 2360/2360/2360 2361/2361/2361 2362/2362/2362 
f 2361/2361/2361 2363/2363/2363 2362/2362/2362 
f 2364/2364/2364 2365/2365/2365 2366/2366/2366 
f 2365/2365/2365 2367/2367/2367 2366/2366/2366 
f 2368/2368/2368 2369/2369/2369 2370/2370/2370 
f 2369/2369/2369 2371/2371/2371 2370/2370/2370 
f 2372/2372/2372 2373/2373/2373 2374/2374/2374 
f 2373/2373/2373 2375/2375/2375 2374/2374/2374 
f 2376/2376/2376 2377/2377/2377 2378/2378/2378 
f 2377/2377/2377 2379/2379/2379 2378/2378/2378 
f 2380/2380/2380 2381/2381/2381 2382/2382/2382 
f 2381/2381/2381 2383/2383/2383 2382/2382/2382 
f 2384/2384/2384 2385/2385/2385 2386/2386/2386 
f 2385/2385/2385 2387/2387/2387 2386/2386/2386 
f 2388/2388/2388 2389/2389/2389 2390/2390/2390 
f 2389/2389/2389 2391/2391/2391 2390/2390/2390 
f 2392/2392/2392 2393/2393/2393 2394/2394/2394 
f 2393/2393/2393 2395/2395/2395 2394/2394/2394 
f 2396/2396/2396 2397/2397/2397 2398/2398/2398 
f 2397/2397/2397 2399/2399/2399 2398/2398/2398 
f 2400/2400/2400 2401/2401/2401 2402/2402/2402 
f 2401/2401/2401 2403/2403/2403 2402/2402/2402 
f 2404/2404/2404 2405/2405/2405 2406/2406/2406 
f 2405/2405/2405 2407/2407/2407 2406/2406/2406 
f 2408/2408/2408 2409/2409/2409 2410/2410/2410 
f 2409/2409/2409 2411/2411/2411 2410/2410/2410 
f 2412/2412/2412 2413/2413/2413 2414/2414/2414 
f 2413/2413/2413 2415/2415/2415 2414/2414/2414 
f 2416/2416/2416 2417/2417/2417 2418/2418/2418 
f 2417/2417/2417 2419/2419/2419 2418/2418/2418 
f 2420/2420/2420 2421/2421/2421 2422/2422/2422 
f 2421/2421/2421 2423/2423/2423 2422/2422/2422 
f 2424/2424/2424 2425/2425/2425 2426/2426/2426 
f 2425/2425/2425 2427/2427/2427 2426/2426/2426 
f 2428/2428/2428 2429/2429/2429 2430/2430/2430 
f 2429/2429/2429 2431/2431/2431 2430/2430/2430 
f 2432/2432/2432 2433/2433/2433 2434/2434/2434 
f 2433/2433/2433 2435/2435/2435 2434/2434/2434 
f 2436/2436/2436 2437/2437/2437 2438/2438/2438 
f 2437/2437/2437 2439/2439/2439 2438/2438/2438 
f 2440/2440/2440 2441/2441/2441 2442/2442/2442 
f 2441/2441/2441 2443/2443/2443 2442/2442/2442 
f 2444/2444/2444 2445/2445/2445 2446/2446/2446 
f 2445/2445/2445 2447/2447/2447 2446/2446/2446 
f 2448/2448/2448 2449/2449/2449 2450/2450/2450 
f 2449/2449/2449 2451/2451/2451 2450/2450/2450 
f 2452/2452/2452 2453/2453/2453 2454/2454/2454 
f 2453/2453/2453 2455/2455/2455 2454/2454/2454 
f 2456/2456/2456 2457/2457/2457 2458/2458/2458 
f 2457/2457/2457 2459/2459/2459 2458/2458/2458 
f 2460/2460/2460 2461/2461/2461 2462/2462/2462 
f 2461/2461/2461 2463/2463/2463 2462/2462/2462 
f 2464/2464/2464 2465/2465/2465 2466/2466/2466 
f 2465/2465/2465 2467/2467/2467 2466/2466/2466 
f 2468/2468/2468 2469/2469/2469 2470/2470/2470 
f 2469/2469/2469 2471/2471/2471 2470/2470/2470 
f 2472/2472/2472 2473/2473/2473 2474/2474/2474 
f 2473/2473/2473 2475/2475/2475 2474/2474/2474 
f 2476/2476/2476 2477/2477/2477 2478/2478/2478 
f 2477/2477/2477 2479/2479/2479 2478/2478/2478 
f 2480/2480/2480 2481/2481/2481 2482/2482/2482 
f 2481/2481/2481 2483/2483/2483 2482/2482/2482 
f 2484/2484/2484 2485/2485/2485 2486/2486/2486 
f 2485/2485/2485 2487/2487/2487 2486/2486/2486 
f 2488/2488/2488 2489/2489/2489 2490/2490/2490 
f 2489/2489/2489 2491/2491/2491 2490/2490/2490 
f 2492/2492/2492 2493/2493/2493 2494/2494/2494 
f 2493/2493/2493 2495/2495/2495 2494/2494/2494 
f 2496/2496/2496 2497/2497/2497 2498/2498/2498 
f 2497/2497/2497 2499/2499/2499 2498/2498/2498 
f 2500/2500/2500 2501/2501/2501 2502/2502/2502 
f 2501/2501/2501 2503/2503/2503 2502/2502/2502 
f 2504/2504/2504 2505/2505/2505 2506/2506/2506 
f 2505/2505/2505 2507/2507/2507 2506/2506/2506 
f 2508/2508/2508 2509/2509/2509 2510/2510/2510 
f 2509/2509/2509 2511/2511/2511 2510/2510/2510 
f 2512/2512/2512 2513/2513/2513 2514/2514/2514 
f 2513/2513/2513 2515/2515/2515 2514/2514/2514 
f 2516/2516/2516 2517/2517/2517 2518/2518/2518 
f 2517/2517/2517 2519/2519/2519 2518/2518/2518 
f 2520/2520/2520 2521/2521/2521 2522/2522/2522 
f 2521/2521/2521 2523/2523/2523 2522/2522/2522 
f 2524/2524/2524 2525/2525/2525 2526/2526/2526 
f 2525/2525/2525 2527/2527/2527 2526/2526/2526 
f 2528/2528/2528 2529/2529/2529 2530/2530/2530 
f 2529/2529/2529 2531/2531/2531 2530/2530/2530 
f 2532/2532/2532 2533/2533/2533 2534/2534/2534 
f 2533/2533/2533 2535/2535/2535 2534/2534/2534 
f 2536/2536/2536 2537/2537/2537 2538/2538/2538 
f 2537/2537/2537 2539/2539/2539 2538/2538/2538 
f 2540/2540/2540 2541/2541/2541 2542/2542/2542 
f 2541/2541/2541 2543/2543/2543 2542/2542/2542 
f 2544/2544/2544 2545/2545/2545 2546/2546/2546 
f 2545/2545/2545 2547/2547/2547 2546/2546/2546 
f 2548/2548/2548 2549/2549/2549 2550/2550/2550 
f 2549/2549/2549 2551/2551/2551 2550/2550/2550 
f 2552/2552/2552 2553/2553/2553 2554/2554/2554 
f 2553/2553/2553 2555/2555/2555 2554/2554/2554 
f 2556/2556/2556 2557/2557/2557 2558/2558/2558 
f 2557/2557/2557 2559/2559/2559 2558/2558/2558 
f 2560/2560/2560 2561/2561/2561 2562/2562/2562 
f 2561/2561/2561 2563/2563/2563 2562/2562/2562 
f 2564/2564/2564 2565/2565/2565 2566/2566/2566 
f 2565/2565/2565 2567/2567/2567 2566/2566/2566 
f 2568/2568/2568 2569/2569/2569 2570/2570/2570 
f 2569/2569/2569 2571/2571/2571 2570/2570/2570 
f 2572/2572/2572 2573/2573/2573 2574/2574/2574 
f 2573/2573/2573 2575/2575/2575 2574/2574/2574 
f 2576/2576/2576 2577/2577/2577 2578/2578/2578 
f 2577/2577/2577 2579/2579/2579 2578/2578/2578 
f 2580/2580/2580 2581/2581/2581 2582/2582/2582 
f 2581/2581/2581 2583/2583/2583 2582/2582/2582 
f 2584/2584/2584 2585/2585/2585 2586/2586/2586 
f 2585/2585/2585 2587/2587/2587 2586/2586/2586 
f 2588/2588/2588 2589/2589/2589 2590/2590/2590 
f 2589/2589/2589 2591/2591/2591 2590/2590/2590 
f 2592/2592/2592 2593/2593/2593 2594/2594/2594 
f 2593/2593/2593 2595/2595/2595 2594/2594/2594 
f 2596/2596/2596 2597/2597/2597 2598/2598/2598 
f 2597/2597/2597 2599/2599/2599 2598/2598/2598 
f 2600/2600/2600 2601/2601/2601 2602/2602/2602 
f 2601/2601/2601 2603/2603/2603 2602/2602/2602 
f 2604/2604/2604 2605/2605/2605 2606/2606/2606 
f 2605/2605/2605 2607/2607/2607 2606/2606/2606 
f 2608/2608/2608 2609/2609/2609 2610/2610/2610 
f 2609/2609/2609 2611/2611/2611 2610/2610/2610 
f 2612/2612/2612 2613/2613/2613 2614/2614/2614 
f 2613/2613/2613 2615/2615/2615 2614/2614/2614 
f 2616/2616/2616 2617/2617/2617 2618/2618/2618 
f 2617/2617/2617 2619/2619/2619 2618/2618/2618 
f 2620/2620/2620 2621/2621/2621 2622/2622/2622 
f 2621/2621/2621 2623/2623/2623 2622/2622/2622 
f 2624/2624/2624 2625/2625/2625 2626/2626/2626 
f 2625/2625/2625 2627/2627/2627 2626/2626/2626 
f 2628/2628/2628 2629/2629/2629 2630/2630/2630 
f 2629/2629/2629 2631/2631/2631 2630/2630/2630 
f 2632/2632/2632 2633/2633/2633 2634/2634/2634 
f 2633/2633/2633 2635/2635/2635 2634/2634/2634 
f 2636/2636/2636 2637/2637/2637 2638/2638/2638 
f 2637/2637/2637 2639/2639/2639 2638/2638/2638 
f 2640/2640/2640 2641/2641/2641 2642/2642/2642 
f 2641/2641/2641 2643/2643/2643 2642/2642/2642 
f 2644/2644/2644 2645/2645/2645 2646/2646/2646 
f 2645/2645/2645 2647/2647/2647 2646/2646/2646 
f 2648/2648/2648 2649/2649/2649 2650/2650/2650 
f 2649/2649/2649 2651/2651/2651 2650/2650/2650 
f 2652/2652/2652 2653/2653/2653 2654/2654/2654 
f 2653/2653/2653 2655/2655/2655 2654/2654/2654 
f 2656/2656/2656 2657/2657/2657 2658/2658/2658 
f 2657/2657/2657 2659/2659/2659 2658/2658/2658 
f 2660/2660/2660 2661/2661/2661 2662/2662/2662 
f 2661/2661/2661 2663/2663/2663 2662/2662/2662 
f 2664/2664/2664 2665/2665/2665 2666/2666/2666 
f 2665/2665/2665 2667/2667/2667 2666/2666/2666 
f 2668/2668/2668 2669/2669/2669 2670/2670/2670 
f 2669/2669/2669 2671/2671/2671 2670/2670/2670 
f 2672/2672/2672 2673/2673/2673 2674/2674/2674 
f 2673/2673/2673 2675/2675/2675 2674/2674/2674 
f 2676/2676/2676 2677/2677/2677 2678/2678/2678 
f 2677/2677/2677 2679/2679/2679 2678/2678/2678 
f 2680/2680/2680 2681/2681/2681 2682/2682/2682 
f 2681/2681/2681 2683/2683/2683 2682/2682/2682 
f 2684/2684/2684 2685/2685/2685 2686/2686/2686 
f 2685/2685/2685 2687/2687/2687 2686/2686/2686 
f 2688/2688/2688 2689/2689/2689 2690/2690/2690 
f 2689/2689/2689 2691/2691/2691 2690/2690/2690 
f 2692/2692/2692 2693/2693/2693 2694/2694/2694 
f 2693/2693/2693 2695/2695/2695 2694/2694/2694 
f 2696/2696/2696 2697/2697/2697 2698/2698/2698 
f 2697/2697/2697 2699/2699/2699 2698/2698/2698 
f 2700/2700/2700 2701/2701/2701 2702/2702/2702 
f 2701/2701/2701 2703/2703/2703 2702/2702/2702 
f 2704/2704/2704 2705/2705/2705 2706/2706/2706 
f 2705/2705/2705 2707/2707/2707 2706/2706/2706 
f 2708/2708/2708 2709/2709/2709 2710/2710/2710 
f 2709/2709/2709 2711/2711/2711 2710/2710/2710 
f 2712/2712/2712 2713/2713/2713 2714/2714/2714 
f 2713/2713/2713 2715/2715/2715 2714/2714/2714 
f 2716/2716/2716 2717/2717/2717 2718/2718/2718 
f 2717/2717/2717 2719/2719/2719 2718/2718/2718 
f 2720/2720/2720 2721/2721/2721 2722/2722/2722 
f 2721/2721/2721 2723/2723/2723 2722/2722/2722 
f 2724/2724/2724 2725/2725/2725 2726/2726/2726 
f 2725/2725/2725 2727/2727/2727 2726/2726/2726 
f 2728/2728/2728 2729/2729/2729 2730/2730/2730 
f 2729/2729/2729 2731/2731/2731 2730/2730/2730 
f 2732/2732/2732 2733/2733/2733 2734/2734/2734 
f 2733/2733/2733 2735/2735/2735 2734/2734/2734 
f 2736/2736/2736 2737/2737/2737 2738/2738/2738 
f 2737/2737/2737 2739/2739/2739 2738/2738/2738 
f 2740/2740/2740 2741/2741/2741 2742/2742/2742 
f 2741/2741/2741 2743/2743/2743 2742/2742/2742 
f 2744/2744/2744 2745/2745/2745 2746/2746/2746 
f 2745/2745/2745 2747/2747/2747 2746/2746/2746 
f 2748/2748/2748 2749/2749/2749 2750/2750/2750 
f 2749/2749/2749 2751/2751/2751 2750/2750/2750 
f 2752/2752/2752 2753/2753/2753 2754/2754/2754 
f 2753/2753/2753 2755/2755/2755 2754/2754/2754 
f 2756/2756/2756 2757/2757/2757 2758/2758/2758 
f 2757/2757/2757 2759/2759/2759 2758/2758/2758 
f 2760/2760/2760 2761/2761/2761 2762/2762/2762 
f 2761/2761/2761 2763/2763/2763 2762/2762/2762 
f 2764/2764/2764 2765/2765/2765 2766/2766/2766 
f 2765/2765/2765 2767/2767/2767 2766/2766/2766 
f 2768/2768/2768 2769/2769/2769 2770/2770/2770 
f 2769/2769/2769 2771/2771/2771 2770/2770/2770 
f 2772/2772/2772 2773/2773/2773 2774/2774/2774 
f 2773/2773/2773 2775/2775/2775 2774/2774/2774 
f 2776/2776/2776 2777/2777/2777 2778/2778/2778 
f 2777/2777/2777 2779/2779/2779 2778/2778/2778 
f 2780/2780/2780 2781/2781/2781 2782/2782/2782 
f 2781/2781/2781 2783/2783/2783 2782/2782/2782 
f 2784/2784/2784 2785/2785/2785 2786/2786/2786 
f 2785/2785/2785 2787/2787/2787 2786/2786/2786 
f 2788/2788/2788 2789/2789/2789 2790/2790/2790 
f 2789/2789/2789 2791/2791/2791 2790/2790/2790 
f 2792/2792/2792 2793/2793/2793 2794/2794/2794 
f 2793/2793/2793 2795/2795/2795 2794/2794/2794 
f 2796/2796/2796 2797/2797/2797 2798/2798/2798 
f 2797/2797/2797 2799/2799/2799 2798/2798/2798 
f 2800/2800/2800 2801/2801/2801 2802/2802/2802 
f 2801/2801/2801 2803/2803/2803 2802/2802/2802 
f 2804/2804/2804 2805/2805/2805 2806/2806/2806 
f 2805/2805/2805 2807/2807/2807 2806/2806/2806 
f 2808/2808/2808 2809/2809/2809 2810/2810/2810 
f 2809/2809/2809 2811/2811/2811 2810/2810/2810 
f 2812/2812/2812 2813/2813/2813 2814/2814/2814 
f 2813/2813/2813 2815/2815/2815 2814/2814/2814 
f 2816/2816/2816 2817/2817/2817 2818/2818/2818 
f 2817/2817/2817 2819/2819/2819 2818/2818/2818 
f 2820/2820/2820 2821/2821/2821 2822/2822/2822 
f 2821/2821/2821 2823/2823/2823 2822/2822/2822 
f 2824/2824/2824 2825/2825/2825 2826/2826/2826 
f 2825/2825/2825 2827/2827/2827 2826/2826/2826 
f 2828/2828/2828 2829/2829/2829 2830/2830/2830 
f 2829/2829/2829 2831/2831/2831 2830/2830/2830 
f 2832/2832/2832 2833/2833/2833 2834/2834/2834 
f 2833/2833/2833 2835/2835/2835 2834/2834/2834 
f 2836/2836/2836 2837/2837/2837 2838/2838/2838 
f 2837/2837/2837 2839/2839/2839 2838/2838/2838 
f 2840/2840/2840 2841/2841/2841 2842/2842/2842 
f 2841/2841/2841 2843/2843/2843 2842/2842/2842 
f 2844/2844/2844 2845/2845/2845 2846/2846/2846 
f 2845/2845/2845 2847/2847/2847 2846/2846/2846 
f 2848/2848/2848 2849/2849/2849 2850/2850/2850 
f 2849/2849/2849 2851/2851/2851 2850/2850/2850 
f 2852/2852/2852 2853/2853/2853 2854/2854/2854 
f 2853/2853/2853 2855/2855/2855 2854/2854/2854 
f 2856/2856/2856 2857/2857/2857 2858/2858/2858 
f 2857/2857/2857 2859/2859/2859 2858/2858/2858 
f 2860/2860/2860 2861/2861/2861 2862/2862/2862 
f 2861/2861/2861 2863/2863/2863 2862/2862/2862 
f 2864/2864/2864 2865/2865/2865 2866/2866/2866 
f 2865/2865/2865 2867/2867/2867 2866/2866/2866 
f 2868/2868/2868 2869/2869/2869 2870/2870/2870 
f 2869/2869/2869 2871/2871/2871 2870/2870/2870 
f 2872/2872/2872 2873/2873/2873 2874/2874/2874 
f 2873/2873/2873 2875/2875/2875 2874/2874/2874 
f 2876/2876/2876 2877/2877/2877 2878/2878/2878 
f 2877/2877/2877 2879/2879/2879 2878/2878/2878 
f 2880/2880/2880 2881/2881/2881 2882/2882/2882 
f 2881/2881/2881 2883/2883/2883 2882/2882/2882 
f 2884/2884/2884 2885/2885/2885 2886/2886/2886 
f 2885/2885/2885 2887/2887/2887 2886/2886/2886 
f 2888/2888/2888 2889/2889/2889 2890/2890/2890 
f 2889/2889/2889 2891/2891/2891 2890/2890/2890 
f 2892/2892/2892 2893/2893/2893 2894/2894/2894 
f 2893/2893/2893 2895/2895/2895 2894/2894/2894 
f 2896/2896/2896 2897/2897/2897 2898/2898/2898 
f 2897/2897/2897 2899/2899/2899 2898/2898/2898 
f 2900/2900/2900 2901/2901/2901 2902/2902/2902 
f 2901/2901/2901 2903/2903/2903 2902/2902/2902 
f 2904/2904/2904 2905/2905/2905 2906/2906/2906 
f 2905/2905/2905 2907/2907/2907 2906/2906/2906 
f 2908/2908/2908 2909/2909/2909 2910/2910/2910 
f 2909/2909/2909 2911/2911/2911 2910/2910/2910 
f 2912/2912/2912 2913/2913/2913 2914/2914/2914 
f 2913/2913/2913 2915/2915/2915 2914/2914/2914 
f 2916/2916/2916 2917/2917/2917 2918/2918/2918 
f 2917/2917/2917 2919/2919/2919 2918/2918/2918 
f 2920/2920/2920 2921/2921/2921 2922/2922/2922 
f 2921/2921/2921 2923/2923/2923 2922/2922/2922 
f 2924/2924/2924 2925/2925/2925 2926/2926/2926 
f 2925/2925/2925 2927/2927/2927 2926/2926/2926 
f 2928/2928/2928 2929/2929/2929 2930/2930/2930 
f 2929/2929/2929 2931/2931/2931 2930/2930/2930 
f 2932/2932/2932 2933/2933/2933 2934/2934/2934 
f 2933/2933/2933 2935/2935/2935 2934/2934/2934 
f 2936/2936/2936 2937/2937/2937 2938/2938/2938 
f 2937/2937/2937 2939/2939/2939 2938/2938/2938 
f 2940/2940/2940 2941/2941/2941 2942/2942/2942 
f 2941/2941/2941 2943/2943/2943 2942/2942/2942 
f 2944/2944/2944 2945/2945/2945 2946/2946/2946 
f 2945/2945/2945 2947/2947/2947 2946/2946/2946 
f 2948/2948/2948 2949/2949/2949 2950/2950/2950 
f 2949/2949/2949 2951/2951/2951 2950/2950/2950 
f 2952/2952/2952 2953/2953/2953 2954/2954/2954 
f 2953/2953/2953 2955/2955/2955 2954/2954/2954 
f 2956/2956/2956 2957/2957/2957 2958/2958/2958 
f 2957/2957/2957 2959/2959/2959 2958/2958/2958 
f 2960/2960/2960 2961/2961/2961 2962/2962/2962 
f 2961/2961/2961 2963/2963/2963 2962/2962/2962 
f 2964/2964/2964 2965/2965/2965 2966/2966/2966 
f 2965/2965/2965 2967/2967/2967 2966/2966/2966 
f 2968/2968/2968 2969/2969/2969 2970/2970/2970 
f 2969/2969/2969 2971/2971/2971 2970/2970/2970 
f 2972/2972/2972 2973/2973/2973 2974/2974/2974 
f 2973/2973/2973 2975/2975/2975 2974/2974/2974 
f 2976/2976/2976 2977/2977/2977 2978/2978/2978 
f 2977/2977/2977 2979/2979/2979 2978/2978/2978 
f 2980/2980/2980 2981/2981/2981 2982/2982/2982 
f 2981/2981/2981 2983/2983/2983 2982/2982/2982 
f 2984/2984/2984 2985/2985/2985 2986/2986/2986 
f 2985/2985/2985 2987/2987/2987 2986/2986/2986 
f 2988/2988/2988 2989/2989/2989 2990/2990/2990 
f 2989/2989/2989 2991/2991/2991 2990/2990/2990 
f 2992/2992/2992 2993/2993/2993 2994/2994/2994 
f 2993/2993/2993 2995/2995/2995 2994/2994/2994 
f 2996/2996/2996 2997/2997/2997 2998/2998/2998 
f 2997/2997/2997 2999/2999/2999 2998/2998/2998 
f 3000/3000/3000 3001/3001/3001 3002/3002/3002 
f 3001/3001/3001 3003/3003/3003 3002/3002/3002 
f 3004/3004/3004 3005/3005/3005 3006/3006/3006 
f 3005/3005/3005 3007/3007/3007 3006/3006/3006 
f 3008/3008/3008 3009/3009/3009 3010/3010/3010 
f 3009/3009/3009 3011/3011/3011 3010/3010/3010 
f 3012/3012/3012 3013/3013/3013 3014/3014/3014 
f 3013/3013/3013 3015/3015/3015 3014/3014/3014 
f 3016/3016/3016 3017/3017/3017 3018/3018/3018 
f 3017/3017/3017 3019/3019/3019 3018/3018/3018 
f 3020/3020/3020 3021/3021/3021 3022/3022/3022 
f 3021/3021/3021 3023/3023/3023 3022/3022/3022 
f 3024/3024/3024 3025/3025/3025 3026/3026/3026 
f 3025/3025/3025 3027/3027/3027 3026/3026/3026 
f 3028/3028/3028 3029/3029/3029 3030/3030/3030 
f 3029/3029/3029 3031/3031/3031 3030/3030/3030 
f 3032/3032/3032 3033/3033/3033 3034/3034/3034 
f 3033/3033/3033 3035/3035/3035 3034/3034/3034 
f 3036/3036/3036 3037/3037/3037 3038/3038/3038 
f 3037/3037/3037 3039/3039/3039 3038/3038/3038 
f 3040/3040/3040 3041/3041/3041 3042/3042/3042 
f 3041/3041/3041 3043/3043/3043 3042/3042/3042 
f 3044/3044/3044 3045/3045/3045 3046/3046/3046 
f 3045/3045/3045 3047/3047/3047 3046/3046/3046 
f 3048/3048/3048 3049/3049/3049 3050/3050/3050 
f 3049/3049/3049 3051/3051/3051 3050/3050/3050 
f 3052/3052/3052 3053/3053/3053 3054/3054/3054 
f 3053/3053/3053 3055/3055/3055 3054/3054/3054 
f 3056/3056/3056 3057/3057/3057 3058/3058/3058 
f 3057/3057/3057 3059/3059/3059 3058/3058/3058 
f 3060/3060/3060 3061/3061/3061 3062/3062/3062 
f 3061/3061/3061 3063/3063/3063 3062/3062/3062 
f 3064/3064/3064 3065/3065/3065 3066/3066/3066 
f 3065/3065/3065 3067/3067/3067 3066/3066/3066 
f 3068/3068/3068 3069/3069/3069 3070/3070/3070 
f 3069/3069/3069 3071/3071/3071 3070/3070/3070 
f 3072/3072/3072 3073/3073/3073 3074/3074/3074 
f 3073/3073/3073 3075/3075/3075 3074/3074/3074 
f 3076/3076/3076 3077/3077/3077 3078/3078/3078 
f 3077/3077/3077 3079/3079/3079 3078/3078/3078 
f 3080/3080/3080 3081/3081/3081 3082/3082/3082 
f 3081/3081/3081 3083/3083/3083 3082/3082/3082 
f 3084/3084/3084 3085/3085/3085 3086/3086/3086 
f 3085/3085/3085 3087/3087/3087 3086/3086/3086 
f 3088/3088/3088 3089/3089/3089 3090/3090/3090 
f 3089/3089/3089 3091/3091/3091 3090/3090/3090 
f 3092/3092/3092 3093/3093/3093 3094/3094/3094 
f 3093/3093/3093 3095/3095/3095 3094/3094/3094 
f 3096/3096/3096 3097/3097/3097 3098/3098/3098 
f 3097/3097/3097 3099/3099/3099 3098/3098/3098 
f 3100/3100/3100 3101/3101/3101 3102/3102/3102 
f 3101/3101/3101 3103/3103/3103 3102/3102/3102 
f 3104/3104/3104 3105/3105/3105 3106/3106/3106 
f 3105/3105/3105 3107/3107/3107 3106/3106/3106 
f 3108/3108/3108 3109/3109/3109 3110/3110/3110 
f 3109/3109/3109 3111/3111/3111 3110/3110/3110 
f 3112/3112/3112 3113/3113/3113 3114/3114/3114 
f 3113/3113/3113 3115/3115/3115 3114/3114/3114 
f 3116/3116/3116 3117/3117/3117 3118/3118/3118 
f 3117/3117/3117 3119/3119/3119 3118/3118/3118 
f 3120/3120/3120 3121/3121/3121 3122/3122/3122 
f 3121/3121/3121 3123/3123/3123 3122/3122/3122 
f 3124/3124/3124 3125/3125/3125 3126/3126/3126 
f 3125/3125/3125 3127/3127/3127 3126/3126/3126 
f 3128/3128/3128 3129/3129/3129 3130/3130/3130 
f 3129/3129/3129 3131/3131/3131 3130/3130/3130 
f 3132/3132/3132 3133/3133/3133 3134/3134/3134 
f 3133/3133/3133 3135/3135/3135 3134/3134/3134 
f 3136/3136/3136 3137/3137/3137 3138/3138/3138 
f 3137/3137/3137 3139/3139/3139 3138/3138/3138 
f 3140/3140/3140 3141/3141/3141 3142/3142/3142 
f 3141/3141/3141 3143/3143/3143 3142/3142/3142 
f 3144/3144/3144 3145/3145/3145 3146/3146/3146 
f 3145/3145/3145 3147/3147/3147 3146/3146/3146 
f 3148/3148/3148 3149/3149/3149 3150/3150/3150 
f 3149/3149/3149 3151/3151/3151 3150/3150/3150 
f 3152/3152/3152 3153/3153/3153 3154/3154/3154 
f 3153/3153/3153 3155/3155/3155 3154/3154/3154 
f 3156/3156/3156 3157/3157/3157 3158/3158/3158 
f 3157/3157/3157 3159/3159/3159 3158/3158/3158 
f 3160/3160/3160 3161/3161/3161 3162/3162/3162 
f 3161/3161/3161 3163/3163/3163 3162/3162/3162 
f 3164/3164/3164 3165/3165/3165 3166/3166/3166 
f 3165/3165/3165 3167/3167/3167 3166/3166/3166 
f 3168/3168/3168 3169/3169/3169 3170/3170/3170 
f 3169/3169/3169 3171/3171/3171 3170/3170/3170 
f 3172/3172/3172 3173/3173/3173 3174/3174/3174 
f 3173/3173/3173 3175/3175/3175 3174/3174/3174 
f 3176/3176/3176 3177/3177/3177 3178/3178/3178 
f 3177/3177/3177 3179/3179/3179 3178/3178/3178 
f 3180/3180/3180 3181/3181/3181 3182/3182/3182 
f 3181/3181/3181 3183/3183/3183 3182/3182/3182 
f 3184/3184/3184 3185/3185/3185 3186/3186/3186 
f 3185/3185/3185 3187/3187/3187 3186/3186/3186 
f 3188/3188/3188 3189/3189/3189 3190/3190/3190 
f 3189/3189/3189 3191/3191/3191 3190/3190/3190 
f 3192/3192/3192 3193/3193/3193 3194/3194/3194 
f 3193/3193/3193 3195/3195/3195 3194/3194/3194 
f 3196/3196/3196 3197/3197/3197 3198/3198/3198 
f 3197/3197/3197 3199/3199/3199 3198/3198/3198 
f 3200/3200/3200 3201/3201/3201 3202/3202/3202 
f 3201/3201/3201 3203/3203/3203 3202/3202/3202 
f 3204/3204/3204 3205/3205/3205 3206/3206/3206 
f 3205/3205/3205 3207/3207/3207 3206/3206/3206 
f 3208/3208/3208 3209/3209/3209 3210/3210/3210 
f 3209/3209/3209 3164/3164/3164 3210/3210/3210 
f 3211/3211/3211 3212/3212/3212 3213/3213/3213 
f 3212/3212/3212 3168/3168/3168 3213/3213/3213 
f 3214/3214/3214 3215/3215/3215 3216/3216/3216 
f 3215/3215/3215 3172/3172/3172 3216/3216/3216 
f 3217/3217/3217 3218/3218/3218 3219/3219/3219 
f 3218/3218/3218 3176/3176/3176 3219/3219/3219 
f 3220/3220/3220 3221/3221/3221 3222/3222/3222 
f 3221/3221/3221 3180/3180/3180 3222/3222/3222 
f 3223/3223/3223 3224/3224/3224 3225/3225/3225 
f 3224/3224/3224 3184/3184/3184 3225/3225/3225 
f 3226/3226/3226 3227/3227/3227 3228/3228/3228 
f 3227/3227/3227 3188/3188/3188 3228/3228/3228 
f 3229/3229/3229 3230/3230/3230 3231/3231/3231 
f 3230/3230/3230 3192/3192/3192 3231/3231/3231 
f 3232/3232/3232 3233/3233/3233 3234/3234/3234 
f 3233/3233/3233 3196/3196/3196 3234/3234/3234 
f 3235/3235/3235 3236/3236/3236 3237/3237/3237 
f 3236/3236/3236 3200/3200/3200 3237/3237/3237 
f 3238/3238/3238 3239/3239/3239 3240/3240/3240 
f 3239/3239/3239 3204/3204/3204 3240/3240/3240 
f 3241/3241/3241 3242/3242/3242 3243/3243/3243 
f 3242/3242/3242 3160/3160/3160 3243/3243/3243 
f 3244/3244/3244 3244/3244/3244 3245/3245/3245 
f 3244/3244/3244 3245/3245/3245 3245/3245/3245 
f 3245/3245/3245 3245/3245/3245 3246/3246/3246 
f 3245/3245/3245 3246/3246/3246 3246/3246/3246 
f 3246/3246/3246 3246/3246/3246 3247/3247/3247 
f 3246/3246/3246 3247/3247/3247 3247/3247/3247 
f 3247/3247/3247 3247/3247/3247 3248/3248/3248 
f 3247/3247/3247 3248/3248/3248 3248/3248/3248 
f 3248/3248/3248 3248/3248/3248 3249/3249/3249 
f 3248/3248/3248 3249/3249/3249 3249/3249/3249 
f 3249/3249/3249 3249/3249/3249 3250/3250/3250 
f 3249/3249/3249 3250/3250/3250 3250/3250/3250 
f 3250/3250/3250 3250/3250/3250 3251/3251/3251 
f 3250/3250/3250 3251/3251/3251 3251/3251/3251 
f 3251/3251/3251 3251/3251/3251 3252/3252/3252 
f 3251/3251/3251 3252/3252/3252 3252/3252/3252 
f 3252/3252/3252 3252/3252/3252 3253/3253/3253 
f 3252/3252/3252 3253/3253/3253 3253/3253/3253 
f 3253/3253/3253 3253/3253/3253 3254/3254/3254 
f 3253/3253/3253 3254/3254/3254 3254/3254/3254 
f 3254/3254/3254 3254/3254/3254 3255/3255/3255 
f 3254/3254/3254 3255/3255/3255 3255/3255/3255 
f 3255/3255/3255 3255/3255/3255 3244/3244/3244 
f 3255/3255/3255 3244/3244/3244 3244/3244/3244 
f 3256/3256/3256 3257/3257/3257 3258/3258/3258 
f 3257/3257/3257 3259/3259/3259 3258/3258/3258 
f 3260/3260/3260 3261/3261/3261 3262/3262/3262 
f 3261/3261/3261 3263/3263/3263 3262/3262/3262 
f 3264/3264/3264 3265/3265/3265 3266/3266/3266 
f 3265/3265/3265 3267/3267/3267 3266/3266/3266 
f 3268/3268/3268 3269/3269/3269 3270/3270/3270 
f 3269/3269/3269 3271/3271/3271 3270/3270/3270 
f 3272/3272/3272 3273/3273/3273 3274/3274/3274 
f 3273/3273/3273 3275/3275/3275 3274/3274/3274 
f 3276/3276/3276 3277/3277/3277 3278/3278/3278 
f 3277/3277/3277 3279/3279/3279 3278/3278/3278 
f 3280/3280/3280 3281/3281/3281 3282/3282/3282 
f 3281/3281/3281 3283/3283/3283 3282/3282/3282 
f 3284/3284/3284 3285/3285/3285 3286/3286/3286 
f 3285/3285/3285 3287/3287/3287 3286/3286/3286 
f 3288/3288/3288 3289/3289/3289 3290/3290/3290 
f 3289/3289/3289 3291/3291/3291 3290/3290/3290 
f 3292/3292/3292 3293/3293/3293 3294/3294/3294 
f 3293/3293/3293 3295/3295/3295 3294/3294/3294 
f 3296/3296/3296 3297/3297/3297 3298/3298/3298 
f 3297/3297/3297 3299/3299/3299 3298/3298/3298 
f 3300/3300/3300 3301/3301/3301 3302/3302/3302 
f 3301/3301/3301 3303/3303/3303 3302/3302/3302 
f 3260/3260/3260 3304/3304/3304 3305/3305/3305 
f 3304/3304/3304 3306/3306/3306 3305/3305/3305 
f 3264/3264/3264 3307/3307/3307 3308/3308/3308 
f 3307/3307/3307 3309/3309/3309 3308/3308/3308 
f 3268/3268/3268 3310/3310/3310 3311/3311/3311 
f 3310/3310/3310 3312/3312/3312 3311/3311/3311 
f 3272/3272/3272 3313/3313/3313 3314/3314/3314 
f 3313/3313/3313 3315/3315/3315 3314/3314/3314 
f 3276/3276/3276 3316/3316/3316 3317/3317/3317 
f 3316/3316/3316 3318/3318/3318 3317/3317/3317 
f 3280/3280/3280 3319/3319/3319 3320/3320/3320 
f 3319/3319/3319 3321/3321/3321 3320/3320/3320 
f 3284/3284/3284 3322/3322/3322 3323/3323/3323 
f 3322/3322/3322 3324/3324/3324 3323/3323/3323 
f 3288/3288/3288 3325/3325/3325 3326/3326/3326 
f 3325/3325/3325 3327/3327/3327 3326/3326/3326 
f 3292/3292/3292 3328/3328/3328 3329/3329/3329 
f 3328/3328/3328 3330/3330/3330 3329/3329/3329 
f 3296/3296/3296 3331/3331/3331 3332/3332/3332 
f 3331/3331/3331 3333/3333/3333 3332/3332/3332 
f 3300/3300/3300 3334/3334/3334 3335/3335/3335 
f 3334/3334/3334 3336/3336/3336 3335/3335/3335 
f 3256/3256/3256 3337/3337/3337 3338/3338/3338 
f 3337/3337/3337 3339/3339/3339 3338/3338/3338 
f 3340/3340/3340 3340/3340/3340 3340/3340/3340 
f 3340/3340/3340 3340/3340/3340 3340/3340/3340 
f 3340/3340/3340 3340/3340/3340 3340/3340/3340 
f 3340/3340/3340 3340/3340/3340 3340/3340/3340 
f 3340/3340/3340 3340/3340/3340 3340/3340/3340 
f 3340/3340/3340 3340/3340/3340 3340/3340/3340 
f 3340/3340/3340 3340/3340/3340 3340/3340/3340 
f 3340/3340/3340 3340/3340/3340 3340/3340/3340 
f 3340/3340/3340 3340/3340/3340 3340/3340/3340 
f 3340/3340/3340 3340/3340/3340 3340/3340/3340 
f 3340/3340/3340 3340/3340/3340 3340/3340/3340 
f 3340/3340/3340 3340/3340/3340 3340/3340/3340 
f 3341/3341/3341 3342/3342/3342 3343/3343/3343 
f 3342/3342/3342 3344/3344/3344 3343/3343/3343 
f 3345/3345/3345 3346/3346/3346 3347/3347/3347 
f 3346/3346/3346 3348/3348/3348 3347/3347/3347 
f 3306/3306/3306 3349/3349/3349 3350/3350/3350 
f 3349/3349/3349 3351/3351/3351 3350/3350/3350 
f 3352/3352/3352 3353/3353/3353 3354/3354/3354 
f 3353/3353/3353 3355/3355/3355 3354/3354/3354 
f 3356/3356/3356 3357/3357/3357 3358/3358/3358 
f 3357/3357/3357 3359/3359/3359 3358/3358/3358 
f 3309/3309/3309 3360/3360/3360 3361/3361/3361 
f 3360/3360/3360 3362/3362/3362 3361/3361/3361 
f 3363/3363/3363 3364/3364/3364 3365/3365/3365 
f 3364/3364/3364 3366/3366/3366 3365/3365/3365 
f 3367/3367/3367 3368/3368/3368 3369/3369/3369 
f 3368/3368/3368 3370/3370/3370 3369/3369/3369 
f 3312/3312/3312 3371/3371/3371 3372/3372/3372 
f 3371/3371/3371 3373/3373/3373 3372/3372/3372 
f 3374/3374/3374 3375/3375/3375 3376/3376/3376 
f 3375/3375/3375 3377/3377/3377 3376/3376/3376 
f 3378/3378/3378 3379/3379/3379 3380/3380/3380 
f 3379/3379/3379 3381/3381/3381 3380/3380/3380 
f 3315/3315/3315 3382/3382/3382 3383/3383/3383 
f 3382/3382/3382 3384/3384/3384 3383/3383/3383 
f 3385/3385/3385 3386/3386/3386 3387/3387/3387 
f 3386/3386/3386 3388/3388/3388 3387/3387/3387 
f 3389/3389/3389 3390/3390/3390 3391/3391/3391 
f 3390/3390/3390 3392/3392/3392 3391/3391/3391 
f 3318/3318/3318 3393/3393/3393 3394/3394/3394 
f 3393/3393/3393 3395/3395/3395 3394/3394/3394 
f 3396/3396/3396 3397/3397/3397 3398/3398/3398 
f 3397/3397/3397 3399/3399/3399 3398/3398/3398 
f 3400/3400/3400 3401/3401/3401 3402/3402/3402 
f 3401/3401/3401 3403/3403/3403 3402/3402/3402 
f 3321/3321/3321 3404/3404/3404 3405/3405/3405 
f 3404/3404/3404 3406/3406/3406 3405/3405/3405 
f 3407/3407/3407 3408/3408/3408 3409/3409/3409 
f 3408/3408/3408 3410/3410/3410 3409/3409/3409 
f 3411/3411/3411 3412/3412/3412 3413/3413/3413 
f 3412/3412/3412 3414/3414/3414 3413/3413/3413 
f 3324/3324/3324 3415/3415/3415 3416/3416/3416 
f 3415/3415/3415 3417/3417/3417 3416/3416/3416 
f 3418/3418/3418 3419/3419/3419 3420/3420/3420 
f 3419/3419/3419 3421/3421/3421 3420/3420/3420 
f 3422/3422/3422 3423/3423/3423 3424/3424/3424 
f 3423/3423/3423 3425/3425/3425 3424/3424/3424 
f 3327/3327/3327 3426/3426/3426 3427/3427/3427 
f 3426/3426/3426 3428/3428/3428 3427/3427/3427 
f 3429/3429/3429 3430/3430/3430 3431/3431/3431 
f 3430/3430/3430 3432/3432/3432 3431/3431/3431 
f 3433/3433/3433 3434/3434/3434 3435/3435/3435 
f 3434/3434/3434 3436/3436/3436 3435/3435/3435 
f 3330/3330/3330 3437/3437/3437 3438/3438/3438 
f 3437/3437/3437 3439/3439/3439 3438/3438/3438 
f 3440/3440/3440 3441/3441/3441 3442/3442/3442 
f 3441/3441/3441 3443/3443/3443 3442/3442/3442 
f 3444/3444/3444 3445/3445/3445 3446/3446/3446 
f 3445/3445/3445 3447/3447/3447 3446/3446/3446 
f 3333/3333/3333 3448/3448/3448 3449/3449/3449 
f 3448/3448/3448 3450/3450/3450 3449/3449/3449 
f 3451/3451/3451 3452/3452/3452 3453/3453/3453 
f 3452/3452/3452 3454/3454/3454 3453/3453/3453 
f 3455/3455/3455 3456/3456/3456 3457/3457/3457 
f 3456/3456/3456 3458/3458/3458 3457/3457/3457 
f 3336/3336/3336 3459/3459/3459 3460/3460/3460 
f 3459/3459/3459 3461/3461/3461 3460/3460/3460 
f 3462/3462/3462 3463/3463/3463 3464/3464/3464 
f 3463/3463/3463 3465/3465/3465 3464/3464/3464 
f 3466/3466/3466 3467/3467/3467 3468/3468/3468 
f 3467/3467/3467 3469/3469/3469 3468/3468/3468 
f 3339/3339/3339 3470/3470/3470 3471/3471/3471 
f 3470/3470/3470 3472/3472/3472 3471/3471/3471 
f 3473/3473/3473 3474/3474/3474 3475/3475/3475 
f 3474/3474/3474 3476/3476/3476 3475/3475/3475 
f 3477/3477/3477 3478/3478/3478 3479/3479/3479 
f 3478/3478/3478 3480/3480/3480 3479/3479/3479 
f 3481/3481/3481 3482/3482/3482 3483/3483/3483 
f 3482/3482/3482 3484/3484/3484 3483/3483/3483 
f 3485/3485/3485 3486/3486/3486 3487/3487/3487 
f 3488/3488/3488 3489/3489/3489 3490/3490/3490 
f 3489/3489/3489 3491/3491/3491 3490/3490/3490 
f 3492/3492/3492 3493/3493/3493 3494/3494/3494 
f 3493/3493/3493 3495/3495/3495 3494/3494/3494 
f 3496/3496/3496 3497/3497/3497 3498/3498/3498 
f 3497/3497/3497 3499/3499/3499 3498/3498/3498 
f 3500/3500/3500 3501/3501/3501 3502/3502/3502 
f 3503/3503/3503 3504/3504/3504 3505/3505/3505 
f 3504/3504/3504 3506/3506/3506 3505/3505/3505 
f 3507/3507/3507 3508/3508/3508 3509/3509/3509 
f 3508/3508/3508 3510/3510/3510 3509/3509/3509 
f 3511/3511/3511 3512/3512/3512 3513/3513/3513 
f 3512/3512/3512 3514/3514/3514 3513/3513/3513 
f 3515/3515/3515 3516/3516/3516 3517/3517/3517 
f 3518/3518/3518 3519/3519/3519 3520/3520/3520 
f 3519/3519/3519 3521/3521/3521 3520/3520/3520 
f 3522/3522/3522 3523/3523/3523 3524/3524/3524 
f 3523/3523/3523 3525/3525/3525 3524/3524/3524 
f 3526/3526/3526 3527/3527/3527 3528/3528/3528 
f 3527/3527/3527 3529/3529/3529 3528/3528/3528 
f 3530/3530/3530 3531/3531/3531 3532/3532/3532 
f 3533/3533/3533 3534/3534/3534 3535/3535/3535 
f 3534/3534/3534 3536/3536/3536 3535/3535/3535 
f 3537/3537/3537 3538/3538/3538 3539/3539/3539 
f 3538/3538/3538 3540/3540/3540 3539/3539/3539 
f 3541/3541/3541 3542/3542/3542 3543/3543/3543 
f 3542/3542/3542 3544/3544/3544 3543/3543/3543 
f 3545/3545/3545 3546/3546/3546 3547/3547/3547 
f 3548/3548/3548 3549/3549/3549 3550/3550/3550 
f 3549/3549/3549 3551/3551/3551 3550/3550/3550 
f 3552/3552/3552 3553/3553/3553 3554/3554/3554 
f 3553/3553/3553 3555/3555/3555 3554/3554/3554 
f 3556/3556/3556 3557/3557/3557 3558/3558/3558 
f 3557/3557/3557 3559/3559/3559 3558/3558/3558 
f 3560/3560/3560 3561/3561/3561 3562/3562/3562 
f 3563/3563/3563 3564/3564/3564 3565/3565/3565 
f 3564/3564/3564 3566/3566/3566 3565/3565/3565 
f 3567/3567/3567 3568/3568/3568 3569/3569/3569 
f 3568/3568/3568 3570/3570/3570 3569/3569/3569 
f 3571/3571/3571 3572/3572/3572 3573/3573/3573 
f 3572/3572/3572 3574/3574/3574 3573/3573/3573 
f 3575/3575/3575 3576/3576/3576 3577/3577/3577 
f 3578/3578/3578 3579/3579/3579 3580/3580/3580 
f 3579/3579/3579 3581/3581/3581 3580/3580/3580 
f 3582/3582/3582 3583/3583/3583 3584/3584/3584 
f 3583/3583/3583 3585/3585/3585 3584/3584/3584 
f 3586/3586/3586 3587/3587/3587 3588/3588/3588 
f 3587/3587/3587 3589/3589/3589 3588/3588/3588 
f 3590/3590/3590 3591/3591/3591 3592/3592/3592 
f 3593/3593/3593 3594/3594/3594 3595/3595/3595 
f 3594/3594/3594 3596/3596/3596 3595/3595/3595 
f 3597/3597/3597 3598/3598/3598 3599/3599/3599 
f 3598/3598/3598 3600/3600/3600 3599/3599/3599 
f 3601/3601/3601 3602/3602/3602 3603/3603/3603 
f 3602/3602/3602 3604/3604/3604 3603/3603/3603 
f 3605/3605/3605 3606/3606/3606 3607/3607/3607 
f 3608/3608/3608 3609/3609/3609 3610/3610/3610 
f 3609/3609/3609 3611/3611/3611 3610/3610/3610 
f 3612/3612/3612 3613/3613/3613 3614/3614/3614 
f 3613/3613/3613 3615/3615/3615 3614/3614/3614 
f 3616/3616/3616 3617/3617/3617 3618/3618/3618 
f 3617/3617/3617 3619/3619/3619 3618/3618/3618 
f 3620/3620/3620 3621/3621/3621 3622/3622/3622 
f 3623/3623/3623 3624/3624/3624 3625/3625/3625 
f 3624/3624/3624 3626/3626/3626 3625/3625/3625 
f 3627/3627/3627 3628/3628/3628 3629/3629/3629 
f 3628/3628/3628 3630/3630/3630 3629/3629/3629 
f 3631/3631/3631 3632/3632/3632 3633/3633/3633 
f 3632/3632/3632 3634/3634/3634 3633/3633/3633 
f 3635/3635/3635 3636/3636/3636 3637/3637/3637 
f 3638/3638/3638 3639/3639/3639 3640/3640/3640 
f 3639/3639/3639 3641/3641/3641 3640/3640/3640 
f 3642/3642/3642 3643/3643/3643 3644/3644/3644 
f 3643/3643/3643 3645/3645/3645 3644/3644/3644 
f 3646/3646/3646 3647/3647/3647 3648/3648/3648 
f 3647/3647/3647 3649/3649/3649 3648/3648/3648 
f 3650/3650/3650 3651/3651/3651 3652/3652/3652 

g Handle2

v 11.6887 4.07 -1.9768 
v 11.6887 4.1611 -1.63672 
v 11.4387 4.07 -1.9768 
v 11.4387 4.1611 -1.63672 
v 11.6887 4.40992 -1.38791 
v 11.4387 4.40992 -1.38791 
v 11.6887 4.75 -1.2968 
v 11.4387 4.75 -1.2968 
v 11.6887 5.09008 -1.38791 
v 11.4387 5.09008 -1.38791 
v 11.6887 5.33889 -1.63672 
v 11.4387 5.33889 -1.63672 
v 11.6887 5.43 -1.9768 
v 11.4387 5.43 -1.9768 
v 11.6887 5.33889 -2.31688 
v 11.4387 5.33889 -2.31688 
v 11.6887 5.09008 -2.56569 
v 11.4387 5.09008 -2.56569 
v 11.6887 4.75 -2.6568 
v 11.4387 4.75 -2.6568 
v 11.6887 4.40992 -2.56569 
v 11.4387 4.40992 -2.56569 
v 11.6887 4.1611 -2.31688 
v 11.4387 4.1611 -2.31688 
v 11.6887 4.05 -1.9968 
v 11.6887 4.14378 -1.6468 
v 11.6887 4.4 -1.39058 
v 11.6887 4.75 -1.2968 
v 11.6887 5.1 -1.39058 
v 11.6887 5.35622 -1.6468 
v 11.6887 5.45 -1.9968 
v 11.6887 5.35622 -2.3468 
v 11.6887 5.1 -2.60302 
v 11.6887 4.75 -2.6968 
v 11.6887 4.4 -2.60302 
v 11.6887 4.14378 -2.3468 
v 11.9351 4.11968 -1.9768 
v 11.9351 4.20409 -1.66156 
v 11.6848 4.06968 -1.9768 
v 11.6848 4.16079 -1.63656 
v 11.9351 4.20409 -1.66156 
v 11.9351 4.43476 -1.43089 
v 11.6848 4.16079 -1.63656 
v 11.6848 4.40976 -1.38759 
v 11.9351 4.75 -1.34649 
v 11.6848 4.75 -1.29649 
v 11.9351 5.06524 -1.43089 
v 11.6848 5.09024 -1.38759 
v 11.9351 5.29591 -1.66156 
v 11.6848 5.33921 -1.63656 
v 11.9351 5.38031 -1.9768 
v 11.6848 5.43031 -1.9768 
v 11.9351 5.29591 -2.29204 
v 11.6848 5.33921 -2.31704 
v 11.9351 5.06524 -2.52271 
v 11.6848 5.09024 -2.56601 
v 11.9351 4.75 -2.60711 
v 11.6848 4.75 -2.65711 
v 11.9351 4.43476 -2.52271 
v 11.6848 4.40976 -2.56601 
v 11.9351 4.20409 -2.29204 
v 11.6848 4.16079 -2.31704 
v 11.9351 4.20409 -2.29204 
v 11.6848 4.16079 -2.31704 
v 12.2354 4.16968 -1.9768 
v 12.2354 4.24755 -1.68672 
v 11.9351 4.11968 -1.9768 
v 12.2354 4.45992 -1.47435 
v 12.2354 4.75 -1.39649 
v 12.2354 5.04008 -1.47435 
v 12.2354 5.25245 -1.68672 
v 12.2354 5.33031 -1.9768 
v 12.2354 5.25245 -2.26688 
v 12.2354 5.04008 -2.47925 
v 12.2354 4.75 -2.55711 
v 12.2354 4.45992 -2.47925 
v 12.2354 4.24755 -2.26688 
v 12.2587 4.1 -1.9768 
v 12.2587 4.18708 -1.6518 
v 12.2587 4.15 -1.9768 
v 12.2587 4.23038 -1.6768 
v 12.2587 4.425 -1.41388 
v 12.2587 4.45 -1.45719 
v 12.2587 4.75 -1.3268 
v 12.2587 4.75 -1.3768 
v 12.2587 5.075 -1.41388 
v 12.2587 5.05 -1.45719 
v 12.2587 5.31292 -1.6518 
v 12.2587 5.26961 -1.6768 
v 12.2587 5.4 -1.9768 
v 12.2587 5.35 -1.9768 
v 12.2587 5.31292 -2.3018 
v 12.2587 5.26961 -2.2768 
v 12.2587 5.075 -2.53971 
v 12.2587 5.05 -2.49641 
v 12.2587 4.75 -2.6268 
v 12.2587 4.75 -2.5768 
v 12.2587 4.425 -2.53972 
v 12.2587 4.45 -2.49641 
v 12.2587 4.18708 -2.3018 
v 12.2587 4.23038 -2.2768 
v 12.2587 4.05 -1.9768 
v 12.2587 4.14378 -1.6268 
v 12.2587 4.4 -1.37058 
v 12.2587 4.75 -1.2768 
v 12.2587 5.1 -1.37058 
v 12.2587 5.35622 -1.6268 
v 12.2587 5.45 -1.9768 
v 12.2587 5.35622 -2.3268 
v 12.2587 5.1 -2.58302 
v 12.2587 4.75 -2.6768 
v 12.2587 4.4 -2.58302 
v 12.2587 4.14378 -2.3268 
v 12.2964 4.01842 -1.9768 
v 12.2964 4.11638 -1.61109 
v 12.2529 4.06417 -1.9768 
v 12.2529 4.15606 -1.63389 
v 12.2964 4.38429 -1.34319 
v 12.2529 4.40709 -1.38287 
v 12.2964 4.75 -1.24523 
v 12.2529 4.75 -1.29097 
v 12.2964 5.11571 -1.34319 
v 12.2529 5.09291 -1.38287 
v 12.2964 5.38361 -1.61109 
v 12.2529 5.34393 -1.63389 
v 12.2964 5.48157 -1.9768 
v 12.2529 5.43583 -1.9768 
v 12.2964 5.38361 -2.34251 
v 12.2529 5.34393 -2.31971 
v 12.2964 5.11571 -2.61041 
v 12.2529 5.09291 -2.57073 
v 12.2964 4.75 -2.70837 
v 12.2529 4.75 -2.66263 
v 12.2964 4.38429 -2.61041 
v 12.2529 4.40709 -2.57073 
v 12.2964 4.11638 -2.34251 
v 12.2529 4.15606 -2.31971 
v 12.381 4.01842 -1.9768 
v 12.381 4.11638 -1.61109 
v 12.381 4.38429 -1.34319 
v 12.381 4.75 -1.24523 
v 12.381 5.11571 -1.34319 
v 12.381 5.38361 -1.61109 
v 12.381 5.48157 -1.9768 
v 12.381 5.38361 -2.34251 
v 12.381 5.11571 -2.61041 
v 12.381 4.75 -2.70837 
v 12.381 4.38429 -2.61041 
v 12.381 4.11638 -2.34251 
v 12.4245 4.15606 -1.63389 
v 12.4245 4.06417 -1.9768 
v 12.4245 4.40709 -1.38287 
v 12.4245 4.75 -1.29097 
v 12.4245 5.09291 -1.38287 
v 12.4245 5.34393 -1.63389 
v 12.4245 5.43583 -1.9768 
v 12.4245 5.34393 -2.31971 
v 12.4245 5.09291 -2.57073 
v 12.4245 4.75 -2.66263 
v 12.4245 4.40709 -2.57073 
v 12.4245 4.15606 -2.31971 
v 12.4187 4.14378 -1.6268 
v 12.4187 4.05 -1.9768 
v 12.4187 4.75 -1.9768 
v 12.4187 4.4 -1.37058 
v 12.4187 4.75 -1.2768 
v 12.4187 5.1 -1.37058 
v 12.4187 5.35622 -1.6268 
v 12.4187 5.45 -1.9768 
v 12.4187 5.35622 -2.3268 
v 12.4187 5.1 -2.58302 
v 12.4187 4.75 -2.6768 
v 12.4187 4.4 -2.58302 
v 12.4187 4.14378 -2.3268 
v 10.3887 4.07 -1.9768 
v 10.3887 4.1611 -2.31688 
v 10.6387 4.07 -1.9768 
v 10.6387 4.1611 -2.31688 
v 10.3887 4.1611 -2.31688 
v 10.3887 4.40992 -2.56569 
v 10.6387 4.1611 -2.31688 
v 10.6387 4.40992 -2.56569 
v 10.3887 4.75 -2.6568 
v 10.6387 4.75 -2.6568 
v 10.3887 5.09008 -2.56569 
v 10.6387 5.09008 -2.56569 
v 10.3887 5.33889 -2.31688 
v 10.6387 5.33889 -2.31688 
v 10.3887 5.43 -1.9768 
v 10.6387 5.43 -1.9768 
v 10.3887 5.33889 -1.63672 
v 10.6387 5.33889 -1.63672 
v 10.3887 5.09008 -1.38791 
v 10.6387 5.09008 -1.38791 
v 10.3887 4.75 -1.2968 
v 10.6387 4.75 -1.2968 
v 10.3887 4.40992 -1.38791 
v 10.6387 4.40992 -1.38791 
v 10.3887 4.40992 -1.38791 
v 10.3887 4.1611 -1.63672 
v 10.6387 4.40992 -1.38791 
v 10.6387 4.1611 -1.63672 
v 10.3887 4.05 -1.9968 
v 10.3887 4.14378 -2.3468 
v 10.3887 4.4 -2.60302 
v 10.3887 4.75 -2.6968 
v 10.3887 5.1 -2.60302 
v 10.3887 5.35622 -2.3468 
v 10.3887 5.45 -1.9968 
v 10.3887 5.35622 -1.6468 
v 10.3887 5.1 -1.39058 
v 10.3887 4.75 -1.2968 
v 10.3887 4.4 -1.39058 
v 10.3887 4.14378 -1.6468 
v 10.1423 4.11968 -1.9768 
v 10.1423 4.20409 -2.29204 
v 10.3926 4.06968 -1.9768 
v 10.3926 4.16079 -2.31704 
v 10.1423 4.20409 -2.29204 
v 10.1423 4.43476 -2.52271 
v 10.3926 4.16079 -2.31704 
v 10.3926 4.40976 -2.56601 
v 10.1423 4.75 -2.60711 
v 10.3926 4.75 -2.65711 
v 10.1423 5.06524 -2.52271 
v 10.3926 5.09024 -2.56601 
v 10.1423 5.29591 -2.29204 
v 10.3926 5.33921 -2.31704 
v 10.1423 5.38031 -1.9768 
v 10.3926 5.43031 -1.9768 
v 10.1423 5.29591 -1.66156 
v 10.3926 5.33921 -1.63656 
v 10.1423 5.06524 -1.43089 
v 10.3926 5.09024 -1.38759 
v 10.1423 4.75 -1.34649 
v 10.3926 4.75 -1.29649 
v 10.1423 4.43476 -1.43089 
v 10.3926 4.40976 -1.38759 
v 10.1423 4.20409 -1.66156 
v 10.3926 4.16079 -1.63656 
v 10.1423 4.20409 -1.66156 
v 10.3926 4.16079 -1.63656 
v 9.842 4.16968 -1.9768 
v 9.842 4.24755 -2.26688 
v 10.1423 4.11968 -1.9768 
v 9.842 4.45992 -2.47925 
v 9.842 4.75 -2.55711 
v 9.842 5.04008 -2.47925 
v 9.842 5.25245 -2.26688 
v 9.842 5.33031 -1.9768 
v 9.842 5.25245 -1.68672 
v 9.842 5.04008 -1.47435 
v 9.842 4.75 -1.39649 
v 9.842 4.45992 -1.47435 
v 9.842 4.24755 -1.68672 
v 9.8187 4.1 -1.9768 
v 9.8187 4.18708 -2.3018 
v 9.8187 4.15 -1.9768 
v 9.8187 4.23038 -2.2768 
v 9.8187 4.425 -2.53972 
v 9.8187 4.45 -2.49641 
v 9.8187 4.75 -2.6268 
v 9.8187 4.75 -2.5768 
v 9.8187 5.075 -2.53972 
v 9.8187 5.05 -2.49641 
v 9.8187 5.31292 -2.3018 
v 9.8187 5.26961 -2.2768 
v 9.8187 5.4 -1.9768 
v 9.8187 5.35 -1.9768 
v 9.8187 5.31292 -1.6518 
v 9.8187 5.26961 -1.6768 
v 9.8187 5.075 -1.41388 
v 9.8187 5.05 -1.45719 
v 9.8187 4.75 -1.3268 
v 9.8187 4.75 -1.3768 
v 9.8187 4.425 -1.41388 
v 9.8187 4.45 -1.45719 
v 9.8187 4.18708 -1.6518 
v 9.8187 4.23038 -1.6768 
v 9.8187 4.05 -1.9768 
v 9.8187 4.14378 -2.3268 
v 9.8187 4.4 -2.58302 
v 9.8187 4.75 -2.6768 
v 9.8187 5.1 -2.58302 
v 9.8187 5.35622 -2.3268 
v 9.8187 5.45 -1.9768 
v 9.8187 5.35622 -1.6268 
v 9.8187 5.1 -1.37058 
v 9.8187 4.75 -1.2768 
v 9.8187 4.4 -1.37058 
v 9.8187 4.14378 -1.6268 
v 9.78098 4.01842 -1.9768 
v 9.78098 4.11638 -2.34251 
v 9.82452 4.06417 -1.9768 
v 9.82452 4.15606 -2.31971 
v 9.78098 4.38429 -2.61041 
v 9.82452 4.40709 -2.57073 
v 9.78098 4.75 -2.70837 
v 9.82452 4.75 -2.66263 
v 9.78098 5.11571 -2.61041 
v 9.82452 5.09291 -2.57073 
v 9.78098 5.38361 -2.34251 
v 9.82452 5.34393 -2.31971 
v 9.78098 5.48157 -1.9768 
v 9.82452 5.43583 -1.9768 
v 9.78098 5.38361 -1.61109 
v 9.82452 5.34393 -1.63389 
v 9.78098 5.11571 -1.34319 
v 9.82452 5.09291 -1.38287 
v 9.78098 4.75 -1.24523 
v 9.82452 4.75 -1.29097 
v 9.78098 4.38429 -1.34319 
v 9.82452 4.40709 -1.38287 
v 9.78098 4.11638 -1.61109 
v 9.82452 4.15606 -1.63389 
v 9.69641 4.01842 -1.9768 
v 9.69641 4.11638 -2.34251 
v 9.69641 4.38429 -2.61041 
v 9.69641 4.75 -2.70837 
v 9.69641 5.11571 -2.61041 
v 9.69641 5.38361 -2.34251 
v 9.69641 5.48157 -1.9768 
v 9.69641 5.38361 -1.61109 
v 9.69641 5.11571 -1.34319 
v 9.69641 4.75 -1.24523 
v 9.69641 4.38429 -1.34319 
v 9.69641 4.11638 -1.61109 
v 9.65287 4.15606 -2.31971 
v 9.65287 4.06417 -1.9768 
v 9.65287 4.40709 -2.57073 
v 9.65287 4.75 -2.66263 
v 9.65287 5.09291 -2.57073 
v 9.65287 5.34393 -2.31971 
v 9.65287 5.43583 -1.9768 
v 9.65287 5.34393 -1.63389 
v 9.65287 5.09291 -1.38287 
v 9.65287 4.75 -1.29097 
v 9.65287 4.40709 -1.38287 
v 9.65287 4.15606 -1.63389 
v 9.6587 4.14378 -2.3268 
v 9.6587 4.05 -1.9768 
v 9.6587 4.75 -1.9768 
v 9.6587 4.4 -2.58302 
v 9.6587 4.75 -2.6768 
v 9.6587 5.1 -2.58302 
v 9.6587 5.35622 -2.3268 
v 9.6587 5.45 -1.9768 
v 9.6587 5.35622 -1.6268 
v 9.6587 5.1 -1.37058 
v 9.6587 4.75 -1.2768 
v 9.6587 4.4 -1.37058 
v 9.6587 4.14378 -1.6268 
v 10.5192 4.75 -1.18137 
v 10.5692 4.75236 -1.28074 
v 10.5192 4.35 -1.28855 
v 10.5692 4.40236 -1.37452 
v 10.5192 4.35236 -1.28792 
v 10.5692 4.40394 -1.37294 
v 10.5192 4.05954 -1.58074 
v 10.5692 4.14772 -1.62916 
v 10.5192 4.06112 -1.57916 
v 10.5692 4.14835 -1.6268 
v 10.5192 3.95394 -1.97916 
v 10.5692 4.05457 -1.9768 
v 10.5192 3.95457 -1.9768 
v 10.5692 4.05394 -1.97444 
v 10.5192 4.06175 -2.3768 
v 10.5692 4.14772 -2.32444 
v 10.5192 4.06112 -2.37444 
v 10.5692 4.14614 -2.32286 
v 10.5192 4.35394 -2.66726 
v 10.5692 4.40236 -2.57908 
v 10.5192 4.35236 -2.66568 
v 10.5692 4.4 -2.57845 
v 10.5192 4.75236 -2.77286 
v 10.5692 4.75 -2.67223 
v 10.5192 4.75 -2.77223 
v 10.5692 4.74764 -2.67286 
v 10.5192 5.15 -2.66505 
v 10.5692 5.09764 -2.57908 
v 10.5192 5.14764 -2.66568 
v 10.5692 5.09606 -2.58066 
v 10.5192 5.44046 -2.37286 
v 10.5692 5.35228 -2.32444 
v 10.5192 5.43888 -2.37444 
v 10.5692 5.35165 -2.3268 
v 10.5192 5.54606 -1.97444 
v 10.5692 5.44543 -1.9768 
v 10.5192 5.54543 -1.9768 
v 10.5692 5.44606 -1.97916 
v 10.5192 5.43825 -1.5768 
v 10.5692 5.35228 -1.62916 
v 10.5192 5.43888 -1.57916 
v 10.5692 5.35385 -1.63074 
v 10.5192 5.14606 -1.28634 
v 10.5692 5.09764 -1.37452 
v 10.5192 5.14764 -1.28792 
v 10.5692 5.1 -1.37515 
v 10.5192 4.74764 -1.18074 
v 10.5692 4.75 -1.28137 
v 10.5187 4.75 -1.1268 
v 10.5187 4.75 -1.1768 
v 10.5192 4.325 -1.24524 
v 10.5192 4.35236 -1.28792 
v 10.5187 4.325 -1.24068 
v 10.5187 4.35 -1.28398 
v 10.5192 4.01624 -1.55574 
v 10.5187 4.01388 -1.5518 
v 10.5187 4.05718 -1.5768 
v 10.5192 3.90394 -1.97916 
v 10.5187 3.9 -1.9768 
v 10.5187 3.95 -1.9768 
v 10.5192 4.01844 -2.4018 
v 10.5192 4.06112 -2.37444 
v 10.5187 4.01388 -2.4018 
v 10.5187 4.05718 -2.3768 
v 10.5192 4.32894 -2.71056 
v 10.5192 4.35236 -2.66568 
v 10.5187 4.325 -2.71292 
v 10.5187 4.35 -2.66962 
v 10.5192 4.75236 -2.82286 
v 10.5192 4.75 -2.77223 
v 10.5187 4.75 -2.8268 
v 10.5187 4.75 -2.7768 
v 10.5192 5.175 -2.70836 
v 10.5192 5.14764 -2.66568 
v 10.5187 5.175 -2.71292 
v 10.5187 5.15 -2.66962 
v 10.5192 5.48376 -2.39786 
v 10.5192 5.43888 -2.37444 
v 10.5187 5.48612 -2.4018 
v 10.5187 5.44282 -2.3768 
v 10.5192 5.59606 -1.97444 
v 10.5192 5.54543 -1.9768 
v 10.5187 5.6 -1.9768 
v 10.5187 5.55 -1.9768 
v 10.5192 5.48155 -1.5518 
v 10.5192 5.43888 -1.57916 
v 10.5187 5.48612 -1.5518 
v 10.5187 5.44282 -1.5768 
v 10.5192 5.17106 -1.24304 
v 10.5192 5.14764 -1.28792 
v 10.5187 5.175 -1.24068 
v 10.5187 5.15 -1.28398 
v 10.5192 4.74764 -1.13074 
v 10.5192 4.75 -1.18137 
v 10.581 4.75 -1.05838 
v 10.531 4.74071 -1.11089 
v 10.5745 4.3 -1.1832 
v 10.5245 4.31791 -1.22839 
v 10.581 4.29071 -1.18147 
v 10.531 4.30909 -1.23139 
v 10.5745 3.96349 -1.51452 
v 10.5245 4.00159 -1.54471 
v 10.581 3.95467 -1.51751 
v 10.531 3.99545 -1.5518 
v 10.5745 3.83772 -1.96971 
v 10.5245 3.88583 -1.9768 
v 10.581 3.83157 -1.9768 
v 10.531 3.88409 -1.98609 
v 10.5745 3.9564 -2.4268 
v 10.5245 4.00159 -2.40889 
v 10.581 3.95467 -2.43609 
v 10.531 4.00459 -2.41771 
v 10.5745 4.28772 -2.76331 
v 10.5245 4.31791 -2.72521 
v 10.581 4.29071 -2.77213 
v 10.531 4.325 -2.73135 
v 10.5745 4.74291 -2.88908 
v 10.5245 4.75 -2.84097 
v 10.581 4.75 -2.89522 
v 10.531 4.75929 -2.84271 
v 10.5745 5.2 -2.7704 
v 10.5245 5.18209 -2.72521 
v 10.581 5.20929 -2.77213 
v 10.531 5.1909 -2.72221 
v 10.5745 5.53651 -2.43908 
v 10.5245 5.49841 -2.40889 
v 10.581 5.54533 -2.43609 
v 10.531 5.50455 -2.4018 
v 10.5745 5.66228 -1.98389 
v 10.5245 5.61417 -1.9768 
v 10.581 5.66842 -1.9768 
v 10.531 5.6159 -1.96751 
v 10.5745 5.5436 -1.5268 
v 10.5245 5.49841 -1.54471 
v 10.581 5.54533 -1.51751 
v 10.531 5.49541 -1.53589 
v 10.5745 5.21228 -1.19029 
v 10.5245 5.18209 -1.22839 
v 10.581 5.20929 -1.18147 
v 10.531 5.175 -1.22225 
v 10.5745 4.75709 -1.06452 
v 10.5245 4.75 -1.11263 
v 10.6933 4.75 -1.05727 
v 10.5933 4.74024 -1.05995 
v 10.681 4.3 -1.17895 
v 10.6933 4.29024 -1.18053 
v 10.5933 4.28315 -1.18761 
v 10.681 3.96129 -1.51089 
v 10.581 3.95467 -1.51751 
v 10.6933 3.95373 -1.51704 
v 10.5933 3.95105 -1.5268 
v 10.681 3.83409 -1.96751 
v 10.6933 3.83047 -1.9768 
v 10.5933 3.83315 -1.98656 
v 10.681 3.95215 -2.4268 
v 10.581 3.95467 -2.43609 
v 10.6933 3.95373 -2.43656 
v 10.5933 3.96081 -2.44365 
v 10.681 4.28409 -2.76551 
v 10.6933 4.29024 -2.77307 
v 10.5933 4.3 -2.77575 
v 10.681 4.74071 -2.89271 
v 10.6933 4.75 -2.89633 
v 10.5933 4.75976 -2.89365 
v 10.681 5.2 -2.77465 
v 10.6933 5.20976 -2.77307 
v 10.5933 5.21685 -2.76599 
v 10.681 5.53872 -2.44271 
v 10.6933 5.54627 -2.43656 
v 10.5933 5.54895 -2.4268 
v 10.681 5.6659 -1.98609 
v 10.6933 5.66953 -1.9768 
v 10.5933 5.66685 -1.96704 
v 10.681 5.54785 -1.5268 
v 10.6933 5.54627 -1.51704 
v 10.5933 5.53919 -1.50995 
v 10.681 5.2159 -1.18809 
v 10.6933 5.20976 -1.18053 
v 10.5933 5.2 -1.17785 
v 10.681 4.75929 -1.06089 
v 10.7895 4.75 -1.1068 
v 10.6895 4.74008 -1.05948 
v 10.7933 4.325 -1.22115 
v 10.7895 4.31508 -1.22335 
v 10.6895 4.28268 -1.18746 
v 10.7933 4.00411 -1.53495 
v 10.6933 3.95373 -1.51704 
v 10.7895 3.99655 -1.54188 
v 10.6895 3.95058 -1.5268 
v 10.7933 3.88315 -1.96704 
v 10.6933 3.83047 -1.9768 
v 10.7895 3.88 -1.9768 
v 10.6895 3.83268 -1.98672 
v 10.7933 3.99435 -2.4018 
v 10.6933 3.95373 -2.43656 
v 10.7895 3.99655 -2.41172 
v 10.6895 3.96066 -2.44412 
v 10.7933 4.30815 -2.72269 
v 10.7895 4.31508 -2.73025 
v 10.6895 4.3 -2.77622 
v 10.7933 4.74024 -2.84365 
v 10.7895 4.75 -2.8468 
v 10.6895 4.75992 -2.89412 
v 10.7933 5.175 -2.73245 
v 10.7895 5.18492 -2.73025 
v 10.6895 5.21732 -2.76614 
v 10.7933 5.49589 -2.41865 
v 10.7895 5.50345 -2.41172 
v 10.6895 5.54942 -2.4268 
v 10.7933 5.61685 -1.98656 
v 10.7895 5.62 -1.9768 
v 10.6895 5.66732 -1.96688 
v 10.7933 5.50565 -1.5518 
v 10.7895 5.50345 -1.54188 
v 10.6895 5.53935 -1.50948 
v 10.7933 5.19185 -1.23091 
v 10.7895 5.18492 -1.22335 
v 10.6895 5.2 -1.17738 
v 10.7933 4.75976 -1.10995 
v 11.3841 4.75 -1.05727 
v 11.2841 4.74024 -1.10995 
v 11.3879 4.3 -1.17738 
v 11.2879 4.31508 -1.22335 
v 11.3841 4.29024 -1.18053 
v 11.2841 4.30815 -1.23091 
v 11.3879 3.96066 -1.50948 
v 11.2879 3.99655 -1.54188 
v 11.3841 3.95373 -1.51704 
v 11.2841 3.99435 -1.5518 
v 11.3879 3.83268 -1.96688 
v 11.2879 3.88 -1.9768 
v 11.3841 3.83047 -1.9768 
v 11.2841 3.88315 -1.98656 
v 11.3879 3.95058 -2.4268 
v 11.2879 3.99655 -2.41172 
v 11.3841 3.95373 -2.43656 
v 11.2841 4.00411 -2.41865 
v 11.3879 4.28268 -2.76614 
v 11.2879 4.31508 -2.73025 
v 11.3841 4.29024 -2.77307 
v 11.2841 4.325 -2.73245 
v 11.3879 4.74008 -2.89412 
v 11.2879 4.75 -2.8468 
v 11.3841 4.75 -2.89633 
v 11.2841 4.75976 -2.84365 
v 11.3879 5.2 -2.77622 
v 11.2879 5.18492 -2.73025 
v 11.3841 5.20976 -2.77307 
v 11.2841 5.19185 -2.72269 
v 11.3879 5.53935 -2.44412 
v 11.2879 5.50345 -2.41172 
v 11.3841 5.54627 -2.43656 
v 11.2841 5.50565 -2.4018 
v 11.3879 5.66732 -1.98672 
v 11.2879 5.62 -1.9768 
v 11.3841 5.66953 -1.9768 
v 11.2841 5.61685 -1.96704 
v 11.3879 5.54942 -1.5268 
v 11.2879 5.50345 -1.54188 
v 11.3841 5.54627 -1.51704 
v 11.2841 5.49589 -1.53495 
v 11.3879 5.21732 -1.18746 
v 11.2879 5.18492 -1.22335 
v 11.3841 5.20976 -1.18053 
v 11.2841 5.175 -1.22115 
v 11.3879 4.75992 -1.05948 
v 11.2879 4.75 -1.1068 
v 11.4964 4.75 -1.05838 
v 11.3964 4.74071 -1.06089 
v 11.4841 4.3 -1.17785 
v 11.4964 4.29071 -1.18147 
v 11.3964 4.28409 -1.18809 
v 11.4841 3.96081 -1.50995 
v 11.3841 3.95373 -1.51704 
v 11.4964 3.95467 -1.51751 
v 11.3964 3.95215 -1.5268 
v 11.4841 3.83315 -1.96704 
v 11.4964 3.83157 -1.9768 
v 11.3964 3.83409 -1.98609 
v 11.4841 3.95105 -2.4268 
v 11.3841 3.95373 -2.43656 
v 11.4964 3.95467 -2.43609 
v 11.3964 3.96129 -2.44271 
v 11.4841 4.28315 -2.76599 
v 11.4964 4.29071 -2.77213 
v 11.3964 4.3 -2.77465 
v 11.4841 4.74024 -2.89365 
v 11.4964 4.75 -2.89522 
v 11.3964 4.75929 -2.89271 
v 11.4841 5.2 -2.77575 
v 11.4964 5.20929 -2.77213 
v 11.3964 5.2159 -2.76551 
v 11.4841 5.53919 -2.44365 
v 11.4964 5.54533 -2.43609 
v 11.3964 5.54785 -2.4268 
v 11.4841 5.66685 -1.98656 
v 11.4964 5.66842 -1.9768 
v 11.3964 5.6659 -1.96751 
v 11.4841 5.54895 -1.5268 
v 11.4964 5.54533 -1.51751 
v 11.3964 5.53872 -1.51089 
v 11.4841 5.21685 -1.18761 
v 11.4964 5.20929 -1.18147 
v 11.3964 5.2 -1.17895 
v 11.4841 4.75976 -1.05995 
v 11.5529 4.75 -1.11263 
v 11.5029 4.74291 -1.06452 
v 11.5464 4.325 -1.22225 
v 11.5529 4.31791 -1.22839 
v 11.5029 4.28772 -1.19029 
v 11.5464 4.00459 -1.53589 
v 11.4964 3.95467 -1.51751 
v 11.5529 4.00159 -1.54471 
v 11.5029 3.9564 -1.5268 
v 11.5464 3.88409 -1.96751 
v 11.5529 3.88583 -1.9768 
v 11.5029 3.83772 -1.98389 
v 11.5464 3.99545 -2.4018 
v 11.4964 3.95467 -2.43609 
v 11.5529 4.00159 -2.40889 
v 11.5029 3.96349 -2.43908 
v 11.5464 4.30909 -2.72221 
v 11.5529 4.31791 -2.72521 
v 11.5029 4.3 -2.7704 
v 11.5464 4.74071 -2.84271 
v 11.5529 4.75 -2.84097 
v 11.5029 4.75709 -2.88908 
v 11.5464 5.175 -2.73135 
v 11.5529 5.18209 -2.72521 
v 11.5029 5.21228 -2.76331 
v 11.5464 5.49541 -2.41771 
v 11.5529 5.49841 -2.40889 
v 11.5029 5.5436 -2.4268 
v 11.5464 5.6159 -1.98609 
v 11.5529 5.61417 -1.9768 
v 11.5029 5.66228 -1.96971 
v 11.5464 5.50455 -1.5518 
v 11.5529 5.49841 -1.54471 
v 11.5029 5.53651 -1.51452 
v 11.5464 5.1909 -1.23139 
v 11.5529 5.18209 -1.22839 
v 11.5029 5.2 -1.1832 
v 11.5464 4.75929 -1.11089 
v 11.5582 4.75 -1.18137 
v 11.5582 4.75236 -1.13074 
v 11.5587 4.35 -1.28398 
v 11.5587 4.325 -1.24068 
v 11.5582 4.35236 -1.28792 
v 11.5582 4.32894 -1.24304 
v 11.5587 4.05718 -1.5768 
v 11.5587 4.01388 -1.5518 
v 11.5582 4.06112 -1.57916 
v 11.5582 4.01844 -1.5518 
v 11.5587 3.95 -1.9768 
v 11.5587 3.9 -1.9768 
v 11.5582 3.95457 -1.9768 
v 11.5582 3.90394 -1.97444 
v 11.5587 4.05718 -2.3768 
v 11.5587 4.01388 -2.4018 
v 11.5582 4.06112 -2.37444 
v 11.5582 4.01624 -2.39786 
v 11.5587 4.35 -2.66962 
v 11.5587 4.325 -2.71292 
v 11.5582 4.35236 -2.66568 
v 11.5582 4.325 -2.70836 
v 11.5587 4.75 -2.7768 
v 11.5587 4.75 -2.8268 
v 11.5582 4.75 -2.77223 
v 11.5582 4.74764 -2.82286 
v 11.5587 5.15 -2.66962 
v 11.5587 5.175 -2.71292 
v 11.5582 5.14764 -2.66568 
v 11.5582 5.17106 -2.71056 
v 11.5587 5.44282 -2.3768 
v 11.5587 5.48612 -2.4018 
v 11.5582 5.43888 -2.37444 
v 11.5582 5.48155 -2.4018 
v 11.5587 5.55 -1.9768 
v 11.5587 5.6 -1.9768 
v 11.5582 5.54543 -1.9768 
v 11.5582 5.59606 -1.97916 
v 11.5587 5.44282 -1.5768 
v 11.5587 5.48612 -1.5518 
v 11.5582 5.43888 -1.57916 
v 11.5582 5.48376 -1.55574 
v 11.5587 5.15 -1.28398 
v 11.5587 5.175 -1.24068 
v 11.5582 5.14764 -1.28792 
v 11.5582 5.175 -1.24524 
v 11.5587 4.75 -1.1768 
v 11.5587 4.75 -1.1268 
v 11.5082 4.4 -1.37515 
v 11.5582 4.75236 -1.18074 
v 11.5082 4.75 -1.28137 
v 11.5082 4.14614 -1.63074 
v 11.5582 4.35394 -1.28634 
v 11.5082 4.40236 -1.37452 
v 11.5082 4.05394 -1.97916 
v 11.5582 4.06175 -1.5768 
v 11.5082 4.14772 -1.62916 
v 11.5582 4.06112 -2.37444 
v 11.5082 4.14835 -2.3268 
v 11.5582 3.95394 -1.97444 
v 11.5082 4.05457 -1.9768 
v 11.5082 4.40394 -2.58066 
v 11.5582 4.05954 -2.37286 
v 11.5082 4.14772 -2.32444 
v 11.5082 4.75236 -2.67286 
v 11.5582 4.35 -2.66505 
v 11.5082 4.40236 -2.57908 
v 11.5082 5.1 -2.57845 
v 11.5582 4.74764 -2.77286 
v 11.5082 4.75 -2.67223 
v 11.5082 5.35385 -2.32286 
v 11.5582 5.14606 -2.66726 
v 11.5082 5.09764 -2.57908 
v 11.5082 5.44606 -1.97444 
v 11.5582 5.43825 -2.3768 
v 11.5082 5.35228 -2.32444 
v 11.5082 5.35165 -1.6268 
v 11.5582 5.54606 -1.97916 
v 11.5082 5.44543 -1.9768 
v 11.5082 5.09606 -1.37294 
v 11.5582 5.44046 -1.58074 
v 11.5082 5.35228 -1.62916 
v 11.5082 4.74764 -1.28074 
v 11.5582 5.15 -1.28855 
v 11.5082 5.09764 -1.37452 
v 10.5692 4.75236 -1.98074 
v 10.5687 4.4 -1.37058 
v 10.5692 4.75394 -1.97916 
v 10.5687 4.14378 -1.6268 
v 10.5692 4.14772 -1.62916 
v 10.5692 4.75457 -1.9768 
v 10.5687 4.05 -1.9768 
v 10.5692 4.05457 -1.9768 
v 10.5692 4.75394 -1.97444 
v 10.5687 4.14378 -2.3268 
v 10.5692 4.14772 -2.32444 
v 10.5692 4.75236 -1.97286 
v 10.5687 4.4 -2.58302 
v 10.5692 4.75 -1.97223 
v 10.5687 4.75 -2.6768 
v 10.5692 4.74764 -1.97286 
v 10.5687 5.1 -2.58302 
v 10.5692 4.74606 -1.97444 
v 10.5687 5.35622 -2.3268 
v 10.5692 4.74543 -1.9768 
v 10.5687 5.45 -1.9768 
v 10.5692 4.74606 -1.97916 
v 10.5687 5.35622 -1.6268 
v 10.5692 4.74764 -1.98074 
v 10.5687 5.1 -1.37058 
v 10.5692 4.75 -1.98137 
v 10.5687 4.75 -1.2768 
v 11.5082 4.75 -1.98137 
v 11.5087 4.75 -1.2768 
v 11.5082 4.75236 -1.98074 
v 11.5087 4.4 -1.37058 
v 11.5082 4.75394 -1.97916 
v 11.5087 4.14378 -1.6268 
v 11.5082 4.75457 -1.9768 
v 11.5087 4.05 -1.9768 
v 11.5082 4.75394 -1.97444 
v 11.5087 4.14378 -2.3268 
v 11.5082 4.75236 -1.97286 
v 11.5087 4.4 -2.58302 
v 11.5082 4.75 -1.97223 
v 11.5087 4.75 -2.6768 
v 11.5082 4.74764 -1.97286 
v 11.5087 5.1 -2.58302 
v 11.5082 4.74606 -1.97444 
v 11.5087 5.35622 -2.3268 
v 11.5082 4.74543 -1.9768 
v 11.5087 5.45 -1.9768 
v 11.5082 4.74606 -1.97916 
v 11.5087 5.35622 -1.6268 
v 11.5082 4.74764 -1.98074 
v 11.5087 5.1 -1.37058 
v 10.7824 4.32689 -1.22178 
v 10.9395 4.59964 -1.09534 
v 10.9324 4.42838 -1.14278 
v 10.795 4.75189 -1.1079 
v 11.1395 4.60956 -1.09267 
v 10.9324 4.61145 -1.09377 
v 11.295 4.73882 -1.11137 
v 11.1379 4.43956 -1.13822 
v 11.145 4.61145 -1.09377 
v 11.2824 4.31382 -1.22524 
v 10.9379 4.42964 -1.14089 
v 11.145 4.42838 -1.14278 
v 10.7824 4.00616 -1.53448 
v 10.9395 4.17898 -1.28874 
v 10.9324 4.05454 -1.41539 
v 10.795 4.31728 -1.22335 
v 11.1395 4.18639 -1.28134 
v 10.9324 4.18859 -1.28134 
v 11.295 4.30768 -1.23296 
v 11.1379 4.06194 -1.40578 
v 11.145 4.18859 -1.28134 
v 10.7895 3.99655 -1.54188 
v 11.2824 3.99655 -1.54408 
v 10.9379 4.05454 -1.41319 
v 11.145 4.05454 -1.41539 
v 10.7824 3.88457 -1.96562 
v 10.9395 3.91142 -1.66636 
v 10.9324 3.86697 -1.83825 
v 10.795 3.99844 -1.54062 
v 11.1395 3.91409 -1.65644 
v 10.9324 3.91598 -1.65518 
v 11.295 3.99498 -1.55369 
v 11.1379 3.86854 -1.82644 
v 11.145 3.91598 -1.65518 
v 10.7895 3.88 -1.9768 
v 11.2824 3.8811 -1.97869 
v 10.9379 3.86587 -1.83636 
v 11.145 3.86697 -1.83825 
v 10.7824 3.99498 -2.39991 
v 10.9395 3.86854 -2.12716 
v 10.9324 3.91598 -2.29842 
v 10.795 3.8811 -1.97491 
v 11.1395 3.86587 -2.11724 
v 10.9324 3.86697 -2.11535 
v 11.295 3.88457 -1.98798 
v 11.1379 3.91142 -2.28724 
v 11.145 3.86697 -2.11535 
v 11.2824 3.99844 -2.41298 
v 10.9379 3.91409 -2.29716 
v 11.145 3.91598 -2.29842 
v 10.7824 4.30768 -2.72064 
v 10.9395 4.06194 -2.54782 
v 10.9324 4.18859 -2.67226 
v 11.2879 3.99655 -2.41172 
v 10.795 3.99655 -2.40952 
v 11.1395 4.05454 -2.54041 
v 10.9324 4.05454 -2.53821 
v 11.295 4.00616 -2.41912 
v 11.1379 4.17898 -2.66486 
v 11.145 4.05454 -2.53821 
v 11.2824 4.31728 -2.73025 
v 10.9379 4.18639 -2.67226 
v 11.145 4.18859 -2.67226 
v 10.7824 4.73882 -2.84223 
v 10.9395 4.43956 -2.81538 
v 10.9324 4.61145 -2.85983 
v 10.795 4.31382 -2.72836 
v 11.1395 4.42964 -2.81271 
v 10.9324 4.42838 -2.81082 
v 11.295 4.32689 -2.73182 
v 11.1379 4.59964 -2.85826 
v 11.145 4.42838 -2.81082 
v 11.2824 4.75189 -2.8457 
v 10.9379 4.60956 -2.86093 
v 11.145 4.61145 -2.85983 
v 10.7824 5.17311 -2.73182 
v 10.9395 4.90036 -2.85826 
v 10.9324 5.07162 -2.81082 
v 10.795 4.74811 -2.8457 
v 11.1395 4.89044 -2.86093 
v 10.9324 4.88855 -2.85983 
v 11.295 4.76118 -2.84223 
v 11.1379 5.06044 -2.81538 
v 11.145 4.88855 -2.85983 
v 11.2824 5.18618 -2.72836 
v 10.9379 5.07036 -2.81271 
v 11.145 5.07162 -2.81082 
v 10.7824 5.49384 -2.41912 
v 10.9395 5.32101 -2.66486 
v 10.9324 5.44546 -2.53821 
v 10.795 5.18272 -2.73025 
v 11.1395 5.31361 -2.67226 
v 10.9324 5.31141 -2.67226 
v 11.295 5.19232 -2.72064 
v 11.1379 5.43806 -2.54782 
v 11.145 5.31141 -2.67226 
v 11.2824 5.50345 -2.40952 
v 10.9379 5.44546 -2.54041 
v 11.145 5.44546 -2.53821 
v 10.7824 5.61543 -1.98798 
v 10.9395 5.58857 -2.28724 
v 10.9324 5.63302 -2.11535 
v 10.795 5.50155 -2.41298 
v 11.1395 5.5859 -2.29716 
v 10.9324 5.58401 -2.29842 
v 11.295 5.50502 -2.39991 
v 11.1379 5.63145 -2.12716 
v 11.145 5.58401 -2.29842 
v 11.2824 5.6189 -1.97491 
v 10.9379 5.63412 -2.11724 
v 11.145 5.63302 -2.11535 
v 10.7824 5.50502 -1.55369 
v 10.9395 5.63145 -1.82644 
v 10.9324 5.58401 -1.65518 
v 10.795 5.6189 -1.97869 
v 11.1395 5.63412 -1.83636 
v 10.9324 5.63302 -1.83825 
v 11.295 5.61543 -1.96562 
v 11.1379 5.58857 -1.66636 
v 11.145 5.63302 -1.83825 
v 11.2824 5.50155 -1.54062 
v 10.9379 5.5859 -1.65644 
v 11.145 5.58401 -1.65518 
v 10.7824 5.19232 -1.23296 
v 10.9395 5.43806 -1.40578 
v 10.9324 5.31141 -1.28134 
v 10.795 5.50345 -1.54408 
v 11.1395 5.44546 -1.41319 
v 10.9324 5.44546 -1.41539 
v 11.295 5.49384 -1.53448 
v 11.1379 5.32101 -1.28874 
v 11.145 5.44546 -1.41539 
v 11.2824 5.18272 -1.22335 
v 10.9379 5.31361 -1.28134 
v 11.145 5.31141 -1.28134 
v 10.7824 4.76118 -1.11137 
v 10.9395 5.06044 -1.13822 
v 10.9324 4.88855 -1.09377 
v 10.795 5.18618 -1.22524 
v 11.1395 5.07036 -1.14089 
v 10.9324 5.07162 -1.14278 
v 11.295 5.17311 -1.22178 
v 11.1379 4.90036 -1.09534 
v 11.145 5.07162 -1.14278 
v 11.2824 4.74811 -1.1079 
v 10.9379 4.89044 -1.09267 
v 11.145 4.88855 -1.09377 
v 10.9231 4.43625 -1.14609 
v 10.9724 4.55144 -1.05805 
v 10.9631 4.45731 -1.08869 
v 10.9387 4.62232 -1.09723 
v 11.0924 4.56451 -1.05459 
v 10.9787 4.57537 -1.05805 
v 11.1543 4.60625 -1.10054 
v 11.105 4.46251 -1.08192 
v 11.1143 4.55931 -1.06136 
v 11.1387 4.42082 -1.15129 
v 10.985 4.44944 -1.08538 
v 11.0987 4.44188 -1.09388 
v 11.0987 4.55742 -1.05411 
v 10.9787 4.55742 -1.05411 
v 11.0987 4.45542 -1.08144 
v 10.9787 4.45542 -1.08144 
v 10.9231 4.06304 -1.41429 
v 10.9724 4.11874 -1.28048 
v 10.9631 4.05258 -1.35404 
v 10.9387 4.19977 -1.27898 
v 11.0924 4.12835 -1.27087 
v 10.9787 4.13953 -1.26851 
v 11.1543 4.18749 -1.28984 
v 11.105 4.05368 -1.34554 
v 11.1143 4.12724 -1.27938 
v 11.1387 4.05217 -1.42657 
v 10.985 4.04407 -1.35515 
v 11.0987 4.04171 -1.36633 
v 11.0987 4.12189 -1.27402 
v 10.9787 4.12189 -1.27402 
v 11.0987 4.04722 -1.34869 
v 10.9787 4.04722 -1.34869 
v 10.9324 3.91598 -1.65518 
v 10.9231 3.87374 -1.83305 
v 10.9724 3.85511 -1.68931 
v 10.9631 3.83456 -1.78611 
v 11.145 3.91598 -1.65518 
v 10.9387 3.92449 -1.64762 
v 11.0924 3.85858 -1.67624 
v 10.9787 3.86708 -1.66868 
v 11.145 3.86697 -1.83825 
v 11.1543 3.91929 -1.66305 
v 11.105 3.83125 -1.77824 
v 11.1143 3.86189 -1.68411 
v 10.9324 3.86697 -1.83825 
v 11.1387 3.87043 -1.84911 
v 10.985 3.82778 -1.79131 
v 11.0987 3.83125 -1.80217 
v 11.0987 3.85464 -1.68222 
v 10.9787 3.85464 -1.68222 
v 11.0987 3.82731 -1.78422 
v 10.9787 3.82731 -1.78422 
v 10.9324 3.86697 -2.11535 
v 10.9231 3.91929 -2.29055 
v 10.9724 3.83125 -2.17536 
v 10.9631 3.86189 -2.26949 
v 11.145 3.86697 -2.11535 
v 10.9387 3.87043 -2.10449 
v 11.0924 3.82778 -2.16229 
v 10.9787 3.83125 -2.15143 
v 11.145 3.91598 -2.29842 
v 11.1543 3.87374 -2.12055 
v 11.105 3.85511 -2.26429 
v 11.1143 3.83456 -2.16749 
v 10.9324 3.91598 -2.29842 
v 11.1387 3.92449 -2.30598 
v 10.985 3.85858 -2.27736 
v 11.0987 3.86708 -2.28492 
v 11.0987 3.82731 -2.16938 
v 10.9787 3.82731 -2.16938 
v 11.0987 3.85464 -2.27138 
v 10.9787 3.85464 -2.27138 
v 10.9231 4.18749 -2.66376 
v 10.9724 4.05368 -2.60806 
v 10.9631 4.12724 -2.67422 
v 10.9387 4.05217 -2.52703 
v 11.0924 4.04407 -2.59845 
v 10.9787 4.04171 -2.58727 
v 11.1543 4.06304 -2.53931 
v 11.105 4.11874 -2.67312 
v 11.1143 4.05258 -2.59956 
v 11.1387 4.19977 -2.67462 
v 10.985 4.12835 -2.68273 
v 11.0987 4.13953 -2.68509 
v 11.0987 4.04722 -2.60491 
v 10.9787 4.04722 -2.60491 
v 11.0987 4.12189 -2.67958 
v 10.9787 4.12189 -2.67958 
v 10.9231 4.60625 -2.85306 
v 10.9724 4.46251 -2.87168 
v 10.9631 4.55931 -2.89224 
v 10.9387 4.42082 -2.80231 
v 11.0924 4.44944 -2.86822 
v 10.9787 4.44188 -2.85972 
v 11.1543 4.43625 -2.80751 
v 11.105 4.55144 -2.89555 
v 11.1143 4.45731 -2.86491 
v 11.1387 4.62232 -2.85637 
v 10.985 4.56451 -2.89901 
v 11.0987 4.57537 -2.89555 
v 11.0987 4.45542 -2.87216 
v 10.9787 4.45542 -2.87216 
v 11.0987 4.55742 -2.89949 
v 10.9787 4.55742 -2.89949 
v 10.9231 5.06375 -2.80751 
v 10.9724 4.94856 -2.89555 
v 10.9631 5.04269 -2.86491 
v 10.9387 4.87768 -2.85637 
v 11.0924 4.93549 -2.89901 
v 10.9787 4.92463 -2.89555 
v 11.1543 4.89375 -2.85306 
v 11.105 5.03749 -2.87168 
v 11.1143 4.94069 -2.89224 
v 11.1387 5.07918 -2.80231 
v 10.985 5.05056 -2.86822 
v 11.0987 5.05812 -2.85972 
v 11.0987 4.94258 -2.89949 
v 10.9787 4.94258 -2.89949 
v 11.0987 5.04458 -2.87216 
v 10.9787 5.04458 -2.87216 
v 10.9231 5.43696 -2.53931 
v 10.9724 5.38126 -2.67312 
v 10.9631 5.44742 -2.59956 
v 10.9387 5.30023 -2.67462 
v 11.0924 5.37165 -2.68273 
v 10.9787 5.36047 -2.68509 
v 11.1543 5.31251 -2.66376 
v 11.105 5.44632 -2.60806 
v 11.1143 5.37276 -2.67422 
v 11.1387 5.44782 -2.52703 
v 10.985 5.45593 -2.59845 
v 11.0987 5.45829 -2.58727 
v 11.0987 5.37811 -2.67958 
v 10.9787 5.37811 -2.67958 
v 11.0987 5.45278 -2.60491 
v 10.9787 5.45278 -2.60491 
v 10.9231 5.62625 -2.12055 
v 10.9724 5.6449 -2.26429 
v 10.9631 5.66545 -2.16749 
v 10.9387 5.5755 -2.30598 
v 11.0924 5.64143 -2.27736 
v 10.9787 5.63293 -2.28492 
v 11.1543 5.5807 -2.29055 
v 11.105 5.66876 -2.17536 
v 11.1143 5.63813 -2.26949 
v 11.1387 5.62956 -2.10449 
v 10.985 5.67222 -2.16229 
v 11.0987 5.66876 -2.15143 
v 11.0987 5.64537 -2.27138 
v 10.9787 5.64537 -2.27138 
v 11.0987 5.67269 -2.16938 
v 10.9787 5.67269 -2.16938 
v 10.9231 5.5807 -1.66305 
v 10.9724 5.66876 -1.77824 
v 10.9631 5.63813 -1.68411 
v 10.9387 5.62956 -1.84912 
v 11.0924 5.67222 -1.79131 
v 10.9787 5.66876 -1.80217 
v 11.1543 5.62625 -1.83305 
v 11.105 5.6449 -1.68931 
v 11.1143 5.66545 -1.78611 
v 11.1387 5.5755 -1.64762 
v 10.985 5.64143 -1.67624 
v 11.0987 5.63293 -1.66868 
v 11.0987 5.67269 -1.78422 
v 10.9787 5.67269 -1.78422 
v 11.0987 5.64537 -1.68222 
v 10.9787 5.64537 -1.68222 
v 10.9231 5.31251 -1.28984 
v 10.9724 5.44632 -1.34554 
v 10.9631 5.37276 -1.27938 
v 10.9387 5.44782 -1.42657 
v 11.0924 5.45593 -1.35515 
v 10.9787 5.45829 -1.36633 
v 11.1543 5.43696 -1.41429 
v 11.105 5.38126 -1.28048 
v 11.1143 5.44742 -1.35404 
v 11.1387 5.30023 -1.27898 
v 10.985 5.37165 -1.27087 
v 11.0987 5.36047 -1.26851 
v 11.0987 5.45278 -1.34869 
v 10.9787 5.45278 -1.34869 
v 11.0987 5.37811 -1.27402 
v 10.9787 5.37811 -1.27402 
v 10.9231 4.89375 -1.10054 
v 10.9724 5.03749 -1.08192 
v 10.9631 4.94069 -1.06136 
v 10.9387 5.07918 -1.15129 
v 11.0924 5.05056 -1.08538 
v 10.9787 5.05812 -1.09388 
v 11.1543 5.06375 -1.14609 
v 11.105 4.94856 -1.05805 
v 11.1143 5.04269 -1.08869 
v 11.1387 4.87768 -1.09723 
v 10.985 4.93549 -1.05459 
v 11.0987 4.92463 -1.05805 
v 11.0987 5.04458 -1.08144 
v 10.9787 5.04458 -1.08144 
v 11.0987 4.94258 -1.05411 
v 10.9787 4.94258 -1.05411 
v 11.0387 0.880472 -1.92223 
v 11.0411 0.880472 -1.97286 
v 11.0637 0.88 -1.9335 
v 11.0387 0.88 -1.9768 
v 11.0661 0.880472 -1.92956 
v 11.0426 0.880472 -1.97444 
v 11.082 0.88 -1.9518 
v 11.0859 0.880472 -1.94944 
v 11.0433 0.880472 -1.9768 
v 11.0887 0.88 -1.9768 
v 11.0933 0.880472 -1.9768 
v 11.0426 0.880472 -1.97916 
v 11.082 0.88 -2.0018 
v 11.0859 0.880472 -2.00416 
v 11.0411 0.880472 -1.98074 
v 11.0637 0.88 -2.0201 
v 11.0661 0.880472 -2.02404 
v 11.0387 0.880472 -1.98137 
v 11.0387 0.88 -2.0268 
v 11.0387 0.880472 -2.03137 
v 11.0363 0.880472 -1.98074 
v 11.0137 0.88 -2.0201 
v 11.0113 0.880472 -2.02404 
v 11.0348 0.880472 -1.97916 
v 10.9954 0.88 -2.0018 
v 10.9915 0.880472 -2.00416 
v 11.0341 0.880472 -1.9768 
v 10.9887 0.88 -1.9768 
v 10.9841 0.880472 -1.9768 
v 11.0348 0.880472 -1.97444 
v 10.9954 0.88 -1.9518 
v 10.9915 0.880472 -1.94944 
v 11.0363 0.880472 -1.97286 
v 11.0137 0.88 -1.9335 
v 11.0113 0.880472 -1.92956 
v 11.0387 0.880472 -1.97223 
v 11.0387 0.88 -1.9268 
v 11.0387 0.935827 -1.81278 
v 11.0458 0.885827 -1.91467 
v 11.1137 0.930472 -1.84233 
v 11.1208 0.935827 -1.83477 
v 11.0758 0.885827 -1.92641 
v 11.171 0.930472 -1.89786 
v 11.1807 0.935827 -1.89471 
v 11.096 0.885827 -1.9518 
v 11.1926 0.930472 -1.97444 
v 11.2027 0.935827 -1.9768 
v 11.1008 0.885827 -1.98389 
v 11.1732 0.930472 -2.0518 
v 11.1807 0.935827 -2.05889 
v 11.0891 0.885827 -2.01393 
v 11.1176 0.930472 -2.10907 
v 11.1208 0.935827 -2.11883 
v 11.0637 0.885827 -2.03412 
v 11.0411 0.930472 -2.13074 
v 11.0387 0.935827 -2.14082 
v 11.0316 0.885827 -2.03893 
v 10.9637 0.930472 -2.11127 
v 10.9566 0.935827 -2.11883 
v 11.0016 0.885827 -2.02719 
v 10.9064 0.930472 -2.05574 
v 10.8967 0.935827 -2.05889 
v 10.9814 0.885827 -2.0018 
v 10.8848 0.930472 -1.97916 
v 10.8747 0.935827 -1.9768 
v 10.9766 0.885827 -1.96971 
v 10.9042 0.930472 -1.9018 
v 10.8967 0.935827 -1.89471 
v 10.9883 0.885827 -1.93967 
v 10.9598 0.930472 -1.84453 
v 10.9566 0.935827 -1.83477 
v 11.0137 0.885827 -1.91948 
v 11.0363 0.930472 -1.82286 
v 11.0387 1.04102 -1.75885 
v 11.0477 0.941023 -1.81137 
v 11.1387 1.03583 -1.78958 
v 11.1477 1.04102 -1.78816 
v 11.1291 0.941023 -1.83792 
v 11.219 1.03583 -1.86467 
v 11.2273 1.04102 -1.86782 
v 11.1866 0.941023 -1.9018 
v 11.2508 1.03583 -1.96971 
v 11.2566 1.04102 -1.9768 
v 11.2041 0.941023 -1.98578 
v 11.2259 1.03583 -2.0768 
v 11.2273 1.04102 -2.08578 
v 11.1776 0.941023 -2.06723 
v 11.1508 1.03583 -2.15709 
v 11.1477 1.04102 -2.16544 
v 11.1137 0.941023 -2.12466 
v 11.0458 1.03583 -2.18893 
v 11.0387 1.04102 -2.19475 
v 11.0297 0.941023 -2.14223 
v 10.9387 1.03583 -2.16402 
v 10.9297 1.04102 -2.16544 
v 10.9483 0.941023 -2.11568 
v 10.8584 1.03583 -2.08893 
v 10.8501 1.04102 -2.08578 
v 10.8908 0.941023 -2.0518 
v 10.8266 1.03583 -1.98389 
v 10.8207 1.04102 -1.9768 
v 10.8733 0.941023 -1.96782 
v 10.8515 1.03583 -1.8768 
v 10.8501 1.04102 -1.86782 
v 10.8998 0.941023 -1.88637 
v 10.9266 1.03583 -1.79651 
v 10.9297 1.04102 -1.78816 
v 10.9637 0.941023 -1.82894 
v 11.0316 1.03583 -1.76467 
v 11.0387 1.11417 -1.81263 
v 11.0458 1.06417 -1.76452 
v 11.1137 1.11417 -1.83272 
v 11.1458 1.06417 -1.79131 
v 11.1208 1.11417 -1.83461 
v 11.151 1.06417 -1.79651 
v 11.1757 1.11417 -1.88952 
v 11.2242 1.06417 -1.86971 
v 11.1809 1.11417 -1.89471 
v 11.2261 1.06417 -1.8768 
v 11.201 1.11417 -1.96971 
v 11.2529 1.06417 -1.9768 
v 11.2029 1.11417 -1.9768 
v 11.251 1.06417 -1.98389 
v 11.1828 1.11417 -2.0518 
v 11.2242 1.06417 -2.08389 
v 11.1809 1.11417 -2.05889 
v 11.219 1.06417 -2.08908 
v 11.126 1.11417 -2.11379 
v 11.1458 1.06417 -2.16229 
v 11.1208 1.11417 -2.11899 
v 11.1387 1.06417 -2.16418 
v 11.0458 1.11417 -2.13908 
v 11.0387 1.06417 -2.19097 
v 11.0387 1.11417 -2.14097 
v 11.0316 1.06417 -2.18908 
v 10.9637 1.11417 -2.12088 
v 10.9316 1.06417 -2.16229 
v 10.9566 1.11417 -2.11899 
v 10.9264 1.06417 -2.15709 
v 10.9017 1.11417 -2.06408 
v 10.8532 1.06417 -2.08389 
v 10.8965 1.11417 -2.05889 
v 10.8513 1.06417 -2.0768 
v 10.8764 1.11417 -1.98389 
v 10.8245 1.06417 -1.9768 
v 10.8745 1.11417 -1.9768 
v 10.8264 1.06417 -1.96971 
v 10.8946 1.11417 -1.9018 
v 10.8532 1.06417 -1.86971 
v 10.8965 1.11417 -1.89471 
v 10.8584 1.06417 -1.86452 
v 10.9514 1.11417 -1.83981 
v 10.9316 1.06417 -1.79131 
v 10.9566 1.11417 -1.83461 
v 10.9387 1.06417 -1.78942 
v 11.0316 1.11417 -1.81452 
v 11.0387 1.06417 -1.76263 
v 11.0387 1.13583 -1.76263 
v 11.0458 1.08583 -1.81452 
v 11.1387 1.13583 -1.78942 
v 11.1208 1.08583 -1.83461 
v 11.1458 1.13583 -1.79131 
v 11.126 1.08583 -1.83981 
v 11.219 1.13583 -1.86452 
v 11.1809 1.08583 -1.89471 
v 11.2242 1.13583 -1.86971 
v 11.1828 1.08583 -1.9018 
v 11.251 1.13583 -1.96971 
v 11.2029 1.08583 -1.9768 
v 11.2529 1.13583 -1.9768 
v 11.201 1.08583 -1.98389 
v 11.2261 1.13583 -2.0768 
v 11.1809 1.08583 -2.05889 
v 11.2242 1.13583 -2.08389 
v 11.1757 1.08583 -2.06408 
v 11.151 1.13583 -2.15709 
v 11.1208 1.08583 -2.11899 
v 11.1458 1.13583 -2.16229 
v 11.1137 1.08583 -2.12088 
v 11.0458 1.13583 -2.18908 
v 11.0387 1.08583 -2.14097 
v 11.0387 1.13583 -2.19097 
v 11.0316 1.08583 -2.13908 
v 10.9387 1.13583 -2.16418 
v 10.9566 1.08583 -2.11899 
v 10.9316 1.13583 -2.16229 
v 10.9514 1.08583 -2.11379 
v 10.8584 1.13583 -2.08908 
v 10.8965 1.08583 -2.05889 
v 10.8532 1.13583 -2.08389 
v 10.8946 1.08583 -2.0518 
v 10.8264 1.13583 -1.98389 
v 10.8745 1.08583 -1.9768 
v 10.8245 1.13583 -1.9768 
v 10.8764 1.08583 -1.96971 
v 10.8513 1.13583 -1.8768 
v 10.8965 1.08583 -1.89471 
v 10.8532 1.13583 -1.86971 
v 10.9017 1.08583 -1.88952 
v 10.9264 1.13583 -1.79651 
v 10.9566 1.08583 -1.83461 
v 10.9316 1.13583 -1.79131 
v 10.9637 1.08583 -1.83272 
v 11.0316 1.13583 -1.76452 
v 11.0387 1.08583 -1.81263 
v 11.0387 1.21417 -1.81263 
v 11.0458 1.16417 -1.76452 
v 11.1137 1.21417 -1.83272 
v 11.1458 1.16417 -1.79131 
v 11.1208 1.21417 -1.83461 
v 11.151 1.16417 -1.79651 
v 11.1757 1.21417 -1.88952 
v 11.2242 1.16417 -1.86971 
v 11.1809 1.21417 -1.89471 
v 11.2261 1.16417 -1.8768 
v 11.201 1.21417 -1.96971 
v 11.2529 1.16417 -1.9768 
v 11.2029 1.21417 -1.9768 
v 11.251 1.16417 -1.98389 
v 11.1828 1.21417 -2.0518 
v 11.2242 1.16417 -2.08389 
v 11.1809 1.21417 -2.05889 
v 11.219 1.16417 -2.08908 
v 11.126 1.21417 -2.11379 
v 11.1458 1.16417 -2.16229 
v 11.1208 1.21417 -2.11899 
v 11.1387 1.16417 -2.16418 
v 11.0458 1.21417 -2.13908 
v 11.0387 1.16417 -2.19097 
v 11.0387 1.21417 -2.14097 
v 11.0316 1.16417 -2.18908 
v 10.9637 1.21417 -2.12088 
v 10.9316 1.16417 -2.16229 
v 10.9566 1.21417 -2.11899 
v 10.9264 1.16417 -2.15709 
v 10.9017 1.21417 -2.06408 
v 10.8532 1.16417 -2.08389 
v 10.8965 1.21417 -2.05889 
v 10.8513 1.16417 -2.0768 
v 10.8764 1.21417 -1.98389 
v 10.8245 1.16417 -1.9768 
v 10.8745 1.21417 -1.9768 
v 10.8264 1.16417 -1.96971 
v 10.8946 1.21417 -1.9018 
v 10.8532 1.16417 -1.86971 
v 10.8965 1.21417 -1.89471 
v 10.8584 1.16417 -1.86452 
v 10.9514 1.21417 -1.83981 
v 10.9316 1.16417 -1.79131 
v 10.9566 1.21417 -1.83461 
v 10.9387 1.16417 -1.78942 
v 11.0316 1.21417 -1.81452 
v 11.0387 1.16417 -1.76263 
v 11.0387 1.23583 -1.76263 
v 11.0458 1.18583 -1.81452 
v 11.1387 1.23583 -1.78942 
v 11.1208 1.18583 -1.83461 
v 11.1458 1.23583 -1.79131 
v 11.126 1.18583 -1.83981 
v 11.219 1.23583 -1.86452 
v 11.1809 1.18583 -1.89471 
v 11.2242 1.23583 -1.86971 
v 11.1828 1.18583 -1.9018 
v 11.251 1.23583 -1.96971 
v 11.2029 1.18583 -1.9768 
v 11.2529 1.23583 -1.9768 
v 11.201 1.18583 -1.98389 
v 11.2261 1.23583 -2.0768 
v 11.1809 1.18583 -2.05889 
v 11.2242 1.23583 -2.08389 
v 11.1757 1.18583 -2.06408 
v 11.151 1.23583 -2.15709 
v 11.1208 1.18583 -2.11899 
v 11.1458 1.23583 -2.16229 
v 11.1137 1.18583 -2.12088 
v 11.0458 1.23583 -2.18908 
v 11.0387 1.18583 -2.14097 
v 11.0387 1.23583 -2.19097 
v 11.0316 1.18583 -2.13908 
v 10.9387 1.23583 -2.16418 
v 10.9566 1.18583 -2.11899 
v 10.9316 1.23583 -2.16229 
v 10.9514 1.18583 -2.11379 
v 10.8584 1.23583 -2.08908 
v 10.8965 1.18583 -2.05889 
v 10.8532 1.23583 -2.08389 
v 10.8946 1.18583 -2.0518 
v 10.8264 1.23583 -1.98389 
v 10.8745 1.18583 -1.9768 
v 10.8245 1.23583 -1.9768 
v 10.8764 1.18583 -1.96971 
v 10.8513 1.23583 -1.8768 
v 10.8965 1.18583 -1.89471 
v 10.8532 1.23583 -1.86971 
v 10.9017 1.18583 -1.88952 
v 10.9264 1.23583 -1.79651 
v 10.9566 1.18583 -1.83461 
v 10.9316 1.23583 -1.79131 
v 10.9637 1.18583 -1.83272 
v 11.0316 1.23583 -1.76452 
v 11.0387 1.18583 -1.81263 
v 11.0387 1.31417 -1.81263 
v 11.0458 1.26417 -1.76452 
v 11.1137 1.31417 -1.83272 
v 11.1458 1.26417 -1.79131 
v 11.1208 1.31417 -1.83461 
v 11.151 1.26417 -1.79651 
v 11.1757 1.31417 -1.88952 
v 11.2242 1.26417 -1.86971 
v 11.1809 1.31417 -1.89471 
v 11.2261 1.26417 -1.8768 
v 11.201 1.31417 -1.96971 
v 11.2529 1.26417 -1.9768 
v 11.2029 1.31417 -1.9768 
v 11.251 1.26417 -1.98389 
v 11.1828 1.31417 -2.0518 
v 11.2242 1.26417 -2.08389 
v 11.1809 1.31417 -2.05889 
v 11.219 1.26417 -2.08908 
v 11.126 1.31417 -2.11379 
v 11.1458 1.26417 -2.16229 
v 11.1208 1.31417 -2.11899 
v 11.1387 1.26417 -2.16418 
v 11.0458 1.31417 -2.13908 
v 11.0387 1.26417 -2.19097 
v 11.0387 1.31417 -2.14097 
v 11.0316 1.26417 -2.18908 
v 10.9637 1.31417 -2.12088 
v 10.9316 1.26417 -2.16229 
v 10.9566 1.31417 -2.11899 
v 10.9264 1.26417 -2.15709 
v 10.9017 1.31417 -2.06408 
v 10.8532 1.26417 -2.08389 
v 10.8965 1.31417 -2.05889 
v 10.8513 1.26417 -2.0768 
v 10.8764 1.31417 -1.98389 
v 10.8245 1.26417 -1.9768 
v 10.8745 1.31417 -1.9768 
v 10.8264 1.26417 -1.96971 
v 10.8946 1.31417 -1.9018 
v 10.8532 1.26417 -1.86971 
v 10.8965 1.31417 -1.89471 
v 10.8584 1.26417 -1.86452 
v 10.9514 1.31417 -1.83981 
v 10.9316 1.26417 -1.79131 
v 10.9566 1.31417 -1.83461 
v 10.9387 1.26417 -1.78942 
v 11.0316 1.31417 -1.81452 
v 11.0387 1.26417 -1.76263 
v 11.0387 1.33583 -1.76263 
v 11.0458 1.28583 -1.81452 
v 11.1387 1.33583 -1.78942 
v 11.1208 1.28583 -1.83461 
v 11.1458 1.33583 -1.79131 
v 11.126 1.28583 -1.83981 
v 11.219 1.33583 -1.86452 
v 11.1809 1.28583 -1.89471 
v 11.2242 1.33583 -1.86971 
v 11.1828 1.28583 -1.9018 
v 11.251 1.33583 -1.96971 
v 11.2029 1.28583 -1.9768 
v 11.2529 1.33583 -1.9768 
v 11.201 1.28583 -1.98389 
v 11.2261 1.33583 -2.0768 
v 11.1809 1.28583 -2.05889 
v 11.2242 1.33583 -2.08389 
v 11.1757 1.28583 -2.06408 
v 11.151 1.33583 -2.15709 
v 11.1208 1.28583 -2.11899 
v 11.1458 1.33583 -2.16229 
v 11.1137 1.28583 -2.12088 
v 11.0458 1.33583 -2.18908 
v 11.0387 1.28583 -2.14097 
v 11.0387 1.33583 -2.19097 
v 11.0316 1.28583 -2.13908 
v 10.9387 1.33583 -2.16418 
v 10.9566 1.28583 -2.11899 
v 10.9316 1.33583 -2.16229 
v 10.9514 1.28583 -2.11379 
v 10.8584 1.33583 -2.08908 
v 10.8965 1.28583 -2.05889 
v 10.8532 1.33583 -2.08389 
v 10.8946 1.28583 -2.0518 
v 10.8264 1.33583 -1.98389 
v 10.8745 1.28583 -1.9768 
v 10.8245 1.33583 -1.9768 
v 10.8764 1.28583 -1.96971 
v 10.8513 1.33583 -1.8768 
v 10.8965 1.28583 -1.89471 
v 10.8532 1.33583 -1.86971 
v 10.9017 1.28583 -1.88952 
v 10.9264 1.33583 -1.79651 
v 10.9566 1.28583 -1.83461 
v 10.9316 1.33583 -1.79131 
v 10.9637 1.28583 -1.83272 
v 11.0316 1.33583 -1.76452 
v 11.0387 1.28583 -1.81263 
v 11.0387 1.41417 -1.81263 
v 11.0458 1.36417 -1.76452 
v 11.1137 1.41417 -1.83272 
v 11.1458 1.36417 -1.79131 
v 11.1208 1.41417 -1.83461 
v 11.151 1.36417 -1.79651 
v 11.1757 1.41417 -1.88952 
v 11.2242 1.36417 -1.86971 
v 11.1809 1.41417 -1.89471 
v 11.2261 1.36417 -1.8768 
v 11.201 1.41417 -1.96971 
v 11.2529 1.36417 -1.9768 
v 11.2029 1.41417 -1.9768 
v 11.251 1.36417 -1.98389 
v 11.1828 1.41417 -2.0518 
v 11.2242 1.36417 -2.08389 
v 11.1809 1.41417 -2.05889 
v 11.219 1.36417 -2.08908 
v 11.126 1.41417 -2.11379 
v 11.1458 1.36417 -2.16229 
v 11.1208 1.41417 -2.11899 
v 11.1387 1.36417 -2.16418 
v 11.0458 1.41417 -2.13908 
v 11.0387 1.36417 -2.19097 
v 11.0387 1.41417 -2.14097 
v 11.0316 1.36417 -2.18908 
v 10.9637 1.41417 -2.12088 
v 10.9316 1.36417 -2.16229 
v 10.9566 1.41417 -2.11899 
v 10.9264 1.36417 -2.15709 
v 10.9017 1.41417 -2.06408 
v 10.8532 1.36417 -2.08389 
v 10.8965 1.41417 -2.05889 
v 10.8513 1.36417 -2.0768 
v 10.8764 1.41417 -1.98389 
v 10.8245 1.36417 -1.9768 
v 10.8745 1.41417 -1.9768 
v 10.8264 1.36417 -1.96971 
v 10.8946 1.41417 -1.9018 
v 10.8532 1.36417 -1.86971 
v 10.8965 1.41417 -1.89471 
v 10.8584 1.36417 -1.86452 
v 10.9514 1.41417 -1.83981 
v 10.9316 1.36417 -1.79131 
v 10.9566 1.41417 -1.83461 
v 10.9387 1.36417 -1.78942 
v 11.0316 1.41417 -1.81452 
v 11.0387 1.36417 -1.76263 
v 11.0387 1.43583 -1.76263 
v 11.0458 1.38583 -1.81452 
v 11.1387 1.43583 -1.78942 
v 11.1208 1.38583 -1.83461 
v 11.1458 1.43583 -1.79131 
v 11.126 1.38583 -1.83981 
v 11.219 1.43583 -1.86452 
v 11.1809 1.38583 -1.89471 
v 11.2242 1.43583 -1.86971 
v 11.1828 1.38583 -1.9018 
v 11.251 1.43583 -1.96971 
v 11.2029 1.38583 -1.9768 
v 11.2529 1.43583 -1.9768 
v 11.201 1.38583 -1.98389 
v 11.2261 1.43583 -2.0768 
v 11.1809 1.38583 -2.05889 
v 11.2242 1.43583 -2.08389 
v 11.1757 1.38583 -2.06408 
v 11.151 1.43583 -2.15709 
v 11.1208 1.38583 -2.11899 
v 11.1458 1.43583 -2.16229 
v 11.1137 1.38583 -2.12088 
v 11.0458 1.43583 -2.18908 
v 11.0387 1.38583 -2.14097 
v 11.0387 1.43583 -2.19097 
v 11.0316 1.38583 -2.13908 
v 10.9387 1.43583 -2.16418 
v 10.9566 1.38583 -2.11899 
v 10.9316 1.43583 -2.16229 
v 10.9514 1.38583 -2.11379 
v 10.8584 1.43583 -2.08908 
v 10.8965 1.38583 -2.05889 
v 10.8532 1.43583 -2.08389 
v 10.8946 1.38583 -2.0518 
v 10.8264 1.43583 -1.98389 
v 10.8745 1.38583 -1.9768 
v 10.8245 1.43583 -1.9768 
v 10.8764 1.38583 -1.96971 
v 10.8513 1.43583 -1.8768 
v 10.8965 1.38583 -1.89471 
v 10.8532 1.43583 -1.86971 
v 10.9017 1.38583 -1.88952 
v 10.9264 1.43583 -1.79651 
v 10.9566 1.38583 -1.83461 
v 10.9316 1.43583 -1.79131 
v 10.9637 1.38583 -1.83272 
v 11.0316 1.43583 -1.76452 
v 11.0387 1.38583 -1.81263 
v 11.0387 1.51417 -1.81263 
v 11.0458 1.46417 -1.76452 
v 11.1137 1.51417 -1.83272 
v 11.1458 1.46417 -1.79131 
v 11.1208 1.51417 -1.83461 
v 11.151 1.46417 -1.79651 
v 11.1757 1.51417 -1.88952 
v 11.2242 1.46417 -1.86971 
v 11.1809 1.51417 -1.89471 
v 11.2261 1.46417 -1.8768 
v 11.201 1.51417 -1.96971 
v 11.2529 1.46417 -1.9768 
v 11.2029 1.51417 -1.9768 
v 11.251 1.46417 -1.98389 
v 11.1828 1.51417 -2.0518 
v 11.2242 1.46417 -2.08389 
v 11.1809 1.51417 -2.05889 
v 11.219 1.46417 -2.08908 
v 11.126 1.51417 -2.11379 
v 11.1458 1.46417 -2.16229 
v 11.1208 1.51417 -2.11899 
v 11.1387 1.46417 -2.16418 
v 11.0458 1.51417 -2.13908 
v 11.0387 1.46417 -2.19097 
v 11.0387 1.51417 -2.14097 
v 11.0316 1.46417 -2.18908 
v 10.9637 1.51417 -2.12088 
v 10.9316 1.46417 -2.16229 
v 10.9566 1.51417 -2.11899 
v 10.9264 1.46417 -2.15709 
v 10.9017 1.51417 -2.06408 
v 10.8532 1.46417 -2.08389 
v 10.8965 1.51417 -2.05889 
v 10.8513 1.46417 -2.0768 
v 10.8764 1.51417 -1.98389 
v 10.8245 1.46417 -1.9768 
v 10.8745 1.51417 -1.9768 
v 10.8264 1.46417 -1.96971 
v 10.8946 1.51417 -1.9018 
v 10.8532 1.46417 -1.86971 
v 10.8965 1.51417 -1.89471 
v 10.8584 1.46417 -1.86452 
v 10.9514 1.51417 -1.83981 
v 10.9316 1.46417 -1.79131 
v 10.9566 1.51417 -1.83461 
v 10.9387 1.46417 -1.78942 
v 11.0316 1.51417 -1.81452 
v 11.0387 1.46417 -1.76263 
v 11.0387 1.53583 -1.76263 
v 11.0458 1.48583 -1.81452 
v 11.1387 1.53583 -1.78942 
v 11.1208 1.48583 -1.83461 
v 11.1458 1.53583 -1.79131 
v 11.126 1.48583 -1.83981 
v 11.219 1.53583 -1.86452 
v 11.1809 1.48583 -1.89471 
v 11.2242 1.53583 -1.86971 
v 11.1828 1.48583 -1.9018 
v 11.251 1.53583 -1.96971 
v 11.2029 1.48583 -1.9768 
v 11.2529 1.53583 -1.9768 
v 11.201 1.48583 -1.98389 
v 11.2261 1.53583 -2.0768 
v 11.1809 1.48583 -2.05889 
v 11.2242 1.53583 -2.08389 
v 11.1757 1.48583 -2.06408 
v 11.151 1.53583 -2.15709 
v 11.1208 1.48583 -2.11899 
v 11.1458 1.53583 -2.16229 
v 11.1137 1.48583 -2.12088 
v 11.0458 1.53583 -2.18908 
v 11.0387 1.48583 -2.14097 
v 11.0387 1.53583 -2.19097 
v 11.0316 1.48583 -2.13908 
v 10.9387 1.53583 -2.16418 
v 10.9566 1.48583 -2.11899 
v 10.9316 1.53583 -2.16229 
v 10.9514 1.48583 -2.11379 
v 10.8584 1.53583 -2.08908 
v 10.8965 1.48583 -2.05889 
v 10.8532 1.53583 -2.08389 
v 10.8946 1.48583 -2.0518 
v 10.8264 1.53583 -1.98389 
v 10.8745 1.48583 -1.9768 
v 10.8245 1.53583 -1.9768 
v 10.8764 1.48583 -1.96971 
v 10.8513 1.53583 -1.8768 
v 10.8965 1.48583 -1.89471 
v 10.8532 1.53583 -1.86971 
v 10.9017 1.48583 -1.88952 
v 10.9264 1.53583 -1.79651 
v 10.9566 1.48583 -1.83461 
v 10.9316 1.53583 -1.79131 
v 10.9637 1.48583 -1.83272 
v 11.0316 1.53583 -1.76452 
v 11.0387 1.48583 -1.81263 
v 11.0387 1.61417 -1.81263 
v 11.0458 1.56417 -1.76452 
v 11.1137 1.61417 -1.83272 
v 11.1458 1.56417 -1.79131 
v 11.1208 1.61417 -1.83461 
v 11.151 1.56417 -1.79651 
v 11.1757 1.61417 -1.88952 
v 11.2242 1.56417 -1.86971 
v 11.1809 1.61417 -1.89471 
v 11.2261 1.56417 -1.8768 
v 11.201 1.61417 -1.96971 
v 11.2529 1.56417 -1.9768 
v 11.2029 1.61417 -1.9768 
v 11.251 1.56417 -1.98389 
v 11.1828 1.61417 -2.0518 
v 11.2242 1.56417 -2.08389 
v 11.1809 1.61417 -2.05889 
v 11.219 1.56417 -2.08908 
v 11.126 1.61417 -2.11379 
v 11.1458 1.56417 -2.16229 
v 11.1208 1.61417 -2.11899 
v 11.1387 1.56417 -2.16418 
v 11.0458 1.61417 -2.13908 
v 11.0387 1.56417 -2.19097 
v 11.0387 1.61417 -2.14097 
v 11.0316 1.56417 -2.18908 
v 10.9637 1.61417 -2.12088 
v 10.9316 1.56417 -2.16229 
v 10.9566 1.61417 -2.11899 
v 10.9264 1.56417 -2.15709 
v 10.9017 1.61417 -2.06408 
v 10.8532 1.56417 -2.08389 
v 10.8965 1.61417 -2.05889 
v 10.8513 1.56417 -2.0768 
v 10.8764 1.61417 -1.98389 
v 10.8245 1.56417 -1.9768 
v 10.8745 1.61417 -1.9768 
v 10.8264 1.56417 -1.96971 
v 10.8946 1.61417 -1.9018 
v 10.8532 1.56417 -1.86971 
v 10.8965 1.61417 -1.89471 
v 10.8584 1.56417 -1.86452 
v 10.9514 1.61417 -1.83981 
v 10.9316 1.56417 -1.79131 
v 10.9566 1.61417 -1.83461 
v 10.9387 1.56417 -1.78942 
v 11.0316 1.61417 -1.81452 
v 11.0387 1.56417 -1.76263 
v 11.0387 1.63583 -1.76263 
v 11.0458 1.58583 -1.81452 
v 11.1387 1.63583 -1.78942 
v 11.1208 1.58583 -1.83461 
v 11.1458 1.63583 -1.79131 
v 11.126 1.58583 -1.83981 
v 11.219 1.63583 -1.86452 
v 11.1809 1.58583 -1.89471 
v 11.2242 1.63583 -1.86971 
v 11.1828 1.58583 -1.9018 
v 11.251 1.63583 -1.96971 
v 11.2029 1.58583 -1.9768 
v 11.2529 1.63583 -1.9768 
v 11.201 1.58583 -1.98389 
v 11.2261 1.63583 -2.0768 
v 11.1809 1.58583 -2.05889 
v 11.2242 1.63583 -2.08389 
v 11.1757 1.58583 -2.06408 
v 11.151 1.63583 -2.15709 
v 11.1208 1.58583 -2.11899 
v 11.1458 1.63583 -2.16229 
v 11.1137 1.58583 -2.12088 
v 11.0458 1.63583 -2.18908 
v 11.0387 1.58583 -2.14097 
v 11.0387 1.63583 -2.19097 
v 11.0316 1.58583 -2.13908 
v 10.9387 1.63583 -2.16418 
v 10.9566 1.58583 -2.11899 
v 10.9316 1.63583 -2.16229 
v 10.9514 1.58583 -2.11379 
v 10.8584 1.63583 -2.08908 
v 10.8965 1.58583 -2.05889 
v 10.8532 1.63583 -2.08389 
v 10.8946 1.58583 -2.0518 
v 10.8264 1.63583 -1.98389 
v 10.8745 1.58583 -1.9768 
v 10.8245 1.63583 -1.9768 
v 10.8764 1.58583 -1.96971 
v 10.8513 1.63583 -1.8768 
v 10.8965 1.58583 -1.89471 
v 10.8532 1.63583 -1.86971 
v 10.9017 1.58583 -1.88952 
v 10.9264 1.63583 -1.79651 
v 10.9566 1.58583 -1.83461 
v 10.9316 1.63583 -1.79131 
v 10.9637 1.58583 -1.83272 
v 11.0316 1.63583 -1.76452 
v 11.0387 1.58583 -1.81263 
v 11.0387 1.71417 -1.81263 
v 11.0458 1.66417 -1.76452 
v 11.1137 1.71417 -1.83272 
v 11.1458 1.66417 -1.79131 
v 11.1208 1.71417 -1.83461 
v 11.151 1.66417 -1.79651 
v 11.1757 1.71417 -1.88952 
v 11.2242 1.66417 -1.86971 
v 11.1809 1.71417 -1.89471 
v 11.2261 1.66417 -1.8768 
v 11.201 1.71417 -1.96971 
v 11.2529 1.66417 -1.9768 
v 11.2029 1.71417 -1.9768 
v 11.251 1.66417 -1.98389 
v 11.1828 1.71417 -2.0518 
v 11.2242 1.66417 -2.08389 
v 11.1809 1.71417 -2.05889 
v 11.219 1.66417 -2.08908 
v 11.126 1.71417 -2.11379 
v 11.1458 1.66417 -2.16229 
v 11.1208 1.71417 -2.11899 
v 11.1387 1.66417 -2.16418 
v 11.0458 1.71417 -2.13908 
v 11.0387 1.66417 -2.19097 
v 11.0387 1.71417 -2.14097 
v 11.0316 1.66417 -2.18908 
v 10.9637 1.71417 -2.12088 
v 10.9316 1.66417 -2.16229 
v 10.9566 1.71417 -2.11899 
v 10.9264 1.66417 -2.15709 
v 10.9017 1.71417 -2.06408 
v 10.8532 1.66417 -2.08389 
v 10.8965 1.71417 -2.05889 
v 10.8513 1.66417 -2.0768 
v 10.8764 1.71417 -1.98389 
v 10.8245 1.66417 -1.9768 
v 10.8745 1.71417 -1.9768 
v 10.8264 1.66417 -1.96971 
v 10.8946 1.71417 -1.9018 
v 10.8532 1.66417 -1.86971 
v 10.8965 1.71417 -1.89471 
v 10.8584 1.66417 -1.86452 
v 10.9514 1.71417 -1.83981 
v 10.9316 1.66417 -1.79131 
v 10.9566 1.71417 -1.83461 
v 10.9387 1.66417 -1.78942 
v 11.0316 1.71417 -1.81452 
v 11.0387 1.66417 -1.76263 
v 11.0387 1.73583 -1.76263 
v 11.0458 1.68583 -1.81452 
v 11.1387 1.73583 -1.78942 
v 11.1208 1.68583 -1.83461 
v 11.1458 1.73583 -1.79131 
v 11.126 1.68583 -1.83981 
v 11.219 1.73583 -1.86452 
v 11.1809 1.68583 -1.89471 
v 11.2242 1.73583 -1.86971 
v 11.1828 1.68583 -1.9018 
v 11.251 1.73583 -1.96971 
v 11.2029 1.68583 -1.9768 
v 11.2529 1.73583 -1.9768 
v 11.201 1.68583 -1.98389 
v 11.2261 1.73583 -2.0768 
v 11.1809 1.68583 -2.05889 
v 11.2242 1.73583 -2.08389 
v 11.1757 1.68583 -2.06408 
v 11.151 1.73583 -2.15709 
v 11.1208 1.68583 -2.11899 
v 11.1458 1.73583 -2.16229 
v 11.1137 1.68583 -2.12088 
v 11.0458 1.73583 -2.18908 
v 11.0387 1.68583 -2.14097 
v 11.0387 1.73583 -2.19097 
v 11.0316 1.68583 -2.13908 
v 10.9387 1.73583 -2.16418 
v 10.9566 1.68583 -2.11899 
v 10.9316 1.73583 -2.16229 
v 10.9514 1.68583 -2.11379 
v 10.8584 1.73583 -2.08908 
v 10.8965 1.68583 -2.05889 
v 10.8532 1.73583 -2.08389 
v 10.8946 1.68583 -2.0518 
v 10.8264 1.73583 -1.98389 
v 10.8745 1.68583 -1.9768 
v 10.8245 1.73583 -1.9768 
v 10.8764 1.68583 -1.96971 
v 10.8513 1.73583 -1.8768 
v 10.8965 1.68583 -1.89471 
v 10.8532 1.73583 -1.86971 
v 10.9017 1.68583 -1.88952 
v 10.9264 1.73583 -1.79651 
v 10.9566 1.68583 -1.83461 
v 10.9316 1.73583 -1.79131 
v 10.9637 1.68583 -1.83272 
v 11.0316 1.73583 -1.76452 
v 11.0387 1.68583 -1.81263 
v 11.0387 1.81417 -1.81263 
v 11.0458 1.76417 -1.76452 
v 11.1137 1.81417 -1.83272 
v 11.1458 1.76417 -1.79131 
v 11.1208 1.81417 -1.83461 
v 11.151 1.76417 -1.79651 
v 11.1757 1.81417 -1.88952 
v 11.2242 1.76417 -1.86971 
v 11.1809 1.81417 -1.89471 
v 11.2261 1.76417 -1.8768 
v 11.201 1.81417 -1.96971 
v 11.2529 1.76417 -1.9768 
v 11.2029 1.81417 -1.9768 
v 11.251 1.76417 -1.98389 
v 11.1828 1.81417 -2.0518 
v 11.2242 1.76417 -2.08389 
v 11.1809 1.81417 -2.05889 
v 11.219 1.76417 -2.08908 
v 11.126 1.81417 -2.11379 
v 11.1458 1.76417 -2.16229 
v 11.1208 1.81417 -2.11899 
v 11.1387 1.76417 -2.16418 
v 11.0458 1.81417 -2.13908 
v 11.0387 1.76417 -2.19097 
v 11.0387 1.81417 -2.14097 
v 11.0316 1.76417 -2.18908 
v 10.9637 1.81417 -2.12088 
v 10.9316 1.76417 -2.16229 
v 10.9566 1.81417 -2.11899 
v 10.9264 1.76417 -2.15709 
v 10.9017 1.81417 -2.06408 
v 10.8532 1.76417 -2.08389 
v 10.8965 1.81417 -2.05889 
v 10.8513 1.76417 -2.0768 
v 10.8764 1.81417 -1.98389 
v 10.8245 1.76417 -1.9768 
v 10.8745 1.81417 -1.9768 
v 10.8264 1.76417 -1.96971 
v 10.8946 1.81417 -1.9018 
v 10.8532 1.76417 -1.86971 
v 10.8965 1.81417 -1.89471 
v 10.8584 1.76417 -1.86452 
v 10.9514 1.81417 -1.83981 
v 10.9316 1.76417 -1.79131 
v 10.9566 1.81417 -1.83461 
v 10.9387 1.76417 -1.78942 
v 11.0316 1.81417 -1.81452 
v 11.0387 1.76417 -1.76263 
v 11.0387 1.83583 -1.76263 
v 11.0458 1.78583 -1.81452 
v 11.1387 1.83583 -1.78942 
v 11.1208 1.78583 -1.83461 
v 11.1458 1.83583 -1.79131 
v 11.126 1.78583 -1.83981 
v 11.219 1.83583 -1.86452 
v 11.1809 1.78583 -1.89471 
v 11.2242 1.83583 -1.86971 
v 11.1828 1.78583 -1.9018 
v 11.251 1.83583 -1.96971 
v 11.2029 1.78583 -1.9768 
v 11.2529 1.83583 -1.9768 
v 11.201 1.78583 -1.98389 
v 11.2261 1.83583 -2.0768 
v 11.1809 1.78583 -2.05889 
v 11.2242 1.83583 -2.08389 
v 11.1757 1.78583 -2.06408 
v 11.151 1.83583 -2.15709 
v 11.1208 1.78583 -2.11899 
v 11.1458 1.83583 -2.16229 
v 11.1137 1.78583 -2.12088 
v 11.0458 1.83583 -2.18908 
v 11.0387 1.78583 -2.14097 
v 11.0387 1.83583 -2.19097 
v 11.0316 1.78583 -2.13908 
v 10.9387 1.83583 -2.16418 
v 10.9566 1.78583 -2.11899 
v 10.9316 1.83583 -2.16229 
v 10.9514 1.78583 -2.11379 
v 10.8584 1.83583 -2.08908 
v 10.8965 1.78583 -2.05889 
v 10.8532 1.83583 -2.08389 
v 10.8946 1.78583 -2.0518 
v 10.8264 1.83583 -1.98389 
v 10.8745 1.78583 -1.9768 
v 10.8245 1.83583 -1.9768 
v 10.8764 1.78583 -1.96971 
v 10.8513 1.83583 -1.8768 
v 10.8965 1.78583 -1.89471 
v 10.8532 1.83583 -1.86971 
v 10.9017 1.78583 -1.88952 
v 10.9264 1.83583 -1.79651 
v 10.9566 1.78583 -1.83461 
v 10.9316 1.83583 -1.79131 
v 10.9637 1.78583 -1.83272 
v 11.0316 1.83583 -1.76452 
v 11.0387 1.78583 -1.81263 
v 11.0387 1.91417 -1.81263 
v 11.0458 1.86417 -1.76452 
v 11.1137 1.91417 -1.83272 
v 11.1458 1.86417 -1.79131 
v 11.1208 1.91417 -1.83461 
v 11.151 1.86417 -1.79651 
v 11.1757 1.91417 -1.88952 
v 11.2242 1.86417 -1.86971 
v 11.1809 1.91417 -1.89471 
v 11.2261 1.86417 -1.8768 
v 11.201 1.91417 -1.96971 
v 11.2529 1.86417 -1.9768 
v 11.2029 1.91417 -1.9768 
v 11.251 1.86417 -1.98389 
v 11.1828 1.91417 -2.0518 
v 11.2242 1.86417 -2.08389 
v 11.1809 1.91417 -2.05889 
v 11.219 1.86417 -2.08908 
v 11.126 1.91417 -2.11379 
v 11.1458 1.86417 -2.16229 
v 11.1208 1.91417 -2.11899 
v 11.1387 1.86417 -2.16418 
v 11.0458 1.91417 -2.13908 
v 11.0387 1.86417 -2.19097 
v 11.0387 1.91417 -2.14097 
v 11.0316 1.86417 -2.18908 
v 10.9637 1.91417 -2.12088 
v 10.9316 1.86417 -2.16229 
v 10.9566 1.91417 -2.11899 
v 10.9264 1.86417 -2.15709 
v 10.9017 1.91417 -2.06408 
v 10.8532 1.86417 -2.08389 
v 10.8965 1.91417 -2.05889 
v 10.8513 1.86417 -2.0768 
v 10.8764 1.91417 -1.98389 
v 10.8245 1.86417 -1.9768 
v 10.8745 1.91417 -1.9768 
v 10.8264 1.86417 -1.96971 
v 10.8946 1.91417 -1.9018 
v 10.8532 1.86417 -1.86971 
v 10.8965 1.91417 -1.89471 
v 10.8584 1.86417 -1.86452 
v 10.9514 1.91417 -1.83981 
v 10.9316 1.86417 -1.79131 
v 10.9566 1.91417 -1.83461 
v 10.9387 1.86417 -1.78942 
v 11.0316 1.91417 -1.81452 
v 11.0387 1.86417 -1.76263 
v 11.0387 1.93583 -1.76263 
v 11.0458 1.88583 -1.81452 
v 11.1387 1.93583 -1.78942 
v 11.1208 1.88583 -1.83461 
v 11.1458 1.93583 -1.79131 
v 11.126 1.88583 -1.83981 
v 11.219 1.93583 -1.86452 
v 11.1809 1.88583 -1.89471 
v 11.2242 1.93583 -1.86971 
v 11.1828 1.88583 -1.9018 
v 11.251 1.93583 -1.96971 
v 11.2029 1.88583 -1.9768 
v 11.2529 1.93583 -1.9768 
v 11.201 1.88583 -1.98389 
v 11.2261 1.93583 -2.0768 
v 11.1809 1.88583 -2.05889 
v 11.2242 1.93583 -2.08389 
v 11.1757 1.88583 -2.06408 
v 11.151 1.93583 -2.15709 
v 11.1208 1.88583 -2.11899 
v 11.1458 1.93583 -2.16229 
v 11.1137 1.88583 -2.12088 
v 11.0458 1.93583 -2.18908 
v 11.0387 1.88583 -2.14097 
v 11.0387 1.93583 -2.19097 
v 11.0316 1.88583 -2.13908 
v 10.9387 1.93583 -2.16418 
v 10.9566 1.88583 -2.11899 
v 10.9316 1.93583 -2.16229 
v 10.9514 1.88583 -2.11379 
v 10.8584 1.93583 -2.08908 
v 10.8965 1.88583 -2.05889 
v 10.8532 1.93583 -2.08389 
v 10.8946 1.88583 -2.0518 
v 10.8264 1.93583 -1.98389 
v 10.8745 1.88583 -1.9768 
v 10.8245 1.93583 -1.9768 
v 10.8764 1.88583 -1.96971 
v 10.8513 1.93583 -1.8768 
v 10.8965 1.88583 -1.89471 
v 10.8532 1.93583 -1.86971 
v 10.9017 1.88583 -1.88952 
v 10.9264 1.93583 -1.79651 
v 10.9566 1.88583 -1.83461 
v 10.9316 1.93583 -1.79131 
v 10.9637 1.88583 -1.83272 
v 11.0316 1.93583 -1.76452 
v 11.0387 1.88583 -1.81263 
v 11.0387 2.01417 -1.81263 
v 11.0458 1.96417 -1.76452 
v 11.1137 2.01417 -1.83272 
v 11.1458 1.96417 -1.79131 
v 11.1208 2.01417 -1.83461 
v 11.151 1.96417 -1.79651 
v 11.1757 2.01417 -1.88952 
v 11.2242 1.96417 -1.86971 
v 11.1809 2.01417 -1.89471 
v 11.2261 1.96417 -1.8768 
v 11.201 2.01417 -1.96971 
v 11.2529 1.96417 -1.9768 
v 11.2029 2.01417 -1.9768 
v 11.251 1.96417 -1.98389 
v 11.1828 2.01417 -2.0518 
v 11.2242 1.96417 -2.08389 
v 11.1809 2.01417 -2.05889 
v 11.219 1.96417 -2.08908 
v 11.126 2.01417 -2.11379 
v 11.1458 1.96417 -2.16229 
v 11.1208 2.01417 -2.11899 
v 11.1387 1.96417 -2.16418 
v 11.0458 2.01417 -2.13908 
v 11.0387 1.96417 -2.19097 
v 11.0387 2.01417 -2.14097 
v 11.0316 1.96417 -2.18908 
v 10.9637 2.01417 -2.12088 
v 10.9316 1.96417 -2.16229 
v 10.9566 2.01417 -2.11899 
v 10.9264 1.96417 -2.15709 
v 10.9017 2.01417 -2.06408 
v 10.8532 1.96417 -2.08389 
v 10.8965 2.01417 -2.05889 
v 10.8513 1.96417 -2.0768 
v 10.8764 2.01417 -1.98389 
v 10.8245 1.96417 -1.9768 
v 10.8745 2.01417 -1.9768 
v 10.8264 1.96417 -1.96971 
v 10.8946 2.01417 -1.9018 
v 10.8532 1.96417 -1.86971 
v 10.8965 2.01417 -1.89471 
v 10.8584 1.96417 -1.86452 
v 10.9514 2.01417 -1.83981 
v 10.9316 1.96417 -1.79131 
v 10.9566 2.01417 -1.83461 
v 10.9387 1.96417 -1.78942 
v 11.0316 2.01417 -1.81452 
v 11.0387 1.96417 -1.76263 
v 11.0387 2.03583 -1.76263 
v 11.0458 1.98583 -1.81452 
v 11.1387 2.03583 -1.78942 
v 11.1208 1.98583 -1.83461 
v 11.1458 2.03583 -1.79131 
v 11.126 1.98583 -1.83981 
v 11.219 2.03583 -1.86452 
v 11.1809 1.98583 -1.89471 
v 11.2242 2.03583 -1.86971 
v 11.1828 1.98583 -1.9018 
v 11.251 2.03583 -1.96971 
v 11.2029 1.98583 -1.9768 
v 11.2529 2.03583 -1.9768 
v 11.201 1.98583 -1.98389 
v 11.2261 2.03583 -2.0768 
v 11.1809 1.98583 -2.05889 
v 11.2242 2.03583 -2.08389 
v 11.1757 1.98583 -2.06408 
v 11.151 2.03583 -2.15709 
v 11.1208 1.98583 -2.11899 
v 11.1458 2.03583 -2.16229 
v 11.1137 1.98583 -2.12088 
v 11.0458 2.03583 -2.18908 
v 11.0387 1.98583 -2.14097 
v 11.0387 2.03583 -2.19097 
v 11.0316 1.98583 -2.13908 
v 10.9387 2.03583 -2.16418 
v 10.9566 1.98583 -2.11899 
v 10.9316 2.03583 -2.16229 
v 10.9514 1.98583 -2.11379 
v 10.8584 2.03583 -2.08908 
v 10.8965 1.98583 -2.05889 
v 10.8532 2.03583 -2.08389 
v 10.8946 1.98583 -2.0518 
v 10.8264 2.03583 -1.98389 
v 10.8745 1.98583 -1.9768 
v 10.8245 2.03583 -1.9768 
v 10.8764 1.98583 -1.96971 
v 10.8513 2.03583 -1.8768 
v 10.8965 1.98583 -1.89471 
v 10.8532 2.03583 -1.86971 
v 10.9017 1.98583 -1.88952 
v 10.9264 2.03583 -1.79651 
v 10.9566 1.98583 -1.83461 
v 10.9316 2.03583 -1.79131 
v 10.9637 1.98583 -1.83272 
v 11.0316 2.03583 -1.76452 
v 11.0387 1.98583 -1.81263 
v 11.0387 2.11417 -1.81263 
v 11.0458 2.06417 -1.76452 
v 11.1137 2.11417 -1.83272 
v 11.1458 2.06417 -1.79131 
v 11.1208 2.11417 -1.83461 
v 11.151 2.06417 -1.79651 
v 11.1757 2.11417 -1.88952 
v 11.2242 2.06417 -1.86971 
v 11.1809 2.11417 -1.89471 
v 11.2261 2.06417 -1.8768 
v 11.201 2.11417 -1.96971 
v 11.2529 2.06417 -1.9768 
v 11.2029 2.11417 -1.9768 
v 11.251 2.06417 -1.98389 
v 11.1828 2.11417 -2.0518 
v 11.2242 2.06417 -2.08389 
v 11.1809 2.11417 -2.05889 
v 11.219 2.06417 -2.08908 
v 11.126 2.11417 -2.11379 
v 11.1458 2.06417 -2.16229 
v 11.1208 2.11417 -2.11899 
v 11.1387 2.06417 -2.16418 
v 11.0458 2.11417 -2.13908 
v 11.0387 2.06417 -2.19097 
v 11.0387 2.11417 -2.14097 
v 11.0316 2.06417 -2.18908 
v 10.9637 2.11417 -2.12088 
v 10.9316 2.06417 -2.16229 
v 10.9566 2.11417 -2.11899 
v 10.9264 2.06417 -2.15709 
v 10.9017 2.11417 -2.06408 
v 10.8532 2.06417 -2.08389 
v 10.8965 2.11417 -2.05889 
v 10.8513 2.06417 -2.0768 
v 10.8764 2.11417 -1.98389 
v 10.8245 2.06417 -1.9768 
v 10.8745 2.11417 -1.9768 
v 10.8264 2.06417 -1.96971 
v 10.8946 2.11417 -1.9018 
v 10.8532 2.06417 -1.86971 
v 10.8965 2.11417 -1.89471 
v 10.8584 2.06417 -1.86452 
v 10.9514 2.11417 -1.83981 
v 10.9316 2.06417 -1.79131 
v 10.9566 2.11417 -1.83461 
v 10.9387 2.06417 -1.78942 
v 11.0316 2.11417 -1.81452 
v 11.0387 2.06417 -1.76263 
v 11.0387 2.13583 -1.76263 
v 11.0458 2.08583 -1.81452 
v 11.1387 2.13583 -1.78942 
v 11.1208 2.08583 -1.83461 
v 11.1458 2.13583 -1.79131 
v 11.126 2.08583 -1.83981 
v 11.219 2.13583 -1.86452 
v 11.1809 2.08583 -1.89471 
v 11.2242 2.13583 -1.86971 
v 11.1828 2.08583 -1.9018 
v 11.251 2.13583 -1.96971 
v 11.2029 2.08583 -1.9768 
v 11.2529 2.13583 -1.9768 
v 11.201 2.08583 -1.98389 
v 11.2261 2.13583 -2.0768 
v 11.1809 2.08583 -2.05889 
v 11.2242 2.13583 -2.08389 
v 11.1757 2.08583 -2.06408 
v 11.151 2.13583 -2.15709 
v 11.1208 2.08583 -2.11899 
v 11.1458 2.13583 -2.16229 
v 11.1137 2.08583 -2.12088 
v 11.0458 2.13583 -2.18908 
v 11.0387 2.08583 -2.14097 
v 11.0387 2.13583 -2.19097 
v 11.0316 2.08583 -2.13908 
v 10.9387 2.13583 -2.16418 
v 10.9566 2.08583 -2.11899 
v 10.9316 2.13583 -2.16229 
v 10.9514 2.08583 -2.11379 
v 10.8584 2.13583 -2.08908 
v 10.8965 2.08583 -2.05889 
v 10.8532 2.13583 -2.08389 
v 10.8946 2.08583 -2.0518 
v 10.8264 2.13583 -1.98389 
v 10.8745 2.08583 -1.9768 
v 10.8245 2.13583 -1.9768 
v 10.8764 2.08583 -1.96971 
v 10.8513 2.13583 -1.8768 
v 10.8965 2.08583 -1.89471 
v 10.8532 2.13583 -1.86971 
v 10.9017 2.08583 -1.88952 
v 10.9264 2.13583 -1.79651 
v 10.9566 2.08583 -1.83461 
v 10.9316 2.13583 -1.79131 
v 10.9637 2.08583 -1.83272 
v 11.0316 2.13583 -1.76452 
v 11.0387 2.08583 -1.81263 
v 11.0387 2.21417 -1.81263 
v 11.0458 2.16417 -1.76452 
v 11.1137 2.21417 -1.83272 
v 11.1458 2.16417 -1.79131 
v 11.1208 2.21417 -1.83461 
v 11.151 2.16417 -1.79651 
v 11.1757 2.21417 -1.88952 
v 11.2242 2.16417 -1.86971 
v 11.1809 2.21417 -1.89471 
v 11.2261 2.16417 -1.8768 
v 11.201 2.21417 -1.96971 
v 11.2529 2.16417 -1.9768 
v 11.2029 2.21417 -1.9768 
v 11.251 2.16417 -1.98389 
v 11.1828 2.21417 -2.0518 
v 11.2242 2.16417 -2.08389 
v 11.1809 2.21417 -2.05889 
v 11.219 2.16417 -2.08908 
v 11.126 2.21417 -2.11379 
v 11.1458 2.16417 -2.16229 
v 11.1208 2.21417 -2.11899 
v 11.1387 2.16417 -2.16418 
v 11.0458 2.21417 -2.13908 
v 11.0387 2.16417 -2.19097 
v 11.0387 2.21417 -2.14097 
v 11.0316 2.16417 -2.18908 
v 10.9637 2.21417 -2.12088 
v 10.9316 2.16417 -2.16229 
v 10.9566 2.21417 -2.11899 
v 10.9264 2.16417 -2.15709 
v 10.9017 2.21417 -2.06408 
v 10.8532 2.16417 -2.08389 
v 10.8965 2.21417 -2.05889 
v 10.8513 2.16417 -2.0768 
v 10.8764 2.21417 -1.98389 
v 10.8245 2.16417 -1.9768 
v 10.8745 2.21417 -1.9768 
v 10.8264 2.16417 -1.96971 
v 10.8946 2.21417 -1.9018 
v 10.8532 2.16417 -1.86971 
v 10.8965 2.21417 -1.89471 
v 10.8584 2.16417 -1.86452 
v 10.9514 2.21417 -1.83981 
v 10.9316 2.16417 -1.79131 
v 10.9566 2.21417 -1.83461 
v 10.9387 2.16417 -1.78942 
v 11.0316 2.21417 -1.81452 
v 11.0387 2.16417 -1.76263 
v 11.0387 2.23583 -1.76263 
v 11.0458 2.18583 -1.81452 
v 11.1387 2.23583 -1.78942 
v 11.1208 2.18583 -1.83461 
v 11.1458 2.23583 -1.79131 
v 11.126 2.18583 -1.83981 
v 11.219 2.23583 -1.86452 
v 11.1809 2.18583 -1.89471 
v 11.2242 2.23583 -1.86971 
v 11.1828 2.18583 -1.9018 
v 11.251 2.23583 -1.96971 
v 11.2029 2.18583 -1.9768 
v 11.2529 2.23583 -1.9768 
v 11.201 2.18583 -1.98389 
v 11.2261 2.23583 -2.0768 
v 11.1809 2.18583 -2.05889 
v 11.2242 2.23583 -2.08389 
v 11.1757 2.18583 -2.06408 
v 11.151 2.23583 -2.15709 
v 11.1208 2.18583 -2.11899 
v 11.1458 2.23583 -2.16229 
v 11.1137 2.18583 -2.12088 
v 11.0458 2.23583 -2.18908 
v 11.0387 2.18583 -2.14097 
v 11.0387 2.23583 -2.19097 
v 11.0316 2.18583 -2.13908 
v 10.9387 2.23583 -2.16418 
v 10.9566 2.18583 -2.11899 
v 10.9316 2.23583 -2.16229 
v 10.9514 2.18583 -2.11379 
v 10.8584 2.23583 -2.08908 
v 10.8965 2.18583 -2.05889 
v 10.8532 2.23583 -2.08389 
v 10.8946 2.18583 -2.0518 
v 10.8264 2.23583 -1.98389 
v 10.8745 2.18583 -1.9768 
v 10.8245 2.23583 -1.9768 
v 10.8764 2.18583 -1.96971 
v 10.8513 2.23583 -1.8768 
v 10.8965 2.18583 -1.89471 
v 10.8532 2.23583 -1.86971 
v 10.9017 2.18583 -1.88952 
v 10.9264 2.23583 -1.79651 
v 10.9566 2.18583 -1.83461 
v 10.9316 2.23583 -1.79131 
v 10.9637 2.18583 -1.83272 
v 11.0316 2.23583 -1.76452 
v 11.0387 2.18583 -1.81263 
v 11.0387 2.31417 -1.81263 
v 11.0458 2.26417 -1.76452 
v 11.1137 2.31417 -1.83272 
v 11.1458 2.26417 -1.79131 
v 11.1208 2.31417 -1.83461 
v 11.151 2.26417 -1.79651 
v 11.1757 2.31417 -1.88952 
v 11.2242 2.26417 -1.86971 
v 11.1809 2.31417 -1.89471 
v 11.2261 2.26417 -1.8768 
v 11.201 2.31417 -1.96971 
v 11.2529 2.26417 -1.9768 
v 11.2029 2.31417 -1.9768 
v 11.251 2.26417 -1.98389 
v 11.1828 2.31417 -2.0518 
v 11.2242 2.26417 -2.08389 
v 11.1809 2.31417 -2.05889 
v 11.219 2.26417 -2.08908 
v 11.126 2.31417 -2.11379 
v 11.1458 2.26417 -2.16229 
v 11.1208 2.31417 -2.11899 
v 11.1387 2.26417 -2.16418 
v 11.0458 2.31417 -2.13908 
v 11.0387 2.26417 -2.19097 
v 11.0387 2.31417 -2.14097 
v 11.0316 2.26417 -2.18908 
v 10.9637 2.31417 -2.12088 
v 10.9316 2.26417 -2.16229 
v 10.9566 2.31417 -2.11899 
v 10.9264 2.26417 -2.15709 
v 10.9017 2.31417 -2.06408 
v 10.8532 2.26417 -2.08389 
v 10.8965 2.31417 -2.05889 
v 10.8513 2.26417 -2.0768 
v 10.8764 2.31417 -1.98389 
v 10.8245 2.26417 -1.9768 
v 10.8745 2.31417 -1.9768 
v 10.8264 2.26417 -1.96971 
v 10.8946 2.31417 -1.9018 
v 10.8532 2.26417 -1.86971 
v 10.8965 2.31417 -1.89471 
v 10.8584 2.26417 -1.86452 
v 10.9514 2.31417 -1.83981 
v 10.9316 2.26417 -1.79131 
v 10.9566 2.31417 -1.83461 
v 10.9387 2.26417 -1.78942 
v 11.0316 2.31417 -1.81452 
v 11.0387 2.26417 -1.76263 
v 11.0387 2.33583 -1.76263 
v 11.0458 2.28583 -1.81452 
v 11.1387 2.33583 -1.78942 
v 11.1208 2.28583 -1.83461 
v 11.1458 2.33583 -1.79131 
v 11.126 2.28583 -1.83981 
v 11.219 2.33583 -1.86452 
v 11.1809 2.28583 -1.89471 
v 11.2242 2.33583 -1.86971 
v 11.1828 2.28583 -1.9018 
v 11.251 2.33583 -1.96971 
v 11.2029 2.28583 -1.9768 
v 11.2529 2.33583 -1.9768 
v 11.201 2.28583 -1.98389 
v 11.2261 2.33583 -2.0768 
v 11.1809 2.28583 -2.05889 
v 11.2242 2.33583 -2.08389 
v 11.1757 2.28583 -2.06408 
v 11.151 2.33583 -2.15709 
v 11.1208 2.28583 -2.11899 
v 11.1458 2.33583 -2.16229 
v 11.1137 2.28583 -2.12088 
v 11.0458 2.33583 -2.18908 
v 11.0387 2.28583 -2.14097 
v 11.0387 2.33583 -2.19097 
v 11.0316 2.28583 -2.13908 
v 10.9387 2.33583 -2.16418 
v 10.9566 2.28583 -2.11899 
v 10.9316 2.33583 -2.16229 
v 10.9514 2.28583 -2.11379 
v 10.8584 2.33583 -2.08908 
v 10.8965 2.28583 -2.05889 
v 10.8532 2.33583 -2.08389 
v 10.8946 2.28583 -2.0518 
v 10.8264 2.33583 -1.98389 
v 10.8745 2.28583 -1.9768 
v 10.8245 2.33583 -1.9768 
v 10.8764 2.28583 -1.96971 
v 10.8513 2.33583 -1.8768 
v 10.8965 2.28583 -1.89471 
v 10.8532 2.33583 -1.86971 
v 10.9017 2.28583 -1.88952 
v 10.9264 2.33583 -1.79651 
v 10.9566 2.28583 -1.83461 
v 10.9316 2.33583 -1.79131 
v 10.9637 2.28583 -1.83272 
v 11.0316 2.33583 -1.76452 
v 11.0387 2.28583 -1.81263 
v 11.0387 2.41417 -1.81263 
v 11.0458 2.36417 -1.76452 
v 11.1137 2.41417 -1.83272 
v 11.1458 2.36417 -1.79131 
v 11.1208 2.41417 -1.83461 
v 11.151 2.36417 -1.79651 
v 11.1757 2.41417 -1.88952 
v 11.2242 2.36417 -1.86971 
v 11.1809 2.41417 -1.89471 
v 11.2261 2.36417 -1.8768 
v 11.201 2.41417 -1.96971 
v 11.2529 2.36417 -1.9768 
v 11.2029 2.41417 -1.9768 
v 11.251 2.36417 -1.98389 
v 11.1828 2.41417 -2.0518 
v 11.2242 2.36417 -2.08389 
v 11.1809 2.41417 -2.05889 
v 11.219 2.36417 -2.08908 
v 11.126 2.41417 -2.11379 
v 11.1458 2.36417 -2.16229 
v 11.1208 2.41417 -2.11899 
v 11.1387 2.36417 -2.16418 
v 11.0458 2.41417 -2.13908 
v 11.0387 2.36417 -2.19097 
v 11.0387 2.41417 -2.14097 
v 11.0316 2.36417 -2.18908 
v 10.9637 2.41417 -2.12088 
v 10.9316 2.36417 -2.16229 
v 10.9566 2.41417 -2.11899 
v 10.9264 2.36417 -2.15709 
v 10.9017 2.41417 -2.06408 
v 10.8532 2.36417 -2.08389 
v 10.8965 2.41417 -2.05889 
v 10.8513 2.36417 -2.0768 
v 10.8764 2.41417 -1.98389 
v 10.8245 2.36417 -1.9768 
v 10.8745 2.41417 -1.9768 
v 10.8264 2.36417 -1.96971 
v 10.8946 2.41417 -1.9018 
v 10.8532 2.36417 -1.86971 
v 10.8965 2.41417 -1.89471 
v 10.8584 2.36417 -1.86452 
v 10.9514 2.41417 -1.83981 
v 10.9316 2.36417 -1.79131 
v 10.9566 2.41417 -1.83461 
v 10.9387 2.36417 -1.78942 
v 11.0316 2.41417 -1.81452 
v 11.0387 2.36417 -1.76263 
v 11.0387 2.43583 -1.76263 
v 11.0458 2.38583 -1.81452 
v 11.1387 2.43583 -1.78942 
v 11.1208 2.38583 -1.83461 
v 11.1458 2.43583 -1.79131 
v 11.126 2.38583 -1.83981 
v 11.219 2.43583 -1.86452 
v 11.1809 2.38583 -1.89471 
v 11.2242 2.43583 -1.86971 
v 11.1828 2.38583 -1.9018 
v 11.251 2.43583 -1.96971 
v 11.2029 2.38583 -1.9768 
v 11.2529 2.43583 -1.9768 
v 11.201 2.38583 -1.98389 
v 11.2261 2.43583 -2.0768 
v 11.1809 2.38583 -2.05889 
v 11.2242 2.43583 -2.08389 
v 11.1757 2.38583 -2.06408 
v 11.151 2.43583 -2.15709 
v 11.1208 2.38583 -2.11899 
v 11.1458 2.43583 -2.16229 
v 11.1137 2.38583 -2.12088 
v 11.0458 2.43583 -2.18908 
v 11.0387 2.38583 -2.14097 
v 11.0387 2.43583 -2.19097 
v 11.0316 2.38583 -2.13908 
v 10.9387 2.43583 -2.16418 
v 10.9566 2.38583 -2.11899 
v 10.9316 2.43583 -2.16229 
v 10.9514 2.38583 -2.11379 
v 10.8584 2.43583 -2.08908 
v 10.8965 2.38583 -2.05889 
v 10.8532 2.43583 -2.08389 
v 10.8946 2.38583 -2.0518 
v 10.8264 2.43583 -1.98389 
v 10.8745 2.38583 -1.9768 
v 10.8245 2.43583 -1.9768 
v 10.8764 2.38583 -1.96971 
v 10.8513 2.43583 -1.8768 
v 10.8965 2.38583 -1.89471 
v 10.8532 2.43583 -1.86971 
v 10.9017 2.38583 -1.88952 
v 10.9264 2.43583 -1.79651 
v 10.9566 2.38583 -1.83461 
v 10.9316 2.43583 -1.79131 
v 10.9637 2.38583 -1.83272 
v 11.0316 2.43583 -1.76452 
v 11.0387 2.38583 -1.81263 
v 11.0387 2.51417 -1.81263 
v 11.0458 2.46417 -1.76452 
v 11.1137 2.51417 -1.83272 
v 11.1458 2.46417 -1.79131 
v 11.1208 2.51417 -1.83461 
v 11.151 2.46417 -1.79651 
v 11.1757 2.51417 -1.88952 
v 11.2242 2.46417 -1.86971 
v 11.1809 2.51417 -1.89471 
v 11.2261 2.46417 -1.8768 
v 11.201 2.51417 -1.96971 
v 11.2529 2.46417 -1.9768 
v 11.2029 2.51417 -1.9768 
v 11.251 2.46417 -1.98389 
v 11.1828 2.51417 -2.0518 
v 11.2242 2.46417 -2.08389 
v 11.1809 2.51417 -2.05889 
v 11.219 2.46417 -2.08908 
v 11.126 2.51417 -2.11379 
v 11.1458 2.46417 -2.16229 
v 11.1208 2.51417 -2.11899 
v 11.1387 2.46417 -2.16418 
v 11.0458 2.51417 -2.13908 
v 11.0387 2.46417 -2.19097 
v 11.0387 2.51417 -2.14097 
v 11.0316 2.46417 -2.18908 
v 10.9637 2.51417 -2.12088 
v 10.9316 2.46417 -2.16229 
v 10.9566 2.51417 -2.11899 
v 10.9264 2.46417 -2.15709 
v 10.9017 2.51417 -2.06408 
v 10.8532 2.46417 -2.08389 
v 10.8965 2.51417 -2.05889 
v 10.8513 2.46417 -2.0768 
v 10.8764 2.51417 -1.98389 
v 10.8245 2.46417 -1.9768 
v 10.8745 2.51417 -1.9768 
v 10.8264 2.46417 -1.96971 
v 10.8946 2.51417 -1.9018 
v 10.8532 2.46417 -1.86971 
v 10.8965 2.51417 -1.89471 
v 10.8584 2.46417 -1.86452 
v 10.9514 2.51417 -1.83981 
v 10.9316 2.46417 -1.79131 
v 10.9566 2.51417 -1.83461 
v 10.9387 2.46417 -1.78942 
v 11.0316 2.51417 -1.81452 
v 11.0387 2.46417 -1.76263 
v 11.0387 2.53583 -1.76263 
v 11.0458 2.48583 -1.81452 
v 11.1387 2.53583 -1.78942 
v 11.1208 2.48583 -1.83461 
v 11.1458 2.53583 -1.79131 
v 11.126 2.48583 -1.83981 
v 11.219 2.53583 -1.86452 
v 11.1809 2.48583 -1.89471 
v 11.2242 2.53583 -1.86971 
v 11.1828 2.48583 -1.9018 
v 11.251 2.53583 -1.96971 
v 11.2029 2.48583 -1.9768 
v 11.2529 2.53583 -1.9768 
v 11.201 2.48583 -1.98389 
v 11.2261 2.53583 -2.0768 
v 11.1809 2.48583 -2.05889 
v 11.2242 2.53583 -2.08389 
v 11.1757 2.48583 -2.06408 
v 11.151 2.53583 -2.15709 
v 11.1208 2.48583 -2.11899 
v 11.1458 2.53583 -2.16229 
v 11.1137 2.48583 -2.12088 
v 11.0458 2.53583 -2.18908 
v 11.0387 2.48583 -2.14097 
v 11.0387 2.53583 -2.19097 
v 11.0316 2.48583 -2.13908 
v 10.9387 2.53583 -2.16418 
v 10.9566 2.48583 -2.11899 
v 10.9316 2.53583 -2.16229 
v 10.9514 2.48583 -2.11379 
v 10.8584 2.53583 -2.08908 
v 10.8965 2.48583 -2.05889 
v 10.8532 2.53583 -2.08389 
v 10.8946 2.48583 -2.0518 
v 10.8264 2.53583 -1.98389 
v 10.8745 2.48583 -1.9768 
v 10.8245 2.53583 -1.9768 
v 10.8764 2.48583 -1.96971 
v 10.8513 2.53583 -1.8768 
v 10.8965 2.48583 -1.89471 
v 10.8532 2.53583 -1.86971 
v 10.9017 2.48583 -1.88952 
v 10.9264 2.53583 -1.79651 
v 10.9566 2.48583 -1.83461 
v 10.9316 2.53583 -1.79131 
v 10.9637 2.48583 -1.83272 
v 11.0316 2.53583 -1.76452 
v 11.0387 2.48583 -1.81263 
v 11.0387 2.61417 -1.81263 
v 11.0458 2.56417 -1.76452 
v 11.1137 2.61417 -1.83272 
v 11.1458 2.56417 -1.79131 
v 11.1208 2.61417 -1.83461 
v 11.151 2.56417 -1.79651 
v 11.1757 2.61417 -1.88952 
v 11.2242 2.56417 -1.86971 
v 11.1809 2.61417 -1.89471 
v 11.2261 2.56417 -1.8768 
v 11.201 2.61417 -1.96971 
v 11.2529 2.56417 -1.9768 
v 11.2029 2.61417 -1.9768 
v 11.251 2.56417 -1.98389 
v 11.1828 2.61417 -2.0518 
v 11.2242 2.56417 -2.08389 
v 11.1809 2.61417 -2.05889 
v 11.219 2.56417 -2.08908 
v 11.126 2.61417 -2.11379 
v 11.1458 2.56417 -2.16229 
v 11.1208 2.61417 -2.11899 
v 11.1387 2.56417 -2.16418 
v 11.0458 2.61417 -2.13908 
v 11.0387 2.56417 -2.19097 
v 11.0387 2.61417 -2.14097 
v 11.0316 2.56417 -2.18908 
v 10.9637 2.61417 -2.12088 
v 10.9316 2.56417 -2.16229 
v 10.9566 2.61417 -2.11899 
v 10.9264 2.56417 -2.15709 
v 10.9017 2.61417 -2.06408 
v 10.8532 2.56417 -2.08389 
v 10.8965 2.61417 -2.05889 
v 10.8513 2.56417 -2.0768 
v 10.8764 2.61417 -1.98389 
v 10.8245 2.56417 -1.9768 
v 10.8745 2.61417 -1.9768 
v 10.8264 2.56417 -1.96971 
v 10.8946 2.61417 -1.9018 
v 10.8532 2.56417 -1.86971 
v 10.8965 2.61417 -1.89471 
v 10.8584 2.56417 -1.86452 
v 10.9514 2.61417 -1.83981 
v 10.9316 2.56417 -1.79131 
v 10.9566 2.61417 -1.83461 
v 10.9387 2.56417 -1.78942 
v 11.0316 2.61417 -1.81452 
v 11.0387 2.56417 -1.76263 
v 11.0387 2.63583 -1.76263 
v 11.0458 2.58583 -1.81452 
v 11.1387 2.63583 -1.78942 
v 11.1208 2.58583 -1.83461 
v 11.1458 2.63583 -1.79131 
v 11.126 2.58583 -1.83981 
v 11.219 2.63583 -1.86452 
v 11.1809 2.58583 -1.89471 
v 11.2242 2.63583 -1.86971 
v 11.1828 2.58583 -1.9018 
v 11.251 2.63583 -1.96971 
v 11.2029 2.58583 -1.9768 
v 11.2529 2.63583 -1.9768 
v 11.201 2.58583 -1.98389 
v 11.2261 2.63583 -2.0768 
v 11.1809 2.58583 -2.05889 
v 11.2242 2.63583 -2.08389 
v 11.1757 2.58583 -2.06408 
v 11.151 2.63583 -2.15709 
v 11.1208 2.58583 -2.11899 
v 11.1458 2.63583 -2.16229 
v 11.1137 2.58583 -2.12088 
v 11.0458 2.63583 -2.18908 
v 11.0387 2.58583 -2.14097 
v 11.0387 2.63583 -2.19097 
v 11.0316 2.58583 -2.13908 
v 10.9387 2.63583 -2.16418 
v 10.9566 2.58583 -2.11899 
v 10.9316 2.63583 -2.16229 
v 10.9514 2.58583 -2.11379 
v 10.8584 2.63583 -2.08908 
v 10.8965 2.58583 -2.05889 
v 10.8532 2.63583 -2.08389 
v 10.8946 2.58583 -2.0518 
v 10.8264 2.63583 -1.98389 
v 10.8745 2.58583 -1.9768 
v 10.8245 2.63583 -1.9768 
v 10.8764 2.58583 -1.96971 
v 10.8513 2.63583 -1.8768 
v 10.8965 2.58583 -1.89471 
v 10.8532 2.63583 -1.86971 
v 10.9017 2.58583 -1.88952 
v 10.9264 2.63583 -1.79651 
v 10.9566 2.58583 -1.83461 
v 10.9316 2.63583 -1.79131 
v 10.9637 2.58583 -1.83272 
v 11.0316 2.63583 -1.76452 
v 11.0387 2.58583 -1.81263 
v 11.0387 2.71417 -1.81263 
v 11.0458 2.66417 -1.76452 
v 11.1137 2.71417 -1.83272 
v 11.1458 2.66417 -1.79131 
v 11.1208 2.71417 -1.83461 
v 11.151 2.66417 -1.79651 
v 11.1757 2.71417 -1.88952 
v 11.2242 2.66417 -1.86971 
v 11.1809 2.71417 -1.89471 
v 11.2261 2.66417 -1.8768 
v 11.201 2.71417 -1.96971 
v 11.2529 2.66417 -1.9768 
v 11.2029 2.71417 -1.9768 
v 11.251 2.66417 -1.98389 
v 11.1828 2.71417 -2.0518 
v 11.2242 2.66417 -2.08389 
v 11.1809 2.71417 -2.05889 
v 11.219 2.66417 -2.08908 
v 11.126 2.71417 -2.11379 
v 11.1458 2.66417 -2.16229 
v 11.1208 2.71417 -2.11899 
v 11.1387 2.66417 -2.16418 
v 11.0458 2.71417 -2.13908 
v 11.0387 2.66417 -2.19097 
v 11.0387 2.71417 -2.14097 
v 11.0316 2.66417 -2.18908 
v 10.9637 2.71417 -2.12088 
v 10.9316 2.66417 -2.16229 
v 10.9566 2.71417 -2.11899 
v 10.9264 2.66417 -2.15709 
v 10.9017 2.71417 -2.06408 
v 10.8532 2.66417 -2.08389 
v 10.8965 2.71417 -2.05889 
v 10.8513 2.66417 -2.0768 
v 10.8764 2.71417 -1.98389 
v 10.8245 2.66417 -1.9768 
v 10.8745 2.71417 -1.9768 
v 10.8264 2.66417 -1.96971 
v 10.8946 2.71417 -1.9018 
v 10.8532 2.66417 -1.86971 
v 10.8965 2.71417 -1.89471 
v 10.8584 2.66417 -1.86452 
v 10.9514 2.71417 -1.83981 
v 10.9316 2.66417 -1.79131 
v 10.9566 2.71417 -1.83461 
v 10.9387 2.66417 -1.78942 
v 11.0316 2.71417 -1.81452 
v 11.0387 2.66417 -1.76263 
v 11.0387 2.73583 -1.76263 
v 11.0458 2.68583 -1.81452 
v 11.1387 2.73583 -1.78942 
v 11.1208 2.68583 -1.83461 
v 11.1458 2.73583 -1.79131 
v 11.126 2.68583 -1.83981 
v 11.219 2.73583 -1.86452 
v 11.1809 2.68583 -1.89471 
v 11.2242 2.73583 -1.86971 
v 11.1828 2.68583 -1.9018 
v 11.251 2.73583 -1.96971 
v 11.2029 2.68583 -1.9768 
v 11.2529 2.73583 -1.9768 
v 11.201 2.68583 -1.98389 
v 11.2261 2.73583 -2.0768 
v 11.1809 2.68583 -2.05889 
v 11.2242 2.73583 -2.08389 
v 11.1757 2.68583 -2.06408 
v 11.151 2.73583 -2.15709 
v 11.1208 2.68583 -2.11899 
v 11.1458 2.73583 -2.16229 
v 11.1137 2.68583 -2.12088 
v 11.0458 2.73583 -2.18908 
v 11.0387 2.68583 -2.14097 
v 11.0387 2.73583 -2.19097 
v 11.0316 2.68583 -2.13908 
v 10.9387 2.73583 -2.16418 
v 10.9566 2.68583 -2.11899 
v 10.9316 2.73583 -2.16229 
v 10.9514 2.68583 -2.11379 
v 10.8584 2.73583 -2.08908 
v 10.8965 2.68583 -2.05889 
v 10.8532 2.73583 -2.08389 
v 10.8946 2.68583 -2.0518 
v 10.8264 2.73583 -1.98389 
v 10.8745 2.68583 -1.9768 
v 10.8245 2.73583 -1.9768 
v 10.8764 2.68583 -1.96971 
v 10.8513 2.73583 -1.8768 
v 10.8965 2.68583 -1.89471 
v 10.8532 2.73583 -1.86971 
v 10.9017 2.68583 -1.88952 
v 10.9264 2.73583 -1.79651 
v 10.9566 2.68583 -1.83461 
v 10.9316 2.73583 -1.79131 
v 10.9637 2.68583 -1.83272 
v 11.0316 2.73583 -1.76452 
v 11.0387 2.68583 -1.81263 
v 11.0387 2.81417 -1.81263 
v 11.0458 2.76417 -1.76452 
v 11.1137 2.81417 -1.83272 
v 11.1458 2.76417 -1.79131 
v 11.1208 2.81417 -1.83461 
v 11.151 2.76417 -1.79651 
v 11.1757 2.81417 -1.88952 
v 11.2242 2.76417 -1.86971 
v 11.1809 2.81417 -1.89471 
v 11.2261 2.76417 -1.8768 
v 11.201 2.81417 -1.96971 
v 11.2529 2.76417 -1.9768 
v 11.2029 2.81417 -1.9768 
v 11.251 2.76417 -1.98389 
v 11.1828 2.81417 -2.0518 
v 11.2242 2.76417 -2.08389 
v 11.1809 2.81417 -2.05889 
v 11.219 2.76417 -2.08908 
v 11.126 2.81417 -2.11379 
v 11.1458 2.76417 -2.16229 
v 11.1208 2.81417 -2.11899 
v 11.1387 2.76417 -2.16418 
v 11.0458 2.81417 -2.13908 
v 11.0387 2.76417 -2.19097 
v 11.0387 2.81417 -2.14097 
v 11.0316 2.76417 -2.18908 
v 10.9637 2.81417 -2.12088 
v 10.9316 2.76417 -2.16229 
v 10.9566 2.81417 -2.11899 
v 10.9264 2.76417 -2.15709 
v 10.9017 2.81417 -2.06408 
v 10.8532 2.76417 -2.08389 
v 10.8965 2.81417 -2.05889 
v 10.8513 2.76417 -2.0768 
v 10.8764 2.81417 -1.98389 
v 10.8245 2.76417 -1.9768 
v 10.8745 2.81417 -1.9768 
v 10.8264 2.76417 -1.96971 
v 10.8946 2.81417 -1.9018 
v 10.8532 2.76417 -1.86971 
v 10.8965 2.81417 -1.89471 
v 10.8584 2.76417 -1.86452 
v 10.9514 2.81417 -1.83981 
v 10.9316 2.76417 -1.79131 
v 10.9566 2.81417 -1.83461 
v 10.9387 2.76417 -1.78942 
v 11.0316 2.81417 -1.81452 
v 11.0387 2.76417 -1.76263 
v 11.0387 2.83583 -1.76263 
v 11.0458 2.78583 -1.81452 
v 11.1387 2.83583 -1.78942 
v 11.1208 2.78583 -1.83461 
v 11.1458 2.83583 -1.79131 
v 11.126 2.78583 -1.83981 
v 11.219 2.83583 -1.86452 
v 11.1809 2.78583 -1.89471 
v 11.2242 2.83583 -1.86971 
v 11.1828 2.78583 -1.9018 
v 11.251 2.83583 -1.96971 
v 11.2029 2.78583 -1.9768 
v 11.2529 2.83583 -1.9768 
v 11.201 2.78583 -1.98389 
v 11.2261 2.83583 -2.0768 
v 11.1809 2.78583 -2.05889 
v 11.2242 2.83583 -2.08389 
v 11.1757 2.78583 -2.06408 
v 11.151 2.83583 -2.15709 
v 11.1208 2.78583 -2.11899 
v 11.1458 2.83583 -2.16229 
v 11.1137 2.78583 -2.12088 
v 11.0458 2.83583 -2.18908 
v 11.0387 2.78583 -2.14097 
v 11.0387 2.83583 -2.19097 
v 11.0316 2.78583 -2.13908 
v 10.9387 2.83583 -2.16418 
v 10.9566 2.78583 -2.11899 
v 10.9316 2.83583 -2.16229 
v 10.9514 2.78583 -2.11379 
v 10.8584 2.83583 -2.08908 
v 10.8965 2.78583 -2.05889 
v 10.8532 2.83583 -2.08389 
v 10.8946 2.78583 -2.0518 
v 10.8264 2.83583 -1.98389 
v 10.8745 2.78583 -1.9768 
v 10.8245 2.83583 -1.9768 
v 10.8764 2.78583 -1.96971 
v 10.8513 2.83583 -1.8768 
v 10.8965 2.78583 -1.89471 
v 10.8532 2.83583 -1.86971 
v 10.9017 2.78583 -1.88952 
v 10.9264 2.83583 -1.79651 
v 10.9566 2.78583 -1.83461 
v 10.9316 2.83583 -1.79131 
v 10.9637 2.78583 -1.83272 
v 11.0316 2.83583 -1.76452 
v 11.0387 2.78583 -1.81263 
v 11.0387 2.91417 -1.81263 
v 11.0458 2.86417 -1.76452 
v 11.1137 2.91417 -1.83272 
v 11.1458 2.86417 -1.79131 
v 11.1208 2.91417 -1.83461 
v 11.151 2.86417 -1.79651 
v 11.1757 2.91417 -1.88952 
v 11.2242 2.86417 -1.86971 
v 11.1809 2.91417 -1.89471 
v 11.2261 2.86417 -1.8768 
v 11.201 2.91417 -1.96971 
v 11.2529 2.86417 -1.9768 
v 11.2029 2.91417 -1.9768 
v 11.251 2.86417 -1.98389 
v 11.1828 2.91417 -2.0518 
v 11.2242 2.86417 -2.08389 
v 11.1809 2.91417 -2.05889 
v 11.219 2.86417 -2.08908 
v 11.126 2.91417 -2.11379 
v 11.1458 2.86417 -2.16229 
v 11.1208 2.91417 -2.11899 
v 11.1387 2.86417 -2.16418 
v 11.0458 2.91417 -2.13908 
v 11.0387 2.86417 -2.19097 
v 11.0387 2.91417 -2.14097 
v 11.0316 2.86417 -2.18908 
v 10.9637 2.91417 -2.12088 
v 10.9316 2.86417 -2.16229 
v 10.9566 2.91417 -2.11899 
v 10.9264 2.86417 -2.15709 
v 10.9017 2.91417 -2.06408 
v 10.8532 2.86417 -2.08389 
v 10.8965 2.91417 -2.05889 
v 10.8513 2.86417 -2.0768 
v 10.8764 2.91417 -1.98389 
v 10.8245 2.86417 -1.9768 
v 10.8745 2.91417 -1.9768 
v 10.8264 2.86417 -1.96971 
v 10.8946 2.91417 -1.9018 
v 10.8532 2.86417 -1.86971 
v 10.8965 2.91417 -1.89471 
v 10.8584 2.86417 -1.86452 
v 10.9514 2.91417 -1.83981 
v 10.9316 2.86417 -1.79131 
v 10.9566 2.91417 -1.83461 
v 10.9387 2.86417 -1.78942 
v 11.0316 2.91417 -1.81452 
v 11.0387 2.86417 -1.76263 
v 11.0387 2.93583 -1.76263 
v 11.0458 2.88583 -1.81452 
v 11.1387 2.93583 -1.78942 
v 11.1208 2.88583 -1.83461 
v 11.1458 2.93583 -1.79131 
v 11.126 2.88583 -1.83981 
v 11.219 2.93583 -1.86452 
v 11.1809 2.88583 -1.89471 
v 11.2242 2.93583 -1.86971 
v 11.1828 2.88583 -1.9018 
v 11.251 2.93583 -1.96971 
v 11.2029 2.88583 -1.9768 
v 11.2529 2.93583 -1.9768 
v 11.201 2.88583 -1.98389 
v 11.2261 2.93583 -2.0768 
v 11.1809 2.88583 -2.05889 
v 11.2242 2.93583 -2.08389 
v 11.1757 2.88583 -2.06408 
v 11.151 2.93583 -2.15709 
v 11.1208 2.88583 -2.11899 
v 11.1458 2.93583 -2.16229 
v 11.1137 2.88583 -2.12088 
v 11.0458 2.93583 -2.18908 
v 11.0387 2.88583 -2.14097 
v 11.0387 2.93583 -2.19097 
v 11.0316 2.88583 -2.13908 
v 10.9387 2.93583 -2.16418 
v 10.9566 2.88583 -2.11899 
v 10.9316 2.93583 -2.16229 
v 10.9514 2.88583 -2.11379 
v 10.8584 2.93583 -2.08908 
v 10.8965 2.88583 -2.05889 
v 10.8532 2.93583 -2.08389 
v 10.8946 2.88583 -2.0518 
v 10.8264 2.93583 -1.98389 
v 10.8745 2.88583 -1.9768 
v 10.8245 2.93583 -1.9768 
v 10.8764 2.88583 -1.96971 
v 10.8513 2.93583 -1.8768 
v 10.8965 2.88583 -1.89471 
v 10.8532 2.93583 -1.86971 
v 10.9017 2.88583 -1.88952 
v 10.9264 2.93583 -1.79651 
v 10.9566 2.88583 -1.83461 
v 10.9316 2.93583 -1.79131 
v 10.9637 2.88583 -1.83272 
v 11.0316 2.93583 -1.76452 
v 11.0387 2.88583 -1.81263 
v 11.0387 3.01417 -1.81263 
v 11.0458 2.96417 -1.76452 
v 11.1137 3.01417 -1.83272 
v 11.1458 2.96417 -1.79131 
v 11.1208 3.01417 -1.83461 
v 11.151 2.96417 -1.79651 
v 11.1757 3.01417 -1.88952 
v 11.2242 2.96417 -1.86971 
v 11.1809 3.01417 -1.89471 
v 11.2261 2.96417 -1.8768 
v 11.201 3.01417 -1.96971 
v 11.2529 2.96417 -1.9768 
v 11.2029 3.01417 -1.9768 
v 11.251 2.96417 -1.98389 
v 11.1828 3.01417 -2.0518 
v 11.2242 2.96417 -2.08389 
v 11.1809 3.01417 -2.05889 
v 11.219 2.96417 -2.08908 
v 11.126 3.01417 -2.11379 
v 11.1458 2.96417 -2.16229 
v 11.1208 3.01417 -2.11899 
v 11.1387 2.96417 -2.16418 
v 11.0458 3.01417 -2.13908 
v 11.0387 2.96417 -2.19097 
v 11.0387 3.01417 -2.14097 
v 11.0316 2.96417 -2.18908 
v 10.9637 3.01417 -2.12088 
v 10.9316 2.96417 -2.16229 
v 10.9566 3.01417 -2.11899 
v 10.9264 2.96417 -2.15709 
v 10.9017 3.01417 -2.06408 
v 10.8532 2.96417 -2.08389 
v 10.8965 3.01417 -2.05889 
v 10.8513 2.96417 -2.0768 
v 10.8764 3.01417 -1.98389 
v 10.8245 2.96417 -1.9768 
v 10.8745 3.01417 -1.9768 
v 10.8264 2.96417 -1.96971 
v 10.8946 3.01417 -1.9018 
v 10.8532 2.96417 -1.86971 
v 10.8965 3.01417 -1.89471 
v 10.8584 2.96417 -1.86452 
v 10.9514 3.01417 -1.83981 
v 10.9316 2.96417 -1.79131 
v 10.9566 3.01417 -1.83461 
v 10.9387 2.96417 -1.78942 
v 11.0316 3.01417 -1.81452 
v 11.0387 2.96417 -1.76263 
v 11.0387 3.04228 -1.75837 
v 11.048 2.99228 -1.81089 
v 11.1387 3.03583 -1.78942 
v 11.1208 2.98583 -1.83461 
v 11.148 3.04228 -1.78769 
v 11.1296 2.99228 -1.8376 
v 11.219 3.03583 -1.86452 
v 11.1809 2.98583 -1.89471 
v 11.2278 3.04228 -1.86751 
v 11.187 2.99228 -1.9018 
v 11.251 3.03583 -1.96971 
v 11.2029 2.98583 -1.9768 
v 11.2571 3.04228 -1.9768 
v 11.2046 2.99228 -1.98609 
v 11.2261 3.03583 -2.0768 
v 11.1809 2.98583 -2.05889 
v 11.2278 3.04228 -2.08609 
v 11.1779 2.99228 -2.06771 
v 11.151 3.03583 -2.15709 
v 11.1208 2.98583 -2.11899 
v 11.148 3.04228 -2.16591 
v 11.1137 2.99228 -2.12513 
v 11.0458 3.03583 -2.18908 
v 11.0387 2.98583 -2.14097 
v 11.0387 3.04228 -2.19523 
v 11.0294 2.99228 -2.14271 
v 10.9387 3.03583 -2.16418 
v 10.9566 2.98583 -2.11899 
v 10.9294 3.04228 -2.16591 
v 10.9478 2.99228 -2.116 
v 10.8584 3.03583 -2.08908 
v 10.8965 2.98583 -2.05889 
v 10.8496 3.04228 -2.08609 
v 10.8904 2.99228 -2.0518 
v 10.8264 3.03583 -1.98389 
v 10.8745 2.98583 -1.9768 
v 10.8203 3.04228 -1.9768 
v 10.8728 2.99228 -1.96751 
v 10.8513 3.03583 -1.8768 
v 10.8965 2.98583 -1.89471 
v 10.8496 3.04228 -1.86751 
v 10.8995 2.99228 -1.88589 
v 10.9264 3.03583 -1.79651 
v 10.9566 2.98583 -1.83461 
v 10.9294 3.04228 -1.78769 
v 10.9637 2.99228 -1.82847 
v 11.0316 3.03583 -1.76452 
v 11.0387 2.98583 -1.81263 
v 11.0387 3.1 -1.7568 
v 11.0486 3.05 -1.75948 
v 11.1387 3.09228 -1.78517 
v 11.1486 3.1 -1.78627 
v 11.156 3.05 -1.79367 
v 11.2212 3.09228 -1.86089 
v 11.2292 3.1 -1.86688 
v 11.2319 3.05 -1.8768 
v 11.2546 3.09228 -1.96751 
v 11.2587 3.1 -1.9768 
v 11.256 3.05 -1.98672 
v 11.2303 3.09228 -2.0768 
v 11.2292 3.1 -2.08672 
v 11.2218 3.05 -2.09412 
v 11.1546 3.09228 -2.1593 
v 11.1486 3.1 -2.16733 
v 11.1387 3.05 -2.17 
v 11.048 3.09228 -2.19271 
v 11.0387 3.1 -2.1968 
v 11.0288 3.05 -2.19412 
v 10.9387 3.09228 -2.16843 
v 10.9288 3.1 -2.16733 
v 10.9214 3.05 -2.15993 
v 10.8562 3.09228 -2.09271 
v 10.8482 3.1 -2.08672 
v 10.8455 3.05 -2.0768 
v 10.8228 3.09228 -1.98609 
v 10.8187 3.1 -1.9768 
v 10.8214 3.05 -1.96688 
v 10.8471 3.09228 -1.8768 
v 10.8482 3.1 -1.86688 
v 10.8556 3.05 -1.85948 
v 10.9228 3.09228 -1.7943 
v 10.9288 3.1 -1.78627 
v 10.9387 3.05 -1.7836 
v 11.0294 3.09228 -1.76089 
v 11.0387 3.1 -1.7968 
v 11.1387 3.1 -1.8236 
v 11.2119 3.1 -1.8968 
v 11.2387 3.1 -1.9968 
v 11.2119 3.1 -2.0968 
v 11.1387 3.1 -2.17 
v 11.0387 3.1 -2.1968 
v 10.9387 3.1 -2.17 
v 10.8655 3.1 -2.0968 
v 10.8387 3.1 -1.9968 
v 10.8655 3.1 -1.8968 
v 10.9387 3.1 -1.8236 
v 11.0387 3.20457 -1.80727 
v 11.0485 3.10457 -1.75995 
v 11.1137 3.20898 -1.82894 
v 11.1477 3.10898 -1.78816 
v 11.1235 3.20457 -1.83005 
v 11.1555 3.10457 -1.79383 
v 11.1776 3.20898 -1.88637 
v 11.2273 3.10898 -1.86782 
v 11.1855 3.20457 -1.89204 
v 11.2314 3.10457 -1.8768 
v 11.2041 3.20898 -1.96782 
v 11.2566 3.10898 -1.9768 
v 11.2082 3.20457 -1.9768 
v 11.2555 3.10457 -1.98656 
v 11.1866 3.20898 -2.0518 
v 11.2273 3.10898 -2.08578 
v 11.1855 3.20457 -2.06156 
v 11.2217 3.10457 -2.09365 
v 11.1291 3.20898 -2.11568 
v 11.1477 3.10898 -2.16544 
v 11.1235 3.20457 -2.12355 
v 11.1387 3.10457 -2.16953 
v 11.0477 3.20898 -2.14223 
v 11.0387 3.10898 -2.19475 
v 11.0387 3.20457 -2.14633 
v 11.0289 3.10457 -2.19365 
v 10.9637 3.20898 -2.12466 
v 10.9297 3.10898 -2.16544 
v 10.9539 3.20457 -2.12355 
v 10.9218 3.10457 -2.15977 
v 10.8998 3.20898 -2.06723 
v 10.8501 3.10898 -2.08578 
v 10.8919 3.20457 -2.06156 
v 10.846 3.10457 -2.0768 
v 10.8733 3.20898 -1.98578 
v 10.8207 3.10898 -1.9768 
v 10.8692 3.20457 -1.9768 
v 10.8218 3.10457 -1.96704 
v 10.8908 3.20898 -1.9018 
v 10.8501 3.10898 -1.86782 
v 10.8919 3.20457 -1.89204 
v 10.8557 3.10457 -1.85995 
v 10.9483 3.20898 -1.83792 
v 10.9297 3.10898 -1.78816 
v 10.9539 3.20457 -1.83005 
v 10.9387 3.10457 -1.78407 
v 11.0297 3.20898 -1.81137 
v 11.0387 3.10898 -1.75885 
v 11.1137 4.00457 -1.82737 
v 11.0483 3.20535 -1.81011 
v 11.0387 4.00535 -1.80759 
v 11.1784 4.00457 -1.88495 
v 11.1304 3.20535 -1.83729 
v 11.1233 4.00535 -1.8302 
v 11.2055 4.00457 -1.96704 
v 11.1878 3.20535 -1.9018 
v 11.1853 4.00535 -1.89219 
v 11.1881 4.00457 -2.0518 
v 11.2054 3.20535 -1.98641 
v 11.2079 4.00535 -1.9768 
v 11.1305 4.00457 -2.11647 
v 11.1782 3.20535 -2.06849 
v 11.1853 4.00535 -2.06141 
v 11.0485 4.00457 -2.14365 
v 11.1137 3.20535 -2.12592 
v 11.1233 4.00535 -2.1234 
v 10.9637 4.00457 -2.12623 
v 11.0291 3.20535 -2.14349 
v 11.0387 4.00535 -2.14601 
v 10.899 4.00457 -2.06865 
v 10.947 3.20535 -2.11631 
v 10.9541 4.00535 -2.1234 
v 10.8718 4.00457 -1.98656 
v 10.8896 3.20535 -2.0518 
v 10.8921 4.00535 -2.06141 
v 10.8893 4.00457 -1.9018 
v 10.872 3.20535 -1.96719 
v 10.8695 4.00535 -1.9768 
v 10.9468 4.00457 -1.83713 
v 10.8992 3.20535 -1.88511 
v 10.8921 4.00535 -1.89219 
v 11.0289 4.00457 -1.80995 
v 10.9637 3.20535 -1.82768 
v 10.9541 4.00535 -1.8302 
v 11.0387 0.9 -1.9968 
v 11.0195 4.00583 -1.9768 
v 11.019 4.00362 -1.8268 
v 11.0345 4.05583 -1.92082 
v 11.034 4.05362 -1.86082 
v 11.1302 4.00583 -1.8565 
v 11.0557 4.00362 -1.98656 
v 11.1002 4.05583 -1.87846 
v 11.0707 4.05362 -1.93058 
v 11.1186 4.00661 -1.82863 
v 11.0633 4.05535 -1.84413 
v 11.0886 4.05661 -1.85059 
v 11.0222 4.00583 -1.96719 
v 11.0967 4.00362 -1.83713 
v 11.0631 4.05583 -1.92621 
v 11.0927 4.05362 -1.87409 
v 11.1782 4.00583 -1.91834 
v 11.0485 4.00362 -1.99381 
v 11.1412 4.05583 -1.92235 
v 11.0894 4.05362 -1.95283 
v 11.182 4.00661 -1.88841 
v 11.1264 4.05535 -1.87425 
v 11.145 4.05661 -1.89243 
v 11.0291 4.00583 -1.96026 
v 11.1588 4.00362 -1.88479 
v 11.0851 4.05583 -1.94526 
v 11.1369 4.05362 -1.91479 
v 11.1887 4.00583 -1.99601 
v 11.0387 4.00362 -1.99648 
v 11.1547 4.05583 -1.98101 
v 11.0947 4.05362 -1.98149 
v 11.207 4.00661 -1.97192 
v 11.1659 4.05535 -1.9318 
v 11.1729 4.05661 -1.95692 
v 11.0387 4.00583 -1.95759 
v 11.1887 4.00362 -1.95711 
v 11.0947 4.05583 -1.97259 
v 11.1547 4.05362 -1.97211 
v 11.159 4.00583 -2.06834 
v 11.0289 4.00362 -1.99381 
v 11.137 4.05583 -2.03834 
v 11.0849 4.05362 -2.00881 
v 11.1869 4.00661 -2.05668 
v 11.1714 4.05535 -2.00141 
v 11.1649 4.05661 -2.02668 
v 11.0483 4.00583 -1.96026 
v 11.1784 4.00362 -2.03479 
v 11.0893 4.05583 -2.00125 
v 11.1414 4.05362 -2.03077 
v 11.0972 4.00583 -2.11631 
v 11.0217 4.00362 -1.98656 
v 11.0931 4.05583 -2.07935 
v 11.0627 4.05362 -2.02754 
v 11.1271 4.00661 -2.12009 
v 11.1412 4.05535 -2.06447 
v 11.1231 4.05661 -2.08313 
v 11.0552 4.00583 -1.96719 
v 11.1307 4.00362 -2.09694 
v 11.0702 4.05583 -2.02317 
v 11.1007 4.05362 -2.07498 
v 11.0195 4.00583 -2.1268 
v 11.019 4.00362 -1.9768 
v 11.0345 4.05583 -2.09278 
v 11.034 4.05362 -2.03278 
v 11.0436 4.00661 -2.14507 
v 11.0837 4.05535 -2.10395 
v 11.0586 4.05661 -2.11105 
v 11.0579 4.00583 -1.9768 
v 11.0584 4.00362 -2.1268 
v 11.0429 4.05583 -2.03278 
v 11.0434 4.05362 -2.09278 
v 10.9472 4.00583 -2.0971 
v 11.0217 4.00362 -1.96704 
v 10.9772 4.05583 -2.07514 
v 11.0067 4.05362 -2.02302 
v 10.9588 4.00661 -2.12497 
v 11.0141 4.05535 -2.10947 
v 10.9888 4.05661 -2.10301 
v 11.0552 4.00583 -1.98641 
v 10.9807 4.00362 -2.11647 
v 11.0143 4.05583 -2.02739 
v 10.9847 4.05362 -2.07951 
v 10.8992 4.00583 -2.03526 
v 11.0289 4.00362 -1.95979 
v 10.9361 4.05583 -2.03125 
v 10.988 4.05362 -2.00077 
v 10.8954 4.00661 -2.06519 
v 10.951 4.05535 -2.07935 
v 10.9324 4.05661 -2.06117 
v 11.0483 4.00583 -1.99334 
v 10.9186 4.00362 -2.06881 
v 10.9923 4.05583 -2.00834 
v 10.9405 4.05362 -2.03881 
v 10.8887 4.00583 -1.95759 
v 11.0387 4.00362 -1.95711 
v 10.9227 4.05583 -1.97259 
v 10.9827 4.05362 -1.97211 
v 10.8704 4.00661 -1.98168 
v 10.9115 4.05535 -2.0218 
v 10.9044 4.05661 -1.99668 
v 11.0387 4.00583 -1.99601 
v 10.8887 4.00362 -1.99648 
v 10.9827 4.05583 -1.98101 
v 10.9227 4.05362 -1.98149 
v 10.9184 4.00583 -1.88526 
v 11.0485 4.00362 -1.95979 
v 10.9404 4.05583 -1.91526 
v 10.9925 4.05362 -1.94479 
v 10.8905 4.00661 -1.89692 
v 10.906 4.05535 -1.95219 
v 10.9125 4.05661 -1.92692 
v 11.0291 4.00583 -1.99334 
v 10.899 4.00362 -1.91881 
v 10.9881 4.05583 -1.95235 
v 10.936 4.05362 -1.92283 
v 10.9802 4.00583 -1.83729 
v 11.0557 4.00362 -1.96704 
v 10.9843 4.05583 -1.87425 
v 11.0147 4.05362 -1.92606 
v 10.9503 4.00661 -1.83351 
v 10.9361 4.05535 -1.88913 
v 10.9543 4.05661 -1.87047 
v 11.0222 4.00583 -1.98641 
v 10.9467 4.00362 -1.85666 
v 11.0072 4.05583 -1.93043 
v 10.9767 4.05362 -1.87862 
v 11.0579 4.00583 -1.8268 
v 11.0584 4.00362 -1.9768 
v 11.0429 4.05583 -1.86082 
v 11.0434 4.05362 -1.92082 
v 11.0338 4.00661 -1.80853 
v 10.9937 4.05535 -1.84965 
v 11.0188 4.05661 -1.84255 
v 11.034 4.05362 -1.92082 
v 11.0337 4.05157 -1.86082 
v 11.038 4.10362 -1.90589 
v 11.0377 4.10157 -1.86989 
v 11.1007 4.05362 -1.87862 
v 11.071 4.05157 -1.93074 
v 11.0927 4.10362 -1.88448 
v 11.075 4.10157 -1.91581 
v 11.0586 4.05661 -1.84255 
v 11.0887 4.05299 -1.8498 
v 11.0626 4.10661 -1.85162 
v 11.0807 4.10299 -1.85566 
v 11.0757 4.12 -1.87471 
v 11.0577 4.12 -1.90589 
v 11.0577 4.12 -1.86989 
v 11.0627 4.05362 -1.92606 
v 11.0924 4.05157 -1.87394 
v 11.0736 4.10362 -1.91513 
v 11.0913 4.10157 -1.88379 
v 11.1414 4.05362 -1.92283 
v 11.0896 4.05157 -1.95314 
v 11.1315 4.10362 -1.9239 
v 11.1005 4.10157 -1.94221 
v 11.1231 4.05661 -1.87047 
v 11.1457 4.05299 -1.8918 
v 11.122 4.10661 -1.88033 
v 11.1358 4.10299 -1.89288 
v 11.1218 4.12 -1.90689 
v 11.0906 4.12 -1.92489 
v 11.1086 4.12 -1.89371 
v 11.0849 4.05362 -1.94479 
v 11.1367 4.05157 -1.91448 
v 11.0998 4.10362 -1.94079 
v 11.1309 4.10157 -1.92248 
v 11.1547 4.05362 -1.98149 
v 11.0947 4.05157 -1.9818 
v 11.1456 4.10362 -1.97748 
v 11.1096 4.10157 -1.9778 
v 11.1649 4.05661 -1.92692 
v 11.1737 4.05299 -1.95676 
v 11.1591 4.10661 -1.93492 
v 11.1647 4.10299 -1.95276 
v 11.1456 4.12 -1.9578 
v 11.1096 4.12 -1.9578 
v 11.1408 4.12 -1.9398 
v 11.0947 4.05362 -1.97211 
v 11.1547 4.05157 -1.9718 
v 11.1096 4.10362 -1.97611 
v 11.1456 4.10157 -1.9758 
v 11.1369 4.05362 -2.03881 
v 11.0848 4.05157 -2.00912 
v 11.131 4.10362 -2.03081 
v 11.0997 4.10157 -2.01312 
v 11.1729 4.05661 -1.99668 
v 11.1657 4.05299 -2.02684 
v 11.1639 4.10661 -2.00068 
v 11.1598 4.10299 -2.01884 
v 11.1408 4.12 -2.0138 
v 11.1096 4.12 -1.9958 
v 11.1456 4.12 -1.9958 
v 11.0894 4.05362 -2.00077 
v 11.1416 4.05157 -2.03046 
v 11.1004 4.10362 -2.0117 
v 11.1317 4.10157 -2.02939 
v 11.0927 4.05362 -2.07951 
v 11.0624 4.05157 -2.0277 
v 11.0916 4.10362 -2.06965 
v 11.0733 4.10157 -2.03863 
v 11.145 4.05661 -2.06117 
v 11.1237 4.05299 -2.08376 
v 11.1352 4.10661 -2.06009 
v 11.1226 4.10299 -2.0739 
v 11.1086 4.12 -2.05989 
v 11.0906 4.12 -2.02871 
v 11.1218 4.12 -2.04671 
v 11.0707 4.05362 -2.02302 
v 11.101 4.05157 -2.07482 
v 11.0747 4.10362 -2.03795 
v 11.093 4.10157 -2.06896 
v 11.034 4.05362 -2.09278 
v 11.0337 4.05157 -2.03278 
v 11.038 4.10362 -2.08371 
v 11.0377 4.10157 -2.04771 
v 11.0886 4.05661 -2.10301 
v 11.0587 4.05299 -2.11184 
v 11.0806 4.10661 -2.09715 
v 11.0627 4.10299 -2.10276 
v 11.0577 4.12 -2.08371 
v 11.0577 4.12 -2.04771 
v 11.0757 4.12 -2.07889 
v 11.0434 4.05362 -2.03278 
v 11.0437 4.05157 -2.09278 
v 11.0394 4.10362 -2.04771 
v 11.0397 4.10157 -2.08371 
v 10.9767 4.05362 -2.07498 
v 11.0064 4.05157 -2.02286 
v 10.9847 4.10362 -2.06912 
v 11.0024 4.10157 -2.03779 
v 11.0188 4.05661 -2.11105 
v 10.9887 4.05299 -2.1038 
v 11.0148 4.10661 -2.10198 
v 10.9967 4.10299 -2.09794 
v 11.0017 4.12 -2.07889 
v 11.0197 4.12 -2.04771 
v 11.0197 4.12 -2.08371 
v 11.0147 4.05362 -2.02754 
v 10.985 4.05157 -2.07966 
v 11.0038 4.10362 -2.03847 
v 10.9861 4.10157 -2.06981 
v 10.936 4.05362 -2.03077 
v 10.9878 4.05157 -2.00046 
v 10.9458 4.10362 -2.0297 
v 10.9769 4.10157 -2.01139 
v 10.9543 4.05661 -2.08313 
v 10.9317 4.05299 -2.0618 
v 10.9554 4.10661 -2.07327 
v 10.9416 4.10299 -2.06072 
v 10.9556 4.12 -2.04671 
v 10.9868 4.12 -2.02871 
v 10.9688 4.12 -2.05989 
v 10.9925 4.05362 -2.00881 
v 10.9407 4.05157 -2.03912 
v 10.9776 4.10362 -2.01281 
v 10.9465 4.10157 -2.03112 
v 10.9227 4.05362 -1.97211 
v 10.9827 4.05157 -1.9718 
v 10.9318 4.10362 -1.97611 
v 10.9678 4.10157 -1.9758 
v 10.9125 4.05661 -2.02668 
v 10.9037 4.05299 -1.99684 
v 10.9183 4.10661 -2.01868 
v 10.9127 4.10299 -2.00084 
v 10.9318 4.12 -1.9958 
v 10.9678 4.12 -1.9958 
v 10.9366 4.12 -2.0138 
v 10.9827 4.05362 -1.98149 
v 10.9227 4.05157 -1.9818 
v 10.9678 4.10362 -1.97749 
v 10.9318 4.10157 -1.9778 
v 10.9405 4.05362 -1.91479 
v 10.9926 4.05157 -1.94448 
v 10.9464 4.10362 -1.92279 
v 10.9777 4.10157 -1.94048 
v 10.9044 4.05661 -1.95692 
v 10.9117 4.05299 -1.92676 
v 10.9135 4.10661 -1.95292 
v 10.9176 4.10299 -1.93476 
v 10.9366 4.12 -1.9398 
v 10.9678 4.12 -1.9578 
v 10.9318 4.12 -1.9578 
v 10.988 4.05362 -1.95283 
v 10.9358 4.05157 -1.92314 
v 10.977 4.10362 -1.9419 
v 10.9457 4.10157 -1.92421 
v 10.9847 4.05362 -1.87409 
v 11.015 4.05157 -1.9259 
v 10.9858 4.10362 -1.88395 
v 11.0041 4.10157 -1.91497 
v 10.9324 4.05661 -1.89243 
v 10.9537 4.05299 -1.86984 
v 10.9422 4.10661 -1.89351 
v 10.9548 4.10299 -1.8797 
v 10.9688 4.12 -1.89371 
v 10.9868 4.12 -1.92489 
v 10.9556 4.12 -1.90689 
v 11.0067 4.05362 -1.93058 
v 10.9764 4.05157 -1.87878 
v 11.0027 4.10362 -1.91565 
v 10.9844 4.10157 -1.88464 
v 11.0434 4.05362 -1.86082 
v 11.0437 4.05157 -1.92082 
v 11.0394 4.10362 -1.86989 
v 11.0397 4.10157 -1.90589 
v 10.9888 4.05661 -1.85059 
v 11.0187 4.05299 -1.84176 
v 10.9968 4.10661 -1.85645 
v 11.0147 4.10299 -1.85084 
v 11.0197 4.12 -1.86989 
v 11.0197 4.12 -1.90589 
v 11.0017 4.12 -1.87471 

vn 0 1 0 
vn 0 0.866142 -0.496063 
vn 0 1 0 
vn 0 0.866142 -0.496063 
vn 0 0.496063 -0.866142 
vn 0 0.496063 -0.866142 
vn 0 0 -1 
vn 0 0 -1 
vn 0 -0.496063 -0.866142 
vn 0 -0.496063 -0.866142 
vn 0 -0.866142 -0.496063 
vn 0 -0.866142 -0.496063 
vn 0 -1 0 
vn 0 -1 0 
vn 0 -0.866142 0.496063 
vn 0 -0.866142 0.496063 
vn 0 -0.496063 0.866142 
vn 0 -0.496063 0.866142 
vn 0 0 1 
vn 0 0 1 
vn 0 0.496063 0.866142 
vn 0 0.496063 0.866142 
vn 0 0.866142 0.496063 
vn 0 0.866142 0.496063 
vn 0 0 -1 
vn 0 0 -1 
vn 0 0 -1 
vn 0 0 -1 
vn 0 0 -1 
vn 0 0 -1 
vn 0 0 -1 
vn 0 0 -1 
vn 0 0 -1 
vn 0 0 -1 
vn 0 0 -1 
vn 0 0 -1 
vn -0.181102 0.984252 0 
vn -0.181102 0.850394 -0.488189 
vn -0.19685 0.984252 0 
vn -0.19685 0.850394 -0.488189 
vn -0.181102 0.850394 -0.488189 
vn -0.181102 0.488189 -0.850394 
vn -0.19685 0.850394 -0.488189 
vn -0.19685 0.488189 -0.850394 
vn -0.181102 0 -0.984252 
vn -0.19685 0 -0.984252 
vn -0.181102 -0.488189 -0.850394 
vn -0.19685 -0.488189 -0.850394 
vn -0.181102 -0.850394 -0.488189 
vn -0.19685 -0.850394 -0.488189 
vn -0.181102 -0.984252 0 
vn -0.19685 -0.984252 0 
vn -0.181102 -0.850394 0.488189 
vn -0.19685 -0.850394 0.488189 
vn -0.181102 -0.488189 0.850394 
vn -0.19685 -0.488189 0.850394 
vn -0.181102 0 0.984252 
vn -0.19685 0 0.984252 
vn -0.181102 0.488189 0.850394 
vn -0.19685 0.488189 0.850394 
vn -0.181102 0.850394 0.488189 
vn -0.19685 0.850394 0.488189 
vn -0.181102 0.850394 0.488189 
vn -0.19685 0.850394 0.488189 
vn -0.165354 0.984252 0 
vn -0.165354 0.858268 -0.496063 
vn -0.181102 0.984252 0 
vn -0.165354 0.496063 -0.858268 
vn -0.165354 0 -0.984252 
vn -0.165354 -0.496063 -0.858268 
vn -0.165354 -0.858268 -0.496063 
vn -0.165354 -0.984252 0 
vn -0.165354 -0.858268 0.496063 
vn -0.165354 -0.496063 0.858268 
vn -0.165354 0 0.984252 
vn -0.165354 0.496063 0.858268 
vn -0.165354 0.858268 0.496063 
vn 1 0 0 
vn 1 0 0 
vn 1 0 0 
vn 1 0 0 
vn 1 0 0 
vn 1 0 0 
vn 1 0 0 
vn 1 0 0 
vn 1 0 0 
vn 1 0 0 
vn 1 0 0 
vn 1 0 0 
vn 1 0 0 
vn 1 0 0 
vn 1 0 0 
vn 1 0 0 
vn 1 0 0 
vn 1 0 0 
vn 1 0 0 
vn 1 0 0 
vn 1 0 0 
vn 1 0 0 
vn 1 0 0 
vn 1 0 0 
vn 1 0 0 
vn 1 0 0 
vn 1 0 0 
vn 1 0 0 
vn 1 0 0 
vn 1 0 0 
vn 1 0 0 
vn 1 0 0 
vn 1 0 0 
vn 1 0 0 
vn 1 0 0 
vn 1 0 0 
vn 0.385827 0.92126 0 
vn 0.385827 0.795276 -0.464567 
vn 0.708661 0.708661 0 
vn 0.708661 0.614173 -0.354331 
vn 0.385827 0.464567 -0.795276 
vn 0.708661 0.354331 -0.614173 
vn 0.385827 0 -0.92126 
vn 0.708661 0 -0.708661 
vn 0.385827 -0.464567 -0.795276 
vn 0.708661 -0.354331 -0.614173 
vn 0.385827 -0.795276 -0.464567 
vn 0.708661 -0.614173 -0.354331 
vn 0.385827 -0.92126 0 
vn 0.708661 -0.708661 0 
vn 0.385827 -0.795276 0.464567 
vn 0.708661 -0.614173 0.354331 
vn 0.385827 -0.464567 0.795276 
vn 0.708661 -0.354331 0.614173 
vn 0.385827 0 0.92126 
vn 0.708661 0 0.708661 
vn 0.385827 0.464567 0.795276 
vn 0.708661 0.354331 0.614173 
vn 0.385827 0.795276 0.464567 
vn 0.708661 0.614173 0.354331 
vn -0.385827 0.92126 0 
vn -0.385827 0.795276 -0.464567 
vn -0.385827 0.464567 -0.795276 
vn -0.385827 0 -0.92126 
vn -0.385827 -0.464567 -0.795276 
vn -0.385827 -0.795276 -0.464567 
vn -0.385827 -0.92126 0 
vn -0.385827 -0.795276 0.464567 
vn -0.385827 -0.464567 0.795276 
vn -0.385827 0 0.92126 
vn -0.385827 0.464567 0.795276 
vn -0.385827 0.795276 0.464567 
vn -0.708661 0.614173 -0.354331 
vn -0.708661 0.708661 0 
vn -0.708661 0.354331 -0.614173 
vn -0.708661 0 -0.708661 
vn -0.708661 -0.354331 -0.614173 
vn -0.708661 -0.614173 -0.354331 
vn -0.708661 -0.708661 0 
vn -0.708661 -0.614173 0.354331 
vn -0.708661 -0.354331 0.614173 
vn -0.708661 0 0.708661 
vn -0.708661 0.354331 0.614173 
vn -0.708661 0.614173 0.354331 
vn -1 0 0 
vn -1 0 0 
vn -1 0 0 
vn -1 0 0 
vn -1 0 0 
vn -1 0 0 
vn -1 0 0 
vn -1 0 0 
vn -1 0 0 
vn -1 0 0 
vn -1 0 0 
vn -1 0 0 
vn -1 0 0 
vn 0 1 0 
vn 0 0.866142 0.496063 
vn 0 1 0 
vn 0 0.866142 0.496063 
vn 0 0.866142 0.496063 
vn 0 0.496063 0.866142 
vn 0 0.866142 0.496063 
vn 0 0.496063 0.866142 
vn 0 0 1 
vn 0 0 1 
vn 0 -0.496063 0.866142 
vn 0 -0.496063 0.866142 
vn 0 -0.866142 0.496063 
vn 0 -0.866142 0.496063 
vn 0 -1 0 
vn 0 -1 0 
vn 0 -0.866142 -0.496063 
vn 0 -0.866142 -0.496063 
vn 0 -0.496063 -0.866142 
vn 0 -0.496063 -0.866142 
vn 0 0 -1 
vn 0 0 -1 
vn 0 0.496063 -0.866142 
vn 0 0.496063 -0.866142 
vn 0 0.496063 -0.866142 
vn 0 0.866142 -0.496063 
vn 0 0.496063 -0.866142 
vn 0 0.866142 -0.496063 
vn 0 0 -1 
vn 0 0 -1 
vn 0 0 -1 
vn 0 0 -1 
vn 0 0 -1 
vn 0 0 -1 
vn 0 0 -1 
vn 0 0 -1 
vn 0 0 -1 
vn 0 0 -1 
vn 0 0 -1 
vn 0 0 -1 
vn 0.181102 0.984252 0 
vn 0.181102 0.850394 0.488189 
vn 0.19685 0.984252 0 
vn 0.19685 0.850394 0.488189 
vn 0.181102 0.850394 0.488189 
vn 0.181102 0.488189 0.850394 
vn 0.19685 0.850394 0.488189 
vn 0.19685 0.488189 0.850394 
vn 0.181102 0 0.984252 
vn 0.19685 0 0.984252 
vn 0.181102 -0.488189 0.850394 
vn 0.19685 -0.488189 0.850394 
vn 0.181102 -0.850394 0.488189 
vn 0.19685 -0.850394 0.488189 
vn 0.181102 -0.984252 0 
vn 0.19685 -0.984252 0 
vn 0.181102 -0.850394 -0.488189 
vn 0.19685 -0.850394 -0.488189 
vn 0.181102 -0.488189 -0.850394 
vn 0.19685 -0.488189 -0.850394 
vn 0.181102 0 -0.984252 
vn 0.19685 0 -0.984252 
vn 0.181102 0.488189 -0.850394 
vn 0.19685 0.488189 -0.850394 
vn 0.181102 0.850394 -0.488189 
vn 0.19685 0.850394 -0.488189 
vn 0.181102 0.850394 -0.488189 
vn 0.19685 0.850394 -0.488189 
vn 0.165354 0.984252 0 
vn 0.165354 0.858268 0.496063 
vn 0.181102 0.984252 0 
vn 0.165354 0.496063 0.858268 
vn 0.165354 0 0.984252 
vn 0.165354 -0.496063 0.858268 
vn 0.165354 -0.858268 0.496063 
vn 0.165354 -0.984252 0 
vn 0.165354 -0.858268 -0.496063 
vn 0.165354 -0.496063 -0.858268 
vn 0.165354 0 -0.984252 
vn 0.165354 0.496063 -0.858268 
vn 0.165354 0.858268 -0.496063 
vn -1 0 0 
vn -1 0 0 
vn -1 0 0 
vn -1 0 0 
vn -1 0 0 
vn -1 0 0 
vn -1 0 0 
vn -1 0 0 
vn -1 0 0 
vn -1 0 0 
vn -1 0 0 
vn -1 0 0 
vn -1 0 0 
vn -1 0 0 
vn -1 0 0 
vn -1 0 0 
vn -1 0 0 
vn -1 0 0 
vn -1 0 0 
vn -1 0 0 
vn -1 0 0 
vn -1 0 0 
vn -1 0 0 
vn -1 0 0 
vn -1 0 0 
vn -1 0 0 
vn -1 0 0 
vn -1 0 0 
vn -1 0 0 
vn -1 0 0 
vn -1 0 0 
vn -1 0 0 
vn -1 0 0 
vn -1 0 0 
vn -1 0 0 
vn -1 0 0 
vn -0.385827 0.92126 0 
vn -0.385827 0.795276 0.464567 
vn -0.708661 0.708661 0 
vn -0.708661 0.614173 0.354331 
vn -0.385827 0.464567 0.795276 
vn -0.708661 0.354331 0.614173 
vn -0.385827 0 0.92126 
vn -0.708661 0 0.708661 
vn -0.385827 -0.464567 0.795276 
vn -0.708661 -0.354331 0.614173 
vn -0.385827 -0.795276 0.464567 
vn -0.708661 -0.614173 0.354331 
vn -0.385827 -0.92126 0 
vn -0.708661 -0.708661 0 
vn -0.385827 -0.795276 -0.464567 
vn -0.708661 -0.614173 -0.354331 
vn -0.385827 -0.464567 -0.795276 
vn -0.708661 -0.354331 -0.614173 
vn -0.385827 0 -0.92126 
vn -0.708661 0 -0.708661 
vn -0.385827 0.464567 -0.795276 
vn -0.708661 0.354331 -0.614173 
vn -0.385827 0.795276 -0.464567 
vn -0.708661 0.614173 -0.354331 
vn 0.385827 0.92126 0 
vn 0.385827 0.795276 0.464567 
vn 0.385827 0.464567 0.795276 
vn 0.385827 0 0.92126 
vn 0.385827 -0.464567 0.795276 
vn 0.385827 -0.795276 0.464567 
vn 0.385827 -0.92126 0 
vn 0.385827 -0.795276 -0.464567 
vn 0.385827 -0.464567 -0.795276 
vn 0.385827 0 -0.92126 
vn 0.385827 0.464567 -0.795276 
vn 0.385827 0.795276 -0.464567 
vn 0.708661 0.614173 0.354331 
vn 0.708661 0.708661 0 
vn 0.708661 0.354331 0.614173 
vn 0.708661 0 0.708661 
vn 0.708661 -0.354331 0.614173 
vn 0.708661 -0.614173 0.354331 
vn 0.708661 -0.708661 0 
vn 0.708661 -0.614173 -0.354331 
vn 0.708661 -0.354331 -0.614173 
vn 0.708661 0 -0.708661 
vn 0.708661 0.354331 -0.614173 
vn 0.708661 0.614173 -0.354331 
vn 1 0 0 
vn 1 0 0 
vn 1 0 0 
vn 1 0 0 
vn 1 0 0 
vn 1 0 0 
vn 1 0 0 
vn 1 0 0 
vn 1 0 0 
vn 1 0 0 
vn 1 0 0 
vn 1 0 0 
vn 1 0 0 
vn -0.976378 0 -0.228346 
vn -0.976378 0.11811 -0.19685 
vn -0.976378 0 -0.228346 
vn -0.976378 0.11811 -0.19685 
vn -0.976378 0.11811 -0.19685 
vn -0.976378 0.19685 -0.11811 
vn -0.976378 0.11811 -0.19685 
vn -0.976378 0.19685 -0.11811 
vn -0.976378 0.19685 -0.11811 
vn -0.976378 0.228346 0 
vn -0.976378 0.19685 -0.11811 
vn -0.976378 0.228346 0 
vn -0.976378 0.228346 0 
vn -0.976378 0.19685 0.11811 
vn -0.976378 0.228346 0 
vn -0.976378 0.19685 0.11811 
vn -0.976378 0.19685 0.11811 
vn -0.976378 0.11811 0.19685 
vn -0.976378 0.19685 0.11811 
vn -0.976378 0.11811 0.19685 
vn -0.976378 0.11811 0.19685 
vn -0.976378 0 0.228346 
vn -0.976378 0.11811 0.19685 
vn -0.976378 0 0.228346 
vn -0.976378 0 0.228346 
vn -0.976378 -0.11811 0.19685 
vn -0.976378 0 0.228346 
vn -0.976378 -0.11811 0.19685 
vn -0.976378 -0.11811 0.19685 
vn -0.976378 -0.19685 0.11811 
vn -0.976378 -0.11811 0.19685 
vn -0.976378 -0.19685 0.11811 
vn -0.976378 -0.19685 0.11811 
vn -0.976378 -0.228346 0 
vn -0.976378 -0.19685 0.11811 
vn -0.976378 -0.228346 0 
vn -0.976378 -0.228346 0 
vn -0.976378 -0.19685 -0.11811 
vn -0.976378 -0.228346 0 
vn -0.976378 -0.19685 -0.11811 
vn -0.976378 -0.19685 -0.11811 
vn -0.976378 -0.11811 -0.19685 
vn -0.976378 -0.19685 -0.11811 
vn -0.976378 -0.11811 -0.19685 
vn -0.976378 -0.11811 -0.19685 
vn -0.976378 0 -0.228346 
vn -0.976378 -0.11811 -0.19685 
vn -0.976378 0 -0.228346 
vn -1 0 0 
vn -1 0 0 
vn -0.976378 0 -0.228346 
vn -0.976378 0.11811 -0.19685 
vn -1 0 0 
vn -1 0 0 
vn -0.976378 0.11811 -0.19685 
vn -1 0 0 
vn -1 0 0 
vn -0.976378 0.19685 -0.11811 
vn -1 0 0 
vn -1 0 0 
vn -0.976378 0.228346 0 
vn -0.976378 0.19685 0.11811 
vn -1 0 0 
vn -1 0 0 
vn -0.976378 0.19685 0.11811 
vn -0.976378 0.11811 0.19685 
vn -1 0 0 
vn -1 0 0 
vn -0.976378 0.11811 0.19685 
vn -0.976378 0 0.228346 
vn -1 0 0 
vn -1 0 0 
vn -0.976378 0 0.228346 
vn -0.976378 -0.11811 0.19685 
vn -1 0 0 
vn -1 0 0 
vn -0.976378 -0.11811 0.19685 
vn -0.976378 -0.19685 0.11811 
vn -1 0 0 
vn -1 0 0 
vn -0.976378 -0.19685 0.11811 
vn -0.976378 -0.228346 0 
vn -1 0 0 
vn -1 0 0 
vn -0.976378 -0.228346 0 
vn -0.976378 -0.19685 -0.11811 
vn -1 0 0 
vn -1 0 0 
vn -0.976378 -0.19685 -0.11811 
vn -0.976378 -0.11811 -0.19685 
vn -1 0 0 
vn -1 0 0 
vn -0.976378 -0.11811 -0.19685 
vn -0.976378 0 -0.228346 
vn -0.385827 0 0.92126 
vn -0.385827 -0.464567 0.795276 
vn -0.708661 0 0.708661 
vn -0.708661 -0.354331 0.614173 
vn -0.385827 -0.464567 0.795276 
vn -0.385827 -0.795276 0.464567 
vn -0.708661 -0.354331 0.614173 
vn -0.708661 -0.614173 0.354331 
vn -0.385827 -0.795276 0.464567 
vn -0.385827 -0.92126 0 
vn -0.708661 -0.614173 0.354331 
vn -0.708661 -0.708661 0 
vn -0.385827 -0.92126 0 
vn -0.385827 -0.795276 -0.464567 
vn -0.708661 -0.708661 0 
vn -0.708661 -0.614173 -0.354331 
vn -0.385827 -0.795276 -0.464567 
vn -0.385827 -0.464567 -0.795276 
vn -0.708661 -0.614173 -0.354331 
vn -0.708661 -0.354331 -0.614173 
vn -0.385827 -0.464567 -0.795276 
vn -0.385827 0 -0.92126 
vn -0.708661 -0.354331 -0.614173 
vn -0.708661 0 -0.708661 
vn -0.385827 0 -0.92126 
vn -0.385827 0.464567 -0.795276 
vn -0.708661 0 -0.708661 
vn -0.708661 0.354331 -0.614173 
vn -0.385827 0.464567 -0.795276 
vn -0.385827 0.795276 -0.464567 
vn -0.708661 0.354331 -0.614173 
vn -0.708661 0.614173 -0.354331 
vn -0.385827 0.795276 -0.464567 
vn -0.385827 0.92126 0 
vn -0.708661 0.614173 -0.354331 
vn -0.708661 0.708661 0 
vn -0.385827 0.92126 0 
vn -0.385827 0.795276 0.464567 
vn -0.708661 0.708661 0 
vn -0.708661 0.614173 0.354331 
vn -0.385827 0.795276 0.464567 
vn -0.385827 0.464567 0.795276 
vn -0.708661 0.614173 0.354331 
vn -0.708661 0.354331 0.614173 
vn -0.385827 0.464567 0.795276 
vn -0.385827 0 0.92126 
vn -0.708661 0.354331 0.614173 
vn -0.708661 0 0.708661 
vn 0.228346 0 0.976378 
vn 0.228346 -0.488189 0.84252 
vn -0.385827 0 0.92126 
vn 0.228346 -0.488189 0.84252 
vn 0.228346 -0.84252 0.488189 
vn -0.385827 -0.464567 0.795276 
vn -0.385827 -0.795276 0.464567 
vn 0.228346 -0.84252 0.488189 
vn 0.228346 -0.976378 0 
vn -0.385827 -0.795276 0.464567 
vn 0.228346 -0.976378 0 
vn 0.228346 -0.84252 -0.488189 
vn -0.385827 -0.92126 0 
vn -0.385827 -0.795276 -0.464567 
vn 0.228346 -0.84252 -0.488189 
vn 0.228346 -0.488189 -0.84252 
vn -0.385827 -0.795276 -0.464567 
vn 0.228346 -0.488189 -0.84252 
vn 0.228346 0 -0.976378 
vn -0.385827 -0.464567 -0.795276 
vn 0.228346 0 -0.976378 
vn 0.228346 0.488189 -0.84252 
vn -0.385827 0 -0.92126 
vn 0.228346 0.488189 -0.84252 
vn 0.228346 0.84252 -0.488189 
vn -0.385827 0.464567 -0.795276 
vn 0.228346 0.84252 -0.488189 
vn 0.228346 0.976378 0 
vn -0.385827 0.795276 -0.464567 
vn 0.228346 0.976378 0 
vn 0.228346 0.84252 0.488189 
vn -0.385827 0.92126 0 
vn 0.228346 0.84252 0.488189 
vn 0.228346 0.488189 0.84252 
vn -0.385827 0.795276 0.464567 
vn 0.228346 0.488189 0.84252 
vn 0.228346 0 0.976378 
vn -0.385827 0.464567 0.795276 
vn 0.0393701 0 1 
vn 0.0393701 -0.496063 0.866142 
vn 0.228346 0 0.976378 
vn 0.0393701 -0.496063 0.866142 
vn 0.0393701 -0.866142 0.496063 
vn 0.228346 -0.488189 0.84252 
vn 0.228346 -0.84252 0.488189 
vn 0.0393701 -0.866142 0.496063 
vn 0.0393701 -1 0 
vn 0.228346 -0.84252 0.488189 
vn 0.228346 -0.976378 0 
vn 0.0393701 -1 0 
vn 0.0393701 -0.866142 -0.496063 
vn 0.228346 -0.976378 0 
vn 0.228346 -0.84252 -0.488189 
vn 0.0393701 -0.866142 -0.496063 
vn 0.0393701 -0.496063 -0.866142 
vn 0.228346 -0.84252 -0.488189 
vn 0.0393701 -0.496063 -0.866142 
vn 0.0393701 0 -1 
vn 0.228346 -0.488189 -0.84252 
vn 0.0393701 0 -1 
vn 0.0393701 0.496063 -0.866142 
vn 0.228346 0 -0.976378 
vn 0.0393701 0.496063 -0.866142 
vn 0.0393701 0.866142 -0.496063 
vn 0.228346 0.488189 -0.84252 
vn 0.0393701 0.866142 -0.496063 
vn 0.0393701 1 0 
vn 0.228346 0.84252 -0.488189 
vn 0.0393701 1 0 
vn 0.0393701 0.866142 0.496063 
vn 0.228346 0.976378 0 
vn 0.0393701 0.866142 0.496063 
vn 0.0393701 0.496063 0.866142 
vn 0.228346 0.84252 0.488189 
vn 0.0393701 0.496063 0.866142 
vn 0.0393701 0 1 
vn 0.228346 0.488189 0.84252 
vn -0.228346 0 0.976378 
vn -0.228346 -0.488189 0.84252 
vn -0.0393701 0 1 
vn -0.0393701 -0.496063 0.866142 
vn -0.228346 -0.488189 0.84252 
vn -0.228346 -0.84252 0.488189 
vn -0.0393701 -0.496063 0.866142 
vn -0.0393701 -0.866142 0.496063 
vn -0.228346 -0.84252 0.488189 
vn -0.228346 -0.976378 0 
vn -0.0393701 -0.866142 0.496063 
vn -0.0393701 -1 0 
vn -0.228346 -0.976378 0 
vn -0.228346 -0.84252 -0.488189 
vn -0.0393701 -1 0 
vn -0.0393701 -0.866142 -0.496063 
vn -0.228346 -0.84252 -0.488189 
vn -0.228346 -0.488189 -0.84252 
vn -0.0393701 -0.866142 -0.496063 
vn -0.0393701 -0.496063 -0.866142 
vn -0.228346 -0.488189 -0.84252 
vn -0.228346 0 -0.976378 
vn -0.0393701 -0.496063 -0.866142 
vn -0.0393701 0 -1 
vn -0.228346 0 -0.976378 
vn -0.228346 0.488189 -0.84252 
vn -0.0393701 0 -1 
vn -0.0393701 0.496063 -0.866142 
vn -0.228346 0.488189 -0.84252 
vn -0.228346 0.84252 -0.488189 
vn -0.0393701 0.496063 -0.866142 
vn -0.0393701 0.866142 -0.496063 
vn -0.228346 0.84252 -0.488189 
vn -0.228346 0.976378 0 
vn -0.0393701 0.866142 -0.496063 
vn -0.0393701 1 0 
vn -0.228346 0.976378 0 
vn -0.228346 0.84252 0.488189 
vn -0.0393701 1 0 
vn -0.0393701 0.866142 0.496063 
vn -0.228346 0.84252 0.488189 
vn -0.228346 0.488189 0.84252 
vn -0.0393701 0.866142 0.496063 
vn -0.0393701 0.496063 0.866142 
vn -0.228346 0.488189 0.84252 
vn -0.228346 0 0.976378 
vn -0.0393701 0.496063 0.866142 
vn -0.0393701 0 1 
vn 0.385827 0 0.92126 
vn 0.385827 -0.464567 0.795276 
vn -0.228346 0 0.976378 
vn 0.385827 -0.464567 0.795276 
vn 0.385827 -0.795276 0.464567 
vn -0.228346 -0.488189 0.84252 
vn -0.228346 -0.84252 0.488189 
vn 0.385827 -0.795276 0.464567 
vn 0.385827 -0.92126 0 
vn -0.228346 -0.84252 0.488189 
vn 0.385827 -0.92126 0 
vn 0.385827 -0.795276 -0.464567 
vn -0.228346 -0.976378 0 
vn -0.228346 -0.84252 -0.488189 
vn 0.385827 -0.795276 -0.464567 
vn 0.385827 -0.464567 -0.795276 
vn -0.228346 -0.84252 -0.488189 
vn 0.385827 -0.464567 -0.795276 
vn 0.385827 0 -0.92126 
vn -0.228346 -0.488189 -0.84252 
vn 0.385827 0 -0.92126 
vn 0.385827 0.464567 -0.795276 
vn -0.228346 0 -0.976378 
vn 0.385827 0.464567 -0.795276 
vn 0.385827 0.795276 -0.464567 
vn -0.228346 0.488189 -0.84252 
vn 0.385827 0.795276 -0.464567 
vn 0.385827 0.92126 0 
vn -0.228346 0.84252 -0.488189 
vn 0.385827 0.92126 0 
vn 0.385827 0.795276 0.464567 
vn -0.228346 0.976378 0 
vn 0.385827 0.795276 0.464567 
vn 0.385827 0.464567 0.795276 
vn -0.228346 0.84252 0.488189 
vn 0.385827 0.464567 0.795276 
vn 0.385827 0 0.92126 
vn -0.228346 0.488189 0.84252 
vn 0.708661 0 0.708661 
vn 0.708661 -0.354331 0.614173 
vn 0.385827 0 0.92126 
vn 0.708661 -0.354331 0.614173 
vn 0.708661 -0.614173 0.354331 
vn 0.385827 -0.464567 0.795276 
vn 0.385827 -0.795276 0.464567 
vn 0.708661 -0.614173 0.354331 
vn 0.708661 -0.708661 0 
vn 0.385827 -0.795276 0.464567 
vn 0.708661 -0.708661 0 
vn 0.708661 -0.614173 -0.354331 
vn 0.385827 -0.92126 0 
vn 0.385827 -0.795276 -0.464567 
vn 0.708661 -0.614173 -0.354331 
vn 0.708661 -0.354331 -0.614173 
vn 0.385827 -0.795276 -0.464567 
vn 0.708661 -0.354331 -0.614173 
vn 0.708661 0 -0.708661 
vn 0.385827 -0.464567 -0.795276 
vn 0.708661 0 -0.708661 
vn 0.708661 0.354331 -0.614173 
vn 0.385827 0 -0.92126 
vn 0.708661 0.354331 -0.614173 
vn 0.708661 0.614173 -0.354331 
vn 0.385827 0.464567 -0.795276 
vn 0.708661 0.614173 -0.354331 
vn 0.708661 0.708661 0 
vn 0.385827 0.795276 -0.464567 
vn 0.708661 0.708661 0 
vn 0.708661 0.614173 0.354331 
vn 0.385827 0.92126 0 
vn 0.708661 0.614173 0.354331 
vn 0.708661 0.354331 0.614173 
vn 0.385827 0.795276 0.464567 
vn 0.708661 0.354331 0.614173 
vn 0.708661 0 0.708661 
vn 0.385827 0.464567 0.795276 
vn 0.976378 0 -0.228346 
vn 0.976378 0.11811 -0.19685 
vn 1 0 0 
vn 1 0 0 
vn 0.976378 0.11811 -0.19685 
vn 0.976378 0.19685 -0.11811 
vn 1 0 0 
vn 1 0 0 
vn 0.976378 0.19685 -0.11811 
vn 0.976378 0.228346 0 
vn 1 0 0 
vn 1 0 0 
vn 0.976378 0.228346 0 
vn 0.976378 0.19685 0.11811 
vn 1 0 0 
vn 1 0 0 
vn 0.976378 0.19685 0.11811 
vn 0.976378 0.11811 0.19685 
vn 1 0 0 
vn 1 0 0 
vn 0.976378 0.11811 0.19685 
vn 0.976378 0 0.228346 
vn 1 0 0 
vn 1 0 0 
vn 0.976378 0 0.228346 
vn 0.976378 -0.11811 0.19685 
vn 1 0 0 
vn 1 0 0 
vn 0.976378 -0.11811 0.19685 
vn 0.976378 -0.19685 0.11811 
vn 1 0 0 
vn 1 0 0 
vn 0.976378 -0.19685 0.11811 
vn 0.976378 -0.228346 0 
vn 1 0 0 
vn 1 0 0 
vn 0.976378 -0.228346 0 
vn 0.976378 -0.19685 -0.11811 
vn 1 0 0 
vn 1 0 0 
vn 0.976378 -0.19685 -0.11811 
vn 0.976378 -0.11811 -0.19685 
vn 1 0 0 
vn 1 0 0 
vn 0.976378 -0.11811 -0.19685 
vn 0.976378 0 -0.228346 
vn 1 0 0 
vn 1 0 0 
vn 0.976378 0 -0.228346 
vn 0.976378 0.11811 -0.19685 
vn 0.976378 0 -0.228346 
vn 0.976378 0.11811 -0.19685 
vn 0.976378 0.19685 -0.11811 
vn 0.976378 0.11811 -0.19685 
vn 0.976378 0.19685 -0.11811 
vn 0.976378 0.228346 0 
vn 0.976378 0.19685 -0.11811 
vn 0.976378 0.19685 0.11811 
vn 0.976378 0.228346 0 
vn 0.976378 0.19685 0.11811 
vn 0.976378 0.228346 0 
vn 0.976378 0.19685 0.11811 
vn 0.976378 0.11811 0.19685 
vn 0.976378 0.19685 0.11811 
vn 0.976378 0.11811 0.19685 
vn 0.976378 0 0.228346 
vn 0.976378 0.11811 0.19685 
vn 0.976378 0 0.228346 
vn 0.976378 -0.11811 0.19685 
vn 0.976378 0 0.228346 
vn 0.976378 -0.11811 0.19685 
vn 0.976378 -0.19685 0.11811 
vn 0.976378 -0.11811 0.19685 
vn 0.976378 -0.19685 0.11811 
vn 0.976378 -0.228346 0 
vn 0.976378 -0.19685 0.11811 
vn 0.976378 -0.228346 0 
vn 0.976378 -0.19685 -0.11811 
vn 0.976378 -0.228346 0 
vn 0.976378 -0.19685 -0.11811 
vn 0.976378 -0.11811 -0.19685 
vn 0.976378 -0.19685 -0.11811 
vn 0.976378 -0.11811 -0.19685 
vn 0.976378 0 -0.228346 
vn 0.976378 -0.11811 -0.19685 
vn -0.976378 0.11811 -0.19685 
vn -1 0 0 
vn -0.976378 0.19685 -0.11811 
vn -1 0 0 
vn -0.976378 0.19685 -0.11811 
vn -0.976378 0.228346 0 
vn -1 0 0 
vn -0.976378 0.228346 0 
vn -0.976378 0.19685 0.11811 
vn -1 0 0 
vn -0.976378 0.19685 0.11811 
vn -0.976378 0.11811 0.19685 
vn -1 0 0 
vn -0.976378 0 0.228346 
vn -1 0 0 
vn -0.976378 -0.11811 0.19685 
vn -1 0 0 
vn -0.976378 -0.19685 0.11811 
vn -1 0 0 
vn -0.976378 -0.228346 0 
vn -1 0 0 
vn -0.976378 -0.19685 -0.11811 
vn -1 0 0 
vn -0.976378 -0.11811 -0.19685 
vn -1 0 0 
vn -0.976378 0 -0.228346 
vn -1 0 0 
vn 0.976378 0 -0.228346 
vn 1 0 0 
vn 0.976378 0.11811 -0.19685 
vn 1 0 0 
vn 0.976378 0.19685 -0.11811 
vn 1 0 0 
vn 0.976378 0.228346 0 
vn 1 0 0 
vn 0.976378 0.19685 0.11811 
vn 1 0 0 
vn 0.976378 0.11811 0.19685 
vn 1 0 0 
vn 0.976378 0 0.228346 
vn 1 0 0 
vn 0.976378 -0.11811 0.19685 
vn 1 0 0 
vn 0.976378 -0.19685 0.11811 
vn 1 0 0 
vn 0.976378 -0.228346 0 
vn 1 0 0 
vn 0.976378 -0.19685 -0.11811 
vn 1 0 0 
vn 0.976378 -0.11811 -0.19685 
vn 1 0 0 
vn -0.314961 0.0944882 0.944882 
vn 0.0393701 -0.496063 0.866142 
vn -0.314961 -0.559055 0.771654 
vn 0.314961 0.0944882 0.944882 
vn 0.0393701 0 1 
vn -0.314961 0.0944882 0.944882 
vn 0.314961 -0.559055 0.771654 
vn -0.0393701 0 1 
vn 0.314961 0.0944882 0.944882 
vn -0.314961 -0.559055 0.771654 
vn -0.0393701 -0.496063 0.866142 
vn 0.314961 -0.559055 0.771654 
vn -0.314961 -0.385827 0.866142 
vn 0.0393701 -0.866142 0.496063 
vn -0.314961 -0.866142 0.385827 
vn 0.314961 -0.385827 0.866142 
vn 0.0393701 -0.496063 0.866142 
vn -0.314961 -0.385827 0.866142 
vn 0.314961 -0.866142 0.385827 
vn -0.0393701 -0.496063 0.866142 
vn 0.314961 -0.385827 0.866142 
vn 0.0393701 -0.866142 0.496063 
vn -0.314961 -0.866142 0.385827 
vn -0.0393701 -0.866142 0.496063 
vn 0.314961 -0.866142 0.385827 
vn -0.314961 -0.771654 0.559055 
vn 0.0393701 -1 0 
vn -0.314961 -0.944882 -0.0944882 
vn 0.314961 -0.771654 0.559055 
vn 0.0393701 -0.866142 0.496063 
vn -0.314961 -0.771654 0.559055 
vn 0.314961 -0.944882 -0.0944882 
vn -0.0393701 -0.866142 0.496063 
vn 0.314961 -0.771654 0.559055 
vn 0.0393701 -1 0 
vn -0.314961 -0.944882 -0.0944882 
vn -0.0393701 -1 0 
vn 0.314961 -0.944882 -0.0944882 
vn -0.314961 -0.944882 0.0944882 
vn 0.0393701 -0.866142 -0.496063 
vn -0.314961 -0.771654 -0.559055 
vn 0.314961 -0.944882 0.0944882 
vn 0.0393701 -1 0 
vn -0.314961 -0.944882 0.0944882 
vn 0.314961 -0.771654 -0.559055 
vn -0.0393701 -1 0 
vn 0.314961 -0.944882 0.0944882 
vn -0.314961 -0.771654 -0.559055 
vn -0.0393701 -0.866142 -0.496063 
vn 0.314961 -0.771654 -0.559055 
vn -0.314961 -0.866142 -0.385827 
vn 0.0393701 -0.496063 -0.866142 
vn -0.314961 -0.385827 -0.866142 
vn -0.0393701 -0.866142 -0.496063 
vn 0.314961 -0.866142 -0.385827 
vn 0.0393701 -0.866142 -0.496063 
vn -0.314961 -0.866142 -0.385827 
vn 0.314961 -0.385827 -0.866142 
vn -0.0393701 -0.866142 -0.496063 
vn 0.314961 -0.866142 -0.385827 
vn -0.314961 -0.385827 -0.866142 
vn -0.0393701 -0.496063 -0.866142 
vn 0.314961 -0.385827 -0.866142 
vn -0.314961 -0.559055 -0.771654 
vn 0.0393701 0 -1 
vn -0.314961 0.0944882 -0.944882 
vn 0.314961 -0.559055 -0.771654 
vn 0.0393701 -0.496063 -0.866142 
vn -0.314961 -0.559055 -0.771654 
vn 0.314961 0.0944882 -0.944882 
vn -0.0393701 -0.496063 -0.866142 
vn 0.314961 -0.559055 -0.771654 
vn -0.314961 0.0944882 -0.944882 
vn -0.0393701 0 -1 
vn 0.314961 0.0944882 -0.944882 
vn -0.314961 -0.0944882 -0.944882 
vn 0.0393701 0.496063 -0.866142 
vn -0.314961 0.559055 -0.771654 
vn 0.314961 -0.0944882 -0.944882 
vn 0.0393701 0 -1 
vn -0.314961 -0.0944882 -0.944882 
vn 0.314961 0.559055 -0.771654 
vn -0.0393701 0 -1 
vn 0.314961 -0.0944882 -0.944882 
vn -0.314961 0.559055 -0.771654 
vn -0.0393701 0.496063 -0.866142 
vn 0.314961 0.559055 -0.771654 
vn -0.314961 0.385827 -0.866142 
vn 0.0393701 0.866142 -0.496063 
vn -0.314961 0.866142 -0.385827 
vn 0.314961 0.385827 -0.866142 
vn 0.0393701 0.496063 -0.866142 
vn -0.314961 0.385827 -0.866142 
vn 0.314961 0.866142 -0.385827 
vn -0.0393701 0.496063 -0.866142 
vn 0.314961 0.385827 -0.866142 
vn -0.314961 0.866142 -0.385827 
vn -0.0393701 0.866142 -0.496063 
vn 0.314961 0.866142 -0.385827 
vn -0.314961 0.771654 -0.559055 
vn 0.0393701 1 0 
vn -0.314961 0.944882 0.0944882 
vn 0.314961 0.771654 -0.559055 
vn 0.0393701 0.866142 -0.496063 
vn -0.314961 0.771654 -0.559055 
vn 0.314961 0.944882 0.0944882 
vn -0.0393701 0.866142 -0.496063 
vn 0.314961 0.771654 -0.559055 
vn -0.314961 0.944882 0.0944882 
vn -0.0393701 1 0 
vn 0.314961 0.944882 0.0944882 
vn -0.314961 0.944882 -0.0944882 
vn 0.0393701 0.866142 0.496063 
vn -0.314961 0.771654 0.559055 
vn 0.314961 0.944882 -0.0944882 
vn 0.0393701 1 0 
vn -0.314961 0.944882 -0.0944882 
vn 0.314961 0.771654 0.559055 
vn -0.0393701 1 0 
vn 0.314961 0.944882 -0.0944882 
vn -0.314961 0.771654 0.559055 
vn -0.0393701 0.866142 0.496063 
vn 0.314961 0.771654 0.559055 
vn -0.314961 0.866142 0.385827 
vn 0.0393701 0.496063 0.866142 
vn -0.314961 0.385827 0.866142 
vn 0.314961 0.866142 0.385827 
vn 0.0393701 0.866142 0.496063 
vn -0.314961 0.866142 0.385827 
vn 0.314961 0.385827 0.866142 
vn -0.0393701 0.866142 0.496063 
vn 0.314961 0.866142 0.385827 
vn -0.314961 0.385827 0.866142 
vn -0.0393701 0.496063 0.866142 
vn 0.314961 0.385827 0.866142 
vn -0.314961 0.559055 0.771654 
vn 0.0393701 0 1 
vn -0.314961 -0.0944882 0.944882 
vn 0.314961 0.559055 0.771654 
vn 0.0393701 0.496063 0.866142 
vn -0.314961 0.559055 0.771654 
vn 0.314961 -0.0944882 0.944882 
vn -0.0393701 0.496063 0.866142 
vn 0.314961 0.559055 0.771654 
vn -0.314961 -0.0944882 0.944882 
vn -0.0393701 0 1 
vn 0.314961 -0.0944882 0.944882 
vn -0.779528 -0.165354 0.606299 
vn -0.314961 -0.559055 0.771654 
vn -0.779528 -0.165354 0.606299 
vn 0 0.637795 0.771654 
vn -0.314961 0.0944882 0.944882 
vn 0 0.637795 0.771654 
vn 0.779528 -0.165354 0.606299 
vn 0.314961 0.0944882 0.944882 
vn 0.779528 -0.165354 0.606299 
vn 0 -0.937008 0.346457 
vn 0.314961 -0.559055 0.771654 
vn 0 -0.937008 0.346457 
vn 0 -0.259843 0.968504 
vn 0 -0.259843 0.968504 
vn 0 -0.259843 0.968504 
vn 0 -0.259843 0.968504 
vn -0.779528 -0.440945 0.440945 
vn -0.314961 -0.866142 0.385827 
vn -0.779528 -0.440945 0.440945 
vn 0 0.173228 0.984252 
vn -0.314961 -0.385827 0.866142 
vn 0 0.173228 0.984252 
vn 0.779528 -0.440945 0.440945 
vn 0.314961 -0.385827 0.866142 
vn 0.779528 -0.440945 0.440945 
vn 0 -0.984252 -0.173228 
vn 0.314961 -0.866142 0.385827 
vn 0 -0.984252 -0.173228 
vn 0 -0.708661 0.708661 
vn 0 -0.708661 0.708661 
vn 0 -0.708661 0.708661 
vn 0 -0.708661 0.708661 
vn -0.314961 -0.771654 0.559055 
vn -0.779528 -0.606299 0.165354 
vn -0.314961 -0.944882 -0.0944882 
vn -0.779528 -0.606299 0.165354 
vn 0.314961 -0.771654 0.559055 
vn 0 -0.346457 0.937008 
vn -0.314961 -0.771654 0.559055 
vn 0 -0.346457 0.937008 
vn 0.314961 -0.944882 -0.0944882 
vn 0.779528 -0.606299 0.165354 
vn 0.314961 -0.771654 0.559055 
vn 0.779528 -0.606299 0.165354 
vn -0.314961 -0.944882 -0.0944882 
vn 0 -0.771654 -0.637795 
vn 0.314961 -0.944882 -0.0944882 
vn 0 -0.771654 -0.637795 
vn 0 -0.968504 0.259843 
vn 0 -0.968504 0.259843 
vn 0 -0.968504 0.259843 
vn 0 -0.968504 0.259843 
vn -0.314961 -0.944882 0.0944882 
vn -0.779528 -0.606299 -0.165354 
vn -0.314961 -0.771654 -0.559055 
vn -0.779528 -0.606299 -0.165354 
vn 0.314961 -0.944882 0.0944882 
vn 0 -0.771654 0.637795 
vn -0.314961 -0.944882 0.0944882 
vn 0 -0.771654 0.637795 
vn 0.314961 -0.771654 -0.559055 
vn 0.779528 -0.606299 -0.165354 
vn 0.314961 -0.944882 0.0944882 
vn 0.779528 -0.606299 -0.165354 
vn -0.314961 -0.771654 -0.559055 
vn 0 -0.346457 -0.937008 
vn 0.314961 -0.771654 -0.559055 
vn 0 -0.346457 -0.937008 
vn 0 -0.968504 -0.259843 
vn 0 -0.968504 -0.259843 
vn 0 -0.968504 -0.259843 
vn 0 -0.968504 -0.259843 
vn -0.779528 -0.440945 -0.440945 
vn -0.314961 -0.385827 -0.866142 
vn -0.779528 -0.440945 -0.440945 
vn 0 -0.984252 0.173228 
vn -0.314961 -0.866142 -0.385827 
vn 0 -0.984252 0.173228 
vn 0.779528 -0.440945 -0.440945 
vn 0.314961 -0.866142 -0.385827 
vn 0.779528 -0.440945 -0.440945 
vn 0 0.173228 -0.984252 
vn 0.314961 -0.385827 -0.866142 
vn 0 0.173228 -0.984252 
vn 0 -0.708661 -0.708661 
vn 0 -0.708661 -0.708661 
vn 0 -0.708661 -0.708661 
vn 0 -0.708661 -0.708661 
vn -0.779528 -0.165354 -0.606299 
vn -0.314961 0.0944882 -0.944882 
vn -0.779528 -0.165354 -0.606299 
vn 0 -0.937008 -0.346457 
vn -0.314961 -0.559055 -0.771654 
vn 0 -0.937008 -0.346457 
vn 0.779528 -0.165354 -0.606299 
vn 0.314961 -0.559055 -0.771654 
vn 0.779528 -0.165354 -0.606299 
vn 0 0.637795 -0.771654 
vn 0.314961 0.0944882 -0.944882 
vn 0 0.637795 -0.771654 
vn 0 -0.259843 -0.968504 
vn 0 -0.259843 -0.968504 
vn 0 -0.259843 -0.968504 
vn 0 -0.259843 -0.968504 
vn -0.779528 0.165354 -0.606299 
vn -0.314961 0.559055 -0.771654 
vn -0.779528 0.165354 -0.606299 
vn 0 -0.637795 -0.771654 
vn -0.314961 -0.0944882 -0.944882 
vn 0 -0.637795 -0.771654 
vn 0.779528 0.165354 -0.606299 
vn 0.314961 -0.0944882 -0.944882 
vn 0.779528 0.165354 -0.606299 
vn 0 0.937008 -0.346457 
vn 0.314961 0.559055 -0.771654 
vn 0 0.937008 -0.346457 
vn 0 0.259843 -0.968504 
vn 0 0.259843 -0.968504 
vn 0 0.259843 -0.968504 
vn 0 0.259843 -0.968504 
vn -0.779528 0.440945 -0.440945 
vn -0.314961 0.866142 -0.385827 
vn -0.779528 0.440945 -0.440945 
vn 0 -0.173228 -0.984252 
vn -0.314961 0.385827 -0.866142 
vn 0 -0.173228 -0.984252 
vn 0.779528 0.440945 -0.440945 
vn 0.314961 0.385827 -0.866142 
vn 0.779528 0.440945 -0.440945 
vn 0 0.984252 0.173228 
vn 0.314961 0.866142 -0.385827 
vn 0 0.984252 0.173228 
vn 0 0.708661 -0.708661 
vn 0 0.708661 -0.708661 
vn 0 0.708661 -0.708661 
vn 0 0.708661 -0.708661 
vn -0.779528 0.606299 -0.165354 
vn -0.314961 0.944882 0.0944882 
vn -0.779528 0.606299 -0.165354 
vn 0 0.346457 -0.937008 
vn -0.314961 0.771654 -0.559055 
vn 0 0.346457 -0.937008 
vn 0.779528 0.606299 -0.165354 
vn 0.314961 0.771654 -0.559055 
vn 0.779528 0.606299 -0.165354 
vn 0 0.771654 0.637795 
vn 0.314961 0.944882 0.0944882 
vn 0 0.771654 0.637795 
vn 0 0.968504 -0.259843 
vn 0 0.968504 -0.259843 
vn 0 0.968504 -0.259843 
vn 0 0.968504 -0.259843 
vn -0.779528 0.606299 0.165354 
vn -0.314961 0.771654 0.559055 
vn -0.779528 0.606299 0.165354 
vn 0 0.771654 -0.637795 
vn -0.314961 0.944882 -0.0944882 
vn 0 0.771654 -0.637795 
vn 0.779528 0.606299 0.165354 
vn 0.314961 0.944882 -0.0944882 
vn 0.779528 0.606299 0.165354 
vn 0 0.346457 0.937008 
vn 0.314961 0.771654 0.559055 
vn 0 0.346457 0.937008 
vn 0 0.968504 0.259843 
vn 0 0.968504 0.259843 
vn 0 0.968504 0.259843 
vn 0 0.968504 0.259843 
vn -0.779528 0.440945 0.440945 
vn -0.314961 0.385827 0.866142 
vn -0.779528 0.440945 0.440945 
vn 0 0.984252 -0.173228 
vn -0.314961 0.866142 0.385827 
vn 0 0.984252 -0.173228 
vn 0.779528 0.440945 0.440945 
vn 0.314961 0.866142 0.385827 
vn 0.779528 0.440945 0.440945 
vn 0 -0.173228 0.984252 
vn 0.314961 0.385827 0.866142 
vn 0 -0.173228 0.984252 
vn 0 0.708661 0.708661 
vn 0 0.708661 0.708661 
vn 0 0.708661 0.708661 
vn 0 0.708661 0.708661 
vn -0.779528 0.165354 0.606299 
vn -0.314961 -0.0944882 0.944882 
vn -0.779528 0.165354 0.606299 
vn 0 0.937008 0.346457 
vn -0.314961 0.559055 0.771654 
vn 0 0.937008 0.346457 
vn 0.779528 0.165354 0.606299 
vn 0.314961 0.559055 0.771654 
vn 0.779528 0.165354 0.606299 
vn 0 -0.637795 0.771654 
vn 0.314961 -0.0944882 0.944882 
vn 0 -0.637795 0.771654 
vn 0 0.259843 0.968504 
vn 0 0.259843 0.968504 
vn 0 0.259843 0.968504 
vn 0 0.259843 0.968504 
vn 0 -0.976378 0.228346 
vn 0.11811 -0.976378 0.19685 
vn 0 -1 0 
vn 0 -1 0 
vn 0.11811 -0.976378 0.19685 
vn 0.19685 -0.976378 0.11811 
vn 0 -1 0 
vn 0.19685 -0.976378 0.11811 
vn 0.228346 -0.976378 0 
vn 0 -1 0 
vn 0.228346 -0.976378 0 
vn 0.19685 -0.976378 -0.11811 
vn 0 -1 0 
vn 0.19685 -0.976378 -0.11811 
vn 0.11811 -0.976378 -0.19685 
vn 0 -1 0 
vn 0.11811 -0.976378 -0.19685 
vn 0 -0.976378 -0.228346 
vn 0 -1 0 
vn 0 -0.976378 -0.228346 
vn -0.11811 -0.976378 -0.19685 
vn 0 -1 0 
vn -0.11811 -0.976378 -0.19685 
vn -0.19685 -0.976378 -0.11811 
vn 0 -1 0 
vn -0.19685 -0.976378 -0.11811 
vn -0.228346 -0.976378 0 
vn 0 -1 0 
vn -0.228346 -0.976378 0 
vn -0.19685 -0.976378 0.11811 
vn 0 -1 0 
vn -0.19685 -0.976378 0.11811 
vn -0.11811 -0.976378 0.19685 
vn 0 -1 0 
vn -0.11811 -0.976378 0.19685 
vn 0 -0.976378 0.228346 
vn 0 -1 0 
vn 0 -0.708661 0.700787 
vn 0.354331 -0.708661 0.606299 
vn 0 -0.976378 0.228346 
vn 0.354331 -0.708661 0.606299 
vn 0.606299 -0.708661 0.354331 
vn 0.11811 -0.976378 0.19685 
vn 0.606299 -0.708661 0.354331 
vn 0.700787 -0.708661 0 
vn 0.19685 -0.976378 0.11811 
vn 0.700787 -0.708661 0 
vn 0.606299 -0.708661 -0.354331 
vn 0.228346 -0.976378 0 
vn 0.606299 -0.708661 -0.354331 
vn 0.354331 -0.708661 -0.606299 
vn 0.19685 -0.976378 -0.11811 
vn 0.354331 -0.708661 -0.606299 
vn 0 -0.708661 -0.700787 
vn 0.11811 -0.976378 -0.19685 
vn 0 -0.708661 -0.700787 
vn -0.354331 -0.708661 -0.606299 
vn 0 -0.976378 -0.228346 
vn -0.354331 -0.708661 -0.606299 
vn -0.606299 -0.708661 -0.354331 
vn -0.11811 -0.976378 -0.19685 
vn -0.606299 -0.708661 -0.354331 
vn -0.700787 -0.708661 0 
vn -0.19685 -0.976378 -0.11811 
vn -0.700787 -0.708661 0 
vn -0.606299 -0.708661 0.354331 
vn -0.228346 -0.976378 0 
vn -0.606299 -0.708661 0.354331 
vn -0.354331 -0.708661 0.606299 
vn -0.19685 -0.976378 0.11811 
vn -0.354331 -0.708661 0.606299 
vn 0 -0.708661 0.700787 
vn -0.11811 -0.976378 0.19685 
vn 0 -0.448819 0.897638 
vn 0.448819 -0.448819 0.771654 
vn 0 -0.708661 0.700787 
vn 0.448819 -0.448819 0.771654 
vn 0.771654 -0.448819 0.448819 
vn 0.354331 -0.708661 0.606299 
vn 0.771654 -0.448819 0.448819 
vn 0.897638 -0.448819 0 
vn 0.606299 -0.708661 0.354331 
vn 0.897638 -0.448819 0 
vn 0.771654 -0.448819 -0.448819 
vn 0.700787 -0.708661 0 
vn 0.771654 -0.448819 -0.448819 
vn 0.448819 -0.448819 -0.771654 
vn 0.606299 -0.708661 -0.354331 
vn 0.448819 -0.448819 -0.771654 
vn 0 -0.448819 -0.897638 
vn 0.354331 -0.708661 -0.606299 
vn 0 -0.448819 -0.897638 
vn -0.448819 -0.448819 -0.771654 
vn 0 -0.708661 -0.700787 
vn -0.448819 -0.448819 -0.771654 
vn -0.771654 -0.448819 -0.448819 
vn -0.354331 -0.708661 -0.606299 
vn -0.771654 -0.448819 -0.448819 
vn -0.897638 -0.448819 0 
vn -0.606299 -0.708661 -0.354331 
vn -0.897638 -0.448819 0 
vn -0.771654 -0.448819 0.448819 
vn -0.700787 -0.708661 0 
vn -0.771654 -0.448819 0.448819 
vn -0.448819 -0.448819 0.771654 
vn -0.606299 -0.708661 0.354331 
vn -0.448819 -0.448819 0.771654 
vn 0 -0.448819 0.897638 
vn -0.354331 -0.708661 0.606299 
vn 0 0.708661 0.708661 
vn 0.354331 0.708661 0.614173 
vn 0 0.708661 0.708661 
vn 0.354331 0.708661 0.614173 
vn 0.354331 0.708661 0.614173 
vn 0.614173 0.708661 0.354331 
vn 0.354331 0.708661 0.614173 
vn 0.614173 0.708661 0.354331 
vn 0.614173 0.708661 0.354331 
vn 0.708661 0.708661 0 
vn 0.614173 0.708661 0.354331 
vn 0.708661 0.708661 0 
vn 0.708661 0.708661 0 
vn 0.614173 0.708661 -0.354331 
vn 0.708661 0.708661 0 
vn 0.614173 0.708661 -0.354331 
vn 0.614173 0.708661 -0.354331 
vn 0.354331 0.708661 -0.614173 
vn 0.614173 0.708661 -0.354331 
vn 0.354331 0.708661 -0.614173 
vn 0.354331 0.708661 -0.614173 
vn 0 0.708661 -0.708661 
vn 0.354331 0.708661 -0.614173 
vn 0 0.708661 -0.708661 
vn 0 0.708661 -0.708661 
vn -0.354331 0.708661 -0.614173 
vn 0 0.708661 -0.708661 
vn -0.354331 0.708661 -0.614173 
vn -0.354331 0.708661 -0.614173 
vn -0.614173 0.708661 -0.354331 
vn -0.354331 0.708661 -0.614173 
vn -0.614173 0.708661 -0.354331 
vn -0.614173 0.708661 -0.354331 
vn -0.708661 0.708661 0 
vn -0.614173 0.708661 -0.354331 
vn -0.708661 0.708661 0 
vn -0.708661 0.708661 0 
vn -0.614173 0.708661 0.354331 
vn -0.708661 0.708661 0 
vn -0.614173 0.708661 0.354331 
vn -0.614173 0.708661 0.354331 
vn -0.354331 0.708661 0.614173 
vn -0.614173 0.708661 0.354331 
vn -0.354331 0.708661 0.614173 
vn -0.354331 0.708661 0.614173 
vn 0 0.708661 0.708661 
vn -0.354331 0.708661 0.614173 
vn 0 0.708661 0.708661 
vn 0 -0.708661 0.708661 
vn 0.354331 -0.708661 0.614173 
vn 0 -0.708661 0.708661 
vn 0.354331 -0.708661 0.614173 
vn 0.354331 -0.708661 0.614173 
vn 0.614173 -0.708661 0.354331 
vn 0.354331 -0.708661 0.614173 
vn 0.614173 -0.708661 0.354331 
vn 0.614173 -0.708661 0.354331 
vn 0.708661 -0.708661 0 
vn 0.614173 -0.708661 0.354331 
vn 0.708661 -0.708661 0 
vn 0.708661 -0.708661 0 
vn 0.614173 -0.708661 -0.354331 
vn 0.708661 -0.708661 0 
vn 0.614173 -0.708661 -0.354331 
vn 0.614173 -0.708661 -0.354331 
vn 0.354331 -0.708661 -0.614173 
vn 0.614173 -0.708661 -0.354331 
vn 0.354331 -0.708661 -0.614173 
vn 0.354331 -0.708661 -0.614173 
vn 0 -0.708661 -0.708661 
vn 0.354331 -0.708661 -0.614173 
vn 0 -0.708661 -0.708661 
vn 0 -0.708661 -0.708661 
vn -0.354331 -0.708661 -0.614173 
vn 0 -0.708661 -0.708661 
vn -0.354331 -0.708661 -0.614173 
vn -0.354331 -0.708661 -0.614173 
vn -0.614173 -0.708661 -0.354331 
vn -0.354331 -0.708661 -0.614173 
vn -0.614173 -0.708661 -0.354331 
vn -0.614173 -0.708661 -0.354331 
vn -0.708661 -0.708661 0 
vn -0.614173 -0.708661 -0.354331 
vn -0.708661 -0.708661 0 
vn -0.708661 -0.708661 0 
vn -0.614173 -0.708661 0.354331 
vn -0.708661 -0.708661 0 
vn -0.614173 -0.708661 0.354331 
vn -0.614173 -0.708661 0.354331 
vn -0.354331 -0.708661 0.614173 
vn -0.614173 -0.708661 0.354331 
vn -0.354331 -0.708661 0.614173 
vn -0.354331 -0.708661 0.614173 
vn 0 -0.708661 0.708661 
vn -0.354331 -0.708661 0.614173 
vn 0 -0.708661 0.708661 
vn 0 0.708661 0.708661 
vn 0.354331 0.708661 0.614173 
vn 0 0.708661 0.708661 
vn 0.354331 0.708661 0.614173 
vn 0.354331 0.708661 0.614173 
vn 0.614173 0.708661 0.354331 
vn 0.354331 0.708661 0.614173 
vn 0.614173 0.708661 0.354331 
vn 0.614173 0.708661 0.354331 
vn 0.708661 0.708661 0 
vn 0.614173 0.708661 0.354331 
vn 0.708661 0.708661 0 
vn 0.708661 0.708661 0 
vn 0.614173 0.708661 -0.354331 
vn 0.708661 0.708661 0 
vn 0.614173 0.708661 -0.354331 
vn 0.614173 0.708661 -0.354331 
vn 0.354331 0.708661 -0.614173 
vn 0.614173 0.708661 -0.354331 
vn 0.354331 0.708661 -0.614173 
vn 0.354331 0.708661 -0.614173 
vn 0 0.708661 -0.708661 
vn 0.354331 0.708661 -0.614173 
vn 0 0.708661 -0.708661 
vn 0 0.708661 -0.708661 
vn -0.354331 0.708661 -0.614173 
vn 0 0.708661 -0.708661 
vn -0.354331 0.708661 -0.614173 
vn -0.354331 0.708661 -0.614173 
vn -0.614173 0.708661 -0.354331 
vn -0.354331 0.708661 -0.614173 
vn -0.614173 0.708661 -0.354331 
vn -0.614173 0.708661 -0.354331 
vn -0.708661 0.708661 0 
vn -0.614173 0.708661 -0.354331 
vn -0.708661 0.708661 0 
vn -0.708661 0.708661 0 
vn -0.614173 0.708661 0.354331 
vn -0.708661 0.708661 0 
vn -0.614173 0.708661 0.354331 
vn -0.614173 0.708661 0.354331 
vn -0.354331 0.708661 0.614173 
vn -0.614173 0.708661 0.354331 
vn -0.354331 0.708661 0.614173 
vn -0.354331 0.708661 0.614173 
vn 0 0.708661 0.708661 
vn -0.354331 0.708661 0.614173 
vn 0 0.708661 0.708661 
vn 0 -0.708661 0.708661 
vn 0.354331 -0.708661 0.614173 
vn 0 -0.708661 0.708661 
vn 0.354331 -0.708661 0.614173 
vn 0.354331 -0.708661 0.614173 
vn 0.614173 -0.708661 0.354331 
vn 0.354331 -0.708661 0.614173 
vn 0.614173 -0.708661 0.354331 
vn 0.614173 -0.708661 0.354331 
vn 0.708661 -0.708661 0 
vn 0.614173 -0.708661 0.354331 
vn 0.708661 -0.708661 0 
vn 0.708661 -0.708661 0 
vn 0.614173 -0.708661 -0.354331 
vn 0.708661 -0.708661 0 
vn 0.614173 -0.708661 -0.354331 
vn 0.614173 -0.708661 -0.354331 
vn 0.354331 -0.708661 -0.614173 
vn 0.614173 -0.708661 -0.354331 
vn 0.354331 -0.708661 -0.614173 
vn 0.354331 -0.708661 -0.614173 
vn 0 -0.708661 -0.708661 
vn 0.354331 -0.708661 -0.614173 
vn 0 -0.708661 -0.708661 
vn 0 -0.708661 -0.708661 
vn -0.354331 -0.708661 -0.614173 
vn 0 -0.708661 -0.708661 
vn -0.354331 -0.708661 -0.614173 
vn -0.354331 -0.708661 -0.614173 
vn -0.614173 -0.708661 -0.354331 
vn -0.354331 -0.708661 -0.614173 
vn -0.614173 -0.708661 -0.354331 
vn -0.614173 -0.708661 -0.354331 
vn -0.708661 -0.708661 0 
vn -0.614173 -0.708661 -0.354331 
vn -0.708661 -0.708661 0 
vn -0.708661 -0.708661 0 
vn -0.614173 -0.708661 0.354331 
vn -0.708661 -0.708661 0 
vn -0.614173 -0.708661 0.354331 
vn -0.614173 -0.708661 0.354331 
vn -0.354331 -0.708661 0.614173 
vn -0.614173 -0.708661 0.354331 
vn -0.354331 -0.708661 0.614173 
vn -0.354331 -0.708661 0.614173 
vn 0 -0.708661 0.708661 
vn -0.354331 -0.708661 0.614173 
vn 0 -0.708661 0.708661 
vn 0 0.708661 0.708661 
vn 0.354331 0.708661 0.614173 
vn 0 0.708661 0.708661 
vn 0.354331 0.708661 0.614173 
vn 0.354331 0.708661 0.614173 
vn 0.614173 0.708661 0.354331 
vn 0.354331 0.708661 0.614173 
vn 0.614173 0.708661 0.354331 
vn 0.614173 0.708661 0.354331 
vn 0.708661 0.708661 0 
vn 0.614173 0.708661 0.354331 
vn 0.708661 0.708661 0 
vn 0.708661 0.708661 0 
vn 0.614173 0.708661 -0.354331 
vn 0.708661 0.708661 0 
vn 0.614173 0.708661 -0.354331 
vn 0.614173 0.708661 -0.354331 
vn 0.354331 0.708661 -0.614173 
vn 0.614173 0.708661 -0.354331 
vn 0.354331 0.708661 -0.614173 
vn 0.354331 0.708661 -0.614173 
vn 0 0.708661 -0.708661 
vn 0.354331 0.708661 -0.614173 
vn 0 0.708661 -0.708661 
vn 0 0.708661 -0.708661 
vn -0.354331 0.708661 -0.614173 
vn 0 0.708661 -0.708661 
vn -0.354331 0.708661 -0.614173 
vn -0.354331 0.708661 -0.614173 
vn -0.614173 0.708661 -0.354331 
vn -0.354331 0.708661 -0.614173 
vn -0.614173 0.708661 -0.354331 
vn -0.614173 0.708661 -0.354331 
vn -0.708661 0.708661 0 
vn -0.614173 0.708661 -0.354331 
vn -0.708661 0.708661 0 
vn -0.708661 0.708661 0 
vn -0.614173 0.708661 0.354331 
vn -0.708661 0.708661 0 
vn -0.614173 0.708661 0.354331 
vn -0.614173 0.708661 0.354331 
vn -0.354331 0.708661 0.614173 
vn -0.614173 0.708661 0.354331 
vn -0.354331 0.708661 0.614173 
vn -0.354331 0.708661 0.614173 
vn 0 0.708661 0.708661 
vn -0.354331 0.708661 0.614173 
vn 0 0.708661 0.708661 
vn 0 -0.708661 0.708661 
vn 0.354331 -0.708661 0.614173 
vn 0 -0.708661 0.708661 
vn 0.354331 -0.708661 0.614173 
vn 0.354331 -0.708661 0.614173 
vn 0.614173 -0.708661 0.354331 
vn 0.354331 -0.708661 0.614173 
vn 0.614173 -0.708661 0.354331 
vn 0.614173 -0.708661 0.354331 
vn 0.708661 -0.708661 0 
vn 0.614173 -0.708661 0.354331 
vn 0.708661 -0.708661 0 
vn 0.708661 -0.708661 0 
vn 0.614173 -0.708661 -0.354331 
vn 0.708661 -0.708661 0 
vn 0.614173 -0.708661 -0.354331 
vn 0.614173 -0.708661 -0.354331 
vn 0.354331 -0.708661 -0.614173 
vn 0.614173 -0.708661 -0.354331 
vn 0.354331 -0.708661 -0.614173 
vn 0.354331 -0.708661 -0.614173 
vn 0 -0.708661 -0.708661 
vn 0.354331 -0.708661 -0.614173 
vn 0 -0.708661 -0.708661 
vn 0 -0.708661 -0.708661 
vn -0.354331 -0.708661 -0.614173 
vn 0 -0.708661 -0.708661 
vn -0.354331 -0.708661 -0.614173 
vn -0.354331 -0.708661 -0.614173 
vn -0.614173 -0.708661 -0.354331 
vn -0.354331 -0.708661 -0.614173 
vn -0.614173 -0.708661 -0.354331 
vn -0.614173 -0.708661 -0.354331 
vn -0.708661 -0.708661 0 
vn -0.614173 -0.708661 -0.354331 
vn -0.708661 -0.708661 0 
vn -0.708661 -0.708661 0 
vn -0.614173 -0.708661 0.354331 
vn -0.708661 -0.708661 0 
vn -0.614173 -0.708661 0.354331 
vn -0.614173 -0.708661 0.354331 
vn -0.354331 -0.708661 0.614173 
vn -0.614173 -0.708661 0.354331 
vn -0.354331 -0.708661 0.614173 
vn -0.354331 -0.708661 0.614173 
vn 0 -0.708661 0.708661 
vn -0.354331 -0.708661 0.614173 
vn 0 -0.708661 0.708661 
vn 0 0.708661 0.708661 
vn 0.354331 0.708661 0.614173 
vn 0 0.708661 0.708661 
vn 0.354331 0.708661 0.614173 
vn 0.354331 0.708661 0.614173 
vn 0.614173 0.708661 0.354331 
vn 0.354331 0.708661 0.614173 
vn 0.614173 0.708661 0.354331 
vn 0.614173 0.708661 0.354331 
vn 0.708661 0.708661 0 
vn 0.614173 0.708661 0.354331 
vn 0.708661 0.708661 0 
vn 0.708661 0.708661 0 
vn 0.614173 0.708661 -0.354331 
vn 0.708661 0.708661 0 
vn 0.614173 0.708661 -0.354331 
vn 0.614173 0.708661 -0.354331 
vn 0.354331 0.708661 -0.614173 
vn 0.614173 0.708661 -0.354331 
vn 0.354331 0.708661 -0.614173 
vn 0.354331 0.708661 -0.614173 
vn 0 0.708661 -0.708661 
vn 0.354331 0.708661 -0.614173 
vn 0 0.708661 -0.708661 
vn 0 0.708661 -0.708661 
vn -0.354331 0.708661 -0.614173 
vn 0 0.708661 -0.708661 
vn -0.354331 0.708661 -0.614173 
vn -0.354331 0.708661 -0.614173 
vn -0.614173 0.708661 -0.354331 
vn -0.354331 0.708661 -0.614173 
vn -0.614173 0.708661 -0.354331 
vn -0.614173 0.708661 -0.354331 
vn -0.708661 0.708661 0 
vn -0.614173 0.708661 -0.354331 
vn -0.708661 0.708661 0 
vn -0.708661 0.708661 0 
vn -0.614173 0.708661 0.354331 
vn -0.708661 0.708661 0 
vn -0.614173 0.708661 0.354331 
vn -0.614173 0.708661 0.354331 
vn -0.354331 0.708661 0.614173 
vn -0.614173 0.708661 0.354331 
vn -0.354331 0.708661 0.614173 
vn -0.354331 0.708661 0.614173 
vn 0 0.708661 0.708661 
vn -0.354331 0.708661 0.614173 
vn 0 0.708661 0.708661 
vn 0 -0.708661 0.708661 
vn 0.354331 -0.708661 0.614173 
vn 0 -0.708661 0.708661 
vn 0.354331 -0.708661 0.614173 
vn 0.354331 -0.708661 0.614173 
vn 0.614173 -0.708661 0.354331 
vn 0.354331 -0.708661 0.614173 
vn 0.614173 -0.708661 0.354331 
vn 0.614173 -0.708661 0.354331 
vn 0.708661 -0.708661 0 
vn 0.614173 -0.708661 0.354331 
vn 0.708661 -0.708661 0 
vn 0.708661 -0.708661 0 
vn 0.614173 -0.708661 -0.354331 
vn 0.708661 -0.708661 0 
vn 0.614173 -0.708661 -0.354331 
vn 0.614173 -0.708661 -0.354331 
vn 0.354331 -0.708661 -0.614173 
vn 0.614173 -0.708661 -0.354331 
vn 0.354331 -0.708661 -0.614173 
vn 0.354331 -0.708661 -0.614173 
vn 0 -0.708661 -0.708661 
vn 0.354331 -0.708661 -0.614173 
vn 0 -0.708661 -0.708661 
vn 0 -0.708661 -0.708661 
vn -0.354331 -0.708661 -0.614173 
vn 0 -0.708661 -0.708661 
vn -0.354331 -0.708661 -0.614173 
vn -0.354331 -0.708661 -0.614173 
vn -0.614173 -0.708661 -0.354331 
vn -0.354331 -0.708661 -0.614173 
vn -0.614173 -0.708661 -0.354331 
vn -0.614173 -0.708661 -0.354331 
vn -0.708661 -0.708661 0 
vn -0.614173 -0.708661 -0.354331 
vn -0.708661 -0.708661 0 
vn -0.708661 -0.708661 0 
vn -0.614173 -0.708661 0.354331 
vn -0.708661 -0.708661 0 
vn -0.614173 -0.708661 0.354331 
vn -0.614173 -0.708661 0.354331 
vn -0.354331 -0.708661 0.614173 
vn -0.614173 -0.708661 0.354331 
vn -0.354331 -0.708661 0.614173 
vn -0.354331 -0.708661 0.614173 
vn 0 -0.708661 0.708661 
vn -0.354331 -0.708661 0.614173 
vn 0 -0.708661 0.708661 
vn 0 0.708661 0.708661 
vn 0.354331 0.708661 0.614173 
vn 0 0.708661 0.708661 
vn 0.354331 0.708661 0.614173 
vn 0.354331 0.708661 0.614173 
vn 0.614173 0.708661 0.354331 
vn 0.354331 0.708661 0.614173 
vn 0.614173 0.708661 0.354331 
vn 0.614173 0.708661 0.354331 
vn 0.708661 0.708661 0 
vn 0.614173 0.708661 0.354331 
vn 0.708661 0.708661 0 
vn 0.708661 0.708661 0 
vn 0.614173 0.708661 -0.354331 
vn 0.708661 0.708661 0 
vn 0.614173 0.708661 -0.354331 
vn 0.614173 0.708661 -0.354331 
vn 0.354331 0.708661 -0.614173 
vn 0.614173 0.708661 -0.354331 
vn 0.354331 0.708661 -0.614173 
vn 0.354331 0.708661 -0.614173 
vn 0 0.708661 -0.708661 
vn 0.354331 0.708661 -0.614173 
vn 0 0.708661 -0.708661 
vn 0 0.708661 -0.708661 
vn -0.354331 0.708661 -0.614173 
vn 0 0.708661 -0.708661 
vn -0.354331 0.708661 -0.614173 
vn -0.354331 0.708661 -0.614173 
vn -0.614173 0.708661 -0.354331 
vn -0.354331 0.708661 -0.614173 
vn -0.614173 0.708661 -0.354331 
vn -0.614173 0.708661 -0.354331 
vn -0.708661 0.708661 0 
vn -0.614173 0.708661 -0.354331 
vn -0.708661 0.708661 0 
vn -0.708661 0.708661 0 
vn -0.614173 0.708661 0.354331 
vn -0.708661 0.708661 0 
vn -0.614173 0.708661 0.354331 
vn -0.614173 0.708661 0.354331 
vn -0.354331 0.708661 0.614173 
vn -0.614173 0.708661 0.354331 
vn -0.354331 0.708661 0.614173 
vn -0.354331 0.708661 0.614173 
vn 0 0.708661 0.708661 
vn -0.354331 0.708661 0.614173 
vn 0 0.708661 0.708661 
vn 0 -0.708661 0.708661 
vn 0.354331 -0.708661 0.614173 
vn 0 -0.708661 0.708661 
vn 0.354331 -0.708661 0.614173 
vn 0.354331 -0.708661 0.614173 
vn 0.614173 -0.708661 0.354331 
vn 0.354331 -0.708661 0.614173 
vn 0.614173 -0.708661 0.354331 
vn 0.614173 -0.708661 0.354331 
vn 0.708661 -0.708661 0 
vn 0.614173 -0.708661 0.354331 
vn 0.708661 -0.708661 0 
vn 0.708661 -0.708661 0 
vn 0.614173 -0.708661 -0.354331 
vn 0.708661 -0.708661 0 
vn 0.614173 -0.708661 -0.354331 
vn 0.614173 -0.708661 -0.354331 
vn 0.354331 -0.708661 -0.614173 
vn 0.614173 -0.708661 -0.354331 
vn 0.354331 -0.708661 -0.614173 
vn 0.354331 -0.708661 -0.614173 
vn 0 -0.708661 -0.708661 
vn 0.354331 -0.708661 -0.614173 
vn 0 -0.708661 -0.708661 
vn 0 -0.708661 -0.708661 
vn -0.354331 -0.708661 -0.614173 
vn 0 -0.708661 -0.708661 
vn -0.354331 -0.708661 -0.614173 
vn -0.354331 -0.708661 -0.614173 
vn -0.614173 -0.708661 -0.354331 
vn -0.354331 -0.708661 -0.614173 
vn -0.614173 -0.708661 -0.354331 
vn -0.614173 -0.708661 -0.354331 
vn -0.708661 -0.708661 0 
vn -0.614173 -0.708661 -0.354331 
vn -0.708661 -0.708661 0 
vn -0.708661 -0.708661 0 
vn -0.614173 -0.708661 0.354331 
vn -0.708661 -0.708661 0 
vn -0.614173 -0.708661 0.354331 
vn -0.614173 -0.708661 0.354331 
vn -0.354331 -0.708661 0.614173 
vn -0.614173 -0.708661 0.354331 
vn -0.354331 -0.708661 0.614173 
vn -0.354331 -0.708661 0.614173 
vn 0 -0.708661 0.708661 
vn -0.354331 -0.708661 0.614173 
vn 0 -0.708661 0.708661 
vn 0 0.708661 0.708661 
vn 0.354331 0.708661 0.614173 
vn 0 0.708661 0.708661 
vn 0.354331 0.708661 0.614173 
vn 0.354331 0.708661 0.614173 
vn 0.614173 0.708661 0.354331 
vn 0.354331 0.708661 0.614173 
vn 0.614173 0.708661 0.354331 
vn 0.614173 0.708661 0.354331 
vn 0.708661 0.708661 0 
vn 0.614173 0.708661 0.354331 
vn 0.708661 0.708661 0 
vn 0.708661 0.708661 0 
vn 0.614173 0.708661 -0.354331 
vn 0.708661 0.708661 0 
vn 0.614173 0.708661 -0.354331 
vn 0.614173 0.708661 -0.354331 
vn 0.354331 0.708661 -0.614173 
vn 0.614173 0.708661 -0.354331 
vn 0.354331 0.708661 -0.614173 
vn 0.354331 0.708661 -0.614173 
vn 0 0.708661 -0.708661 
vn 0.354331 0.708661 -0.614173 
vn 0 0.708661 -0.708661 
vn 0 0.708661 -0.708661 
vn -0.354331 0.708661 -0.614173 
vn 0 0.708661 -0.708661 
vn -0.354331 0.708661 -0.614173 
vn -0.354331 0.708661 -0.614173 
vn -0.614173 0.708661 -0.354331 
vn -0.354331 0.708661 -0.614173 
vn -0.614173 0.708661 -0.354331 
vn -0.614173 0.708661 -0.354331 
vn -0.708661 0.708661 0 
vn -0.614173 0.708661 -0.354331 
vn -0.708661 0.708661 0 
vn -0.708661 0.708661 0 
vn -0.614173 0.708661 0.354331 
vn -0.708661 0.708661 0 
vn -0.614173 0.708661 0.354331 
vn -0.614173 0.708661 0.354331 
vn -0.354331 0.708661 0.614173 
vn -0.614173 0.708661 0.354331 
vn -0.354331 0.708661 0.614173 
vn -0.354331 0.708661 0.614173 
vn 0 0.708661 0.708661 
vn -0.354331 0.708661 0.614173 
vn 0 0.708661 0.708661 
vn 0 -0.708661 0.708661 
vn 0.354331 -0.708661 0.614173 
vn 0 -0.708661 0.708661 
vn 0.354331 -0.708661 0.614173 
vn 0.354331 -0.708661 0.614173 
vn 0.614173 -0.708661 0.354331 
vn 0.354331 -0.708661 0.614173 
vn 0.614173 -0.708661 0.354331 
vn 0.614173 -0.708661 0.354331 
vn 0.708661 -0.708661 0 
vn 0.614173 -0.708661 0.354331 
vn 0.708661 -0.708661 0 
vn 0.708661 -0.708661 0 
vn 0.614173 -0.708661 -0.354331 
vn 0.708661 -0.708661 0 
vn 0.614173 -0.708661 -0.354331 
vn 0.614173 -0.708661 -0.354331 
vn 0.354331 -0.708661 -0.614173 
vn 0.614173 -0.708661 -0.354331 
vn 0.354331 -0.708661 -0.614173 
vn 0.354331 -0.708661 -0.614173 
vn 0 -0.708661 -0.708661 
vn 0.354331 -0.708661 -0.614173 
vn 0 -0.708661 -0.708661 
vn 0 -0.708661 -0.708661 
vn -0.354331 -0.708661 -0.614173 
vn 0 -0.708661 -0.708661 
vn -0.354331 -0.708661 -0.614173 
vn -0.354331 -0.708661 -0.614173 
vn -0.614173 -0.708661 -0.354331 
vn -0.354331 -0.708661 -0.614173 
vn -0.614173 -0.708661 -0.354331 
vn -0.614173 -0.708661 -0.354331 
vn -0.708661 -0.708661 0 
vn -0.614173 -0.708661 -0.354331 
vn -0.708661 -0.708661 0 
vn -0.708661 -0.708661 0 
vn -0.614173 -0.708661 0.354331 
vn -0.708661 -0.708661 0 
vn -0.614173 -0.708661 0.354331 
vn -0.614173 -0.708661 0.354331 
vn -0.354331 -0.708661 0.614173 
vn -0.614173 -0.708661 0.354331 
vn -0.354331 -0.708661 0.614173 
vn -0.354331 -0.708661 0.614173 
vn 0 -0.708661 0.708661 
vn -0.354331 -0.708661 0.614173 
vn 0 -0.708661 0.708661 
vn 0 0.708661 0.708661 
vn 0.354331 0.708661 0.614173 
vn 0 0.708661 0.708661 
vn 0.354331 0.708661 0.614173 
vn 0.354331 0.708661 0.614173 
vn 0.614173 0.708661 0.354331 
vn 0.354331 0.708661 0.614173 
vn 0.614173 0.708661 0.354331 
vn 0.614173 0.708661 0.354331 
vn 0.708661 0.708661 0 
vn 0.614173 0.708661 0.354331 
vn 0.708661 0.708661 0 
vn 0.708661 0.708661 0 
vn 0.614173 0.708661 -0.354331 
vn 0.708661 0.708661 0 
vn 0.614173 0.708661 -0.354331 
vn 0.614173 0.708661 -0.354331 
vn 0.354331 0.708661 -0.614173 
vn 0.614173 0.708661 -0.354331 
vn 0.354331 0.708661 -0.614173 
vn 0.354331 0.708661 -0.614173 
vn 0 0.708661 -0.708661 
vn 0.354331 0.708661 -0.614173 
vn 0 0.708661 -0.708661 
vn 0 0.708661 -0.708661 
vn -0.354331 0.708661 -0.614173 
vn 0 0.708661 -0.708661 
vn -0.354331 0.708661 -0.614173 
vn -0.354331 0.708661 -0.614173 
vn -0.614173 0.708661 -0.354331 
vn -0.354331 0.708661 -0.614173 
vn -0.614173 0.708661 -0.354331 
vn -0.614173 0.708661 -0.354331 
vn -0.708661 0.708661 0 
vn -0.614173 0.708661 -0.354331 
vn -0.708661 0.708661 0 
vn -0.708661 0.708661 0 
vn -0.614173 0.708661 0.354331 
vn -0.708661 0.708661 0 
vn -0.614173 0.708661 0.354331 
vn -0.614173 0.708661 0.354331 
vn -0.354331 0.708661 0.614173 
vn -0.614173 0.708661 0.354331 
vn -0.354331 0.708661 0.614173 
vn -0.354331 0.708661 0.614173 
vn 0 0.708661 0.708661 
vn -0.354331 0.708661 0.614173 
vn 0 0.708661 0.708661 
vn 0 -0.708661 0.708661 
vn 0.354331 -0.708661 0.614173 
vn 0 -0.708661 0.708661 
vn 0.354331 -0.708661 0.614173 
vn 0.354331 -0.708661 0.614173 
vn 0.614173 -0.708661 0.354331 
vn 0.354331 -0.708661 0.614173 
vn 0.614173 -0.708661 0.354331 
vn 0.614173 -0.708661 0.354331 
vn 0.708661 -0.708661 0 
vn 0.614173 -0.708661 0.354331 
vn 0.708661 -0.708661 0 
vn 0.708661 -0.708661 0 
vn 0.614173 -0.708661 -0.354331 
vn 0.708661 -0.708661 0 
vn 0.614173 -0.708661 -0.354331 
vn 0.614173 -0.708661 -0.354331 
vn 0.354331 -0.708661 -0.614173 
vn 0.614173 -0.708661 -0.354331 
vn 0.354331 -0.708661 -0.614173 
vn 0.354331 -0.708661 -0.614173 
vn 0 -0.708661 -0.708661 
vn 0.354331 -0.708661 -0.614173 
vn 0 -0.708661 -0.708661 
vn 0 -0.708661 -0.708661 
vn -0.354331 -0.708661 -0.614173 
vn 0 -0.708661 -0.708661 
vn -0.354331 -0.708661 -0.614173 
vn -0.354331 -0.708661 -0.614173 
vn -0.614173 -0.708661 -0.354331 
vn -0.354331 -0.708661 -0.614173 
vn -0.614173 -0.708661 -0.354331 
vn -0.614173 -0.708661 -0.354331 
vn -0.708661 -0.708661 0 
vn -0.614173 -0.708661 -0.354331 
vn -0.708661 -0.708661 0 
vn -0.708661 -0.708661 0 
vn -0.614173 -0.708661 0.354331 
vn -0.708661 -0.708661 0 
vn -0.614173 -0.708661 0.354331 
vn -0.614173 -0.708661 0.354331 
vn -0.354331 -0.708661 0.614173 
vn -0.614173 -0.708661 0.354331 
vn -0.354331 -0.708661 0.614173 
vn -0.354331 -0.708661 0.614173 
vn 0 -0.708661 0.708661 
vn -0.354331 -0.708661 0.614173 
vn 0 -0.708661 0.708661 
vn 0 0.708661 0.708661 
vn 0.354331 0.708661 0.614173 
vn 0 0.708661 0.708661 
vn 0.354331 0.708661 0.614173 
vn 0.354331 0.708661 0.614173 
vn 0.614173 0.708661 0.354331 
vn 0.354331 0.708661 0.614173 
vn 0.614173 0.708661 0.354331 
vn 0.614173 0.708661 0.354331 
vn 0.708661 0.708661 0 
vn 0.614173 0.708661 0.354331 
vn 0.708661 0.708661 0 
vn 0.708661 0.708661 0 
vn 0.614173 0.708661 -0.354331 
vn 0.708661 0.708661 0 
vn 0.614173 0.708661 -0.354331 
vn 0.614173 0.708661 -0.354331 
vn 0.354331 0.708661 -0.614173 
vn 0.614173 0.708661 -0.354331 
vn 0.354331 0.708661 -0.614173 
vn 0.354331 0.708661 -0.614173 
vn 0 0.708661 -0.708661 
vn 0.354331 0.708661 -0.614173 
vn 0 0.708661 -0.708661 
vn 0 0.708661 -0.708661 
vn -0.354331 0.708661 -0.614173 
vn 0 0.708661 -0.708661 
vn -0.354331 0.708661 -0.614173 
vn -0.354331 0.708661 -0.614173 
vn -0.614173 0.708661 -0.354331 
vn -0.354331 0.708661 -0.614173 
vn -0.614173 0.708661 -0.354331 
vn -0.614173 0.708661 -0.354331 
vn -0.708661 0.708661 0 
vn -0.614173 0.708661 -0.354331 
vn -0.708661 0.708661 0 
vn -0.708661 0.708661 0 
vn -0.614173 0.708661 0.354331 
vn -0.708661 0.708661 0 
vn -0.614173 0.708661 0.354331 
vn -0.614173 0.708661 0.354331 
vn -0.354331 0.708661 0.614173 
vn -0.614173 0.708661 0.354331 
vn -0.354331 0.708661 0.614173 
vn -0.354331 0.708661 0.614173 
vn 0 0.708661 0.708661 
vn -0.354331 0.708661 0.614173 
vn 0 0.708661 0.708661 
vn 0 -0.708661 0.708661 
vn 0.354331 -0.708661 0.614173 
vn 0 -0.708661 0.708661 
vn 0.354331 -0.708661 0.614173 
vn 0.354331 -0.708661 0.614173 
vn 0.614173 -0.708661 0.354331 
vn 0.354331 -0.708661 0.614173 
vn 0.614173 -0.708661 0.354331 
vn 0.614173 -0.708661 0.354331 
vn 0.708661 -0.708661 0 
vn 0.614173 -0.708661 0.354331 
vn 0.708661 -0.708661 0 
vn 0.708661 -0.708661 0 
vn 0.614173 -0.708661 -0.354331 
vn 0.708661 -0.708661 0 
vn 0.614173 -0.708661 -0.354331 
vn 0.614173 -0.708661 -0.354331 
vn 0.354331 -0.708661 -0.614173 
vn 0.614173 -0.708661 -0.354331 
vn 0.354331 -0.708661 -0.614173 
vn 0.354331 -0.708661 -0.614173 
vn 0 -0.708661 -0.708661 
vn 0.354331 -0.708661 -0.614173 
vn 0 -0.708661 -0.708661 
vn 0 -0.708661 -0.708661 
vn -0.354331 -0.708661 -0.614173 
vn 0 -0.708661 -0.708661 
vn -0.354331 -0.708661 -0.614173 
vn -0.354331 -0.708661 -0.614173 
vn -0.614173 -0.708661 -0.354331 
vn -0.354331 -0.708661 -0.614173 
vn -0.614173 -0.708661 -0.354331 
vn -0.614173 -0.708661 -0.354331 
vn -0.708661 -0.708661 0 
vn -0.614173 -0.708661 -0.354331 
vn -0.708661 -0.708661 0 
vn -0.708661 -0.708661 0 
vn -0.614173 -0.708661 0.354331 
vn -0.708661 -0.708661 0 
vn -0.614173 -0.708661 0.354331 
vn -0.614173 -0.708661 0.354331 
vn -0.354331 -0.708661 0.614173 
vn -0.614173 -0.708661 0.354331 
vn -0.354331 -0.708661 0.614173 
vn -0.354331 -0.708661 0.614173 
vn 0 -0.708661 0.708661 
vn -0.354331 -0.708661 0.614173 
vn 0 -0.708661 0.708661 
vn 0 0.708661 0.708661 
vn 0.354331 0.708661 0.614173 
vn 0 0.708661 0.708661 
vn 0.354331 0.708661 0.614173 
vn 0.354331 0.708661 0.614173 
vn 0.614173 0.708661 0.354331 
vn 0.354331 0.708661 0.614173 
vn 0.614173 0.708661 0.354331 
vn 0.614173 0.708661 0.354331 
vn 0.708661 0.708661 0 
vn 0.614173 0.708661 0.354331 
vn 0.708661 0.708661 0 
vn 0.708661 0.708661 0 
vn 0.614173 0.708661 -0.354331 
vn 0.708661 0.708661 0 
vn 0.614173 0.708661 -0.354331 
vn 0.614173 0.708661 -0.354331 
vn 0.354331 0.708661 -0.614173 
vn 0.614173 0.708661 -0.354331 
vn 0.354331 0.708661 -0.614173 
vn 0.354331 0.708661 -0.614173 
vn 0 0.708661 -0.708661 
vn 0.354331 0.708661 -0.614173 
vn 0 0.708661 -0.708661 
vn 0 0.708661 -0.708661 
vn -0.354331 0.708661 -0.614173 
vn 0 0.708661 -0.708661 
vn -0.354331 0.708661 -0.614173 
vn -0.354331 0.708661 -0.614173 
vn -0.614173 0.708661 -0.354331 
vn -0.354331 0.708661 -0.614173 
vn -0.614173 0.708661 -0.354331 
vn -0.614173 0.708661 -0.354331 
vn -0.708661 0.708661 0 
vn -0.614173 0.708661 -0.354331 
vn -0.708661 0.708661 0 
vn -0.708661 0.708661 0 
vn -0.614173 0.708661 0.354331 
vn -0.708661 0.708661 0 
vn -0.614173 0.708661 0.354331 
vn -0.614173 0.708661 0.354331 
vn -0.354331 0.708661 0.614173 
vn -0.614173 0.708661 0.354331 
vn -0.354331 0.708661 0.614173 
vn -0.354331 0.708661 0.614173 
vn 0 0.708661 0.708661 
vn -0.354331 0.708661 0.614173 
vn 0 0.708661 0.708661 
vn 0 -0.708661 0.708661 
vn 0.354331 -0.708661 0.614173 
vn 0 -0.708661 0.708661 
vn 0.354331 -0.708661 0.614173 
vn 0.354331 -0.708661 0.614173 
vn 0.614173 -0.708661 0.354331 
vn 0.354331 -0.708661 0.614173 
vn 0.614173 -0.708661 0.354331 
vn 0.614173 -0.708661 0.354331 
vn 0.708661 -0.708661 0 
vn 0.614173 -0.708661 0.354331 
vn 0.708661 -0.708661 0 
vn 0.708661 -0.708661 0 
vn 0.614173 -0.708661 -0.354331 
vn 0.708661 -0.708661 0 
vn 0.614173 -0.708661 -0.354331 
vn 0.614173 -0.708661 -0.354331 
vn 0.354331 -0.708661 -0.614173 
vn 0.614173 -0.708661 -0.354331 
vn 0.354331 -0.708661 -0.614173 
vn 0.354331 -0.708661 -0.614173 
vn 0 -0.708661 -0.708661 
vn 0.354331 -0.708661 -0.614173 
vn 0 -0.708661 -0.708661 
vn 0 -0.708661 -0.708661 
vn -0.354331 -0.708661 -0.614173 
vn 0 -0.708661 -0.708661 
vn -0.354331 -0.708661 -0.614173 
vn -0.354331 -0.708661 -0.614173 
vn -0.614173 -0.708661 -0.354331 
vn -0.354331 -0.708661 -0.614173 
vn -0.614173 -0.708661 -0.354331 
vn -0.614173 -0.708661 -0.354331 
vn -0.708661 -0.708661 0 
vn -0.614173 -0.708661 -0.354331 
vn -0.708661 -0.708661 0 
vn -0.708661 -0.708661 0 
vn -0.614173 -0.708661 0.354331 
vn -0.708661 -0.708661 0 
vn -0.614173 -0.708661 0.354331 
vn -0.614173 -0.708661 0.354331 
vn -0.354331 -0.708661 0.614173 
vn -0.614173 -0.708661 0.354331 
vn -0.354331 -0.708661 0.614173 
vn -0.354331 -0.708661 0.614173 
vn 0 -0.708661 0.708661 
vn -0.354331 -0.708661 0.614173 
vn 0 -0.708661 0.708661 
vn 0 0.708661 0.708661 
vn 0.354331 0.708661 0.614173 
vn 0 0.708661 0.708661 
vn 0.354331 0.708661 0.614173 
vn 0.354331 0.708661 0.614173 
vn 0.614173 0.708661 0.354331 
vn 0.354331 0.708661 0.614173 
vn 0.614173 0.708661 0.354331 
vn 0.614173 0.708661 0.354331 
vn 0.708661 0.708661 0 
vn 0.614173 0.708661 0.354331 
vn 0.708661 0.708661 0 
vn 0.708661 0.708661 0 
vn 0.614173 0.708661 -0.354331 
vn 0.708661 0.708661 0 
vn 0.614173 0.708661 -0.354331 
vn 0.614173 0.708661 -0.354331 
vn 0.354331 0.708661 -0.614173 
vn 0.614173 0.708661 -0.354331 
vn 0.354331 0.708661 -0.614173 
vn 0.354331 0.708661 -0.614173 
vn 0 0.708661 -0.708661 
vn 0.354331 0.708661 -0.614173 
vn 0 0.708661 -0.708661 
vn 0 0.708661 -0.708661 
vn -0.354331 0.708661 -0.614173 
vn 0 0.708661 -0.708661 
vn -0.354331 0.708661 -0.614173 
vn -0.354331 0.708661 -0.614173 
vn -0.614173 0.708661 -0.354331 
vn -0.354331 0.708661 -0.614173 
vn -0.614173 0.708661 -0.354331 
vn -0.614173 0.708661 -0.354331 
vn -0.708661 0.708661 0 
vn -0.614173 0.708661 -0.354331 
vn -0.708661 0.708661 0 
vn -0.708661 0.708661 0 
vn -0.614173 0.708661 0.354331 
vn -0.708661 0.708661 0 
vn -0.614173 0.708661 0.354331 
vn -0.614173 0.708661 0.354331 
vn -0.354331 0.708661 0.614173 
vn -0.614173 0.708661 0.354331 
vn -0.354331 0.708661 0.614173 
vn -0.354331 0.708661 0.614173 
vn 0 0.708661 0.708661 
vn -0.354331 0.708661 0.614173 
vn 0 0.708661 0.708661 
vn 0 -0.708661 0.708661 
vn 0.354331 -0.708661 0.614173 
vn 0 -0.708661 0.708661 
vn 0.354331 -0.708661 0.614173 
vn 0.354331 -0.708661 0.614173 
vn 0.614173 -0.708661 0.354331 
vn 0.354331 -0.708661 0.614173 
vn 0.614173 -0.708661 0.354331 
vn 0.614173 -0.708661 0.354331 
vn 0.708661 -0.708661 0 
vn 0.614173 -0.708661 0.354331 
vn 0.708661 -0.708661 0 
vn 0.708661 -0.708661 0 
vn 0.614173 -0.708661 -0.354331 
vn 0.708661 -0.708661 0 
vn 0.614173 -0.708661 -0.354331 
vn 0.614173 -0.708661 -0.354331 
vn 0.354331 -0.708661 -0.614173 
vn 0.614173 -0.708661 -0.354331 
vn 0.354331 -0.708661 -0.614173 
vn 0.354331 -0.708661 -0.614173 
vn 0 -0.708661 -0.708661 
vn 0.354331 -0.708661 -0.614173 
vn 0 -0.708661 -0.708661 
vn 0 -0.708661 -0.708661 
vn -0.354331 -0.708661 -0.614173 
vn 0 -0.708661 -0.708661 
vn -0.354331 -0.708661 -0.614173 
vn -0.354331 -0.708661 -0.614173 
vn -0.614173 -0.708661 -0.354331 
vn -0.354331 -0.708661 -0.614173 
vn -0.614173 -0.708661 -0.354331 
vn -0.614173 -0.708661 -0.354331 
vn -0.708661 -0.708661 0 
vn -0.614173 -0.708661 -0.354331 
vn -0.708661 -0.708661 0 
vn -0.708661 -0.708661 0 
vn -0.614173 -0.708661 0.354331 
vn -0.708661 -0.708661 0 
vn -0.614173 -0.708661 0.354331 
vn -0.614173 -0.708661 0.354331 
vn -0.354331 -0.708661 0.614173 
vn -0.614173 -0.708661 0.354331 
vn -0.354331 -0.708661 0.614173 
vn -0.354331 -0.708661 0.614173 
vn 0 -0.708661 0.708661 
vn -0.354331 -0.708661 0.614173 
vn 0 -0.708661 0.708661 
vn 0 0.708661 0.708661 
vn 0.354331 0.708661 0.614173 
vn 0 0.708661 0.708661 
vn 0.354331 0.708661 0.614173 
vn 0.354331 0.708661 0.614173 
vn 0.614173 0.708661 0.354331 
vn 0.354331 0.708661 0.614173 
vn 0.614173 0.708661 0.354331 
vn 0.614173 0.708661 0.354331 
vn 0.708661 0.708661 0 
vn 0.614173 0.708661 0.354331 
vn 0.708661 0.708661 0 
vn 0.708661 0.708661 0 
vn 0.614173 0.708661 -0.354331 
vn 0.708661 0.708661 0 
vn 0.614173 0.708661 -0.354331 
vn 0.614173 0.708661 -0.354331 
vn 0.354331 0.708661 -0.614173 
vn 0.614173 0.708661 -0.354331 
vn 0.354331 0.708661 -0.614173 
vn 0.354331 0.708661 -0.614173 
vn 0 0.708661 -0.708661 
vn 0.354331 0.708661 -0.614173 
vn 0 0.708661 -0.708661 
vn 0 0.708661 -0.708661 
vn -0.354331 0.708661 -0.614173 
vn 0 0.708661 -0.708661 
vn -0.354331 0.708661 -0.614173 
vn -0.354331 0.708661 -0.614173 
vn -0.614173 0.708661 -0.354331 
vn -0.354331 0.708661 -0.614173 
vn -0.614173 0.708661 -0.354331 
vn -0.614173 0.708661 -0.354331 
vn -0.708661 0.708661 0 
vn -0.614173 0.708661 -0.354331 
vn -0.708661 0.708661 0 
vn -0.708661 0.708661 0 
vn -0.614173 0.708661 0.354331 
vn -0.708661 0.708661 0 
vn -0.614173 0.708661 0.354331 
vn -0.614173 0.708661 0.354331 
vn -0.354331 0.708661 0.614173 
vn -0.614173 0.708661 0.354331 
vn -0.354331 0.708661 0.614173 
vn -0.354331 0.708661 0.614173 
vn 0 0.708661 0.708661 
vn -0.354331 0.708661 0.614173 
vn 0 0.708661 0.708661 
vn 0 -0.708661 0.708661 
vn 0.354331 -0.708661 0.614173 
vn 0 -0.708661 0.708661 
vn 0.354331 -0.708661 0.614173 
vn 0.354331 -0.708661 0.614173 
vn 0.614173 -0.708661 0.354331 
vn 0.354331 -0.708661 0.614173 
vn 0.614173 -0.708661 0.354331 
vn 0.614173 -0.708661 0.354331 
vn 0.708661 -0.708661 0 
vn 0.614173 -0.708661 0.354331 
vn 0.708661 -0.708661 0 
vn 0.708661 -0.708661 0 
vn 0.614173 -0.708661 -0.354331 
vn 0.708661 -0.708661 0 
vn 0.614173 -0.708661 -0.354331 
vn 0.614173 -0.708661 -0.354331 
vn 0.354331 -0.708661 -0.614173 
vn 0.614173 -0.708661 -0.354331 
vn 0.354331 -0.708661 -0.614173 
vn 0.354331 -0.708661 -0.614173 
vn 0 -0.708661 -0.708661 
vn 0.354331 -0.708661 -0.614173 
vn 0 -0.708661 -0.708661 
vn 0 -0.708661 -0.708661 
vn -0.354331 -0.708661 -0.614173 
vn 0 -0.708661 -0.708661 
vn -0.354331 -0.708661 -0.614173 
vn -0.354331 -0.708661 -0.614173 
vn -0.614173 -0.708661 -0.354331 
vn -0.354331 -0.708661 -0.614173 
vn -0.614173 -0.708661 -0.354331 
vn -0.614173 -0.708661 -0.354331 
vn -0.708661 -0.708661 0 
vn -0.614173 -0.708661 -0.354331 
vn -0.708661 -0.708661 0 
vn -0.708661 -0.708661 0 
vn -0.614173 -0.708661 0.354331 
vn -0.708661 -0.708661 0 
vn -0.614173 -0.708661 0.354331 
vn -0.614173 -0.708661 0.354331 
vn -0.354331 -0.708661 0.614173 
vn -0.614173 -0.708661 0.354331 
vn -0.354331 -0.708661 0.614173 
vn -0.354331 -0.708661 0.614173 
vn 0 -0.708661 0.708661 
vn -0.354331 -0.708661 0.614173 
vn 0 -0.708661 0.708661 
vn 0 0.708661 0.708661 
vn 0.354331 0.708661 0.614173 
vn 0 0.708661 0.708661 
vn 0.354331 0.708661 0.614173 
vn 0.354331 0.708661 0.614173 
vn 0.614173 0.708661 0.354331 
vn 0.354331 0.708661 0.614173 
vn 0.614173 0.708661 0.354331 
vn 0.614173 0.708661 0.354331 
vn 0.708661 0.708661 0 
vn 0.614173 0.708661 0.354331 
vn 0.708661 0.708661 0 
vn 0.708661 0.708661 0 
vn 0.614173 0.708661 -0.354331 
vn 0.708661 0.708661 0 
vn 0.614173 0.708661 -0.354331 
vn 0.614173 0.708661 -0.354331 
vn 0.354331 0.708661 -0.614173 
vn 0.614173 0.708661 -0.354331 
vn 0.354331 0.708661 -0.614173 
vn 0.354331 0.708661 -0.614173 
vn 0 0.708661 -0.708661 
vn 0.354331 0.708661 -0.614173 
vn 0 0.708661 -0.708661 
vn 0 0.708661 -0.708661 
vn -0.354331 0.708661 -0.614173 
vn 0 0.708661 -0.708661 
vn -0.354331 0.708661 -0.614173 
vn -0.354331 0.708661 -0.614173 
vn -0.614173 0.708661 -0.354331 
vn -0.354331 0.708661 -0.614173 
vn -0.614173 0.708661 -0.354331 
vn -0.614173 0.708661 -0.354331 
vn -0.708661 0.708661 0 
vn -0.614173 0.708661 -0.354331 
vn -0.708661 0.708661 0 
vn -0.708661 0.708661 0 
vn -0.614173 0.708661 0.354331 
vn -0.708661 0.708661 0 
vn -0.614173 0.708661 0.354331 
vn -0.614173 0.708661 0.354331 
vn -0.354331 0.708661 0.614173 
vn -0.614173 0.708661 0.354331 
vn -0.354331 0.708661 0.614173 
vn -0.354331 0.708661 0.614173 
vn 0 0.708661 0.708661 
vn -0.354331 0.708661 0.614173 
vn 0 0.708661 0.708661 
vn 0 -0.708661 0.708661 
vn 0.354331 -0.708661 0.614173 
vn 0 -0.708661 0.708661 
vn 0.354331 -0.708661 0.614173 
vn 0.354331 -0.708661 0.614173 
vn 0.614173 -0.708661 0.354331 
vn 0.354331 -0.708661 0.614173 
vn 0.614173 -0.708661 0.354331 
vn 0.614173 -0.708661 0.354331 
vn 0.708661 -0.708661 0 
vn 0.614173 -0.708661 0.354331 
vn 0.708661 -0.708661 0 
vn 0.708661 -0.708661 0 
vn 0.614173 -0.708661 -0.354331 
vn 0.708661 -0.708661 0 
vn 0.614173 -0.708661 -0.354331 
vn 0.614173 -0.708661 -0.354331 
vn 0.354331 -0.708661 -0.614173 
vn 0.614173 -0.708661 -0.354331 
vn 0.354331 -0.708661 -0.614173 
vn 0.354331 -0.708661 -0.614173 
vn 0 -0.708661 -0.708661 
vn 0.354331 -0.708661 -0.614173 
vn 0 -0.708661 -0.708661 
vn 0 -0.708661 -0.708661 
vn -0.354331 -0.708661 -0.614173 
vn 0 -0.708661 -0.708661 
vn -0.354331 -0.708661 -0.614173 
vn -0.354331 -0.708661 -0.614173 
vn -0.614173 -0.708661 -0.354331 
vn -0.354331 -0.708661 -0.614173 
vn -0.614173 -0.708661 -0.354331 
vn -0.614173 -0.708661 -0.354331 
vn -0.708661 -0.708661 0 
vn -0.614173 -0.708661 -0.354331 
vn -0.708661 -0.708661 0 
vn -0.708661 -0.708661 0 
vn -0.614173 -0.708661 0.354331 
vn -0.708661 -0.708661 0 
vn -0.614173 -0.708661 0.354331 
vn -0.614173 -0.708661 0.354331 
vn -0.354331 -0.708661 0.614173 
vn -0.614173 -0.708661 0.354331 
vn -0.354331 -0.708661 0.614173 
vn -0.354331 -0.708661 0.614173 
vn 0 -0.708661 0.708661 
vn -0.354331 -0.708661 0.614173 
vn 0 -0.708661 0.708661 
vn 0 0.708661 0.708661 
vn 0.354331 0.708661 0.614173 
vn 0 0.708661 0.708661 
vn 0.354331 0.708661 0.614173 
vn 0.354331 0.708661 0.614173 
vn 0.614173 0.708661 0.354331 
vn 0.354331 0.708661 0.614173 
vn 0.614173 0.708661 0.354331 
vn 0.614173 0.708661 0.354331 
vn 0.708661 0.708661 0 
vn 0.614173 0.708661 0.354331 
vn 0.708661 0.708661 0 
vn 0.708661 0.708661 0 
vn 0.614173 0.708661 -0.354331 
vn 0.708661 0.708661 0 
vn 0.614173 0.708661 -0.354331 
vn 0.614173 0.708661 -0.354331 
vn 0.354331 0.708661 -0.614173 
vn 0.614173 0.708661 -0.354331 
vn 0.354331 0.708661 -0.614173 
vn 0.354331 0.708661 -0.614173 
vn 0 0.708661 -0.708661 
vn 0.354331 0.708661 -0.614173 
vn 0 0.708661 -0.708661 
vn 0 0.708661 -0.708661 
vn -0.354331 0.708661 -0.614173 
vn 0 0.708661 -0.708661 
vn -0.354331 0.708661 -0.614173 
vn -0.354331 0.708661 -0.614173 
vn -0.614173 0.708661 -0.354331 
vn -0.354331 0.708661 -0.614173 
vn -0.614173 0.708661 -0.354331 
vn -0.614173 0.708661 -0.354331 
vn -0.708661 0.708661 0 
vn -0.614173 0.708661 -0.354331 
vn -0.708661 0.708661 0 
vn -0.708661 0.708661 0 
vn -0.614173 0.708661 0.354331 
vn -0.708661 0.708661 0 
vn -0.614173 0.708661 0.354331 
vn -0.614173 0.708661 0.354331 
vn -0.354331 0.708661 0.614173 
vn -0.614173 0.708661 0.354331 
vn -0.354331 0.708661 0.614173 
vn -0.354331 0.708661 0.614173 
vn 0 0.708661 0.708661 
vn -0.354331 0.708661 0.614173 
vn 0 0.708661 0.708661 
vn 0 -0.708661 0.708661 
vn 0.354331 -0.708661 0.614173 
vn 0 -0.708661 0.708661 
vn 0.354331 -0.708661 0.614173 
vn 0.354331 -0.708661 0.614173 
vn 0.614173 -0.708661 0.354331 
vn 0.354331 -0.708661 0.614173 
vn 0.614173 -0.708661 0.354331 
vn 0.614173 -0.708661 0.354331 
vn 0.708661 -0.708661 0 
vn 0.614173 -0.708661 0.354331 
vn 0.708661 -0.708661 0 
vn 0.708661 -0.708661 0 
vn 0.614173 -0.708661 -0.354331 
vn 0.708661 -0.708661 0 
vn 0.614173 -0.708661 -0.354331 
vn 0.614173 -0.708661 -0.354331 
vn 0.354331 -0.708661 -0.614173 
vn 0.614173 -0.708661 -0.354331 
vn 0.354331 -0.708661 -0.614173 
vn 0.354331 -0.708661 -0.614173 
vn 0 -0.708661 -0.708661 
vn 0.354331 -0.708661 -0.614173 
vn 0 -0.708661 -0.708661 
vn 0 -0.708661 -0.708661 
vn -0.354331 -0.708661 -0.614173 
vn 0 -0.708661 -0.708661 
vn -0.354331 -0.708661 -0.614173 
vn -0.354331 -0.708661 -0.614173 
vn -0.614173 -0.708661 -0.354331 
vn -0.354331 -0.708661 -0.614173 
vn -0.614173 -0.708661 -0.354331 
vn -0.614173 -0.708661 -0.354331 
vn -0.708661 -0.708661 0 
vn -0.614173 -0.708661 -0.354331 
vn -0.708661 -0.708661 0 
vn -0.708661 -0.708661 0 
vn -0.614173 -0.708661 0.354331 
vn -0.708661 -0.708661 0 
vn -0.614173 -0.708661 0.354331 
vn -0.614173 -0.708661 0.354331 
vn -0.354331 -0.708661 0.614173 
vn -0.614173 -0.708661 0.354331 
vn -0.354331 -0.708661 0.614173 
vn -0.354331 -0.708661 0.614173 
vn 0 -0.708661 0.708661 
vn -0.354331 -0.708661 0.614173 
vn 0 -0.708661 0.708661 
vn 0 0.708661 0.708661 
vn 0.354331 0.708661 0.614173 
vn 0 0.708661 0.708661 
vn 0.354331 0.708661 0.614173 
vn 0.354331 0.708661 0.614173 
vn 0.614173 0.708661 0.354331 
vn 0.354331 0.708661 0.614173 
vn 0.614173 0.708661 0.354331 
vn 0.614173 0.708661 0.354331 
vn 0.708661 0.708661 0 
vn 0.614173 0.708661 0.354331 
vn 0.708661 0.708661 0 
vn 0.708661 0.708661 0 
vn 0.614173 0.708661 -0.354331 
vn 0.708661 0.708661 0 
vn 0.614173 0.708661 -0.354331 
vn 0.614173 0.708661 -0.354331 
vn 0.354331 0.708661 -0.614173 
vn 0.614173 0.708661 -0.354331 
vn 0.354331 0.708661 -0.614173 
vn 0.354331 0.708661 -0.614173 
vn 0 0.708661 -0.708661 
vn 0.354331 0.708661 -0.614173 
vn 0 0.708661 -0.708661 
vn 0 0.708661 -0.708661 
vn -0.354331 0.708661 -0.614173 
vn 0 0.708661 -0.708661 
vn -0.354331 0.708661 -0.614173 
vn -0.354331 0.708661 -0.614173 
vn -0.614173 0.708661 -0.354331 
vn -0.354331 0.708661 -0.614173 
vn -0.614173 0.708661 -0.354331 
vn -0.614173 0.708661 -0.354331 
vn -0.708661 0.708661 0 
vn -0.614173 0.708661 -0.354331 
vn -0.708661 0.708661 0 
vn -0.708661 0.708661 0 
vn -0.614173 0.708661 0.354331 
vn -0.708661 0.708661 0 
vn -0.614173 0.708661 0.354331 
vn -0.614173 0.708661 0.354331 
vn -0.354331 0.708661 0.614173 
vn -0.614173 0.708661 0.354331 
vn -0.354331 0.708661 0.614173 
vn -0.354331 0.708661 0.614173 
vn 0 0.708661 0.708661 
vn -0.354331 0.708661 0.614173 
vn 0 0.708661 0.708661 
vn 0 -0.708661 0.708661 
vn 0.354331 -0.708661 0.614173 
vn 0 -0.708661 0.708661 
vn 0.354331 -0.708661 0.614173 
vn 0.354331 -0.708661 0.614173 
vn 0.614173 -0.708661 0.354331 
vn 0.354331 -0.708661 0.614173 
vn 0.614173 -0.708661 0.354331 
vn 0.614173 -0.708661 0.354331 
vn 0.708661 -0.708661 0 
vn 0.614173 -0.708661 0.354331 
vn 0.708661 -0.708661 0 
vn 0.708661 -0.708661 0 
vn 0.614173 -0.708661 -0.354331 
vn 0.708661 -0.708661 0 
vn 0.614173 -0.708661 -0.354331 
vn 0.614173 -0.708661 -0.354331 
vn 0.354331 -0.708661 -0.614173 
vn 0.614173 -0.708661 -0.354331 
vn 0.354331 -0.708661 -0.614173 
vn 0.354331 -0.708661 -0.614173 
vn 0 -0.708661 -0.708661 
vn 0.354331 -0.708661 -0.614173 
vn 0 -0.708661 -0.708661 
vn 0 -0.708661 -0.708661 
vn -0.354331 -0.708661 -0.614173 
vn 0 -0.708661 -0.708661 
vn -0.354331 -0.708661 -0.614173 
vn -0.354331 -0.708661 -0.614173 
vn -0.614173 -0.708661 -0.354331 
vn -0.354331 -0.708661 -0.614173 
vn -0.614173 -0.708661 -0.354331 
vn -0.614173 -0.708661 -0.354331 
vn -0.708661 -0.708661 0 
vn -0.614173 -0.708661 -0.354331 
vn -0.708661 -0.708661 0 
vn -0.708661 -0.708661 0 
vn -0.614173 -0.708661 0.354331 
vn -0.708661 -0.708661 0 
vn -0.614173 -0.708661 0.354331 
vn -0.614173 -0.708661 0.354331 
vn -0.354331 -0.708661 0.614173 
vn -0.614173 -0.708661 0.354331 
vn -0.354331 -0.708661 0.614173 
vn -0.354331 -0.708661 0.614173 
vn 0 -0.708661 0.708661 
vn -0.354331 -0.708661 0.614173 
vn 0 -0.708661 0.708661 
vn 0 0.708661 0.708661 
vn 0.354331 0.708661 0.614173 
vn 0 0.708661 0.708661 
vn 0.354331 0.708661 0.614173 
vn 0.354331 0.708661 0.614173 
vn 0.614173 0.708661 0.354331 
vn 0.354331 0.708661 0.614173 
vn 0.614173 0.708661 0.354331 
vn 0.614173 0.708661 0.354331 
vn 0.708661 0.708661 0 
vn 0.614173 0.708661 0.354331 
vn 0.708661 0.708661 0 
vn 0.708661 0.708661 0 
vn 0.614173 0.708661 -0.354331 
vn 0.708661 0.708661 0 
vn 0.614173 0.708661 -0.354331 
vn 0.614173 0.708661 -0.354331 
vn 0.354331 0.708661 -0.614173 
vn 0.614173 0.708661 -0.354331 
vn 0.354331 0.708661 -0.614173 
vn 0.354331 0.708661 -0.614173 
vn 0 0.708661 -0.708661 
vn 0.354331 0.708661 -0.614173 
vn 0 0.708661 -0.708661 
vn 0 0.708661 -0.708661 
vn -0.354331 0.708661 -0.614173 
vn 0 0.708661 -0.708661 
vn -0.354331 0.708661 -0.614173 
vn -0.354331 0.708661 -0.614173 
vn -0.614173 0.708661 -0.354331 
vn -0.354331 0.708661 -0.614173 
vn -0.614173 0.708661 -0.354331 
vn -0.614173 0.708661 -0.354331 
vn -0.708661 0.708661 0 
vn -0.614173 0.708661 -0.354331 
vn -0.708661 0.708661 0 
vn -0.708661 0.708661 0 
vn -0.614173 0.708661 0.354331 
vn -0.708661 0.708661 0 
vn -0.614173 0.708661 0.354331 
vn -0.614173 0.708661 0.354331 
vn -0.354331 0.708661 0.614173 
vn -0.614173 0.708661 0.354331 
vn -0.354331 0.708661 0.614173 
vn -0.354331 0.708661 0.614173 
vn 0 0.708661 0.708661 
vn -0.354331 0.708661 0.614173 
vn 0 0.708661 0.708661 
vn 0 -0.708661 0.708661 
vn 0.354331 -0.708661 0.614173 
vn 0 -0.708661 0.708661 
vn 0.354331 -0.708661 0.614173 
vn 0.354331 -0.708661 0.614173 
vn 0.614173 -0.708661 0.354331 
vn 0.354331 -0.708661 0.614173 
vn 0.614173 -0.708661 0.354331 
vn 0.614173 -0.708661 0.354331 
vn 0.708661 -0.708661 0 
vn 0.614173 -0.708661 0.354331 
vn 0.708661 -0.708661 0 
vn 0.708661 -0.708661 0 
vn 0.614173 -0.708661 -0.354331 
vn 0.708661 -0.708661 0 
vn 0.614173 -0.708661 -0.354331 
vn 0.614173 -0.708661 -0.354331 
vn 0.354331 -0.708661 -0.614173 
vn 0.614173 -0.708661 -0.354331 
vn 0.354331 -0.708661 -0.614173 
vn 0.354331 -0.708661 -0.614173 
vn 0 -0.708661 -0.708661 
vn 0.354331 -0.708661 -0.614173 
vn 0 -0.708661 -0.708661 
vn 0 -0.708661 -0.708661 
vn -0.354331 -0.708661 -0.614173 
vn 0 -0.708661 -0.708661 
vn -0.354331 -0.708661 -0.614173 
vn -0.354331 -0.708661 -0.614173 
vn -0.614173 -0.708661 -0.354331 
vn -0.354331 -0.708661 -0.614173 
vn -0.614173 -0.708661 -0.354331 
vn -0.614173 -0.708661 -0.354331 
vn -0.708661 -0.708661 0 
vn -0.614173 -0.708661 -0.354331 
vn -0.708661 -0.708661 0 
vn -0.708661 -0.708661 0 
vn -0.614173 -0.708661 0.354331 
vn -0.708661 -0.708661 0 
vn -0.614173 -0.708661 0.354331 
vn -0.614173 -0.708661 0.354331 
vn -0.354331 -0.708661 0.614173 
vn -0.614173 -0.708661 0.354331 
vn -0.354331 -0.708661 0.614173 
vn -0.354331 -0.708661 0.614173 
vn 0 -0.708661 0.708661 
vn -0.354331 -0.708661 0.614173 
vn 0 -0.708661 0.708661 
vn 0 0.708661 0.708661 
vn 0.354331 0.708661 0.614173 
vn 0 0.708661 0.708661 
vn 0.354331 0.708661 0.614173 
vn 0.354331 0.708661 0.614173 
vn 0.614173 0.708661 0.354331 
vn 0.354331 0.708661 0.614173 
vn 0.614173 0.708661 0.354331 
vn 0.614173 0.708661 0.354331 
vn 0.708661 0.708661 0 
vn 0.614173 0.708661 0.354331 
vn 0.708661 0.708661 0 
vn 0.708661 0.708661 0 
vn 0.614173 0.708661 -0.354331 
vn 0.708661 0.708661 0 
vn 0.614173 0.708661 -0.354331 
vn 0.614173 0.708661 -0.354331 
vn 0.354331 0.708661 -0.614173 
vn 0.614173 0.708661 -0.354331 
vn 0.354331 0.708661 -0.614173 
vn 0.354331 0.708661 -0.614173 
vn 0 0.708661 -0.708661 
vn 0.354331 0.708661 -0.614173 
vn 0 0.708661 -0.708661 
vn 0 0.708661 -0.708661 
vn -0.354331 0.708661 -0.614173 
vn 0 0.708661 -0.708661 
vn -0.354331 0.708661 -0.614173 
vn -0.354331 0.708661 -0.614173 
vn -0.614173 0.708661 -0.354331 
vn -0.354331 0.708661 -0.614173 
vn -0.614173 0.708661 -0.354331 
vn -0.614173 0.708661 -0.354331 
vn -0.708661 0.708661 0 
vn -0.614173 0.708661 -0.354331 
vn -0.708661 0.708661 0 
vn -0.708661 0.708661 0 
vn -0.614173 0.708661 0.354331 
vn -0.708661 0.708661 0 
vn -0.614173 0.708661 0.354331 
vn -0.614173 0.708661 0.354331 
vn -0.354331 0.708661 0.614173 
vn -0.614173 0.708661 0.354331 
vn -0.354331 0.708661 0.614173 
vn -0.354331 0.708661 0.614173 
vn 0 0.708661 0.708661 
vn -0.354331 0.708661 0.614173 
vn 0 0.708661 0.708661 
vn 0 -0.708661 0.708661 
vn 0.354331 -0.708661 0.614173 
vn 0 -0.708661 0.708661 
vn 0.354331 -0.708661 0.614173 
vn 0.354331 -0.708661 0.614173 
vn 0.614173 -0.708661 0.354331 
vn 0.354331 -0.708661 0.614173 
vn 0.614173 -0.708661 0.354331 
vn 0.614173 -0.708661 0.354331 
vn 0.708661 -0.708661 0 
vn 0.614173 -0.708661 0.354331 
vn 0.708661 -0.708661 0 
vn 0.708661 -0.708661 0 
vn 0.614173 -0.708661 -0.354331 
vn 0.708661 -0.708661 0 
vn 0.614173 -0.708661 -0.354331 
vn 0.614173 -0.708661 -0.354331 
vn 0.354331 -0.708661 -0.614173 
vn 0.614173 -0.708661 -0.354331 
vn 0.354331 -0.708661 -0.614173 
vn 0.354331 -0.708661 -0.614173 
vn 0 -0.708661 -0.708661 
vn 0.354331 -0.708661 -0.614173 
vn 0 -0.708661 -0.708661 
vn 0 -0.708661 -0.708661 
vn -0.354331 -0.708661 -0.614173 
vn 0 -0.708661 -0.708661 
vn -0.354331 -0.708661 -0.614173 
vn -0.354331 -0.708661 -0.614173 
vn -0.614173 -0.708661 -0.354331 
vn -0.354331 -0.708661 -0.614173 
vn -0.614173 -0.708661 -0.354331 
vn -0.614173 -0.708661 -0.354331 
vn -0.708661 -0.708661 0 
vn -0.614173 -0.708661 -0.354331 
vn -0.708661 -0.708661 0 
vn -0.708661 -0.708661 0 
vn -0.614173 -0.708661 0.354331 
vn -0.708661 -0.708661 0 
vn -0.614173 -0.708661 0.354331 
vn -0.614173 -0.708661 0.354331 
vn -0.354331 -0.708661 0.614173 
vn -0.614173 -0.708661 0.354331 
vn -0.354331 -0.708661 0.614173 
vn -0.354331 -0.708661 0.614173 
vn 0 -0.708661 0.708661 
vn -0.354331 -0.708661 0.614173 
vn 0 -0.708661 0.708661 
vn 0 0.708661 0.708661 
vn 0.354331 0.708661 0.614173 
vn 0 0.708661 0.708661 
vn 0.354331 0.708661 0.614173 
vn 0.354331 0.708661 0.614173 
vn 0.614173 0.708661 0.354331 
vn 0.354331 0.708661 0.614173 
vn 0.614173 0.708661 0.354331 
vn 0.614173 0.708661 0.354331 
vn 0.708661 0.708661 0 
vn 0.614173 0.708661 0.354331 
vn 0.708661 0.708661 0 
vn 0.708661 0.708661 0 
vn 0.614173 0.708661 -0.354331 
vn 0.708661 0.708661 0 
vn 0.614173 0.708661 -0.354331 
vn 0.614173 0.708661 -0.354331 
vn 0.354331 0.708661 -0.614173 
vn 0.614173 0.708661 -0.354331 
vn 0.354331 0.708661 -0.614173 
vn 0.354331 0.708661 -0.614173 
vn 0 0.708661 -0.708661 
vn 0.354331 0.708661 -0.614173 
vn 0 0.708661 -0.708661 
vn 0 0.708661 -0.708661 
vn -0.354331 0.708661 -0.614173 
vn 0 0.708661 -0.708661 
vn -0.354331 0.708661 -0.614173 
vn -0.354331 0.708661 -0.614173 
vn -0.614173 0.708661 -0.354331 
vn -0.354331 0.708661 -0.614173 
vn -0.614173 0.708661 -0.354331 
vn -0.614173 0.708661 -0.354331 
vn -0.708661 0.708661 0 
vn -0.614173 0.708661 -0.354331 
vn -0.708661 0.708661 0 
vn -0.708661 0.708661 0 
vn -0.614173 0.708661 0.354331 
vn -0.708661 0.708661 0 
vn -0.614173 0.708661 0.354331 
vn -0.614173 0.708661 0.354331 
vn -0.354331 0.708661 0.614173 
vn -0.614173 0.708661 0.354331 
vn -0.354331 0.708661 0.614173 
vn -0.354331 0.708661 0.614173 
vn 0 0.708661 0.708661 
vn -0.354331 0.708661 0.614173 
vn 0 0.708661 0.708661 
vn 0 -0.708661 0.708661 
vn 0.354331 -0.708661 0.614173 
vn 0 -0.708661 0.708661 
vn 0.354331 -0.708661 0.614173 
vn 0.354331 -0.708661 0.614173 
vn 0.614173 -0.708661 0.354331 
vn 0.354331 -0.708661 0.614173 
vn 0.614173 -0.708661 0.354331 
vn 0.614173 -0.708661 0.354331 
vn 0.708661 -0.708661 0 
vn 0.614173 -0.708661 0.354331 
vn 0.708661 -0.708661 0 
vn 0.708661 -0.708661 0 
vn 0.614173 -0.708661 -0.354331 
vn 0.708661 -0.708661 0 
vn 0.614173 -0.708661 -0.354331 
vn 0.614173 -0.708661 -0.354331 
vn 0.354331 -0.708661 -0.614173 
vn 0.614173 -0.708661 -0.354331 
vn 0.354331 -0.708661 -0.614173 
vn 0.354331 -0.708661 -0.614173 
vn 0 -0.708661 -0.708661 
vn 0.354331 -0.708661 -0.614173 
vn 0 -0.708661 -0.708661 
vn 0 -0.708661 -0.708661 
vn -0.354331 -0.708661 -0.614173 
vn 0 -0.708661 -0.708661 
vn -0.354331 -0.708661 -0.614173 
vn -0.354331 -0.708661 -0.614173 
vn -0.614173 -0.708661 -0.354331 
vn -0.354331 -0.708661 -0.614173 
vn -0.614173 -0.708661 -0.354331 
vn -0.614173 -0.708661 -0.354331 
vn -0.708661 -0.708661 0 
vn -0.614173 -0.708661 -0.354331 
vn -0.708661 -0.708661 0 
vn -0.708661 -0.708661 0 
vn -0.614173 -0.708661 0.354331 
vn -0.708661 -0.708661 0 
vn -0.614173 -0.708661 0.354331 
vn -0.614173 -0.708661 0.354331 
vn -0.354331 -0.708661 0.614173 
vn -0.614173 -0.708661 0.354331 
vn -0.354331 -0.708661 0.614173 
vn -0.354331 -0.708661 0.614173 
vn 0 -0.708661 0.708661 
vn -0.354331 -0.708661 0.614173 
vn 0 -0.708661 0.708661 
vn 0 0.708661 0.708661 
vn 0.354331 0.708661 0.614173 
vn 0 0.708661 0.708661 
vn 0.354331 0.708661 0.614173 
vn 0.354331 0.708661 0.614173 
vn 0.614173 0.708661 0.354331 
vn 0.354331 0.708661 0.614173 
vn 0.614173 0.708661 0.354331 
vn 0.614173 0.708661 0.354331 
vn 0.708661 0.708661 0 
vn 0.614173 0.708661 0.354331 
vn 0.708661 0.708661 0 
vn 0.708661 0.708661 0 
vn 0.614173 0.708661 -0.354331 
vn 0.708661 0.708661 0 
vn 0.614173 0.708661 -0.354331 
vn 0.614173 0.708661 -0.354331 
vn 0.354331 0.708661 -0.614173 
vn 0.614173 0.708661 -0.354331 
vn 0.354331 0.708661 -0.614173 
vn 0.354331 0.708661 -0.614173 
vn 0 0.708661 -0.708661 
vn 0.354331 0.708661 -0.614173 
vn 0 0.708661 -0.708661 
vn 0 0.708661 -0.708661 
vn -0.354331 0.708661 -0.614173 
vn 0 0.708661 -0.708661 
vn -0.354331 0.708661 -0.614173 
vn -0.354331 0.708661 -0.614173 
vn -0.614173 0.708661 -0.354331 
vn -0.354331 0.708661 -0.614173 
vn -0.614173 0.708661 -0.354331 
vn -0.614173 0.708661 -0.354331 
vn -0.708661 0.708661 0 
vn -0.614173 0.708661 -0.354331 
vn -0.708661 0.708661 0 
vn -0.708661 0.708661 0 
vn -0.614173 0.708661 0.354331 
vn -0.708661 0.708661 0 
vn -0.614173 0.708661 0.354331 
vn -0.614173 0.708661 0.354331 
vn -0.354331 0.708661 0.614173 
vn -0.614173 0.708661 0.354331 
vn -0.354331 0.708661 0.614173 
vn -0.354331 0.708661 0.614173 
vn 0 0.708661 0.708661 
vn -0.354331 0.708661 0.614173 
vn 0 0.708661 0.708661 
vn 0 -0.708661 0.708661 
vn 0.354331 -0.708661 0.614173 
vn 0 -0.708661 0.708661 
vn 0.354331 -0.708661 0.614173 
vn 0.354331 -0.708661 0.614173 
vn 0.614173 -0.708661 0.354331 
vn 0.354331 -0.708661 0.614173 
vn 0.614173 -0.708661 0.354331 
vn 0.614173 -0.708661 0.354331 
vn 0.708661 -0.708661 0 
vn 0.614173 -0.708661 0.354331 
vn 0.708661 -0.708661 0 
vn 0.708661 -0.708661 0 
vn 0.614173 -0.708661 -0.354331 
vn 0.708661 -0.708661 0 
vn 0.614173 -0.708661 -0.354331 
vn 0.614173 -0.708661 -0.354331 
vn 0.354331 -0.708661 -0.614173 
vn 0.614173 -0.708661 -0.354331 
vn 0.354331 -0.708661 -0.614173 
vn 0.354331 -0.708661 -0.614173 
vn 0 -0.708661 -0.708661 
vn 0.354331 -0.708661 -0.614173 
vn 0 -0.708661 -0.708661 
vn 0 -0.708661 -0.708661 
vn -0.354331 -0.708661 -0.614173 
vn 0 -0.708661 -0.708661 
vn -0.354331 -0.708661 -0.614173 
vn -0.354331 -0.708661 -0.614173 
vn -0.614173 -0.708661 -0.354331 
vn -0.354331 -0.708661 -0.614173 
vn -0.614173 -0.708661 -0.354331 
vn -0.614173 -0.708661 -0.354331 
vn -0.708661 -0.708661 0 
vn -0.614173 -0.708661 -0.354331 
vn -0.708661 -0.708661 0 
vn -0.708661 -0.708661 0 
vn -0.614173 -0.708661 0.354331 
vn -0.708661 -0.708661 0 
vn -0.614173 -0.708661 0.354331 
vn -0.614173 -0.708661 0.354331 
vn -0.354331 -0.708661 0.614173 
vn -0.614173 -0.708661 0.354331 
vn -0.354331 -0.708661 0.614173 
vn -0.354331 -0.708661 0.614173 
vn 0 -0.708661 0.708661 
vn -0.354331 -0.708661 0.614173 
vn 0 -0.708661 0.708661 
vn 0 0.708661 0.708661 
vn 0.354331 0.708661 0.614173 
vn 0 0.708661 0.708661 
vn 0.354331 0.708661 0.614173 
vn 0.354331 0.708661 0.614173 
vn 0.614173 0.708661 0.354331 
vn 0.354331 0.708661 0.614173 
vn 0.614173 0.708661 0.354331 
vn 0.614173 0.708661 0.354331 
vn 0.708661 0.708661 0 
vn 0.614173 0.708661 0.354331 
vn 0.708661 0.708661 0 
vn 0.708661 0.708661 0 
vn 0.614173 0.708661 -0.354331 
vn 0.708661 0.708661 0 
vn 0.614173 0.708661 -0.354331 
vn 0.614173 0.708661 -0.354331 
vn 0.354331 0.708661 -0.614173 
vn 0.614173 0.708661 -0.354331 
vn 0.354331 0.708661 -0.614173 
vn 0.354331 0.708661 -0.614173 
vn 0 0.708661 -0.708661 
vn 0.354331 0.708661 -0.614173 
vn 0 0.708661 -0.708661 
vn 0 0.708661 -0.708661 
vn -0.354331 0.708661 -0.614173 
vn 0 0.708661 -0.708661 
vn -0.354331 0.708661 -0.614173 
vn -0.354331 0.708661 -0.614173 
vn -0.614173 0.708661 -0.354331 
vn -0.354331 0.708661 -0.614173 
vn -0.614173 0.708661 -0.354331 
vn -0.614173 0.708661 -0.354331 
vn -0.708661 0.708661 0 
vn -0.614173 0.708661 -0.354331 
vn -0.708661 0.708661 0 
vn -0.708661 0.708661 0 
vn -0.614173 0.708661 0.354331 
vn -0.708661 0.708661 0 
vn -0.614173 0.708661 0.354331 
vn -0.614173 0.708661 0.354331 
vn -0.354331 0.708661 0.614173 
vn -0.614173 0.708661 0.354331 
vn -0.354331 0.708661 0.614173 
vn -0.354331 0.708661 0.614173 
vn 0 0.708661 0.708661 
vn -0.354331 0.708661 0.614173 
vn 0 0.708661 0.708661 
vn 0 -0.708661 0.708661 
vn 0.354331 -0.708661 0.614173 
vn 0 -0.708661 0.708661 
vn 0.354331 -0.708661 0.614173 
vn 0.354331 -0.708661 0.614173 
vn 0.614173 -0.708661 0.354331 
vn 0.354331 -0.708661 0.614173 
vn 0.614173 -0.708661 0.354331 
vn 0.614173 -0.708661 0.354331 
vn 0.708661 -0.708661 0 
vn 0.614173 -0.708661 0.354331 
vn 0.708661 -0.708661 0 
vn 0.708661 -0.708661 0 
vn 0.614173 -0.708661 -0.354331 
vn 0.708661 -0.708661 0 
vn 0.614173 -0.708661 -0.354331 
vn 0.614173 -0.708661 -0.354331 
vn 0.354331 -0.708661 -0.614173 
vn 0.614173 -0.708661 -0.354331 
vn 0.354331 -0.708661 -0.614173 
vn 0.354331 -0.708661 -0.614173 
vn 0 -0.708661 -0.708661 
vn 0.354331 -0.708661 -0.614173 
vn 0 -0.708661 -0.708661 
vn 0 -0.708661 -0.708661 
vn -0.354331 -0.708661 -0.614173 
vn 0 -0.708661 -0.708661 
vn -0.354331 -0.708661 -0.614173 
vn -0.354331 -0.708661 -0.614173 
vn -0.614173 -0.708661 -0.354331 
vn -0.354331 -0.708661 -0.614173 
vn -0.614173 -0.708661 -0.354331 
vn -0.614173 -0.708661 -0.354331 
vn -0.708661 -0.708661 0 
vn -0.614173 -0.708661 -0.354331 
vn -0.708661 -0.708661 0 
vn -0.708661 -0.708661 0 
vn -0.614173 -0.708661 0.354331 
vn -0.708661 -0.708661 0 
vn -0.614173 -0.708661 0.354331 
vn -0.614173 -0.708661 0.354331 
vn -0.354331 -0.708661 0.614173 
vn -0.614173 -0.708661 0.354331 
vn -0.354331 -0.708661 0.614173 
vn -0.354331 -0.708661 0.614173 
vn 0 -0.708661 0.708661 
vn -0.354331 -0.708661 0.614173 
vn 0 -0.708661 0.708661 
vn 0 0.708661 0.708661 
vn 0.354331 0.708661 0.614173 
vn 0 0.708661 0.708661 
vn 0.354331 0.708661 0.614173 
vn 0.354331 0.708661 0.614173 
vn 0.614173 0.708661 0.354331 
vn 0.354331 0.708661 0.614173 
vn 0.614173 0.708661 0.354331 
vn 0.614173 0.708661 0.354331 
vn 0.708661 0.708661 0 
vn 0.614173 0.708661 0.354331 
vn 0.708661 0.708661 0 
vn 0.708661 0.708661 0 
vn 0.614173 0.708661 -0.354331 
vn 0.708661 0.708661 0 
vn 0.614173 0.708661 -0.354331 
vn 0.614173 0.708661 -0.354331 
vn 0.354331 0.708661 -0.614173 
vn 0.614173 0.708661 -0.354331 
vn 0.354331 0.708661 -0.614173 
vn 0.354331 0.708661 -0.614173 
vn 0 0.708661 -0.708661 
vn 0.354331 0.708661 -0.614173 
vn 0 0.708661 -0.708661 
vn 0 0.708661 -0.708661 
vn -0.354331 0.708661 -0.614173 
vn 0 0.708661 -0.708661 
vn -0.354331 0.708661 -0.614173 
vn -0.354331 0.708661 -0.614173 
vn -0.614173 0.708661 -0.354331 
vn -0.354331 0.708661 -0.614173 
vn -0.614173 0.708661 -0.354331 
vn -0.614173 0.708661 -0.354331 
vn -0.708661 0.708661 0 
vn -0.614173 0.708661 -0.354331 
vn -0.708661 0.708661 0 
vn -0.708661 0.708661 0 
vn -0.614173 0.708661 0.354331 
vn -0.708661 0.708661 0 
vn -0.614173 0.708661 0.354331 
vn -0.614173 0.708661 0.354331 
vn -0.354331 0.708661 0.614173 
vn -0.614173 0.708661 0.354331 
vn -0.354331 0.708661 0.614173 
vn -0.354331 0.708661 0.614173 
vn 0 0.708661 0.708661 
vn -0.354331 0.708661 0.614173 
vn 0 0.708661 0.708661 
vn 0 -0.385827 0.92126 
vn 0.464567 -0.385827 0.795276 
vn 0 -0.708661 0.708661 
vn 0.354331 -0.708661 0.614173 
vn 0.464567 -0.385827 0.795276 
vn 0.795276 -0.385827 0.464567 
vn 0.354331 -0.708661 0.614173 
vn 0.614173 -0.708661 0.354331 
vn 0.795276 -0.385827 0.464567 
vn 0.92126 -0.385827 0 
vn 0.614173 -0.708661 0.354331 
vn 0.708661 -0.708661 0 
vn 0.92126 -0.385827 0 
vn 0.795276 -0.385827 -0.464567 
vn 0.708661 -0.708661 0 
vn 0.614173 -0.708661 -0.354331 
vn 0.795276 -0.385827 -0.464567 
vn 0.464567 -0.385827 -0.795276 
vn 0.614173 -0.708661 -0.354331 
vn 0.354331 -0.708661 -0.614173 
vn 0.464567 -0.385827 -0.795276 
vn 0 -0.385827 -0.92126 
vn 0.354331 -0.708661 -0.614173 
vn 0 -0.708661 -0.708661 
vn 0 -0.385827 -0.92126 
vn -0.464567 -0.385827 -0.795276 
vn 0 -0.708661 -0.708661 
vn -0.354331 -0.708661 -0.614173 
vn -0.464567 -0.385827 -0.795276 
vn -0.795276 -0.385827 -0.464567 
vn -0.354331 -0.708661 -0.614173 
vn -0.614173 -0.708661 -0.354331 
vn -0.795276 -0.385827 -0.464567 
vn -0.92126 -0.385827 0 
vn -0.614173 -0.708661 -0.354331 
vn -0.708661 -0.708661 0 
vn -0.92126 -0.385827 0 
vn -0.795276 -0.385827 0.464567 
vn -0.708661 -0.708661 0 
vn -0.614173 -0.708661 0.354331 
vn -0.795276 -0.385827 0.464567 
vn -0.464567 -0.385827 0.795276 
vn -0.614173 -0.708661 0.354331 
vn -0.354331 -0.708661 0.614173 
vn -0.464567 -0.385827 0.795276 
vn 0 -0.385827 0.92126 
vn -0.354331 -0.708661 0.614173 
vn 0 -0.708661 0.708661 
vn 0 0 1 
vn 0.496063 0 0.866142 
vn 0 -0.385827 0.92126 
vn 0.496063 0 0.866142 
vn 0.866142 0 0.496063 
vn 0.464567 -0.385827 0.795276 
vn 0.866142 0 0.496063 
vn 1 0 0 
vn 0.795276 -0.385827 0.464567 
vn 1 0 0 
vn 0.866142 0 -0.496063 
vn 0.92126 -0.385827 0 
vn 0.866142 0 -0.496063 
vn 0.496063 0 -0.866142 
vn 0.795276 -0.385827 -0.464567 
vn 0.496063 0 -0.866142 
vn 0 0 -1 
vn 0.464567 -0.385827 -0.795276 
vn 0 0 -1 
vn -0.496063 0 -0.866142 
vn 0 -0.385827 -0.92126 
vn -0.496063 0 -0.866142 
vn -0.866142 0 -0.496063 
vn -0.464567 -0.385827 -0.795276 
vn -0.866142 0 -0.496063 
vn -1 0 0 
vn -0.795276 -0.385827 -0.464567 
vn -1 0 0 
vn -0.866142 0 0.496063 
vn -0.92126 -0.385827 0 
vn -0.866142 0 0.496063 
vn -0.496063 0 0.866142 
vn -0.795276 -0.385827 0.464567 
vn -0.496063 0 0.866142 
vn 0 0 1 
vn -0.464567 -0.385827 0.795276 
vn 0 0 -1 
vn 0 0 -1 
vn 0 0 -1 
vn 0 0 -1 
vn 0 0 -1 
vn 0 0 -1 
vn 0 0 -1 
vn 0 0 -1 
vn 0 0 -1 
vn 0 0 -1 
vn 0 0 -1 
vn 0 0 -1 
vn 0 0.228346 0.976378 
vn 0.488189 0.228346 0.84252 
vn 0 0.448819 0.897638 
vn 0.448819 0.448819 0.771654 
vn 0.488189 0.228346 0.84252 
vn 0.84252 0.228346 0.488189 
vn 0.448819 0.448819 0.771654 
vn 0.771654 0.448819 0.448819 
vn 0.84252 0.228346 0.488189 
vn 0.976378 0.228346 0 
vn 0.771654 0.448819 0.448819 
vn 0.897638 0.448819 0 
vn 0.976378 0.228346 0 
vn 0.84252 0.228346 -0.488189 
vn 0.897638 0.448819 0 
vn 0.771654 0.448819 -0.448819 
vn 0.84252 0.228346 -0.488189 
vn 0.488189 0.228346 -0.84252 
vn 0.771654 0.448819 -0.448819 
vn 0.448819 0.448819 -0.771654 
vn 0.488189 0.228346 -0.84252 
vn 0 0.228346 -0.976378 
vn 0.448819 0.448819 -0.771654 
vn 0 0.448819 -0.897638 
vn 0 0.228346 -0.976378 
vn -0.488189 0.228346 -0.84252 
vn 0 0.448819 -0.897638 
vn -0.448819 0.448819 -0.771654 
vn -0.488189 0.228346 -0.84252 
vn -0.84252 0.228346 -0.488189 
vn -0.448819 0.448819 -0.771654 
vn -0.771654 0.448819 -0.448819 
vn -0.84252 0.228346 -0.488189 
vn -0.976378 0.228346 0 
vn -0.771654 0.448819 -0.448819 
vn -0.897638 0.448819 0 
vn -0.976378 0.228346 0 
vn -0.84252 0.228346 0.488189 
vn -0.897638 0.448819 0 
vn -0.771654 0.448819 0.448819 
vn -0.84252 0.228346 0.488189 
vn -0.488189 0.228346 0.84252 
vn -0.771654 0.448819 0.448819 
vn -0.448819 0.448819 0.771654 
vn -0.488189 0.228346 0.84252 
vn 0 0.228346 0.976378 
vn -0.448819 0.448819 0.771654 
vn 0 0.448819 0.897638 
vn 0 0.228346 0.976378 
vn 0.480315 0.267717 0.834646 
vn 0 0.267717 0.96063 
vn 0.488189 0.228346 0.84252 
vn 0.834646 0.267717 0.480315 
vn 0.480315 0.267717 0.834646 
vn 0.84252 0.228346 0.488189 
vn 0.96063 0.267717 0 
vn 0.834646 0.267717 0.480315 
vn 0.976378 0.228346 0 
vn 0.834646 0.267717 -0.480315 
vn 0.96063 0.267717 0 
vn 0.84252 0.228346 -0.488189 
vn 0.480315 0.267717 -0.834646 
vn 0.834646 0.267717 -0.480315 
vn 0.488189 0.228346 -0.84252 
vn 0 0.267717 -0.96063 
vn 0.480315 0.267717 -0.834646 
vn 0 0.228346 -0.976378 
vn -0.480315 0.267717 -0.834646 
vn 0 0.267717 -0.96063 
vn -0.488189 0.228346 -0.84252 
vn -0.834646 0.267717 -0.480315 
vn -0.480315 0.267717 -0.834646 
vn -0.84252 0.228346 -0.488189 
vn -0.96063 0.267717 0 
vn -0.834646 0.267717 -0.480315 
vn -0.976378 0.228346 0 
vn -0.834646 0.267717 0.480315 
vn -0.96063 0.267717 0 
vn -0.84252 0.228346 0.488189 
vn -0.480315 0.267717 0.834646 
vn -0.834646 0.267717 0.480315 
vn -0.488189 0.228346 0.84252 
vn 0 0.267717 0.96063 
vn -0.480315 0.267717 0.834646 
vn 0 0 -1 
vn -0.96063 0.291339 0 
vn -0.984252 0.181102 0 
vn -0.96063 0.291339 0 
vn -0.984252 0.181102 0 
vn 0.826772 0.291339 -0.480315 
vn 0.850394 0.181102 -0.488189 
vn 0.826772 0.291339 -0.480315 
vn 0.850394 0.181102 -0.488189 
vn 0.244094 0.330709 0.913386 
vn 0.480315 0.267717 0.834646 
vn 0.244094 0.330709 0.913386 
vn -0.826772 0.291339 0.480315 
vn -0.850394 0.181102 0.488189 
vn -0.826772 0.291339 0.480315 
vn -0.850394 0.181102 0.488189 
vn 0.480315 0.291339 -0.826772 
vn 0.488189 0.181102 -0.850394 
vn 0.480315 0.291339 -0.826772 
vn 0.488189 0.181102 -0.850394 
vn 0.669291 0.330709 0.669291 
vn 0.834646 0.267717 0.480315 
vn 0.669291 0.330709 0.669291 
vn -0.480315 0.291339 0.826772 
vn -0.488189 0.181102 0.850394 
vn -0.480315 0.291339 0.826772 
vn -0.488189 0.181102 0.850394 
vn 0 0.291339 -0.96063 
vn 0 0.181102 -0.984252 
vn 0 0.291339 -0.96063 
vn 0 0.181102 -0.984252 
vn 0.913386 0.330709 0.244094 
vn 0.96063 0.267717 0 
vn 0.913386 0.330709 0.244094 
vn 0 0.291339 0.96063 
vn 0 0.181102 0.984252 
vn 0 0.291339 0.96063 
vn 0 0.181102 0.984252 
vn -0.480315 0.291339 -0.826772 
vn -0.488189 0.181102 -0.850394 
vn -0.480315 0.291339 -0.826772 
vn -0.488189 0.181102 -0.850394 
vn 0.913386 0.330709 -0.244094 
vn 0.834646 0.267717 -0.480315 
vn 0.913386 0.330709 -0.244094 
vn 0.480315 0.291339 0.826772 
vn 0.488189 0.181102 0.850394 
vn 0.480315 0.291339 0.826772 
vn 0.488189 0.181102 0.850394 
vn -0.826772 0.291339 -0.480315 
vn -0.850394 0.181102 -0.488189 
vn -0.826772 0.291339 -0.480315 
vn -0.850394 0.181102 -0.488189 
vn 0.669291 0.330709 -0.669291 
vn 0.480315 0.267717 -0.834646 
vn 0.669291 0.330709 -0.669291 
vn 0.826772 0.291339 0.480315 
vn 0.850394 0.181102 0.488189 
vn 0.826772 0.291339 0.480315 
vn 0.850394 0.181102 0.488189 
vn -0.96063 0.291339 0 
vn -0.984252 0.181102 0 
vn -0.96063 0.291339 0 
vn -0.984252 0.181102 0 
vn 0.244094 0.330709 -0.913386 
vn 0 0.267717 -0.96063 
vn 0.244094 0.330709 -0.913386 
vn 0.96063 0.291339 0 
vn 0.984252 0.181102 0 
vn 0.96063 0.291339 0 
vn 0.984252 0.181102 0 
vn -0.826772 0.291339 0.480315 
vn -0.850394 0.181102 0.488189 
vn -0.826772 0.291339 0.480315 
vn -0.850394 0.181102 0.488189 
vn -0.244094 0.330709 -0.913386 
vn -0.480315 0.267717 -0.834646 
vn -0.244094 0.330709 -0.913386 
vn 0.826772 0.291339 -0.480315 
vn 0.850394 0.181102 -0.488189 
vn 0.826772 0.291339 -0.480315 
vn 0.850394 0.181102 -0.488189 
vn -0.480315 0.291339 0.826772 
vn -0.488189 0.181102 0.850394 
vn -0.480315 0.291339 0.826772 
vn -0.488189 0.181102 0.850394 
vn -0.669291 0.330709 -0.669291 
vn -0.834646 0.267717 -0.480315 
vn -0.669291 0.330709 -0.669291 
vn 0.480315 0.291339 -0.826772 
vn 0.488189 0.181102 -0.850394 
vn 0.480315 0.291339 -0.826772 
vn 0.488189 0.181102 -0.850394 
vn 0 0.291339 0.96063 
vn 0 0.181102 0.984252 
vn 0 0.291339 0.96063 
vn 0 0.181102 0.984252 
vn -0.913386 0.330709 -0.244094 
vn -0.96063 0.267717 0 
vn -0.913386 0.330709 -0.244094 
vn 0 0.291339 -0.96063 
vn 0 0.181102 -0.984252 
vn 0 0.291339 -0.96063 
vn 0 0.181102 -0.984252 
vn 0.480315 0.291339 0.826772 
vn 0.488189 0.181102 0.850394 
vn 0.480315 0.291339 0.826772 
vn 0.488189 0.181102 0.850394 
vn -0.913386 0.330709 0.244094 
vn -0.834646 0.267717 0.480315 
vn -0.913386 0.330709 0.244094 
vn -0.480315 0.291339 -0.826772 
vn -0.488189 0.181102 -0.850394 
vn -0.480315 0.291339 -0.826772 
vn -0.488189 0.181102 -0.850394 
vn 0.826772 0.291339 0.480315 
vn 0.850394 0.181102 0.488189 
vn 0.826772 0.291339 0.480315 
vn 0.850394 0.181102 0.488189 
vn -0.669291 0.330709 0.669291 
vn -0.480315 0.267717 0.834646 
vn -0.669291 0.330709 0.669291 
vn -0.826772 0.291339 -0.480315 
vn -0.850394 0.181102 -0.488189 
vn -0.826772 0.291339 -0.480315 
vn -0.850394 0.181102 -0.488189 
vn 0.96063 0.291339 0 
vn 0.984252 0.181102 0 
vn 0.96063 0.291339 0 
vn 0.984252 0.181102 0 
vn -0.244094 0.330709 0.913386 
vn 0 0.267717 0.96063 
vn -0.244094 0.330709 0.913386 
vn -0.984252 0.181102 0 
vn -1 0.0787402 0 
vn -0.984252 0.181102 0 
vn -1 0.0787402 0 
vn 0.850394 0.181102 -0.488189 
vn 0.866142 0.0787402 -0.496063 
vn 0.850394 0.181102 -0.488189 
vn 0.866142 0.0787402 -0.496063 
vn 0.244094 0.330709 0.913386 
vn 0.251969 0.149606 0.952756 
vn 0.244094 0.330709 0.913386 
vn 0.251969 0.149606 0.952756 
vn 0 1 0 
vn 0 1 0 
vn 0 1 0 
vn -0.850394 0.181102 0.488189 
vn -0.866142 0.0787402 0.496063 
vn -0.850394 0.181102 0.488189 
vn -0.866142 0.0787402 0.496063 
vn 0.488189 0.181102 -0.850394 
vn 0.496063 0.0787402 -0.866142 
vn 0.488189 0.181102 -0.850394 
vn 0.496063 0.0787402 -0.866142 
vn 0.669291 0.330709 0.669291 
vn 0.700787 0.149606 0.700787 
vn 0.669291 0.330709 0.669291 
vn 0.700787 0.149606 0.700787 
vn 0 1 0 
vn 0 1 0 
vn 0 1 0 
vn -0.488189 0.181102 0.850394 
vn -0.496063 0.0787402 0.866142 
vn -0.488189 0.181102 0.850394 
vn -0.496063 0.0787402 0.866142 
vn 0 0.181102 -0.984252 
vn 0 0.0787402 -1 
vn 0 0.181102 -0.984252 
vn 0 0.0787402 -1 
vn 0.913386 0.330709 0.244094 
vn 0.952756 0.149606 0.251969 
vn 0.913386 0.330709 0.244094 
vn 0.952756 0.149606 0.251969 
vn 0 1 0 
vn 0 1 0 
vn 0 1 0 
vn 0 0.181102 0.984252 
vn 0 0.0787402 1 
vn 0 0.181102 0.984252 
vn 0 0.0787402 1 
vn -0.488189 0.181102 -0.850394 
vn -0.496063 0.0787402 -0.866142 
vn -0.488189 0.181102 -0.850394 
vn -0.496063 0.0787402 -0.866142 
vn 0.913386 0.330709 -0.244094 
vn 0.952756 0.149606 -0.251969 
vn 0.913386 0.330709 -0.244094 
vn 0.952756 0.149606 -0.251969 
vn 0 1 0 
vn 0 1 0 
vn 0 1 0 
vn 0.488189 0.181102 0.850394 
vn 0.496063 0.0787402 0.866142 
vn 0.488189 0.181102 0.850394 
vn 0.496063 0.0787402 0.866142 
vn -0.850394 0.181102 -0.488189 
vn -0.866142 0.0787402 -0.496063 
vn -0.850394 0.181102 -0.488189 
vn -0.866142 0.0787402 -0.496063 
vn 0.669291 0.330709 -0.669291 
vn 0.700787 0.149606 -0.700787 
vn 0.669291 0.330709 -0.669291 
vn 0.700787 0.149606 -0.700787 
vn 0 1 0 
vn 0 1 0 
vn 0 1 0 
vn 0.850394 0.181102 0.488189 
vn 0.866142 0.0787402 0.496063 
vn 0.850394 0.181102 0.488189 
vn 0.866142 0.0787402 0.496063 
vn -0.984252 0.181102 0 
vn -1 0.0787402 0 
vn -0.984252 0.181102 0 
vn -1 0.0787402 0 
vn 0.244094 0.330709 -0.913386 
vn 0.251969 0.149606 -0.952756 
vn 0.244094 0.330709 -0.913386 
vn 0.251969 0.149606 -0.952756 
vn 0 1 0 
vn 0 1 0 
vn 0 1 0 
vn 0.984252 0.181102 0 
vn 1 0.0787402 0 
vn 0.984252 0.181102 0 
vn 1 0.0787402 0 
vn -0.850394 0.181102 0.488189 
vn -0.866142 0.0787402 0.496063 
vn -0.850394 0.181102 0.488189 
vn -0.866142 0.0787402 0.496063 
vn -0.244094 0.330709 -0.913386 
vn -0.251969 0.149606 -0.952756 
vn -0.244094 0.330709 -0.913386 
vn -0.251969 0.149606 -0.952756 
vn 0 1 0 
vn 0 1 0 
vn 0 1 0 
vn 0.850394 0.181102 -0.488189 
vn 0.866142 0.0787402 -0.496063 
vn 0.850394 0.181102 -0.488189 
vn 0.866142 0.0787402 -0.496063 
vn -0.488189 0.181102 0.850394 
vn -0.496063 0.0787402 0.866142 
vn -0.488189 0.181102 0.850394 
vn -0.496063 0.0787402 0.866142 
vn -0.669291 0.330709 -0.669291 
vn -0.700787 0.149606 -0.700787 
vn -0.669291 0.330709 -0.669291 
vn -0.700787 0.149606 -0.700787 
vn 0 1 0 
vn 0 1 0 
vn 0 1 0 
vn 0.488189 0.181102 -0.850394 
vn 0.496063 0.0787402 -0.866142 
vn 0.488189 0.181102 -0.850394 
vn 0.496063 0.0787402 -0.866142 
vn 0 0.181102 0.984252 
vn 0 0.0787402 1 
vn 0 0.181102 0.984252 
vn 0 0.0787402 1 
vn -0.913386 0.330709 -0.244094 
vn -0.952756 0.149606 -0.251969 
vn -0.913386 0.330709 -0.244094 
vn -0.952756 0.149606 -0.251969 
vn 0 1 0 
vn 0 1 0 
vn 0 1 0 
vn 0 0.181102 -0.984252 
vn 0 0.0787402 -1 
vn 0 0.181102 -0.984252 
vn 0 0.0787402 -1 
vn 0.488189 0.181102 0.850394 
vn 0.496063 0.0787402 0.866142 
vn 0.488189 0.181102 0.850394 
vn 0.496063 0.0787402 0.866142 
vn -0.913386 0.330709 0.244094 
vn -0.952756 0.149606 0.251969 
vn -0.913386 0.330709 0.244094 
vn -0.952756 0.149606 0.251969 
vn 0 1 0 
vn 0 1 0 
vn 0 1 0 
vn -0.488189 0.181102 -0.850394 
vn -0.496063 0.0787402 -0.866142 
vn -0.488189 0.181102 -0.850394 
vn -0.496063 0.0787402 -0.866142 
vn 0.850394 0.181102 0.488189 
vn 0.866142 0.0787402 0.496063 
vn 0.850394 0.181102 0.488189 
vn 0.866142 0.0787402 0.496063 
vn -0.669291 0.330709 0.669291 
vn -0.700787 0.149606 0.700787 
vn -0.669291 0.330709 0.669291 
vn -0.700787 0.149606 0.700787 
vn 0 1 0 
vn 0 1 0 
vn 0 1 0 
vn -0.850394 0.181102 -0.488189 
vn -0.866142 0.0787402 -0.496063 
vn -0.850394 0.181102 -0.488189 
vn -0.866142 0.0787402 -0.496063 
vn 0.984252 0.181102 0 
vn 1 0.0787402 0 
vn 0.984252 0.181102 0 
vn 1 0.0787402 0 
vn -0.244094 0.330709 0.913386 
vn -0.251969 0.149606 0.952756 
vn -0.244094 0.330709 0.913386 
vn -0.251969 0.149606 0.952756 
vn 0 1 0 
vn 0 1 0 
vn 0 1 0 

vt 0.90718 0.65671 
vt 0.90718 0.67644 
vt 0.8179 0.65671 
vt 0.8179 0.67644 
vt 0.90718 0.73034 
vt 0.8179 0.73034 
vt 0.90718 0.80398 
vt 0.8179 0.80398 
vt 0.90718 0.87761 
vt 0.8179 0.87761 
vt 0.90718 0.93151 
vt 0.8179 0.93151 
vt 0.90718 0.95124 
vt 0.8179 0.95124 
vt 0.90718 0.93151 
vt 0.8179 0.93151 
vt 0.90718 0.87761 
vt 0.8179 0.87761 
vt 0.90718 0.80398 
vt 0.8179 0.80398 
vt 0.90718 0.73034 
vt 0.8179 0.73034 
vt 0.90718 0.67644 
vt 0.8179 0.67644 
vt 0.72861 0.65671 
vt 0.72861 0.67644 
vt 0.72861 0.73034 
vt 0.72861 0.80398 
vt 0.72861 0.87761 
vt 0.72861 0.93151 
vt 0.72861 0.95124 
vt 0.72861 0.93151 
vt 0.72861 0.87761 
vt 0.72861 0.80398 
vt 0.72861 0.73034 
vt 0.72861 0.67644 
vt 0.08389 0.76742 
vt 0.09173 0.68714 
vt 0.17016 0.76407 
vt 0.1786 0.67762 
vt 0.8179 0.68555 
vt 0.8179 0.7356 
vt 0.72861 0.67644 
vt 0.72861 0.73034 
vt 0.8179 0.80398 
vt 0.72861 0.80398 
vt 0.8179 0.87235 
vt 0.72861 0.87761 
vt 0.8179 0.9224 
vt 0.72861 0.93151 
vt 0.8179 0.94072 
vt 0.72861 0.95124 
vt 0.8179 0.9224 
vt 0.72861 0.93151 
vt 0.8179 0.87235 
vt 0.72861 0.87761 
vt 0.8179 0.80398 
vt 0.72861 0.80398 
vt 0.8179 0.7356 
vt 0.72861 0.73034 
vt 0.8179 0.68555 
vt 0.72861 0.67644 
vt 0.07605 0.87717 
vt 0.16171 0.88226 
vt 0.92504 0.67775 
vt 0.92504 0.69466 
vt 0.8179 0.66723 
vt 0.92504 0.74086 
vt 0.92504 0.80398 
vt 0.92504 0.86709 
vt 0.92504 0.91329 
vt 0.92504 0.9302 
vt 0.92504 0.91329 
vt 0.92504 0.86709 
vt 0.92504 0.80398 
vt 0.92504 0.74086 
vt 0.92504 0.69466 
vt 0.92504 0.66723 
vt 0.92504 0.68555 
vt 0.92504 0.67775 
vt 0.92504 0.69466 
vt 0.92504 0.7356 
vt 0.92504 0.74086 
vt 0.92504 0.80398 
vt 0.92504 0.80398 
vt 0.92504 0.87235 
vt 0.92504 0.86709 
vt 0.92504 0.9224 
vt 0.92504 0.91329 
vt 0.92504 0.94072 
vt 0.92504 0.9302 
vt 0.92504 0.9224 
vt 0.92504 0.91329 
vt 0.92504 0.87235 
vt 0.92504 0.86709 
vt 0.92504 0.80398 
vt 0.92504 0.80398 
vt 0.92504 0.7356 
vt 0.92504 0.74086 
vt 0.92504 0.68555 
vt 0.92504 0.69466 
vt 0.92504 0.65671 
vt 0.92504 0.67644 
vt 0.92504 0.73034 
vt 0.92504 0.80398 
vt 0.92504 0.87761 
vt 0.92504 0.93151 
vt 0.92504 0.95124 
vt 0.92504 0.93151 
vt 0.92504 0.87761 
vt 0.92504 0.80398 
vt 0.92504 0.73034 
vt 0.92504 0.67644 
vt 0.9429 0.64619 
vt 0.9429 0.66733 
vt 0.92504 0.65671 
vt 0.92504 0.67644 
vt 0.9429 0.72508 
vt 0.92504 0.73034 
vt 0.9429 0.80398 
vt 0.92504 0.80398 
vt 0.9429 0.88287 
vt 0.92504 0.87761 
vt 0.9429 0.94062 
vt 0.92504 0.93151 
vt 0.9429 0.96176 
vt 0.92504 0.95124 
vt 0.9429 0.94062 
vt 0.92504 0.93151 
vt 0.9429 0.88287 
vt 0.92504 0.87761 
vt 0.9429 0.80398 
vt 0.92504 0.80398 
vt 0.9429 0.72508 
vt 0.92504 0.73034 
vt 0.9429 0.66733 
vt 0.92504 0.67644 
vt 0.97861 0.64619 
vt 0.97861 0.66733 
vt 0.97861 0.72508 
vt 0.97861 0.80398 
vt 0.97861 0.88287 
vt 0.97861 0.94062 
vt 0.97861 0.96176 
vt 0.97861 0.94062 
vt 0.97861 0.88287 
vt 0.97861 0.80398 
vt 0.97861 0.72508 
vt 0.97861 0.66733 
vt 0.99647 0.67644 
vt 0.99647 0.65671 
vt 0.99647 0.73034 
vt 0.99647 0.80398 
vt 0.99647 0.87761 
vt 0.99647 0.93151 
vt 0.99647 0.95124 
vt 0.99647 0.93151 
vt 0.99647 0.87761 
vt 0.99647 0.80398 
vt 0.99647 0.73034 
vt 0.99647 0.67644 
vt 0.99647 0.67644 
vt 0.99647 0.65671 
vt 0.99647 0.80398 
vt 0.99647 0.73034 
vt 0.99647 0.80398 
vt 0.99647 0.87761 
vt 0.99647 0.93151 
vt 0.99647 0.95124 
vt 0.99647 0.93151 
vt 0.99647 0.87761 
vt 0.99647 0.80398 
vt 0.99647 0.73034 
vt 0.99647 0.67644 
vt 0.11552 0.78242 
vt 0.09526 0.81212 
vt 0.19757 0.78369 
vt 0.17731 0.8134 
vt 0.17999 0.68737 
vt 0.18157 0.7548 
vt 0.2685 0.68712 
vt 0.27008 0.75456 
vt 0.18215 0.83268 
vt 0.27066 0.83243 
vt 0.18157 0.90012 
vt 0.27008 0.89987 
vt 0.17999 0.93906 
vt 0.2685 0.93881 
vt 0.17782 0.93906 
vt 0.26634 0.93882 
vt 0.17566 0.90013 
vt 0.26417 0.89988 
vt 0.17408 0.83269 
vt 0.26259 0.83245 
vt 0.1735 0.75482 
vt 0.26201 0.75457 
vt 0.17408 0.68738 
vt 0.26259 0.68713 
vt 0.1506 0.838 
vt 0.13577 0.79189 
vt 0.23265 0.83927 
vt 0.21783 0.79316 
vt 0.26432 0.65671 
vt 0.26432 0.67644 
vt 0.26432 0.73034 
vt 0.26432 0.80398 
vt 0.26432 0.87761 
vt 0.26432 0.93151 
vt 0.26432 0.95124 
vt 0.26432 0.93151 
vt 0.26432 0.87761 
vt 0.26432 0.80398 
vt 0.26432 0.73034 
vt 0.26432 0.67644 
vt 0.27263 0.80422 
vt 0.26479 0.91396 
vt 0.18636 0.79065 
vt 0.17791 0.90884 
vt 0.17504 0.68555 
vt 0.17504 0.7356 
vt 0.26432 0.67644 
vt 0.26432 0.73034 
vt 0.17504 0.80398 
vt 0.26432 0.80398 
vt 0.17504 0.87235 
vt 0.26432 0.87761 
vt 0.17504 0.9224 
vt 0.26432 0.93151 
vt 0.17504 0.94072 
vt 0.26432 0.95124 
vt 0.17504 0.9224 
vt 0.26432 0.93151 
vt 0.17504 0.87235 
vt 0.26432 0.87761 
vt 0.17504 0.80398 
vt 0.26432 0.80398 
vt 0.17504 0.7356 
vt 0.26432 0.73034 
vt 0.17504 0.68555 
vt 0.26432 0.67644 
vt 0.28047 0.72394 
vt 0.1948 0.7042 
vt 0.0679 0.67775 
vt 0.0679 0.69466 
vt 0.17504 0.66723 
vt 0.0679 0.74086 
vt 0.0679 0.80398 
vt 0.0679 0.86709 
vt 0.0679 0.91329 
vt 0.0679 0.9302 
vt 0.0679 0.91329 
vt 0.0679 0.86709 
vt 0.0679 0.80398 
vt 0.0679 0.74086 
vt 0.0679 0.69466 
vt 0.0679 0.66723 
vt 0.0679 0.68555 
vt 0.0679 0.67775 
vt 0.0679 0.69466 
vt 0.0679 0.7356 
vt 0.0679 0.74086 
vt 0.0679 0.80398 
vt 0.0679 0.80398 
vt 0.0679 0.87235 
vt 0.0679 0.86709 
vt 0.0679 0.9224 
vt 0.0679 0.91329 
vt 0.0679 0.94072 
vt 0.0679 0.9302 
vt 0.0679 0.9224 
vt 0.0679 0.91329 
vt 0.0679 0.87235 
vt 0.0679 0.86709 
vt 0.0679 0.80398 
vt 0.0679 0.80398 
vt 0.0679 0.7356 
vt 0.0679 0.74086 
vt 0.0679 0.68555 
vt 0.0679 0.69466 
vt 0.0679 0.65671 
vt 0.0679 0.67644 
vt 0.0679 0.73034 
vt 0.0679 0.80398 
vt 0.0679 0.87761 
vt 0.0679 0.93151 
vt 0.0679 0.95124 
vt 0.0679 0.93151 
vt 0.0679 0.87761 
vt 0.0679 0.80398 
vt 0.0679 0.73034 
vt 0.0679 0.67644 
vt 0.05004 0.64619 
vt 0.05004 0.66733 
vt 0.0679 0.65671 
vt 0.0679 0.67644 
vt 0.05004 0.72508 
vt 0.0679 0.73034 
vt 0.05004 0.80398 
vt 0.0679 0.80398 
vt 0.05004 0.88287 
vt 0.0679 0.87761 
vt 0.05004 0.94062 
vt 0.0679 0.93151 
vt 0.05004 0.96176 
vt 0.0679 0.95124 
vt 0.05004 0.94062 
vt 0.0679 0.93151 
vt 0.05004 0.88287 
vt 0.0679 0.87761 
vt 0.05004 0.80398 
vt 0.0679 0.80398 
vt 0.05004 0.72508 
vt 0.0679 0.73034 
vt 0.05004 0.66733 
vt 0.0679 0.67644 
vt 0.01432 0.64619 
vt 0.01432 0.66733 
vt 0.01432 0.72508 
vt 0.01432 0.80398 
vt 0.01432 0.88287 
vt 0.01432 0.94062 
vt 0.01432 0.96176 
vt 0.01432 0.94062 
vt 0.01432 0.88287 
vt 0.01432 0.80398 
vt 0.01432 0.72508 
vt 0.01432 0.66733 
vt -0.00353 0.67644 
vt -0.00353 0.65671 
vt -0.00353 0.73034 
vt -0.00353 0.80398 
vt -0.00353 0.87761 
vt -0.00353 0.93151 
vt -0.00353 0.95124 
vt -0.00353 0.93151 
vt -0.00353 0.87761 
vt -0.00353 0.80398 
vt -0.00353 0.73034 
vt -0.00353 0.67644 
vt -0.00353 0.67644 
vt -0.00353 0.65671 
vt -0.00353 0.80398 
vt -0.00353 0.73034 
vt -0.00353 0.80398 
vt -0.00353 0.87761 
vt -0.00353 0.93151 
vt -0.00353 0.95124 
vt -0.00353 0.93151 
vt -0.00353 0.87761 
vt -0.00353 0.80398 
vt -0.00353 0.73034 
vt -0.00353 0.67644 
vt 0.3179 0.80398 
vt 0.33575 0.80398 
vt 0.3179 0.71982 
vt 0.33575 0.73034 
vt 0.53565 0.72065 
vt 0.54585 0.73423 
vt 0.51556 0.66902 
vt 0.52827 0.68905 
vt 0.51556 0.66902 
vt 0.52827 0.68905 
vt 0.48811 0.65958 
vt 0.50425 0.68079 
vt 0.48811 0.65958 
vt 0.50425 0.68079 
vt 0.46066 0.69488 
vt 0.48024 0.71168 
vt 0.3179 0.65822 
vt 0.33575 0.67644 
vt 0.3179 0.71982 
vt 0.33575 0.73034 
vt 0.3179 0.71982 
vt 0.33575 0.73034 
vt 0.3179 0.80398 
vt 0.33575 0.80398 
vt 0.3179 0.80398 
vt 0.33575 0.80398 
vt 0.3179 0.88813 
vt 0.33575 0.87761 
vt 0.3179 0.88813 
vt 0.33575 0.87761 
vt 0.3179 0.94973 
vt 0.33575 0.93151 
vt 0.3179 0.94973 
vt 0.33575 0.93151 
vt 0.3179 0.97228 
vt 0.33575 0.95124 
vt 0.3179 0.97228 
vt 0.33575 0.95124 
vt 0.3179 0.94973 
vt 0.33575 0.93151 
vt 0.3179 0.94973 
vt 0.33575 0.93151 
vt 0.3179 0.88813 
vt 0.33575 0.87761 
vt 0.3179 0.88813 
vt 0.33575 0.87761 
vt 0.3179 0.80398 
vt 0.33575 0.80398 
vt 0.60193 0.77991 
vt 0.58303 0.78188 
vt 0.55889 0.70405 
vt 0.54253 0.71047 
vt 0.53862 0.71404 
vt 0.53565 0.72065 
vt 0.51727 0.65917 
vt 0.51727 0.65917 
vt 0.51556 0.66902 
vt 0.48811 0.64915 
vt 0.48811 0.64915 
vt 0.48811 0.65958 
vt 0.45895 0.68665 
vt 0.46066 0.69488 
vt 0.5639 0.88788 
vt 0.57541 0.89704 
vt 0.42074 0.95026 
vt 0.44066 0.95575 
vt 0.65786 0.79307 
vt 0.67778 0.79856 
vt 0.60546 0.88047 
vt 0.62846 0.88082 
vt 0.01265 0.85427 
vt 0.03566 0.85463 
vt 0.06505 0.94328 
vt 0.08498 0.9384 
vt 0.36174 0.92255 
vt 0.3781 0.91612 
vt 0.47932 0.96914 
vt 0.48877 0.95998 
vt 0.32536 0.88886 
vt 0.33481 0.87969 
vt 0.48597 0.89369 
vt 0.48597 0.88424 
vt 0.43465 0.81341 
vt 0.43465 0.80395 
vt 0.59527 0.77519 
vt 0.58582 0.76798 
vt 0.44131 0.93576 
vt 0.43186 0.92856 
vt 0.55889 0.86473 
vt 0.54253 0.8617 
vt 0.55889 0.86473 
vt 0.54253 0.8617 
vt 0.60193 0.77991 
vt 0.58303 0.78188 
vt 0.33575 0.80398 
vt 0.3179 0.80398 
vt 0.33575 0.7093 
vt 0.3179 0.71456 
vt 0.33575 0.7093 
vt 0.3179 0.71456 
vt 0.33575 0.64 
vt 0.3179 0.64911 
vt 0.33575 0.90444 
vt 0.3179 0.90973 
vt 0.33575 0.81969 
vt 0.3179 0.82968 
vt 0.33575 0.81969 
vt 0.3179 0.82968 
vt 0.33575 0.78312 
vt 0.3179 0.79515 
vt 0.33575 0.64 
vt 0.3179 0.64911 
vt 0.33575 0.7093 
vt 0.3179 0.71456 
vt 0.33575 0.7093 
vt 0.3179 0.71456 
vt 0.33575 0.80398 
vt 0.3179 0.80398 
vt 0.33575 0.80398 
vt 0.3179 0.80398 
vt 0.33575 0.89865 
vt 0.3179 0.89339 
vt 0.33575 0.89865 
vt 0.3179 0.89339 
vt 0.33575 0.96795 
vt 0.3179 0.95884 
vt 0.33575 0.96795 
vt 0.3179 0.95884 
vt 0.33575 0.99332 
vt 0.3179 0.9828 
vt 0.33575 0.99332 
vt 0.3179 0.9828 
vt 0.33575 0.96795 
vt 0.3179 0.95884 
vt 0.33575 0.96795 
vt 0.3179 0.95884 
vt 0.33575 0.89865 
vt 0.3179 0.89339 
vt 0.33575 0.89865 
vt 0.3179 0.89339 
vt 0.33575 0.80398 
vt 0.3179 0.80398 
vt 0.37147 0.80398 
vt 0.33575 0.80398 
vt 0.37147 0.7093 
vt 0.37147 0.7093 
vt 0.33575 0.7093 
vt 0.37147 0.64 
vt 0.33575 0.64 
vt 0.37147 0.90444 
vt 0.33575 0.90444 
vt 0.37147 0.81969 
vt 0.64496 0.79298 
vt 0.67946 0.79502 
vt 0.6341 0.94493 
vt 0.66861 0.94698 
vt 0.37147 0.64 
vt 0.33575 0.64 
vt 0.37147 0.7093 
vt 0.37147 0.7093 
vt 0.33575 0.7093 
vt 0.37147 0.80398 
vt 0.37147 0.80398 
vt 0.33575 0.80398 
vt 0.37147 0.89865 
vt 0.37147 0.89865 
vt 0.33575 0.89865 
vt 0.37147 0.96795 
vt 0.37147 0.96795 
vt 0.33575 0.96795 
vt 0.37147 0.99332 
vt 0.37147 0.99332 
vt 0.33575 0.99332 
vt 0.37147 0.96795 
vt 0.37147 0.96795 
vt 0.33575 0.96795 
vt 0.37147 0.89865 
vt 0.37147 0.89865 
vt 0.33575 0.89865 
vt 0.37147 0.80398 
vt 0.40718 0.80398 
vt 0.37147 0.80398 
vt 0.40718 0.71456 
vt 0.40718 0.71456 
vt 0.37147 0.7093 
vt 0.40718 0.64911 
vt 0.37147 0.64 
vt 0.40718 0.90973 
vt 0.37147 0.90444 
vt 0.40718 0.82968 
vt 0.37147 0.81969 
vt 0.40718 0.82968 
vt 0.37147 0.81969 
vt 0.40718 0.79515 
vt 0.37147 0.78312 
vt 0.40718 0.64911 
vt 0.37147 0.64 
vt 0.40718 0.71456 
vt 0.40718 0.71456 
vt 0.37147 0.7093 
vt 0.40718 0.80398 
vt 0.40718 0.80398 
vt 0.37147 0.80398 
vt 0.40718 0.89339 
vt 0.40718 0.89339 
vt 0.37147 0.89865 
vt 0.40718 0.95884 
vt 0.40718 0.95884 
vt 0.37147 0.96795 
vt 0.40718 0.9828 
vt 0.40718 0.9828 
vt 0.37147 0.99332 
vt 0.40718 0.95884 
vt 0.40718 0.95884 
vt 0.37147 0.96795 
vt 0.40718 0.89339 
vt 0.40718 0.89339 
vt 0.37147 0.89865 
vt 0.40718 0.80398 
vt 0.62147 0.80398 
vt 0.58575 0.80398 
vt 0.62147 0.7093 
vt 0.58575 0.71456 
vt 0.62147 0.7093 
vt 0.58575 0.71456 
vt 0.62147 0.64 
vt 0.58575 0.64911 
vt 0.62147 0.90444 
vt 0.58575 0.90973 
vt 0.62147 0.81969 
vt 0.58575 0.82968 
vt 0.62147 0.81969 
vt 0.58575 0.82968 
vt 0.62147 0.78312 
vt 0.58575 0.79515 
vt 0.62147 0.64 
vt 0.58575 0.64911 
vt 0.62147 0.7093 
vt 0.58575 0.71456 
vt 0.62147 0.7093 
vt 0.58575 0.71456 
vt 0.62147 0.80398 
vt 0.58575 0.80398 
vt 0.62147 0.80398 
vt 0.58575 0.80398 
vt 0.62147 0.89865 
vt 0.58575 0.89339 
vt 0.62147 0.89865 
vt 0.58575 0.89339 
vt 0.62147 0.96795 
vt 0.58575 0.95884 
vt 0.62147 0.96795 
vt 0.58575 0.95884 
vt 0.62147 0.99332 
vt 0.58575 0.9828 
vt 0.62147 0.99332 
vt 0.58575 0.9828 
vt 0.62147 0.96795 
vt 0.58575 0.95884 
vt 0.62147 0.96795 
vt 0.58575 0.95884 
vt 0.62147 0.89865 
vt 0.58575 0.89339 
vt 0.62147 0.89865 
vt 0.58575 0.89339 
vt 0.62147 0.80398 
vt 0.58575 0.80398 
vt 0.65718 0.80398 
vt 0.62147 0.80398 
vt 0.65718 0.7093 
vt 0.65718 0.7093 
vt 0.62147 0.7093 
vt 0.65718 0.64 
vt 0.62147 0.64 
vt 0.65718 0.90444 
vt 0.62147 0.90444 
vt 0.65718 0.81969 
vt 0.65718 0.81969 
vt 0.62147 0.81969 
vt 0.65718 0.78312 
vt 0.62147 0.78312 
vt 0.65718 0.64 
vt 0.62147 0.64 
vt 0.65718 0.7093 
vt 0.65718 0.7093 
vt 0.62147 0.7093 
vt 0.65718 0.80398 
vt 0.65718 0.80398 
vt 0.62147 0.80398 
vt 0.65718 0.89865 
vt 0.65718 0.89865 
vt 0.62147 0.89865 
vt 0.65718 0.96795 
vt 0.65718 0.96795 
vt 0.62147 0.96795 
vt 0.65718 0.99332 
vt 0.65718 0.99332 
vt 0.62147 0.99332 
vt 0.65718 0.96795 
vt 0.65718 0.96795 
vt 0.62147 0.96795 
vt 0.65718 0.89865 
vt 0.65718 0.89865 
vt 0.62147 0.89865 
vt 0.65718 0.80398 
vt 0.67504 0.80398 
vt 0.65718 0.80398 
vt 0.67504 0.71456 
vt 0.67504 0.71456 
vt 0.65718 0.7093 
vt 0.67504 0.64911 
vt 0.65718 0.64 
vt 0.67504 0.90973 
vt 0.65718 0.90444 
vt 0.67504 0.82968 
vt 0.35164 0.78406 
vt 0.36889 0.77662 
vt 0.34138 0.92757 
vt 0.35804 0.92858 
vt 0.67504 0.64911 
vt 0.65718 0.64 
vt 0.67504 0.71456 
vt 0.67504 0.71456 
vt 0.65718 0.7093 
vt 0.67504 0.80398 
vt 0.67504 0.80398 
vt 0.65718 0.80398 
vt 0.67504 0.89339 
vt 0.67504 0.89339 
vt 0.65718 0.89865 
vt 0.67504 0.95884 
vt 0.67504 0.95884 
vt 0.65718 0.96795 
vt 0.67504 0.9828 
vt 0.67504 0.9828 
vt 0.65718 0.99332 
vt 0.67504 0.95884 
vt 0.67504 0.95884 
vt 0.65718 0.96795 
vt 0.67504 0.89339 
vt 0.67504 0.89339 
vt 0.65718 0.89865 
vt 0.67504 0.80398 
vt 0.67504 0.80398 
vt 0.67504 0.80398 
vt 0.67504 0.71982 
vt 0.67504 0.71456 
vt 0.67504 0.71982 
vt 0.67504 0.71456 
vt 0.67504 0.65822 
vt 0.67504 0.64911 
vt 0.67504 0.65822 
vt 0.67504 0.64911 
vt 0.67504 0.63567 
vt 0.67504 0.62515 
vt 0.67504 0.63567 
vt 0.67504 0.62515 
vt 0.67504 0.65822 
vt 0.67504 0.64911 
vt 0.67504 0.80717 
vt 0.67504 0.79515 
vt 0.67504 0.82622 
vt 0.67504 0.81539 
vt 0.67504 0.71982 
vt 0.67504 0.71456 
vt 0.67504 0.80398 
vt 0.67504 0.80398 
vt 0.67504 0.80398 
vt 0.67504 0.80398 
vt 0.67504 0.88813 
vt 0.67504 0.89339 
vt 0.67504 0.88813 
vt 0.67504 0.89339 
vt 0.67504 0.94973 
vt 0.67504 0.95884 
vt 0.67504 0.94973 
vt 0.67504 0.95884 
vt 0.67504 0.97228 
vt 0.67504 0.9828 
vt 0.67504 0.97228 
vt 0.67504 0.9828 
vt 0.67504 0.94973 
vt 0.67504 0.95884 
vt 0.67504 0.94973 
vt 0.67504 0.95884 
vt 0.67504 0.88813 
vt 0.67504 0.89339 
vt 0.67504 0.88813 
vt 0.67504 0.89339 
vt 0.67504 0.80398 
vt 0.67504 0.80398 
vt 0.65718 0.73034 
vt 0.67504 0.80398 
vt 0.65718 0.80398 
vt 0.65718 0.67644 
vt 0.67504 0.71982 
vt 0.65718 0.73034 
vt 0.65718 0.65671 
vt 0.67504 0.65822 
vt 0.65718 0.67644 
vt 0.67504 0.65822 
vt 0.65718 0.67644 
vt 0.67504 0.63567 
vt 0.65718 0.65671 
vt 0.65718 0.73034 
vt 0.67504 0.65822 
vt 0.65718 0.67644 
vt 0.65718 0.80398 
vt 0.67504 0.71982 
vt 0.65718 0.73034 
vt 0.65718 0.87761 
vt 0.67504 0.80398 
vt 0.65718 0.80398 
vt 0.65718 0.93151 
vt 0.67504 0.88813 
vt 0.65718 0.87761 
vt 0.65718 0.95124 
vt 0.67504 0.94973 
vt 0.65718 0.93151 
vt 0.65718 0.93151 
vt 0.67504 0.97228 
vt 0.65718 0.95124 
vt 0.65718 0.87761 
vt 0.67504 0.94973 
vt 0.65718 0.93151 
vt 0.65718 0.80398 
vt 0.67504 0.88813 
vt 0.65718 0.87761 
vt 0.33575 0.80398 
vt 0.33575 0.73034 
vt 0.33575 0.80398 
vt 0.33575 0.67644 
vt 0.33575 0.67644 
vt 0.33575 0.80398 
vt 0.33575 0.65671 
vt 0.33575 0.65671 
vt 0.33575 0.80398 
vt 0.33575 0.67644 
vt 0.33575 0.67644 
vt 0.33575 0.80398 
vt 0.33575 0.73034 
vt 0.33575 0.80398 
vt 0.33575 0.80398 
vt 0.33575 0.80398 
vt 0.33575 0.87761 
vt 0.33575 0.80398 
vt 0.33575 0.93151 
vt 0.33575 0.80398 
vt 0.33575 0.95124 
vt 0.33575 0.80398 
vt 0.33575 0.93151 
vt 0.33575 0.80398 
vt 0.33575 0.87761 
vt 0.33575 0.80398 
vt 0.33575 0.80398 
vt 0.65718 0.80398 
vt 0.65718 0.80398 
vt 0.65718 0.80398 
vt 0.65718 0.73034 
vt 0.65718 0.80398 
vt 0.65718 0.67644 
vt 0.65718 0.80398 
vt 0.65718 0.65671 
vt 0.65718 0.80398 
vt 0.65718 0.67644 
vt 0.65718 0.80398 
vt 0.65718 0.73034 
vt 0.65718 0.80398 
vt 0.65718 0.80398 
vt 0.65718 0.80398 
vt 0.65718 0.87761 
vt 0.65718 0.80398 
vt 0.65718 0.93151 
vt 0.65718 0.80398 
vt 0.65718 0.95124 
vt 0.65718 0.80398 
vt 0.65718 0.93151 
vt 0.65718 0.80398 
vt 0.65718 0.87761 
vt 0.40718 0.71456 
vt 0.46075 0.77443 
vt 0.46075 0.73866 
vt 0.40718 0.80398 
vt 0.53218 0.77443 
vt 0.46075 0.77443 
vt 0.58575 0.80398 
vt 0.53218 0.73866 
vt 0.53218 0.77443 
vt 0.58575 0.71456 
vt 0.46075 0.73866 
vt 0.53218 0.73866 
vt 0.40718 0.64911 
vt 0.46075 0.68749 
vt 0.46075 0.66131 
vt 0.40718 0.71456 
vt 0.53218 0.68749 
vt 0.46075 0.68749 
vt 0.58575 0.71456 
vt 0.53218 0.66131 
vt 0.53218 0.68749 
vt 0.40718 0.64911 
vt 0.58575 0.64911 
vt 0.46075 0.66131 
vt 0.53218 0.66131 
vt 0.40718 0.82968 
vt 0.46075 0.8778 
vt 0.46075 0.84579 
vt 0.40718 0.64911 
vt 0.53218 0.63176 
vt 0.46075 0.63176 
vt 0.58575 0.90973 
vt 0.53218 0.84579 
vt 0.53218 0.8778 
vt 0.61045 0.79939 
vt 0.43791 0.78917 
vt 0.56208 0.75288 
vt 0.49306 0.74879 
vt 0.40718 0.79515 
vt 0.46075 0.80792 
vt 0.46075 0.79411 
vt 0.40718 0.82968 
vt 0.53218 0.80792 
vt 0.46075 0.80792 
vt 0.58575 0.82968 
vt 0.53218 0.79411 
vt 0.53218 0.80792 
vt 0.58575 0.64911 
vt 0.46075 0.63176 
vt 0.53218 0.63176 
vt 0.40718 0.71456 
vt 0.46075 0.66131 
vt 0.46075 0.68749 
vt 0.58575 0.64911 
vt 0.40718 0.64911 
vt 0.53218 0.66131 
vt 0.46075 0.66131 
vt 0.58575 0.64911 
vt 0.53218 0.68749 
vt 0.53218 0.66131 
vt 0.58575 0.71456 
vt 0.46075 0.68749 
vt 0.53218 0.68749 
vt 0.40718 0.80398 
vt 0.46075 0.73866 
vt 0.46075 0.77443 
vt 0.40718 0.71456 
vt 0.53218 0.73866 
vt 0.46075 0.73866 
vt 0.58575 0.71456 
vt 0.53218 0.77443 
vt 0.53218 0.73866 
vt 0.58575 0.80398 
vt 0.46075 0.77443 
vt 0.53218 0.77443 
vt 0.40718 0.89339 
vt 0.46075 0.83352 
vt 0.46075 0.86929 
vt 0.40718 0.80398 
vt 0.53218 0.83352 
vt 0.46075 0.83352 
vt 0.58575 0.80398 
vt 0.53218 0.86929 
vt 0.53218 0.83352 
vt 0.58575 0.89339 
vt 0.46075 0.86929 
vt 0.53218 0.86929 
vt 0.40718 0.95884 
vt 0.46075 0.92046 
vt 0.46075 0.94664 
vt 0.40718 0.89339 
vt 0.53218 0.92046 
vt 0.46075 0.92046 
vt 0.58575 0.89339 
vt 0.53218 0.94664 
vt 0.53218 0.92046 
vt 0.58575 0.95884 
vt 0.46075 0.94664 
vt 0.53218 0.94664 
vt 0.40718 0.9828 
vt 0.46075 0.97619 
vt 0.46075 0.98577 
vt 0.40718 0.95884 
vt 0.53218 0.97619 
vt 0.46075 0.97619 
vt 0.58575 0.95884 
vt 0.53218 0.98577 
vt 0.53218 0.97619 
vt 0.58575 0.9828 
vt 0.46075 0.98577 
vt 0.53218 0.98577 
vt 0.40718 0.95884 
vt 0.46075 0.98577 
vt 0.46075 0.97619 
vt 0.40718 0.9828 
vt 0.53218 0.98577 
vt 0.46075 0.98577 
vt 0.58575 0.9828 
vt 0.53218 0.97619 
vt 0.53218 0.98577 
vt 0.58575 0.95884 
vt 0.46075 0.97619 
vt 0.53218 0.97619 
vt 0.40718 0.89339 
vt 0.46075 0.94664 
vt 0.46075 0.92046 
vt 0.40718 0.95884 
vt 0.53218 0.94664 
vt 0.46075 0.94664 
vt 0.58575 0.95884 
vt 0.53218 0.92046 
vt 0.53218 0.94664 
vt 0.58575 0.89339 
vt 0.46075 0.92046 
vt 0.53218 0.92046 
vt 0.40718 0.80398 
vt 0.46075 0.86929 
vt 0.46075 0.83352 
vt 0.40718 0.89339 
vt 0.53218 0.86929 
vt 0.46075 0.86929 
vt 0.58575 0.89339 
vt 0.53218 0.83352 
vt 0.53218 0.86929 
vt 0.58575 0.80398 
vt 0.46075 0.83352 
vt 0.53218 0.83352 
vt 0.46075 0.73866 
vt 0.47504 0.76455 
vt 0.47504 0.7431 
vt 0.46075 0.77443 
vt 0.5179 0.76455 
vt 0.47504 0.76455 
vt 0.53218 0.77443 
vt 0.5179 0.7431 
vt 0.5179 0.76455 
vt 0.53218 0.73866 
vt 0.47504 0.7431 
vt 0.5179 0.7431 
vt 0.5179 0.23861 
vt 0.47504 0.23861 
vt 0.5179 0.21715 
vt 0.47504 0.21715 
vt 0.46075 0.66131 
vt 0.47504 0.67482 
vt 0.47504 0.65911 
vt 0.46075 0.68749 
vt 0.5179 0.67482 
vt 0.47504 0.67482 
vt 0.53218 0.68749 
vt 0.5179 0.65911 
vt 0.5179 0.67482 
vt 0.53218 0.66131 
vt 0.47504 0.65911 
vt 0.5179 0.65911 
vt 0.5179 0.14887 
vt 0.47504 0.14887 
vt 0.5179 0.13316 
vt 0.47504 0.13316 
vt 0.39674 0.90132 
vt 0.38064 0.85562 
vt 0.40714 0.88389 
vt 0.39748 0.85647 
vt 0.4587 0.88775 
vt 0.39674 0.90132 
vt 0.44431 0.87575 
vt 0.40714 0.88389 
vt 0.4426 0.84204 
vt 0.4587 0.88775 
vt 0.43465 0.84832 
vt 0.44431 0.87575 
vt 0.38064 0.85562 
vt 0.4426 0.84204 
vt 0.39748 0.85647 
vt 0.43465 0.84832 
vt 0.5179 0.09374 
vt 0.47504 0.09374 
vt 0.5179 0.08799 
vt 0.47504 0.08799 
vt 0.5553 0.83499 
vt 0.5512 0.8924 
vt 0.54036 0.84127 
vt 0.5379 0.87571 
vt 0.48628 0.8309 
vt 0.5553 0.83499 
vt 0.49895 0.83881 
vt 0.54036 0.84127 
vt 0.48218 0.88831 
vt 0.48628 0.8309 
vt 0.49649 0.87326 
vt 0.49895 0.83881 
vt 0.5512 0.8924 
vt 0.48218 0.88831 
vt 0.5379 0.87571 
vt 0.49649 0.87326 
vt 0.54219 0.16202 
vt 0.5836 0.16448 
vt 0.53973 0.19647 
vt 0.58114 0.19892 
vt 0.46075 0.68749 
vt 0.47504 0.65911 
vt 0.47504 0.67482 
vt 0.46075 0.66131 
vt 0.5179 0.65911 
vt 0.47504 0.65911 
vt 0.53218 0.66131 
vt 0.5179 0.67482 
vt 0.5179 0.65911 
vt 0.53218 0.68749 
vt 0.47504 0.67482 
vt 0.5179 0.67482 
vt 0.5319 0.32305 
vt 0.57331 0.32551 
vt 0.5301 0.35752 
vt 0.57151 0.35997 
vt 0.46075 0.77443 
vt 0.47504 0.7431 
vt 0.47504 0.76455 
vt 0.46075 0.73866 
vt 0.5179 0.7431 
vt 0.47504 0.7431 
vt 0.53218 0.73866 
vt 0.5179 0.76455 
vt 0.5179 0.7431 
vt 0.53218 0.77443 
vt 0.47504 0.76455 
vt 0.5179 0.76455 
vt 0.47778 0.10539 
vt 0.5199 0.1049 
vt 0.47745 0.12286 
vt 0.51957 0.12237 
vt 0.46075 0.86929 
vt 0.47504 0.8434 
vt 0.47504 0.86486 
vt 0.46075 0.83352 
vt 0.5179 0.8434 
vt 0.47504 0.8434 
vt 0.53218 0.83352 
vt 0.5179 0.86486 
vt 0.5179 0.8434 
vt 0.53218 0.86929 
vt 0.47504 0.86486 
vt 0.5179 0.86486 
vt 0.47745 0.19881 
vt 0.51957 0.19832 
vt 0.47778 0.22267 
vt 0.5199 0.22218 
vt 0.46075 0.94664 
vt 0.47504 0.93313 
vt 0.47504 0.94884 
vt 0.46075 0.92046 
vt 0.5179 0.93313 
vt 0.47504 0.93313 
vt 0.53218 0.92046 
vt 0.5179 0.94884 
vt 0.5179 0.93313 
vt 0.53218 0.94664 
vt 0.47504 0.94884 
vt 0.5179 0.94884 
vt 0.48008 0.31035 
vt 0.5222 0.30986 
vt 0.48099 0.33421 
vt 0.52312 0.33372 
vt 0.46075 0.98577 
vt 0.47504 0.98826 
vt 0.47504 0.99401 
vt 0.46075 0.97619 
vt 0.5179 0.98826 
vt 0.47504 0.98826 
vt 0.53218 0.97619 
vt 0.5179 0.99401 
vt 0.5179 0.98826 
vt 0.53218 0.98577 
vt 0.47504 0.99401 
vt 0.5179 0.99401 
vt 0.48497 0.41014 
vt 0.52709 0.40965 
vt 0.48622 0.4276 
vt 0.52834 0.42711 
vt 0.46075 0.97619 
vt 0.47504 0.99401 
vt 0.47504 0.98826 
vt 0.46075 0.98577 
vt 0.5179 0.99401 
vt 0.47504 0.99401 
vt 0.53218 0.98577 
vt 0.5179 0.98826 
vt 0.5179 0.99401 
vt 0.53218 0.97619 
vt 0.47504 0.98826 
vt 0.5179 0.98826 
vt 0.5179 0.46807 
vt 0.47504 0.46807 
vt 0.5179 0.46232 
vt 0.47504 0.46232 
vt 0.46075 0.92046 
vt 0.47504 0.94884 
vt 0.47504 0.93313 
vt 0.46075 0.94664 
vt 0.5179 0.94884 
vt 0.47504 0.94884 
vt 0.53218 0.94664 
vt 0.5179 0.93313 
vt 0.5179 0.94884 
vt 0.53218 0.92046 
vt 0.47504 0.93313 
vt 0.5179 0.93313 
vt 0.5179 0.4229 
vt 0.47504 0.4229 
vt 0.5179 0.40719 
vt 0.47504 0.40719 
vt 0.46075 0.83352 
vt 0.47504 0.86486 
vt 0.47504 0.8434 
vt 0.46075 0.86929 
vt 0.5179 0.86486 
vt 0.47504 0.86486 
vt 0.53218 0.86929 
vt 0.5179 0.8434 
vt 0.5179 0.86486 
vt 0.53218 0.83352 
vt 0.47504 0.8434 
vt 0.5179 0.8434 
vt 0.5179 0.33891 
vt 0.47504 0.33891 
vt 0.5179 0.31745 
vt 0.47504 0.31745 
vt 0.49647 -0.00599003 
vt 0.49647 -0.00599003 
vt 0.5054 -0.00599003 
vt 0.49647 -0.00599003 
vt 0.5054 -0.00599003 
vt 0.49647 -0.00599003 
vt 0.51193 -0.00599003 
vt 0.51193 -0.00599003 
vt 0.49647 -0.00599003 
vt 0.51432 -0.00599003 
vt 0.51432 -0.00599003 
vt 0.49647 -0.00599003 
vt 0.51193 -0.00599003 
vt 0.51193 -0.00599003 
vt 0.49647 -0.00599003 
vt 0.5054 -0.00599003 
vt 0.5054 -0.00599003 
vt 0.49647 -0.00599003 
vt 0.49647 -0.00599003 
vt 0.49647 -0.00599003 
vt 0.49647 -0.00599003 
vt 0.48754 -0.00599003 
vt 0.48754 -0.00599003 
vt 0.49647 -0.00599003 
vt 0.481 -0.00599003 
vt 0.481 -0.00599003 
vt 0.49647 -0.00599003 
vt 0.47861 -0.00599003 
vt 0.47861 -0.00599003 
vt 0.49647 -0.00599003 
vt 0.481 -0.00599003 
vt 0.481 -0.00599003 
vt 0.49647 -0.00599003 
vt 0.48754 -0.00599003 
vt 0.48754 -0.00599003 
vt 0.49647 -0.00599003 
vt 0.49647 -0.00599003 
vt 0.49647 0.00453001 
vt 0.49647 -0.00599003 
vt 0.52325 0.00453001 
vt 0.52325 0.00453001 
vt 0.5054 -0.00599003 
vt 0.54286 0.00453001 
vt 0.54286 0.00453001 
vt 0.51193 -0.00599003 
vt 0.55004 0.00453001 
vt 0.55004 0.00453001 
vt 0.51432 -0.00599003 
vt 0.54286 0.00453001 
vt 0.54286 0.00453001 
vt 0.51193 -0.00599003 
vt 0.52325 0.00453001 
vt 0.52325 0.00453001 
vt 0.5054 -0.00599003 
vt 0.49647 0.00453001 
vt 0.49647 0.00453001 
vt 0.49647 -0.00599003 
vt 0.46968 0.00453001 
vt 0.46968 0.00453001 
vt 0.48754 -0.00599003 
vt 0.45007 0.00453001 
vt 0.45007 0.00453001 
vt 0.481 -0.00599003 
vt 0.4429 0.00453001 
vt 0.4429 0.00453001 
vt 0.47861 -0.00599003 
vt 0.45007 0.00453001 
vt 0.45007 0.00453001 
vt 0.481 -0.00599003 
vt 0.46968 0.00453001 
vt 0.46968 0.00453001 
vt 0.48754 -0.00599003 
vt 0.49647 0.00453001 
vt 0.49647 0.02557 
vt 0.49647 0.00453001 
vt 0.53218 0.02557 
vt 0.53218 0.02557 
vt 0.52325 0.00453001 
vt 0.55833 0.02557 
vt 0.55833 0.02557 
vt 0.54286 0.00453001 
vt 0.5679 0.02557 
vt 0.5679 0.02557 
vt 0.55004 0.00453001 
vt 0.55833 0.02557 
vt 0.55833 0.02557 
vt 0.54286 0.00453001 
vt 0.53218 0.02557 
vt 0.53218 0.02557 
vt 0.52325 0.00453001 
vt 0.49647 0.02557 
vt 0.49647 0.02557 
vt 0.49647 0.00453001 
vt 0.46075 0.02557 
vt 0.46075 0.02557 
vt 0.46968 0.00453001 
vt 0.43461 0.02557 
vt 0.43461 0.02557 
vt 0.45007 0.00453001 
vt 0.42504 0.02557 
vt 0.42504 0.02557 
vt 0.4429 0.00453001 
vt 0.43461 0.02557 
vt 0.43461 0.02557 
vt 0.45007 0.00453001 
vt 0.46075 0.02557 
vt 0.46075 0.02557 
vt 0.46968 0.00453001 
vt 0.49647 0.02557 
vt 0.49647 0.03609 
vt 0.49647 0.02557 
vt 0.52325 0.03609 
vt 0.53218 0.02557 
vt 0.52325 0.03609 
vt 0.53218 0.02557 
vt 0.54286 0.03609 
vt 0.55833 0.02557 
vt 0.54286 0.03609 
vt 0.55833 0.02557 
vt 0.55004 0.03609 
vt 0.5679 0.02557 
vt 0.55004 0.03609 
vt 0.5679 0.02557 
vt 0.54286 0.03609 
vt 0.55833 0.02557 
vt 0.54286 0.03609 
vt 0.55833 0.02557 
vt 0.52325 0.03609 
vt 0.53218 0.02557 
vt 0.52325 0.03609 
vt 0.53218 0.02557 
vt 0.49647 0.03609 
vt 0.49647 0.02557 
vt 0.49647 0.03609 
vt 0.49647 0.02557 
vt 0.46968 0.03609 
vt 0.46075 0.02557 
vt 0.46968 0.03609 
vt 0.46075 0.02557 
vt 0.45007 0.03609 
vt 0.43461 0.02557 
vt 0.45007 0.03609 
vt 0.43461 0.02557 
vt 0.4429 0.03609 
vt 0.42504 0.02557 
vt 0.4429 0.03609 
vt 0.42504 0.02557 
vt 0.45007 0.03609 
vt 0.43461 0.02557 
vt 0.45007 0.03609 
vt 0.43461 0.02557 
vt 0.46968 0.03609 
vt 0.46075 0.02557 
vt 0.46968 0.03609 
vt 0.46075 0.02557 
vt 0.49647 0.03609 
vt 0.49647 0.02557 
vt 0.49647 0.04661 
vt 0.49647 0.03609 
vt 0.53218 0.04661 
vt 0.52325 0.03609 
vt 0.53218 0.04661 
vt 0.52325 0.03609 
vt 0.55833 0.04661 
vt 0.54286 0.03609 
vt 0.55833 0.04661 
vt 0.54286 0.03609 
vt 0.5679 0.04661 
vt 0.55004 0.03609 
vt 0.5679 0.04661 
vt 0.55004 0.03609 
vt 0.55833 0.04661 
vt 0.54286 0.03609 
vt 0.55833 0.04661 
vt 0.54286 0.03609 
vt 0.53218 0.04661 
vt 0.52325 0.03609 
vt 0.53218 0.04661 
vt 0.52325 0.03609 
vt 0.49647 0.04661 
vt 0.49647 0.03609 
vt 0.49647 0.04661 
vt 0.49647 0.03609 
vt 0.46075 0.04661 
vt 0.46968 0.03609 
vt 0.46075 0.04661 
vt 0.46968 0.03609 
vt 0.43461 0.04661 
vt 0.45007 0.03609 
vt 0.43461 0.04661 
vt 0.45007 0.03609 
vt 0.42504 0.04661 
vt 0.4429 0.03609 
vt 0.42504 0.04661 
vt 0.4429 0.03609 
vt 0.43461 0.04661 
vt 0.45007 0.03609 
vt 0.43461 0.04661 
vt 0.45007 0.03609 
vt 0.46075 0.04661 
vt 0.46968 0.03609 
vt 0.46075 0.04661 
vt 0.46968 0.03609 
vt 0.49647 0.04661 
vt 0.49647 0.03609 
vt 0.49647 0.05713 
vt 0.49647 0.04661 
vt 0.52325 0.05713 
vt 0.53218 0.04661 
vt 0.52325 0.05713 
vt 0.53218 0.04661 
vt 0.54286 0.05713 
vt 0.55833 0.04661 
vt 0.54286 0.05713 
vt 0.55833 0.04661 
vt 0.55004 0.05713 
vt 0.5679 0.04661 
vt 0.55004 0.05713 
vt 0.5679 0.04661 
vt 0.54286 0.05713 
vt 0.55833 0.04661 
vt 0.54286 0.05713 
vt 0.55833 0.04661 
vt 0.52325 0.05713 
vt 0.53218 0.04661 
vt 0.52325 0.05713 
vt 0.53218 0.04661 
vt 0.49647 0.05713 
vt 0.49647 0.04661 
vt 0.49647 0.05713 
vt 0.49647 0.04661 
vt 0.46968 0.05713 
vt 0.46075 0.04661 
vt 0.46968 0.05713 
vt 0.46075 0.04661 
vt 0.45007 0.05713 
vt 0.43461 0.04661 
vt 0.45007 0.05713 
vt 0.43461 0.04661 
vt 0.4429 0.05713 
vt 0.42504 0.04661 
vt 0.4429 0.05713 
vt 0.42504 0.04661 
vt 0.45007 0.05713 
vt 0.43461 0.04661 
vt 0.45007 0.05713 
vt 0.43461 0.04661 
vt 0.46968 0.05713 
vt 0.46075 0.04661 
vt 0.46968 0.05713 
vt 0.46075 0.04661 
vt 0.49647 0.05713 
vt 0.49647 0.04661 
vt 0.49647 0.06765 
vt 0.49647 0.05713 
vt 0.53218 0.06765 
vt 0.52325 0.05713 
vt 0.53218 0.06765 
vt 0.52325 0.05713 
vt 0.55833 0.06765 
vt 0.54286 0.05713 
vt 0.55833 0.06765 
vt 0.54286 0.05713 
vt 0.5679 0.06765 
vt 0.55004 0.05713 
vt 0.5679 0.06765 
vt 0.55004 0.05713 
vt 0.55833 0.06765 
vt 0.54286 0.05713 
vt 0.55833 0.06765 
vt 0.54286 0.05713 
vt 0.53218 0.06765 
vt 0.52325 0.05713 
vt 0.53218 0.06765 
vt 0.52325 0.05713 
vt 0.49647 0.06765 
vt 0.49647 0.05713 
vt 0.49647 0.06765 
vt 0.49647 0.05713 
vt 0.46075 0.06765 
vt 0.46968 0.05713 
vt 0.46075 0.06765 
vt 0.46968 0.05713 
vt 0.43461 0.06765 
vt 0.45007 0.05713 
vt 0.43461 0.06765 
vt 0.45007 0.05713 
vt 0.42504 0.06765 
vt 0.4429 0.05713 
vt 0.42504 0.06765 
vt 0.4429 0.05713 
vt 0.43461 0.06765 
vt 0.45007 0.05713 
vt 0.43461 0.06765 
vt 0.45007 0.05713 
vt 0.46075 0.06765 
vt 0.46968 0.05713 
vt 0.46075 0.06765 
vt 0.46968 0.05713 
vt 0.49647 0.06765 
vt 0.49647 0.05713 
vt 0.49647 0.07817 
vt 0.49647 0.06765 
vt 0.52325 0.07817 
vt 0.53218 0.06765 
vt 0.52325 0.07817 
vt 0.53218 0.06765 
vt 0.54286 0.07817 
vt 0.55833 0.06765 
vt 0.54286 0.07817 
vt 0.55833 0.06765 
vt 0.55004 0.07817 
vt 0.5679 0.06765 
vt 0.55004 0.07817 
vt 0.5679 0.06765 
vt 0.54286 0.07817 
vt 0.55833 0.06765 
vt 0.54286 0.07817 
vt 0.55833 0.06765 
vt 0.52325 0.07817 
vt 0.53218 0.06765 
vt 0.52325 0.07817 
vt 0.53218 0.06765 
vt 0.49647 0.07817 
vt 0.49647 0.06765 
vt 0.49647 0.07817 
vt 0.49647 0.06765 
vt 0.46968 0.07817 
vt 0.46075 0.06765 
vt 0.46968 0.07817 
vt 0.46075 0.06765 
vt 0.45007 0.07817 
vt 0.43461 0.06765 
vt 0.45007 0.07817 
vt 0.43461 0.06765 
vt 0.4429 0.07817 
vt 0.42504 0.06765 
vt 0.4429 0.07817 
vt 0.42504 0.06765 
vt 0.45007 0.07817 
vt 0.43461 0.06765 
vt 0.45007 0.07817 
vt 0.43461 0.06765 
vt 0.46968 0.07817 
vt 0.46075 0.06765 
vt 0.46968 0.07817 
vt 0.46075 0.06765 
vt 0.49647 0.07817 
vt 0.49647 0.06765 
vt 0.49647 0.08869 
vt 0.49647 0.07817 
vt 0.53218 0.08869 
vt 0.52325 0.07817 
vt 0.53218 0.08869 
vt 0.52325 0.07817 
vt 0.55833 0.08869 
vt 0.54286 0.07817 
vt 0.55833 0.08869 
vt 0.54286 0.07817 
vt 0.5679 0.08869 
vt 0.55004 0.07817 
vt 0.5679 0.08869 
vt 0.55004 0.07817 
vt 0.55833 0.08869 
vt 0.54286 0.07817 
vt 0.55833 0.08869 
vt 0.54286 0.07817 
vt 0.53218 0.08869 
vt 0.52325 0.07817 
vt 0.53218 0.08869 
vt 0.52325 0.07817 
vt 0.49647 0.08869 
vt 0.49647 0.07817 
vt 0.49647 0.08869 
vt 0.49647 0.07817 
vt 0.46075 0.08869 
vt 0.46968 0.07817 
vt 0.46075 0.08869 
vt 0.46968 0.07817 
vt 0.43461 0.08869 
vt 0.45007 0.07817 
vt 0.43461 0.08869 
vt 0.45007 0.07817 
vt 0.42504 0.08869 
vt 0.4429 0.07817 
vt 0.42504 0.08869 
vt 0.4429 0.07817 
vt 0.43461 0.08869 
vt 0.45007 0.07817 
vt 0.43461 0.08869 
vt 0.45007 0.07817 
vt 0.46075 0.08869 
vt 0.46968 0.07817 
vt 0.46075 0.08869 
vt 0.46968 0.07817 
vt 0.49647 0.08869 
vt 0.49647 0.07817 
vt 0.49647 0.0992 
vt 0.49647 0.08869 
vt 0.52325 0.0992 
vt 0.53218 0.08869 
vt 0.52325 0.0992 
vt 0.53218 0.08869 
vt 0.54286 0.0992 
vt 0.55833 0.08869 
vt 0.54286 0.0992 
vt 0.55833 0.08869 
vt 0.55004 0.0992 
vt 0.5679 0.08869 
vt 0.55004 0.0992 
vt 0.5679 0.08869 
vt 0.54286 0.0992 
vt 0.55833 0.08869 
vt 0.54286 0.0992 
vt 0.55833 0.08869 
vt 0.52325 0.0992 
vt 0.53218 0.08869 
vt 0.52325 0.0992 
vt 0.53218 0.08869 
vt 0.49647 0.0992 
vt 0.49647 0.08869 
vt 0.49647 0.0992 
vt 0.49647 0.08869 
vt 0.46968 0.0992 
vt 0.46075 0.08869 
vt 0.46968 0.0992 
vt 0.46075 0.08869 
vt 0.45007 0.0992 
vt 0.43461 0.08869 
vt 0.45007 0.0992 
vt 0.43461 0.08869 
vt 0.4429 0.0992 
vt 0.42504 0.08869 
vt 0.4429 0.0992 
vt 0.42504 0.08869 
vt 0.45007 0.0992 
vt 0.43461 0.08869 
vt 0.45007 0.0992 
vt 0.43461 0.08869 
vt 0.46968 0.0992 
vt 0.46075 0.08869 
vt 0.46968 0.0992 
vt 0.46075 0.08869 
vt 0.49647 0.0992 
vt 0.49647 0.08869 
vt 0.49647 0.10972 
vt 0.49647 0.0992 
vt 0.53218 0.10972 
vt 0.52325 0.0992 
vt 0.53218 0.10972 
vt 0.52325 0.0992 
vt 0.55833 0.10972 
vt 0.54286 0.0992 
vt 0.55833 0.10972 
vt 0.54286 0.0992 
vt 0.5679 0.10972 
vt 0.55004 0.0992 
vt 0.5679 0.10972 
vt 0.55004 0.0992 
vt 0.55833 0.10972 
vt 0.54286 0.0992 
vt 0.55833 0.10972 
vt 0.54286 0.0992 
vt 0.53218 0.10972 
vt 0.52325 0.0992 
vt 0.53218 0.10972 
vt 0.52325 0.0992 
vt 0.49647 0.10972 
vt 0.49647 0.0992 
vt 0.49647 0.10972 
vt 0.49647 0.0992 
vt 0.46075 0.10972 
vt 0.46968 0.0992 
vt 0.46075 0.10972 
vt 0.46968 0.0992 
vt 0.43461 0.10972 
vt 0.45007 0.0992 
vt 0.43461 0.10972 
vt 0.45007 0.0992 
vt 0.42504 0.10972 
vt 0.4429 0.0992 
vt 0.42504 0.10972 
vt 0.4429 0.0992 
vt 0.43461 0.10972 
vt 0.45007 0.0992 
vt 0.43461 0.10972 
vt 0.45007 0.0992 
vt 0.46075 0.10972 
vt 0.46968 0.0992 
vt 0.46075 0.10972 
vt 0.46968 0.0992 
vt 0.49647 0.10972 
vt 0.49647 0.0992 
vt 0.49647 0.12024 
vt 0.49647 0.10972 
vt 0.52325 0.12024 
vt 0.53218 0.10972 
vt 0.52325 0.12024 
vt 0.53218 0.10972 
vt 0.54286 0.12024 
vt 0.55833 0.10972 
vt 0.54286 0.12024 
vt 0.55833 0.10972 
vt 0.55004 0.12024 
vt 0.5679 0.10972 
vt 0.55004 0.12024 
vt 0.5679 0.10972 
vt 0.54286 0.12024 
vt 0.55833 0.10972 
vt 0.54286 0.12024 
vt 0.55833 0.10972 
vt 0.52325 0.12024 
vt 0.53218 0.10972 
vt 0.52325 0.12024 
vt 0.53218 0.10972 
vt 0.49647 0.12024 
vt 0.49647 0.10972 
vt 0.49647 0.12024 
vt 0.49647 0.10972 
vt 0.46968 0.12024 
vt 0.46075 0.10972 
vt 0.46968 0.12024 
vt 0.46075 0.10972 
vt 0.45007 0.12024 
vt 0.43461 0.10972 
vt 0.45007 0.12024 
vt 0.43461 0.10972 
vt 0.4429 0.12024 
vt 0.42504 0.10972 
vt 0.4429 0.12024 
vt 0.42504 0.10972 
vt 0.45007 0.12024 
vt 0.43461 0.10972 
vt 0.45007 0.12024 
vt 0.43461 0.10972 
vt 0.46968 0.12024 
vt 0.46075 0.10972 
vt 0.46968 0.12024 
vt 0.46075 0.10972 
vt 0.49647 0.12024 
vt 0.49647 0.10972 
vt 0.49647 0.13076 
vt 0.49647 0.12024 
vt 0.53218 0.13076 
vt 0.52325 0.12024 
vt 0.53218 0.13076 
vt 0.52325 0.12024 
vt 0.55833 0.13076 
vt 0.54286 0.12024 
vt 0.55833 0.13076 
vt 0.54286 0.12024 
vt 0.5679 0.13076 
vt 0.55004 0.12024 
vt 0.5679 0.13076 
vt 0.55004 0.12024 
vt 0.55833 0.13076 
vt 0.54286 0.12024 
vt 0.55833 0.13076 
vt 0.54286 0.12024 
vt 0.53218 0.13076 
vt 0.52325 0.12024 
vt 0.53218 0.13076 
vt 0.52325 0.12024 
vt 0.49647 0.13076 
vt 0.49647 0.12024 
vt 0.49647 0.13076 
vt 0.49647 0.12024 
vt 0.46075 0.13076 
vt 0.46968 0.12024 
vt 0.46075 0.13076 
vt 0.46968 0.12024 
vt 0.43461 0.13076 
vt 0.45007 0.12024 
vt 0.43461 0.13076 
vt 0.45007 0.12024 
vt 0.42504 0.13076 
vt 0.4429 0.12024 
vt 0.42504 0.13076 
vt 0.4429 0.12024 
vt 0.43461 0.13076 
vt 0.45007 0.12024 
vt 0.43461 0.13076 
vt 0.45007 0.12024 
vt 0.46075 0.13076 
vt 0.46968 0.12024 
vt 0.46075 0.13076 
vt 0.46968 0.12024 
vt 0.49647 0.13076 
vt 0.49647 0.12024 
vt 0.49647 0.14128 
vt 0.49647 0.13076 
vt 0.52325 0.14128 
vt 0.53218 0.13076 
vt 0.52325 0.14128 
vt 0.53218 0.13076 
vt 0.54286 0.14128 
vt 0.55833 0.13076 
vt 0.54286 0.14128 
vt 0.55833 0.13076 
vt 0.55004 0.14128 
vt 0.5679 0.13076 
vt 0.55004 0.14128 
vt 0.5679 0.13076 
vt 0.54286 0.14128 
vt 0.55833 0.13076 
vt 0.54286 0.14128 
vt 0.55833 0.13076 
vt 0.52325 0.14128 
vt 0.53218 0.13076 
vt 0.52325 0.14128 
vt 0.53218 0.13076 
vt 0.49647 0.14128 
vt 0.49647 0.13076 
vt 0.49647 0.14128 
vt 0.49647 0.13076 
vt 0.46968 0.14128 
vt 0.46075 0.13076 
vt 0.46968 0.14128 
vt 0.46075 0.13076 
vt 0.45007 0.14128 
vt 0.43461 0.13076 
vt 0.45007 0.14128 
vt 0.43461 0.13076 
vt 0.4429 0.14128 
vt 0.42504 0.13076 
vt 0.4429 0.14128 
vt 0.42504 0.13076 
vt 0.45007 0.14128 
vt 0.43461 0.13076 
vt 0.45007 0.14128 
vt 0.43461 0.13076 
vt 0.46968 0.14128 
vt 0.46075 0.13076 
vt 0.46968 0.14128 
vt 0.46075 0.13076 
vt 0.49647 0.14128 
vt 0.49647 0.13076 
vt 0.49647 0.1518 
vt 0.49647 0.14128 
vt 0.53218 0.1518 
vt 0.52325 0.14128 
vt 0.53218 0.1518 
vt 0.52325 0.14128 
vt 0.55833 0.1518 
vt 0.54286 0.14128 
vt 0.55833 0.1518 
vt 0.54286 0.14128 
vt 0.5679 0.1518 
vt 0.55004 0.14128 
vt 0.5679 0.1518 
vt 0.55004 0.14128 
vt 0.55833 0.1518 
vt 0.54286 0.14128 
vt 0.55833 0.1518 
vt 0.54286 0.14128 
vt 0.53218 0.1518 
vt 0.52325 0.14128 
vt 0.53218 0.1518 
vt 0.52325 0.14128 
vt 0.49647 0.1518 
vt 0.49647 0.14128 
vt 0.49647 0.1518 
vt 0.49647 0.14128 
vt 0.46075 0.1518 
vt 0.46968 0.14128 
vt 0.46075 0.1518 
vt 0.46968 0.14128 
vt 0.43461 0.1518 
vt 0.45007 0.14128 
vt 0.43461 0.1518 
vt 0.45007 0.14128 
vt 0.42504 0.1518 
vt 0.4429 0.14128 
vt 0.42504 0.1518 
vt 0.4429 0.14128 
vt 0.43461 0.1518 
vt 0.45007 0.14128 
vt 0.43461 0.1518 
vt 0.45007 0.14128 
vt 0.46075 0.1518 
vt 0.46968 0.14128 
vt 0.46075 0.1518 
vt 0.46968 0.14128 
vt 0.49647 0.1518 
vt 0.49647 0.14128 
vt 0.49647 0.16232 
vt 0.49647 0.1518 
vt 0.52325 0.16232 
vt 0.53218 0.1518 
vt 0.52325 0.16232 
vt 0.53218 0.1518 
vt 0.54286 0.16232 
vt 0.55833 0.1518 
vt 0.54286 0.16232 
vt 0.55833 0.1518 
vt 0.55004 0.16232 
vt 0.5679 0.1518 
vt 0.55004 0.16232 
vt 0.5679 0.1518 
vt 0.54286 0.16232 
vt 0.55833 0.1518 
vt 0.54286 0.16232 
vt 0.55833 0.1518 
vt 0.52325 0.16232 
vt 0.53218 0.1518 
vt 0.52325 0.16232 
vt 0.53218 0.1518 
vt 0.49647 0.16232 
vt 0.49647 0.1518 
vt 0.49647 0.16232 
vt 0.49647 0.1518 
vt 0.46968 0.16232 
vt 0.46075 0.1518 
vt 0.46968 0.16232 
vt 0.46075 0.1518 
vt 0.45007 0.16232 
vt 0.43461 0.1518 
vt 0.45007 0.16232 
vt 0.43461 0.1518 
vt 0.4429 0.16232 
vt 0.42504 0.1518 
vt 0.4429 0.16232 
vt 0.42504 0.1518 
vt 0.45007 0.16232 
vt 0.43461 0.1518 
vt 0.45007 0.16232 
vt 0.43461 0.1518 
vt 0.46968 0.16232 
vt 0.46075 0.1518 
vt 0.46968 0.16232 
vt 0.46075 0.1518 
vt 0.49647 0.16232 
vt 0.49647 0.1518 
vt 0.49647 0.17284 
vt 0.49647 0.16232 
vt 0.53218 0.17284 
vt 0.52325 0.16232 
vt 0.53218 0.17284 
vt 0.52325 0.16232 
vt 0.55833 0.17284 
vt 0.54286 0.16232 
vt 0.55833 0.17284 
vt 0.54286 0.16232 
vt 0.5679 0.17284 
vt 0.55004 0.16232 
vt 0.5679 0.17284 
vt 0.55004 0.16232 
vt 0.55833 0.17284 
vt 0.54286 0.16232 
vt 0.55833 0.17284 
vt 0.54286 0.16232 
vt 0.53218 0.17284 
vt 0.52325 0.16232 
vt 0.53218 0.17284 
vt 0.52325 0.16232 
vt 0.49647 0.17284 
vt 0.49647 0.16232 
vt 0.49647 0.17284 
vt 0.49647 0.16232 
vt 0.46075 0.17284 
vt 0.46968 0.16232 
vt 0.46075 0.17284 
vt 0.46968 0.16232 
vt 0.43461 0.17284 
vt 0.45007 0.16232 
vt 0.43461 0.17284 
vt 0.45007 0.16232 
vt 0.42504 0.17284 
vt 0.4429 0.16232 
vt 0.42504 0.17284 
vt 0.4429 0.16232 
vt 0.43461 0.17284 
vt 0.45007 0.16232 
vt 0.43461 0.17284 
vt 0.45007 0.16232 
vt 0.46075 0.17284 
vt 0.46968 0.16232 
vt 0.46075 0.17284 
vt 0.46968 0.16232 
vt 0.49647 0.17284 
vt 0.49647 0.16232 
vt 0.49647 0.18336 
vt 0.49647 0.17284 
vt 0.52325 0.18336 
vt 0.53218 0.17284 
vt 0.52325 0.18336 
vt 0.53218 0.17284 
vt 0.54286 0.18336 
vt 0.55833 0.17284 
vt 0.54286 0.18336 
vt 0.55833 0.17284 
vt 0.55004 0.18336 
vt 0.5679 0.17284 
vt 0.55004 0.18336 
vt 0.5679 0.17284 
vt 0.54286 0.18336 
vt 0.55833 0.17284 
vt 0.54286 0.18336 
vt 0.55833 0.17284 
vt 0.52325 0.18336 
vt 0.53218 0.17284 
vt 0.52325 0.18336 
vt 0.53218 0.17284 
vt 0.49647 0.18336 
vt 0.49647 0.17284 
vt 0.49647 0.18336 
vt 0.49647 0.17284 
vt 0.46968 0.18336 
vt 0.46075 0.17284 
vt 0.46968 0.18336 
vt 0.46075 0.17284 
vt 0.45007 0.18336 
vt 0.43461 0.17284 
vt 0.45007 0.18336 
vt 0.43461 0.17284 
vt 0.4429 0.18336 
vt 0.42504 0.17284 
vt 0.4429 0.18336 
vt 0.42504 0.17284 
vt 0.45007 0.18336 
vt 0.43461 0.17284 
vt 0.45007 0.18336 
vt 0.43461 0.17284 
vt 0.46968 0.18336 
vt 0.46075 0.17284 
vt 0.46968 0.18336 
vt 0.46075 0.17284 
vt 0.49647 0.18336 
vt 0.49647 0.17284 
vt 0.49647 0.19388 
vt 0.49647 0.18336 
vt 0.53218 0.19388 
vt 0.52325 0.18336 
vt 0.53218 0.19388 
vt 0.52325 0.18336 
vt 0.55833 0.19388 
vt 0.54286 0.18336 
vt 0.55833 0.19388 
vt 0.54286 0.18336 
vt 0.5679 0.19388 
vt 0.55004 0.18336 
vt 0.5679 0.19388 
vt 0.55004 0.18336 
vt 0.55833 0.19388 
vt 0.54286 0.18336 
vt 0.55833 0.19388 
vt 0.54286 0.18336 
vt 0.53218 0.19388 
vt 0.52325 0.18336 
vt 0.53218 0.19388 
vt 0.52325 0.18336 
vt 0.49647 0.19388 
vt 0.49647 0.18336 
vt 0.49647 0.19388 
vt 0.49647 0.18336 
vt 0.46075 0.19388 
vt 0.46968 0.18336 
vt 0.46075 0.19388 
vt 0.46968 0.18336 
vt 0.43461 0.19388 
vt 0.45007 0.18336 
vt 0.43461 0.19388 
vt 0.45007 0.18336 
vt 0.42504 0.19388 
vt 0.4429 0.18336 
vt 0.42504 0.19388 
vt 0.4429 0.18336 
vt 0.43461 0.19388 
vt 0.45007 0.18336 
vt 0.43461 0.19388 
vt 0.45007 0.18336 
vt 0.46075 0.19388 
vt 0.46968 0.18336 
vt 0.46075 0.19388 
vt 0.46968 0.18336 
vt 0.49647 0.19388 
vt 0.49647 0.18336 
vt 0.49647 0.20439 
vt 0.49647 0.19388 
vt 0.52325 0.20439 
vt 0.53218 0.19388 
vt 0.52325 0.20439 
vt 0.53218 0.19388 
vt 0.54286 0.20439 
vt 0.55833 0.19388 
vt 0.54286 0.20439 
vt 0.55833 0.19388 
vt 0.55004 0.20439 
vt 0.5679 0.19388 
vt 0.55004 0.20439 
vt 0.5679 0.19388 
vt 0.54286 0.20439 
vt 0.55833 0.19388 
vt 0.54286 0.20439 
vt 0.55833 0.19388 
vt 0.52325 0.20439 
vt 0.53218 0.19388 
vt 0.52325 0.20439 
vt 0.53218 0.19388 
vt 0.49647 0.20439 
vt 0.49647 0.19388 
vt 0.49647 0.20439 
vt 0.49647 0.19388 
vt 0.46968 0.20439 
vt 0.46075 0.19388 
vt 0.46968 0.20439 
vt 0.46075 0.19388 
vt 0.45007 0.20439 
vt 0.43461 0.19388 
vt 0.45007 0.20439 
vt 0.43461 0.19388 
vt 0.4429 0.20439 
vt 0.42504 0.19388 
vt 0.4429 0.20439 
vt 0.42504 0.19388 
vt 0.45007 0.20439 
vt 0.43461 0.19388 
vt 0.45007 0.20439 
vt 0.43461 0.19388 
vt 0.46968 0.20439 
vt 0.46075 0.19388 
vt 0.46968 0.20439 
vt 0.46075 0.19388 
vt 0.49647 0.20439 
vt 0.49647 0.19388 
vt 0.49647 0.21491 
vt 0.49647 0.20439 
vt 0.53218 0.21491 
vt 0.52325 0.20439 
vt 0.53218 0.21491 
vt 0.52325 0.20439 
vt 0.55833 0.21491 
vt 0.54286 0.20439 
vt 0.55833 0.21491 
vt 0.54286 0.20439 
vt 0.5679 0.21491 
vt 0.55004 0.20439 
vt 0.5679 0.21491 
vt 0.55004 0.20439 
vt 0.55833 0.21491 
vt 0.54286 0.20439 
vt 0.55833 0.21491 
vt 0.54286 0.20439 
vt 0.53218 0.21491 
vt 0.52325 0.20439 
vt 0.53218 0.21491 
vt 0.52325 0.20439 
vt 0.49647 0.21491 
vt 0.49647 0.20439 
vt 0.49647 0.21491 
vt 0.49647 0.20439 
vt 0.46075 0.21491 
vt 0.46968 0.20439 
vt 0.46075 0.21491 
vt 0.46968 0.20439 
vt 0.43461 0.21491 
vt 0.45007 0.20439 
vt 0.43461 0.21491 
vt 0.45007 0.20439 
vt 0.42504 0.21491 
vt 0.4429 0.20439 
vt 0.42504 0.21491 
vt 0.4429 0.20439 
vt 0.43461 0.21491 
vt 0.45007 0.20439 
vt 0.43461 0.21491 
vt 0.45007 0.20439 
vt 0.46075 0.21491 
vt 0.46968 0.20439 
vt 0.46075 0.21491 
vt 0.46968 0.20439 
vt 0.49647 0.21491 
vt 0.49647 0.20439 
vt 0.49647 0.22543 
vt 0.49647 0.21491 
vt 0.52325 0.22543 
vt 0.53218 0.21491 
vt 0.52325 0.22543 
vt 0.53218 0.21491 
vt 0.54286 0.22543 
vt 0.55833 0.21491 
vt 0.54286 0.22543 
vt 0.55833 0.21491 
vt 0.55004 0.22543 
vt 0.5679 0.21491 
vt 0.55004 0.22543 
vt 0.5679 0.21491 
vt 0.54286 0.22543 
vt 0.55833 0.21491 
vt 0.54286 0.22543 
vt 0.55833 0.21491 
vt 0.52325 0.22543 
vt 0.53218 0.21491 
vt 0.52325 0.22543 
vt 0.53218 0.21491 
vt 0.49647 0.22543 
vt 0.49647 0.21491 
vt 0.49647 0.22543 
vt 0.49647 0.21491 
vt 0.46968 0.22543 
vt 0.46075 0.21491 
vt 0.46968 0.22543 
vt 0.46075 0.21491 
vt 0.45007 0.22543 
vt 0.43461 0.21491 
vt 0.45007 0.22543 
vt 0.43461 0.21491 
vt 0.4429 0.22543 
vt 0.42504 0.21491 
vt 0.4429 0.22543 
vt 0.42504 0.21491 
vt 0.45007 0.22543 
vt 0.43461 0.21491 
vt 0.45007 0.22543 
vt 0.43461 0.21491 
vt 0.46968 0.22543 
vt 0.46075 0.21491 
vt 0.46968 0.22543 
vt 0.46075 0.21491 
vt 0.49647 0.22543 
vt 0.49647 0.21491 
vt 0.49647 0.23595 
vt 0.49647 0.22543 
vt 0.53218 0.23595 
vt 0.52325 0.22543 
vt 0.53218 0.23595 
vt 0.52325 0.22543 
vt 0.55833 0.23595 
vt 0.54286 0.22543 
vt 0.55833 0.23595 
vt 0.54286 0.22543 
vt 0.5679 0.23595 
vt 0.55004 0.22543 
vt 0.5679 0.23595 
vt 0.55004 0.22543 
vt 0.55833 0.23595 
vt 0.54286 0.22543 
vt 0.55833 0.23595 
vt 0.54286 0.22543 
vt 0.53218 0.23595 
vt 0.52325 0.22543 
vt 0.53218 0.23595 
vt 0.52325 0.22543 
vt 0.49647 0.23595 
vt 0.49647 0.22543 
vt 0.49647 0.23595 
vt 0.49647 0.22543 
vt 0.46075 0.23595 
vt 0.46968 0.22543 
vt 0.46075 0.23595 
vt 0.46968 0.22543 
vt 0.43461 0.23595 
vt 0.45007 0.22543 
vt 0.43461 0.23595 
vt 0.45007 0.22543 
vt 0.42504 0.23595 
vt 0.4429 0.22543 
vt 0.42504 0.23595 
vt 0.4429 0.22543 
vt 0.43461 0.23595 
vt 0.45007 0.22543 
vt 0.43461 0.23595 
vt 0.45007 0.22543 
vt 0.46075 0.23595 
vt 0.46968 0.22543 
vt 0.46075 0.23595 
vt 0.46968 0.22543 
vt 0.49647 0.23595 
vt 0.49647 0.22543 
vt 0.49647 0.24647 
vt 0.49647 0.23595 
vt 0.52325 0.24647 
vt 0.53218 0.23595 
vt 0.52325 0.24647 
vt 0.53218 0.23595 
vt 0.54286 0.24647 
vt 0.55833 0.23595 
vt 0.54286 0.24647 
vt 0.55833 0.23595 
vt 0.55004 0.24647 
vt 0.5679 0.23595 
vt 0.55004 0.24647 
vt 0.5679 0.23595 
vt 0.54286 0.24647 
vt 0.55833 0.23595 
vt 0.54286 0.24647 
vt 0.55833 0.23595 
vt 0.52325 0.24647 
vt 0.53218 0.23595 
vt 0.52325 0.24647 
vt 0.53218 0.23595 
vt 0.49647 0.24647 
vt 0.49647 0.23595 
vt 0.49647 0.24647 
vt 0.49647 0.23595 
vt 0.46968 0.24647 
vt 0.46075 0.23595 
vt 0.46968 0.24647 
vt 0.46075 0.23595 
vt 0.45007 0.24647 
vt 0.43461 0.23595 
vt 0.45007 0.24647 
vt 0.43461 0.23595 
vt 0.4429 0.24647 
vt 0.42504 0.23595 
vt 0.4429 0.24647 
vt 0.42504 0.23595 
vt 0.45007 0.24647 
vt 0.43461 0.23595 
vt 0.45007 0.24647 
vt 0.43461 0.23595 
vt 0.46968 0.24647 
vt 0.46075 0.23595 
vt 0.46968 0.24647 
vt 0.46075 0.23595 
vt 0.49647 0.24647 
vt 0.49647 0.23595 
vt 0.49647 0.25699 
vt 0.49647 0.24647 
vt 0.53218 0.25699 
vt 0.52325 0.24647 
vt 0.53218 0.25699 
vt 0.52325 0.24647 
vt 0.55833 0.25699 
vt 0.54286 0.24647 
vt 0.55833 0.25699 
vt 0.54286 0.24647 
vt 0.5679 0.25699 
vt 0.55004 0.24647 
vt 0.5679 0.25699 
vt 0.55004 0.24647 
vt 0.55833 0.25699 
vt 0.54286 0.24647 
vt 0.55833 0.25699 
vt 0.54286 0.24647 
vt 0.53218 0.25699 
vt 0.52325 0.24647 
vt 0.53218 0.25699 
vt 0.52325 0.24647 
vt 0.49647 0.25699 
vt 0.49647 0.24647 
vt 0.49647 0.25699 
vt 0.49647 0.24647 
vt 0.46075 0.25699 
vt 0.46968 0.24647 
vt 0.46075 0.25699 
vt 0.46968 0.24647 
vt 0.43461 0.25699 
vt 0.45007 0.24647 
vt 0.43461 0.25699 
vt 0.45007 0.24647 
vt 0.42504 0.25699 
vt 0.4429 0.24647 
vt 0.42504 0.25699 
vt 0.4429 0.24647 
vt 0.43461 0.25699 
vt 0.45007 0.24647 
vt 0.43461 0.25699 
vt 0.45007 0.24647 
vt 0.46075 0.25699 
vt 0.46968 0.24647 
vt 0.46075 0.25699 
vt 0.46968 0.24647 
vt 0.49647 0.25699 
vt 0.49647 0.24647 
vt 0.49647 0.26751 
vt 0.49647 0.25699 
vt 0.52325 0.26751 
vt 0.53218 0.25699 
vt 0.52325 0.26751 
vt 0.53218 0.25699 
vt 0.54286 0.26751 
vt 0.55833 0.25699 
vt 0.54286 0.26751 
vt 0.55833 0.25699 
vt 0.55004 0.26751 
vt 0.5679 0.25699 
vt 0.55004 0.26751 
vt 0.5679 0.25699 
vt 0.54286 0.26751 
vt 0.55833 0.25699 
vt 0.54286 0.26751 
vt 0.55833 0.25699 
vt 0.52325 0.26751 
vt 0.53218 0.25699 
vt 0.52325 0.26751 
vt 0.53218 0.25699 
vt 0.49647 0.26751 
vt 0.49647 0.25699 
vt 0.49647 0.26751 
vt 0.49647 0.25699 
vt 0.46968 0.26751 
vt 0.46075 0.25699 
vt 0.46968 0.26751 
vt 0.46075 0.25699 
vt 0.45007 0.26751 
vt 0.43461 0.25699 
vt 0.45007 0.26751 
vt 0.43461 0.25699 
vt 0.4429 0.26751 
vt 0.42504 0.25699 
vt 0.4429 0.26751 
vt 0.42504 0.25699 
vt 0.45007 0.26751 
vt 0.43461 0.25699 
vt 0.45007 0.26751 
vt 0.43461 0.25699 
vt 0.46968 0.26751 
vt 0.46075 0.25699 
vt 0.46968 0.26751 
vt 0.46075 0.25699 
vt 0.49647 0.26751 
vt 0.49647 0.25699 
vt 0.49647 0.27803 
vt 0.49647 0.26751 
vt 0.53218 0.27803 
vt 0.52325 0.26751 
vt 0.53218 0.27803 
vt 0.52325 0.26751 
vt 0.55833 0.27803 
vt 0.54286 0.26751 
vt 0.55833 0.27803 
vt 0.54286 0.26751 
vt 0.5679 0.27803 
vt 0.55004 0.26751 
vt 0.5679 0.27803 
vt 0.55004 0.26751 
vt 0.55833 0.27803 
vt 0.54286 0.26751 
vt 0.55833 0.27803 
vt 0.54286 0.26751 
vt 0.53218 0.27803 
vt 0.52325 0.26751 
vt 0.53218 0.27803 
vt 0.52325 0.26751 
vt 0.49647 0.27803 
vt 0.49647 0.26751 
vt 0.49647 0.27803 
vt 0.49647 0.26751 
vt 0.46075 0.27803 
vt 0.46968 0.26751 
vt 0.46075 0.27803 
vt 0.46968 0.26751 
vt 0.43461 0.27803 
vt 0.45007 0.26751 
vt 0.43461 0.27803 
vt 0.45007 0.26751 
vt 0.42504 0.27803 
vt 0.4429 0.26751 
vt 0.42504 0.27803 
vt 0.4429 0.26751 
vt 0.43461 0.27803 
vt 0.45007 0.26751 
vt 0.43461 0.27803 
vt 0.45007 0.26751 
vt 0.46075 0.27803 
vt 0.46968 0.26751 
vt 0.46075 0.27803 
vt 0.46968 0.26751 
vt 0.49647 0.27803 
vt 0.49647 0.26751 
vt 0.49647 0.28855 
vt 0.49647 0.27803 
vt 0.52325 0.28855 
vt 0.53218 0.27803 
vt 0.52325 0.28855 
vt 0.53218 0.27803 
vt 0.54286 0.28855 
vt 0.55833 0.27803 
vt 0.54286 0.28855 
vt 0.55833 0.27803 
vt 0.55004 0.28855 
vt 0.5679 0.27803 
vt 0.55004 0.28855 
vt 0.5679 0.27803 
vt 0.54286 0.28855 
vt 0.55833 0.27803 
vt 0.54286 0.28855 
vt 0.55833 0.27803 
vt 0.52325 0.28855 
vt 0.53218 0.27803 
vt 0.52325 0.28855 
vt 0.53218 0.27803 
vt 0.49647 0.28855 
vt 0.49647 0.27803 
vt 0.49647 0.28855 
vt 0.49647 0.27803 
vt 0.46968 0.28855 
vt 0.46075 0.27803 
vt 0.46968 0.28855 
vt 0.46075 0.27803 
vt 0.45007 0.28855 
vt 0.43461 0.27803 
vt 0.45007 0.28855 
vt 0.43461 0.27803 
vt 0.4429 0.28855 
vt 0.42504 0.27803 
vt 0.4429 0.28855 
vt 0.42504 0.27803 
vt 0.45007 0.28855 
vt 0.43461 0.27803 
vt 0.45007 0.28855 
vt 0.43461 0.27803 
vt 0.46968 0.28855 
vt 0.46075 0.27803 
vt 0.46968 0.28855 
vt 0.46075 0.27803 
vt 0.49647 0.28855 
vt 0.49647 0.27803 
vt 0.49647 0.29906 
vt 0.49647 0.28855 
vt 0.53218 0.29906 
vt 0.52325 0.28855 
vt 0.53218 0.29906 
vt 0.52325 0.28855 
vt 0.55833 0.29906 
vt 0.54286 0.28855 
vt 0.55833 0.29906 
vt 0.54286 0.28855 
vt 0.5679 0.29906 
vt 0.55004 0.28855 
vt 0.5679 0.29906 
vt 0.55004 0.28855 
vt 0.55833 0.29906 
vt 0.54286 0.28855 
vt 0.55833 0.29906 
vt 0.54286 0.28855 
vt 0.53218 0.29906 
vt 0.52325 0.28855 
vt 0.53218 0.29906 
vt 0.52325 0.28855 
vt 0.49647 0.29906 
vt 0.49647 0.28855 
vt 0.49647 0.29906 
vt 0.49647 0.28855 
vt 0.46075 0.29906 
vt 0.46968 0.28855 
vt 0.46075 0.29906 
vt 0.46968 0.28855 
vt 0.43461 0.29906 
vt 0.45007 0.28855 
vt 0.43461 0.29906 
vt 0.45007 0.28855 
vt 0.42504 0.29906 
vt 0.4429 0.28855 
vt 0.42504 0.29906 
vt 0.4429 0.28855 
vt 0.43461 0.29906 
vt 0.45007 0.28855 
vt 0.43461 0.29906 
vt 0.45007 0.28855 
vt 0.46075 0.29906 
vt 0.46968 0.28855 
vt 0.46075 0.29906 
vt 0.46968 0.28855 
vt 0.49647 0.29906 
vt 0.49647 0.28855 
vt 0.49647 0.30958 
vt 0.49647 0.29906 
vt 0.52325 0.30958 
vt 0.53218 0.29906 
vt 0.52325 0.30958 
vt 0.53218 0.29906 
vt 0.54286 0.30958 
vt 0.55833 0.29906 
vt 0.54286 0.30958 
vt 0.55833 0.29906 
vt 0.55004 0.30958 
vt 0.5679 0.29906 
vt 0.55004 0.30958 
vt 0.5679 0.29906 
vt 0.54286 0.30958 
vt 0.55833 0.29906 
vt 0.54286 0.30958 
vt 0.55833 0.29906 
vt 0.52325 0.30958 
vt 0.53218 0.29906 
vt 0.52325 0.30958 
vt 0.53218 0.29906 
vt 0.49647 0.30958 
vt 0.49647 0.29906 
vt 0.49647 0.30958 
vt 0.49647 0.29906 
vt 0.46968 0.30958 
vt 0.46075 0.29906 
vt 0.46968 0.30958 
vt 0.46075 0.29906 
vt 0.45007 0.30958 
vt 0.43461 0.29906 
vt 0.45007 0.30958 
vt 0.43461 0.29906 
vt 0.4429 0.30958 
vt 0.42504 0.29906 
vt 0.4429 0.30958 
vt 0.42504 0.29906 
vt 0.45007 0.30958 
vt 0.43461 0.29906 
vt 0.45007 0.30958 
vt 0.43461 0.29906 
vt 0.46968 0.30958 
vt 0.46075 0.29906 
vt 0.46968 0.30958 
vt 0.46075 0.29906 
vt 0.49647 0.30958 
vt 0.49647 0.29906 
vt 0.49647 0.3201 
vt 0.49647 0.30958 
vt 0.53218 0.3201 
vt 0.52325 0.30958 
vt 0.53218 0.3201 
vt 0.52325 0.30958 
vt 0.55833 0.3201 
vt 0.54286 0.30958 
vt 0.55833 0.3201 
vt 0.54286 0.30958 
vt 0.5679 0.3201 
vt 0.55004 0.30958 
vt 0.5679 0.3201 
vt 0.55004 0.30958 
vt 0.55833 0.3201 
vt 0.54286 0.30958 
vt 0.55833 0.3201 
vt 0.54286 0.30958 
vt 0.53218 0.3201 
vt 0.52325 0.30958 
vt 0.53218 0.3201 
vt 0.52325 0.30958 
vt 0.49647 0.3201 
vt 0.49647 0.30958 
vt 0.49647 0.3201 
vt 0.49647 0.30958 
vt 0.46075 0.3201 
vt 0.46968 0.30958 
vt 0.46075 0.3201 
vt 0.46968 0.30958 
vt 0.43461 0.3201 
vt 0.45007 0.30958 
vt 0.43461 0.3201 
vt 0.45007 0.30958 
vt 0.42504 0.3201 
vt 0.4429 0.30958 
vt 0.42504 0.3201 
vt 0.4429 0.30958 
vt 0.43461 0.3201 
vt 0.45007 0.30958 
vt 0.43461 0.3201 
vt 0.45007 0.30958 
vt 0.46075 0.3201 
vt 0.46968 0.30958 
vt 0.46075 0.3201 
vt 0.46968 0.30958 
vt 0.49647 0.3201 
vt 0.49647 0.30958 
vt 0.49647 0.33062 
vt 0.49647 0.3201 
vt 0.52325 0.33062 
vt 0.53218 0.3201 
vt 0.52325 0.33062 
vt 0.53218 0.3201 
vt 0.54286 0.33062 
vt 0.55833 0.3201 
vt 0.54286 0.33062 
vt 0.55833 0.3201 
vt 0.55004 0.33062 
vt 0.5679 0.3201 
vt 0.55004 0.33062 
vt 0.5679 0.3201 
vt 0.54286 0.33062 
vt 0.55833 0.3201 
vt 0.54286 0.33062 
vt 0.55833 0.3201 
vt 0.52325 0.33062 
vt 0.53218 0.3201 
vt 0.52325 0.33062 
vt 0.53218 0.3201 
vt 0.49647 0.33062 
vt 0.49647 0.3201 
vt 0.49647 0.33062 
vt 0.49647 0.3201 
vt 0.46968 0.33062 
vt 0.46075 0.3201 
vt 0.46968 0.33062 
vt 0.46075 0.3201 
vt 0.45007 0.33062 
vt 0.43461 0.3201 
vt 0.45007 0.33062 
vt 0.43461 0.3201 
vt 0.4429 0.33062 
vt 0.42504 0.3201 
vt 0.4429 0.33062 
vt 0.42504 0.3201 
vt 0.45007 0.33062 
vt 0.43461 0.3201 
vt 0.45007 0.33062 
vt 0.43461 0.3201 
vt 0.46968 0.33062 
vt 0.46075 0.3201 
vt 0.46968 0.33062 
vt 0.46075 0.3201 
vt 0.49647 0.33062 
vt 0.49647 0.3201 
vt 0.49647 0.34114 
vt 0.49647 0.33062 
vt 0.53218 0.34114 
vt 0.52325 0.33062 
vt 0.53218 0.34114 
vt 0.52325 0.33062 
vt 0.55833 0.34114 
vt 0.54286 0.33062 
vt 0.55833 0.34114 
vt 0.54286 0.33062 
vt 0.5679 0.34114 
vt 0.55004 0.33062 
vt 0.5679 0.34114 
vt 0.55004 0.33062 
vt 0.55833 0.34114 
vt 0.54286 0.33062 
vt 0.55833 0.34114 
vt 0.54286 0.33062 
vt 0.53218 0.34114 
vt 0.52325 0.33062 
vt 0.53218 0.34114 
vt 0.52325 0.33062 
vt 0.49647 0.34114 
vt 0.49647 0.33062 
vt 0.49647 0.34114 
vt 0.49647 0.33062 
vt 0.46075 0.34114 
vt 0.46968 0.33062 
vt 0.46075 0.34114 
vt 0.46968 0.33062 
vt 0.43461 0.34114 
vt 0.45007 0.33062 
vt 0.43461 0.34114 
vt 0.45007 0.33062 
vt 0.42504 0.34114 
vt 0.4429 0.33062 
vt 0.42504 0.34114 
vt 0.4429 0.33062 
vt 0.43461 0.34114 
vt 0.45007 0.33062 
vt 0.43461 0.34114 
vt 0.45007 0.33062 
vt 0.46075 0.34114 
vt 0.46968 0.33062 
vt 0.46075 0.34114 
vt 0.46968 0.33062 
vt 0.49647 0.34114 
vt 0.49647 0.33062 
vt 0.49647 0.35166 
vt 0.49647 0.34114 
vt 0.52325 0.35166 
vt 0.53218 0.34114 
vt 0.52325 0.35166 
vt 0.53218 0.34114 
vt 0.54286 0.35166 
vt 0.55833 0.34114 
vt 0.54286 0.35166 
vt 0.55833 0.34114 
vt 0.55004 0.35166 
vt 0.5679 0.34114 
vt 0.55004 0.35166 
vt 0.5679 0.34114 
vt 0.54286 0.35166 
vt 0.55833 0.34114 
vt 0.54286 0.35166 
vt 0.55833 0.34114 
vt 0.52325 0.35166 
vt 0.53218 0.34114 
vt 0.52325 0.35166 
vt 0.53218 0.34114 
vt 0.49647 0.35166 
vt 0.49647 0.34114 
vt 0.49647 0.35166 
vt 0.49647 0.34114 
vt 0.46968 0.35166 
vt 0.46075 0.34114 
vt 0.46968 0.35166 
vt 0.46075 0.34114 
vt 0.45007 0.35166 
vt 0.43461 0.34114 
vt 0.45007 0.35166 
vt 0.43461 0.34114 
vt 0.4429 0.35166 
vt 0.42504 0.34114 
vt 0.4429 0.35166 
vt 0.42504 0.34114 
vt 0.45007 0.35166 
vt 0.43461 0.34114 
vt 0.45007 0.35166 
vt 0.43461 0.34114 
vt 0.46968 0.35166 
vt 0.46075 0.34114 
vt 0.46968 0.35166 
vt 0.46075 0.34114 
vt 0.49647 0.35166 
vt 0.49647 0.34114 
vt 0.49647 0.36218 
vt 0.49647 0.35166 
vt 0.53218 0.36218 
vt 0.52325 0.35166 
vt 0.53218 0.36218 
vt 0.52325 0.35166 
vt 0.55833 0.36218 
vt 0.54286 0.35166 
vt 0.55833 0.36218 
vt 0.54286 0.35166 
vt 0.5679 0.36218 
vt 0.55004 0.35166 
vt 0.5679 0.36218 
vt 0.55004 0.35166 
vt 0.55833 0.36218 
vt 0.54286 0.35166 
vt 0.55833 0.36218 
vt 0.54286 0.35166 
vt 0.53218 0.36218 
vt 0.52325 0.35166 
vt 0.53218 0.36218 
vt 0.52325 0.35166 
vt 0.49647 0.36218 
vt 0.49647 0.35166 
vt 0.49647 0.36218 
vt 0.49647 0.35166 
vt 0.46075 0.36218 
vt 0.46968 0.35166 
vt 0.46075 0.36218 
vt 0.46968 0.35166 
vt 0.43461 0.36218 
vt 0.45007 0.35166 
vt 0.43461 0.36218 
vt 0.45007 0.35166 
vt 0.42504 0.36218 
vt 0.4429 0.35166 
vt 0.42504 0.36218 
vt 0.4429 0.35166 
vt 0.43461 0.36218 
vt 0.45007 0.35166 
vt 0.43461 0.36218 
vt 0.45007 0.35166 
vt 0.46075 0.36218 
vt 0.46968 0.35166 
vt 0.46075 0.36218 
vt 0.46968 0.35166 
vt 0.49647 0.36218 
vt 0.49647 0.35166 
vt 0.49647 0.3727 
vt 0.49647 0.36218 
vt 0.52325 0.3727 
vt 0.53218 0.36218 
vt 0.52325 0.3727 
vt 0.53218 0.36218 
vt 0.54286 0.3727 
vt 0.55833 0.36218 
vt 0.54286 0.3727 
vt 0.55833 0.36218 
vt 0.55004 0.3727 
vt 0.5679 0.36218 
vt 0.55004 0.3727 
vt 0.5679 0.36218 
vt 0.54286 0.3727 
vt 0.55833 0.36218 
vt 0.54286 0.3727 
vt 0.55833 0.36218 
vt 0.52325 0.3727 
vt 0.53218 0.36218 
vt 0.52325 0.3727 
vt 0.53218 0.36218 
vt 0.49647 0.3727 
vt 0.49647 0.36218 
vt 0.49647 0.3727 
vt 0.49647 0.36218 
vt 0.46968 0.3727 
vt 0.46075 0.36218 
vt 0.46968 0.3727 
vt 0.46075 0.36218 
vt 0.45007 0.3727 
vt 0.43461 0.36218 
vt 0.45007 0.3727 
vt 0.43461 0.36218 
vt 0.4429 0.3727 
vt 0.42504 0.36218 
vt 0.4429 0.3727 
vt 0.42504 0.36218 
vt 0.45007 0.3727 
vt 0.43461 0.36218 
vt 0.45007 0.3727 
vt 0.43461 0.36218 
vt 0.46968 0.3727 
vt 0.46075 0.36218 
vt 0.46968 0.3727 
vt 0.46075 0.36218 
vt 0.49647 0.3727 
vt 0.49647 0.36218 
vt 0.49647 0.38322 
vt 0.49647 0.3727 
vt 0.53218 0.38322 
vt 0.52325 0.3727 
vt 0.53218 0.38322 
vt 0.52325 0.3727 
vt 0.55833 0.38322 
vt 0.54286 0.3727 
vt 0.55833 0.38322 
vt 0.54286 0.3727 
vt 0.5679 0.38322 
vt 0.55004 0.3727 
vt 0.5679 0.38322 
vt 0.55004 0.3727 
vt 0.55833 0.38322 
vt 0.54286 0.3727 
vt 0.55833 0.38322 
vt 0.54286 0.3727 
vt 0.53218 0.38322 
vt 0.52325 0.3727 
vt 0.53218 0.38322 
vt 0.52325 0.3727 
vt 0.49647 0.38322 
vt 0.49647 0.3727 
vt 0.49647 0.38322 
vt 0.49647 0.3727 
vt 0.46075 0.38322 
vt 0.46968 0.3727 
vt 0.46075 0.38322 
vt 0.46968 0.3727 
vt 0.43461 0.38322 
vt 0.45007 0.3727 
vt 0.43461 0.38322 
vt 0.45007 0.3727 
vt 0.42504 0.38322 
vt 0.4429 0.3727 
vt 0.42504 0.38322 
vt 0.4429 0.3727 
vt 0.43461 0.38322 
vt 0.45007 0.3727 
vt 0.43461 0.38322 
vt 0.45007 0.3727 
vt 0.46075 0.38322 
vt 0.46968 0.3727 
vt 0.46075 0.38322 
vt 0.46968 0.3727 
vt 0.49647 0.38322 
vt 0.49647 0.3727 
vt 0.49647 0.39374 
vt 0.49647 0.38322 
vt 0.52325 0.39374 
vt 0.53218 0.38322 
vt 0.52325 0.39374 
vt 0.53218 0.38322 
vt 0.54286 0.39374 
vt 0.55833 0.38322 
vt 0.54286 0.39374 
vt 0.55833 0.38322 
vt 0.55004 0.39374 
vt 0.5679 0.38322 
vt 0.55004 0.39374 
vt 0.5679 0.38322 
vt 0.54286 0.39374 
vt 0.55833 0.38322 
vt 0.54286 0.39374 
vt 0.55833 0.38322 
vt 0.52325 0.39374 
vt 0.53218 0.38322 
vt 0.52325 0.39374 
vt 0.53218 0.38322 
vt 0.49647 0.39374 
vt 0.49647 0.38322 
vt 0.49647 0.39374 
vt 0.49647 0.38322 
vt 0.46968 0.39374 
vt 0.46075 0.38322 
vt 0.46968 0.39374 
vt 0.46075 0.38322 
vt 0.45007 0.39374 
vt 0.43461 0.38322 
vt 0.45007 0.39374 
vt 0.43461 0.38322 
vt 0.4429 0.39374 
vt 0.42504 0.38322 
vt 0.4429 0.39374 
vt 0.42504 0.38322 
vt 0.45007 0.39374 
vt 0.43461 0.38322 
vt 0.45007 0.39374 
vt 0.43461 0.38322 
vt 0.46968 0.39374 
vt 0.46075 0.38322 
vt 0.46968 0.39374 
vt 0.46075 0.38322 
vt 0.49647 0.39374 
vt 0.49647 0.38322 
vt 0.49647 0.40425 
vt 0.49647 0.39374 
vt 0.53218 0.40425 
vt 0.52325 0.39374 
vt 0.53218 0.40425 
vt 0.52325 0.39374 
vt 0.55833 0.40425 
vt 0.54286 0.39374 
vt 0.55833 0.40425 
vt 0.54286 0.39374 
vt 0.5679 0.40425 
vt 0.55004 0.39374 
vt 0.5679 0.40425 
vt 0.55004 0.39374 
vt 0.55833 0.40425 
vt 0.54286 0.39374 
vt 0.55833 0.40425 
vt 0.54286 0.39374 
vt 0.53218 0.40425 
vt 0.52325 0.39374 
vt 0.53218 0.40425 
vt 0.52325 0.39374 
vt 0.49647 0.40425 
vt 0.49647 0.39374 
vt 0.49647 0.40425 
vt 0.49647 0.39374 
vt 0.46075 0.40425 
vt 0.46968 0.39374 
vt 0.46075 0.40425 
vt 0.46968 0.39374 
vt 0.43461 0.40425 
vt 0.45007 0.39374 
vt 0.43461 0.40425 
vt 0.45007 0.39374 
vt 0.42504 0.40425 
vt 0.4429 0.39374 
vt 0.42504 0.40425 
vt 0.4429 0.39374 
vt 0.43461 0.40425 
vt 0.45007 0.39374 
vt 0.43461 0.40425 
vt 0.45007 0.39374 
vt 0.46075 0.40425 
vt 0.46968 0.39374 
vt 0.46075 0.40425 
vt 0.46968 0.39374 
vt 0.49647 0.40425 
vt 0.49647 0.39374 
vt 0.49647 0.41477 
vt 0.49647 0.40425 
vt 0.52325 0.41477 
vt 0.53218 0.40425 
vt 0.52325 0.41477 
vt 0.53218 0.40425 
vt 0.54286 0.41477 
vt 0.55833 0.40425 
vt 0.54286 0.41477 
vt 0.55833 0.40425 
vt 0.55004 0.41477 
vt 0.5679 0.40425 
vt 0.55004 0.41477 
vt 0.5679 0.40425 
vt 0.54286 0.41477 
vt 0.55833 0.40425 
vt 0.54286 0.41477 
vt 0.55833 0.40425 
vt 0.52325 0.41477 
vt 0.53218 0.40425 
vt 0.52325 0.41477 
vt 0.53218 0.40425 
vt 0.49647 0.41477 
vt 0.49647 0.40425 
vt 0.49647 0.41477 
vt 0.49647 0.40425 
vt 0.46968 0.41477 
vt 0.46075 0.40425 
vt 0.46968 0.41477 
vt 0.46075 0.40425 
vt 0.45007 0.41477 
vt 0.43461 0.40425 
vt 0.45007 0.41477 
vt 0.43461 0.40425 
vt 0.4429 0.41477 
vt 0.42504 0.40425 
vt 0.4429 0.41477 
vt 0.42504 0.40425 
vt 0.45007 0.41477 
vt 0.43461 0.40425 
vt 0.45007 0.41477 
vt 0.43461 0.40425 
vt 0.46968 0.41477 
vt 0.46075 0.40425 
vt 0.46968 0.41477 
vt 0.46075 0.40425 
vt 0.49647 0.41477 
vt 0.49647 0.40425 
vt 0.49647 0.42529 
vt 0.49647 0.41477 
vt 0.53218 0.42529 
vt 0.52325 0.41477 
vt 0.53218 0.42529 
vt 0.52325 0.41477 
vt 0.55833 0.42529 
vt 0.54286 0.41477 
vt 0.55833 0.42529 
vt 0.54286 0.41477 
vt 0.5679 0.42529 
vt 0.55004 0.41477 
vt 0.5679 0.42529 
vt 0.55004 0.41477 
vt 0.55833 0.42529 
vt 0.54286 0.41477 
vt 0.55833 0.42529 
vt 0.54286 0.41477 
vt 0.53218 0.42529 
vt 0.52325 0.41477 
vt 0.53218 0.42529 
vt 0.52325 0.41477 
vt 0.49647 0.42529 
vt 0.49647 0.41477 
vt 0.49647 0.42529 
vt 0.49647 0.41477 
vt 0.46075 0.42529 
vt 0.46968 0.41477 
vt 0.46075 0.42529 
vt 0.46968 0.41477 
vt 0.43461 0.42529 
vt 0.45007 0.41477 
vt 0.43461 0.42529 
vt 0.45007 0.41477 
vt 0.42504 0.42529 
vt 0.4429 0.41477 
vt 0.42504 0.42529 
vt 0.4429 0.41477 
vt 0.43461 0.42529 
vt 0.45007 0.41477 
vt 0.43461 0.42529 
vt 0.45007 0.41477 
vt 0.46075 0.42529 
vt 0.46968 0.41477 
vt 0.46075 0.42529 
vt 0.46968 0.41477 
vt 0.49647 0.42529 
vt 0.49647 0.41477 
vt 0.49647 0.43581 
vt 0.49647 0.42529 
vt 0.52325 0.43581 
vt 0.53218 0.42529 
vt 0.52325 0.43581 
vt 0.53218 0.42529 
vt 0.54286 0.43581 
vt 0.55833 0.42529 
vt 0.54286 0.43581 
vt 0.55833 0.42529 
vt 0.55004 0.43581 
vt 0.5679 0.42529 
vt 0.55004 0.43581 
vt 0.5679 0.42529 
vt 0.54286 0.43581 
vt 0.55833 0.42529 
vt 0.54286 0.43581 
vt 0.55833 0.42529 
vt 0.52325 0.43581 
vt 0.53218 0.42529 
vt 0.52325 0.43581 
vt 0.53218 0.42529 
vt 0.49647 0.43581 
vt 0.49647 0.42529 
vt 0.49647 0.43581 
vt 0.49647 0.42529 
vt 0.46968 0.43581 
vt 0.46075 0.42529 
vt 0.46968 0.43581 
vt 0.46075 0.42529 
vt 0.45007 0.43581 
vt 0.43461 0.42529 
vt 0.45007 0.43581 
vt 0.43461 0.42529 
vt 0.4429 0.43581 
vt 0.42504 0.42529 
vt 0.4429 0.43581 
vt 0.42504 0.42529 
vt 0.45007 0.43581 
vt 0.43461 0.42529 
vt 0.45007 0.43581 
vt 0.43461 0.42529 
vt 0.46968 0.43581 
vt 0.46075 0.42529 
vt 0.46968 0.43581 
vt 0.46075 0.42529 
vt 0.49647 0.43581 
vt 0.49647 0.42529 
vt 0.49647 0.44633 
vt 0.49647 0.43581 
vt 0.53218 0.44633 
vt 0.52325 0.43581 
vt 0.53218 0.44633 
vt 0.52325 0.43581 
vt 0.55833 0.44633 
vt 0.54286 0.43581 
vt 0.55833 0.44633 
vt 0.54286 0.43581 
vt 0.5679 0.44633 
vt 0.55004 0.43581 
vt 0.5679 0.44633 
vt 0.55004 0.43581 
vt 0.55833 0.44633 
vt 0.54286 0.43581 
vt 0.55833 0.44633 
vt 0.54286 0.43581 
vt 0.53218 0.44633 
vt 0.52325 0.43581 
vt 0.53218 0.44633 
vt 0.52325 0.43581 
vt 0.49647 0.44633 
vt 0.49647 0.43581 
vt 0.49647 0.44633 
vt 0.49647 0.43581 
vt 0.46075 0.44633 
vt 0.46968 0.43581 
vt 0.46075 0.44633 
vt 0.46968 0.43581 
vt 0.43461 0.44633 
vt 0.45007 0.43581 
vt 0.43461 0.44633 
vt 0.45007 0.43581 
vt 0.42504 0.44633 
vt 0.4429 0.43581 
vt 0.42504 0.44633 
vt 0.4429 0.43581 
vt 0.43461 0.44633 
vt 0.45007 0.43581 
vt 0.43461 0.44633 
vt 0.45007 0.43581 
vt 0.46075 0.44633 
vt 0.46968 0.43581 
vt 0.46075 0.44633 
vt 0.46968 0.43581 
vt 0.49647 0.44633 
vt 0.49647 0.43581 
vt 0.49647 0.45685 
vt 0.49647 0.44633 
vt 0.53218 0.45685 
vt 0.53218 0.45685 
vt 0.53218 0.44633 
vt 0.55833 0.45685 
vt 0.55833 0.45685 
vt 0.55833 0.44633 
vt 0.5679 0.45685 
vt 0.5679 0.45685 
vt 0.5679 0.44633 
vt 0.55833 0.45685 
vt 0.55833 0.45685 
vt 0.55833 0.44633 
vt 0.53218 0.45685 
vt 0.53218 0.45685 
vt 0.53218 0.44633 
vt 0.49647 0.45685 
vt 0.49647 0.45685 
vt 0.49647 0.44633 
vt 0.46075 0.45685 
vt 0.46075 0.45685 
vt 0.46075 0.44633 
vt 0.43461 0.45685 
vt 0.43461 0.45685 
vt 0.43461 0.44633 
vt 0.42504 0.45685 
vt 0.42504 0.45685 
vt 0.42504 0.44633 
vt 0.43461 0.45685 
vt 0.43461 0.45685 
vt 0.43461 0.44633 
vt 0.46075 0.45685 
vt 0.46075 0.45685 
vt 0.46075 0.44633 
vt 0.49647 0.45685 
vt 0.49647 0.45685 
vt 0.53218 0.45685 
vt 0.55833 0.45685 
vt 0.5679 0.45685 
vt 0.55833 0.45685 
vt 0.53218 0.45685 
vt 0.49647 0.45685 
vt 0.46075 0.45685 
vt 0.43461 0.45685 
vt 0.42504 0.45685 
vt 0.43461 0.45685 
vt 0.46075 0.45685 
vt 0.49647 0.47789 
vt 0.49647 0.45685 
vt 0.52325 0.47789 
vt 0.53218 0.45685 
vt 0.52325 0.47789 
vt 0.53218 0.45685 
vt 0.54286 0.47789 
vt 0.55833 0.45685 
vt 0.54286 0.47789 
vt 0.55833 0.45685 
vt 0.55004 0.47789 
vt 0.5679 0.45685 
vt 0.55004 0.47789 
vt 0.5679 0.45685 
vt 0.54286 0.47789 
vt 0.55833 0.45685 
vt 0.54286 0.47789 
vt 0.55833 0.45685 
vt 0.52325 0.47789 
vt 0.53218 0.45685 
vt 0.52325 0.47789 
vt 0.53218 0.45685 
vt 0.49647 0.47789 
vt 0.49647 0.45685 
vt 0.49647 0.47789 
vt 0.49647 0.45685 
vt 0.46968 0.47789 
vt 0.46075 0.45685 
vt 0.46968 0.47789 
vt 0.46075 0.45685 
vt 0.45007 0.47789 
vt 0.43461 0.45685 
vt 0.45007 0.47789 
vt 0.43461 0.45685 
vt 0.4429 0.47789 
vt 0.42504 0.45685 
vt 0.4429 0.47789 
vt 0.42504 0.45685 
vt 0.45007 0.47789 
vt 0.43461 0.45685 
vt 0.45007 0.47789 
vt 0.43461 0.45685 
vt 0.46968 0.47789 
vt 0.46075 0.45685 
vt 0.46968 0.47789 
vt 0.46075 0.45685 
vt 0.49647 0.47789 
vt 0.49647 0.45685 
vt 0.52325 0.64619 
vt 0.49647 0.47789 
vt 0.49647 0.64619 
vt 0.54286 0.64619 
vt 0.52325 0.47789 
vt 0.52325 0.64619 
vt 0.55004 0.64619 
vt 0.54286 0.47789 
vt 0.54286 0.64619 
vt 0.54286 0.64619 
vt 0.55004 0.47789 
vt 0.55004 0.64619 
vt 0.52325 0.64619 
vt 0.54286 0.47789 
vt 0.54286 0.64619 
vt 0.49647 0.64619 
vt 0.52325 0.47789 
vt 0.52325 0.64619 
vt 0.46968 0.64619 
vt 0.49647 0.47789 
vt 0.49647 0.64619 
vt 0.45007 0.64619 
vt 0.46968 0.47789 
vt 0.46968 0.64619 
vt 0.4429 0.64619 
vt 0.45007 0.47789 
vt 0.45007 0.64619 
vt 0.45007 0.64619 
vt 0.4429 0.47789 
vt 0.4429 0.64619 
vt 0.46968 0.64619 
vt 0.45007 0.47789 
vt 0.45007 0.64619 
vt 0.49647 0.64619 
vt 0.46968 0.47789 
vt 0.46968 0.64619 
vt 0.49647 -0.00599003 
vt 0.49647 0.64619 
vt 0.49647 0.64619 
vt 0.50182 0.65671 
vt 0.50182 0.65671 
vt 0.52325 0.64619 
vt 0.49647 0.64619 
vt 0.51254 0.65671 
vt 0.50182 0.65671 
vt 0.52325 0.64619 
vt 0.50182 0.65671 
vt 0.51254 0.65671 
vt 0.49647 0.64619 
vt 0.52325 0.64619 
vt 0.5111 0.65671 
vt 0.52182 0.65671 
vt 0.54286 0.64619 
vt 0.49647 0.64619 
vt 0.52966 0.65671 
vt 0.5111 0.65671 
vt 0.54286 0.64619 
vt 0.52182 0.65671 
vt 0.52966 0.65671 
vt 0.49647 0.64619 
vt 0.54286 0.64619 
vt 0.51646 0.65671 
vt 0.53502 0.65671 
vt 0.55004 0.64619 
vt 0.49647 0.64619 
vt 0.53789 0.65671 
vt 0.51646 0.65671 
vt 0.55004 0.64619 
vt 0.53502 0.65671 
vt 0.53789 0.65671 
vt 0.49647 0.64619 
vt 0.55004 0.64619 
vt 0.51646 0.65671 
vt 0.53789 0.65671 
vt 0.54286 0.64619 
vt 0.49647 0.64619 
vt 0.53502 0.65671 
vt 0.51646 0.65671 
vt 0.54286 0.64619 
vt 0.53789 0.65671 
vt 0.53502 0.65671 
vt 0.49647 0.64619 
vt 0.54286 0.64619 
vt 0.5111 0.65671 
vt 0.52966 0.65671 
vt 0.52325 0.64619 
vt 0.49647 0.64619 
vt 0.52182 0.65671 
vt 0.5111 0.65671 
vt 0.52325 0.64619 
vt 0.52966 0.65671 
vt 0.52182 0.65671 
vt 0.49647 0.64619 
vt 0.52325 0.64619 
vt 0.50182 0.65671 
vt 0.51254 0.65671 
vt 0.43408 0.64355 
vt 0.4377 0.5997 
vt 0.42972 0.64176 
vt 0.43117 0.62422 
vt 0.49647 0.64619 
vt 0.51254 0.65671 
vt 0.50182 0.65671 
vt 0.49647 0.64619 
vt 0.49647 0.64619 
vt 0.49111 0.65671 
vt 0.49111 0.65671 
vt 0.46968 0.64619 
vt 0.49647 0.64619 
vt 0.4804 0.65671 
vt 0.49111 0.65671 
vt 0.46968 0.64619 
vt 0.49111 0.65671 
vt 0.4804 0.65671 
vt 0.49647 0.64619 
vt 0.46968 0.64619 
vt 0.48183 0.65671 
vt 0.47112 0.65671 
vt 0.45007 0.64619 
vt 0.49647 0.64619 
vt 0.46327 0.65671 
vt 0.48183 0.65671 
vt 0.45007 0.64619 
vt 0.47112 0.65671 
vt 0.46327 0.65671 
vt 0.49647 0.64619 
vt 0.45007 0.64619 
vt 0.47647 0.65671 
vt 0.45792 0.65671 
vt 0.4429 0.64619 
vt 0.49647 0.64619 
vt 0.45505 0.65671 
vt 0.47647 0.65671 
vt 0.4429 0.64619 
vt 0.45792 0.65671 
vt 0.45505 0.65671 
vt 0.49647 0.64619 
vt 0.4429 0.64619 
vt 0.47647 0.65671 
vt 0.45505 0.65671 
vt 0.45007 0.64619 
vt 0.49647 0.64619 
vt 0.45792 0.65671 
vt 0.47647 0.65671 
vt 0.45007 0.64619 
vt 0.45505 0.65671 
vt 0.45792 0.65671 
vt 0.49647 0.64619 
vt 0.45007 0.64619 
vt 0.48183 0.65671 
vt 0.46327 0.65671 
vt 0.46968 0.64619 
vt 0.49647 0.64619 
vt 0.47112 0.65671 
vt 0.48183 0.65671 
vt 0.46968 0.64619 
vt 0.46327 0.65671 
vt 0.47112 0.65671 
vt 0.49647 0.64619 
vt 0.46968 0.64619 
vt 0.49111 0.65671 
vt 0.4804 0.65671 
vt 0.49647 0.64619 
vt 0.49647 0.64619 
vt 0.49111 0.65671 
vt 0.49111 0.65671 
vt 0.49647 0.64619 
vt 0.4804 0.65671 
vt 0.49111 0.65671 
vt 0.50182 0.65671 
vt 0.50182 0.65671 
vt 0.50325 0.66723 
vt 0.50325 0.66723 
vt 0.51254 0.65671 
vt 0.50182 0.65671 
vt 0.50968 0.66723 
vt 0.50325 0.66723 
vt 0.50182 0.65671 
vt 0.51254 0.65671 
vt 0.50325 0.66723 
vt 0.50968 0.66723 
vt 0.50968 0.66723 
vt 0.50325 0.66723 
vt 0.50325 0.66723 
vt 0.5111 0.65671 
vt 0.52182 0.65671 
vt 0.51501 0.66723 
vt 0.52143 0.66723 
vt 0.52966 0.65671 
vt 0.5111 0.65671 
vt 0.52614 0.66723 
vt 0.51501 0.66723 
vt 0.52182 0.65671 
vt 0.52966 0.65671 
vt 0.52143 0.66723 
vt 0.52614 0.66723 
vt 0.52614 0.66723 
vt 0.51501 0.66723 
vt 0.52143 0.66723 
vt 0.51646 0.65671 
vt 0.53502 0.65671 
vt 0.52179 0.66723 
vt 0.53293 0.66723 
vt 0.53789 0.65671 
vt 0.51646 0.65671 
vt 0.53465 0.66723 
vt 0.52179 0.66723 
vt 0.53502 0.65671 
vt 0.53789 0.65671 
vt 0.53293 0.66723 
vt 0.53465 0.66723 
vt 0.53465 0.66723 
vt 0.52179 0.66723 
vt 0.53293 0.66723 
vt 0.51646 0.65671 
vt 0.53789 0.65671 
vt 0.52179 0.66723 
vt 0.53465 0.66723 
vt 0.53502 0.65671 
vt 0.51646 0.65671 
vt 0.53293 0.66723 
vt 0.52179 0.66723 
vt 0.53789 0.65671 
vt 0.53502 0.65671 
vt 0.53465 0.66723 
vt 0.53293 0.66723 
vt 0.53293 0.66723 
vt 0.52179 0.66723 
vt 0.53465 0.66723 
vt 0.5111 0.65671 
vt 0.52966 0.65671 
vt 0.51501 0.66723 
vt 0.52614 0.66723 
vt 0.52182 0.65671 
vt 0.5111 0.65671 
vt 0.52143 0.66723 
vt 0.51501 0.66723 
vt 0.52966 0.65671 
vt 0.52182 0.65671 
vt 0.52614 0.66723 
vt 0.52143 0.66723 
vt 0.52143 0.66723 
vt 0.51501 0.66723 
vt 0.52614 0.66723 
vt 0.50182 0.65671 
vt 0.51254 0.65671 
vt 0.50325 0.66723 
vt 0.50968 0.66723 
vt 0.50182 0.65671 
vt 0.50182 0.65671 
vt 0.50325 0.66723 
vt 0.50325 0.66723 
vt 0.51254 0.65671 
vt 0.50182 0.65671 
vt 0.50968 0.66723 
vt 0.50325 0.66723 
vt 0.50325 0.66723 
vt 0.50325 0.66723 
vt 0.50968 0.66723 
vt 0.49111 0.65671 
vt 0.49111 0.65671 
vt 0.48968 0.66723 
vt 0.48968 0.66723 
vt 0.4804 0.65671 
vt 0.49111 0.65671 
vt 0.48325 0.66723 
vt 0.48968 0.66723 
vt 0.49111 0.65671 
vt 0.4804 0.65671 
vt 0.48968 0.66723 
vt 0.48325 0.66723 
vt 0.48325 0.66723 
vt 0.48968 0.66723 
vt 0.48968 0.66723 
vt 0.48183 0.65671 
vt 0.47112 0.65671 
vt 0.47793 0.66723 
vt 0.4715 0.66723 
vt 0.46327 0.65671 
vt 0.48183 0.65671 
vt 0.46679 0.66723 
vt 0.47793 0.66723 
vt 0.47112 0.65671 
vt 0.46327 0.65671 
vt 0.4715 0.66723 
vt 0.46679 0.66723 
vt 0.46679 0.66723 
vt 0.47793 0.66723 
vt 0.4715 0.66723 
vt 0.47647 0.65671 
vt 0.45792 0.65671 
vt 0.47114 0.66723 
vt 0.46001 0.66723 
vt 0.45505 0.65671 
vt 0.47647 0.65671 
vt 0.45829 0.66723 
vt 0.47114 0.66723 
vt 0.45792 0.65671 
vt 0.45505 0.65671 
vt 0.46001 0.66723 
vt 0.45829 0.66723 
vt 0.45829 0.66723 
vt 0.47114 0.66723 
vt 0.46001 0.66723 
vt 0.47647 0.65671 
vt 0.45505 0.65671 
vt 0.47114 0.66723 
vt 0.45829 0.66723 
vt 0.45792 0.65671 
vt 0.47647 0.65671 
vt 0.46001 0.66723 
vt 0.47114 0.66723 
vt 0.45505 0.65671 
vt 0.45792 0.65671 
vt 0.45829 0.66723 
vt 0.46001 0.66723 
vt 0.46001 0.66723 
vt 0.47114 0.66723 
vt 0.45829 0.66723 
vt 0.48183 0.65671 
vt 0.46327 0.65671 
vt 0.47793 0.66723 
vt 0.46679 0.66723 
vt 0.47112 0.65671 
vt 0.48183 0.65671 
vt 0.4715 0.66723 
vt 0.47793 0.66723 
vt 0.46327 0.65671 
vt 0.47112 0.65671 
vt 0.46679 0.66723 
vt 0.4715 0.66723 
vt 0.4715 0.66723 
vt 0.47793 0.66723 
vt 0.46679 0.66723 
vt 0.49111 0.65671 
vt 0.4804 0.65671 
vt 0.48968 0.66723 
vt 0.48325 0.66723 
vt 0.49111 0.65671 
vt 0.49111 0.65671 
vt 0.48968 0.66723 
vt 0.48968 0.66723 
vt 0.4804 0.65671 
vt 0.49111 0.65671 
vt 0.48325 0.66723 
vt 0.48968 0.66723 
vt 0.48968 0.66723 
vt 0.48968 0.66723 
vt 0.48325 0.66723 

usemtl Handle1Mtl

f 3653/3653/3653 3654/3654/3654 3655/3655/3655 
f 3654/3654/3654 3656/3656/3656 3655/3655/3655 
f 3654/3654/3654 3657/3657/3657 3656/3656/3656 
f 3657/3657/3657 3658/3658/3658 3656/3656/3656 
f 3657/3657/3657 3659/3659/3659 3658/3658/3658 
f 3659/3659/3659 3660/3660/3660 3658/3658/3658 
f 3659/3659/3659 3661/3661/3661 3660/3660/3660 
f 3661/3661/3661 3662/3662/3662 3660/3660/3660 
f 3661/3661/3661 3663/3663/3663 3662/3662/3662 
f 3663/3663/3663 3664/3664/3664 3662/3662/3662 
f 3663/3663/3663 3665/3665/3665 3664/3664/3664 
f 3665/3665/3665 3666/3666/3666 3664/3664/3664 
f 3665/3665/3665 3667/3667/3667 3666/3666/3666 
f 3667/3667/3667 3668/3668/3668 3666/3666/3666 
f 3667/3667/3667 3669/3669/3669 3668/3668/3668 
f 3669/3669/3669 3670/3670/3670 3668/3668/3668 
f 3669/3669/3669 3671/3671/3671 3670/3670/3670 
f 3671/3671/3671 3672/3672/3672 3670/3670/3670 
f 3671/3671/3671 3673/3673/3673 3672/3672/3672 
f 3673/3673/3673 3674/3674/3674 3672/3672/3672 
f 3673/3673/3673 3675/3675/3675 3674/3674/3674 
f 3675/3675/3675 3676/3676/3676 3674/3674/3674 
f 3675/3675/3675 3653/3653/3653 3676/3676/3676 
f 3653/3653/3653 3655/3655/3655 3676/3676/3676 
f 3677/3677/3677 3678/3678/3678 3677/3677/3677 
f 3678/3678/3678 3678/3678/3678 3677/3677/3677 
f 3678/3678/3678 3679/3679/3679 3678/3678/3678 
f 3679/3679/3679 3679/3679/3679 3678/3678/3678 
f 3679/3679/3679 3680/3680/3680 3679/3679/3679 
f 3680/3680/3680 3680/3680/3680 3679/3679/3679 
f 3680/3680/3680 3681/3681/3681 3680/3680/3680 
f 3681/3681/3681 3681/3681/3681 3680/3680/3680 
f 3681/3681/3681 3682/3682/3682 3681/3681/3681 
f 3682/3682/3682 3682/3682/3682 3681/3681/3681 
f 3682/3682/3682 3683/3683/3683 3682/3682/3682 
f 3683/3683/3683 3683/3683/3683 3682/3682/3682 
f 3683/3683/3683 3684/3684/3684 3683/3683/3683 
f 3684/3684/3684 3684/3684/3684 3683/3683/3683 
f 3684/3684/3684 3685/3685/3685 3684/3684/3684 
f 3685/3685/3685 3685/3685/3685 3684/3684/3684 
f 3685/3685/3685 3686/3686/3686 3685/3685/3685 
f 3686/3686/3686 3686/3686/3686 3685/3685/3685 
f 3686/3686/3686 3687/3687/3687 3686/3686/3686 
f 3687/3687/3687 3687/3687/3687 3686/3686/3686 
f 3687/3687/3687 3688/3688/3688 3687/3687/3687 
f 3688/3688/3688 3688/3688/3688 3687/3687/3687 
f 3688/3688/3688 3677/3677/3677 3688/3688/3688 
f 3677/3677/3677 3677/3677/3677 3688/3688/3688 
f 3689/3689/3689 3690/3690/3690 3691/3691/3691 
f 3690/3690/3690 3692/3692/3692 3691/3691/3691 
f 3693/3693/3693 3694/3694/3694 3695/3695/3695 
f 3694/3694/3694 3696/3696/3696 3695/3695/3695 
f 3694/3694/3694 3697/3697/3697 3696/3696/3696 
f 3697/3697/3697 3698/3698/3698 3696/3696/3696 
f 3697/3697/3697 3699/3699/3699 3698/3698/3698 
f 3699/3699/3699 3700/3700/3700 3698/3698/3698 
f 3699/3699/3699 3701/3701/3701 3700/3700/3700 
f 3701/3701/3701 3702/3702/3702 3700/3700/3700 
f 3701/3701/3701 3703/3703/3703 3702/3702/3702 
f 3703/3703/3703 3704/3704/3704 3702/3702/3702 
f 3703/3703/3703 3705/3705/3705 3704/3704/3704 
f 3705/3705/3705 3706/3706/3706 3704/3704/3704 
f 3705/3705/3705 3707/3707/3707 3706/3706/3706 
f 3707/3707/3707 3708/3708/3708 3706/3706/3706 
f 3707/3707/3707 3709/3709/3709 3708/3708/3708 
f 3709/3709/3709 3710/3710/3710 3708/3708/3708 
f 3709/3709/3709 3711/3711/3711 3710/3710/3710 
f 3711/3711/3711 3712/3712/3712 3710/3710/3710 
f 3711/3711/3711 3713/3713/3713 3712/3712/3712 
f 3713/3713/3713 3714/3714/3714 3712/3712/3712 
f 3715/3715/3715 3689/3689/3689 3716/3716/3716 
f 3689/3689/3689 3691/3691/3691 3716/3716/3716 
f 3717/3717/3717 3718/3718/3718 3719/3719/3719 
f 3718/3718/3718 3693/3693/3693 3719/3719/3719 
f 3718/3718/3718 3720/3720/3720 3693/3693/3693 
f 3720/3720/3720 3694/3694/3694 3693/3693/3693 
f 3720/3720/3720 3721/3721/3721 3694/3694/3694 
f 3721/3721/3721 3697/3697/3697 3694/3694/3694 
f 3721/3721/3721 3722/3722/3722 3697/3697/3697 
f 3722/3722/3722 3699/3699/3699 3697/3697/3697 
f 3722/3722/3722 3723/3723/3723 3699/3699/3699 
f 3723/3723/3723 3701/3701/3701 3699/3699/3699 
f 3723/3723/3723 3724/3724/3724 3701/3701/3701 
f 3724/3724/3724 3703/3703/3703 3701/3701/3701 
f 3724/3724/3724 3725/3725/3725 3703/3703/3703 
f 3725/3725/3725 3705/3705/3705 3703/3703/3703 
f 3725/3725/3725 3726/3726/3726 3705/3705/3705 
f 3726/3726/3726 3707/3707/3707 3705/3705/3705 
f 3726/3726/3726 3727/3727/3727 3707/3707/3707 
f 3727/3727/3727 3709/3709/3709 3707/3707/3707 
f 3727/3727/3727 3728/3728/3728 3709/3709/3709 
f 3728/3728/3728 3711/3711/3711 3709/3709/3709 
f 3728/3728/3728 3729/3729/3729 3711/3711/3711 
f 3729/3729/3729 3713/3713/3713 3711/3711/3711 
f 3729/3729/3729 3717/3717/3717 3713/3713/3713 
f 3717/3717/3717 3719/3719/3719 3713/3713/3713 
f 3730/3730/3730 3731/3731/3731 3732/3732/3732 
f 3731/3731/3731 3733/3733/3733 3732/3732/3732 
f 3731/3731/3731 3734/3734/3734 3733/3733/3733 
f 3734/3734/3734 3735/3735/3735 3733/3733/3733 
f 3734/3734/3734 3736/3736/3736 3735/3735/3735 
f 3736/3736/3736 3737/3737/3737 3735/3735/3735 
f 3736/3736/3736 3738/3738/3738 3737/3737/3737 
f 3738/3738/3738 3739/3739/3739 3737/3737/3737 
f 3738/3738/3738 3740/3740/3740 3739/3739/3739 
f 3740/3740/3740 3741/3741/3741 3739/3739/3739 
f 3740/3740/3740 3742/3742/3742 3741/3741/3741 
f 3742/3742/3742 3743/3743/3743 3741/3741/3741 
f 3742/3742/3742 3744/3744/3744 3743/3743/3743 
f 3744/3744/3744 3745/3745/3745 3743/3743/3743 
f 3744/3744/3744 3746/3746/3746 3745/3745/3745 
f 3746/3746/3746 3747/3747/3747 3745/3745/3745 
f 3746/3746/3746 3748/3748/3748 3747/3747/3747 
f 3748/3748/3748 3749/3749/3749 3747/3747/3747 
f 3748/3748/3748 3750/3750/3750 3749/3749/3749 
f 3750/3750/3750 3751/3751/3751 3749/3749/3749 
f 3750/3750/3750 3752/3752/3752 3751/3751/3751 
f 3752/3752/3752 3753/3753/3753 3751/3751/3751 
f 3752/3752/3752 3730/3730/3730 3753/3753/3753 
f 3730/3730/3730 3732/3732/3732 3753/3753/3753 
f 3754/3754/3754 3755/3755/3755 3730/3730/3730 
f 3755/3755/3755 3731/3731/3731 3730/3730/3730 
f 3755/3755/3755 3756/3756/3756 3731/3731/3731 
f 3756/3756/3756 3734/3734/3734 3731/3731/3731 
f 3756/3756/3756 3757/3757/3757 3734/3734/3734 
f 3757/3757/3757 3736/3736/3736 3734/3734/3734 
f 3757/3757/3757 3758/3758/3758 3736/3736/3736 
f 3758/3758/3758 3738/3738/3738 3736/3736/3736 
f 3758/3758/3758 3759/3759/3759 3738/3738/3738 
f 3759/3759/3759 3740/3740/3740 3738/3738/3738 
f 3759/3759/3759 3760/3760/3760 3740/3740/3740 
f 3760/3760/3760 3742/3742/3742 3740/3740/3740 
f 3760/3760/3760 3761/3761/3761 3742/3742/3742 
f 3761/3761/3761 3744/3744/3744 3742/3742/3742 
f 3761/3761/3761 3762/3762/3762 3744/3744/3744 
f 3762/3762/3762 3746/3746/3746 3744/3744/3744 
f 3762/3762/3762 3763/3763/3763 3746/3746/3746 
f 3763/3763/3763 3748/3748/3748 3746/3746/3746 
f 3763/3763/3763 3764/3764/3764 3748/3748/3748 
f 3764/3764/3764 3750/3750/3750 3748/3748/3748 
f 3764/3764/3764 3765/3765/3765 3750/3750/3750 
f 3765/3765/3765 3752/3752/3752 3750/3750/3750 
f 3765/3765/3765 3754/3754/3754 3752/3752/3752 
f 3754/3754/3754 3730/3730/3730 3752/3752/3752 
f 3766/3766/3766 3767/3767/3767 3768/3768/3768 
f 3767/3767/3767 3769/3769/3769 3768/3768/3768 
f 3767/3767/3767 3770/3770/3770 3769/3769/3769 
f 3770/3770/3770 3771/3771/3771 3769/3769/3769 
f 3770/3770/3770 3772/3772/3772 3771/3771/3771 
f 3772/3772/3772 3773/3773/3773 3771/3771/3771 
f 3772/3772/3772 3774/3774/3774 3773/3773/3773 
f 3774/3774/3774 3775/3775/3775 3773/3773/3773 
f 3774/3774/3774 3776/3776/3776 3775/3775/3775 
f 3776/3776/3776 3777/3777/3777 3775/3775/3775 
f 3776/3776/3776 3778/3778/3778 3777/3777/3777 
f 3778/3778/3778 3779/3779/3779 3777/3777/3777 
f 3778/3778/3778 3780/3780/3780 3779/3779/3779 
f 3780/3780/3780 3781/3781/3781 3779/3779/3779 
f 3780/3780/3780 3782/3782/3782 3781/3781/3781 
f 3782/3782/3782 3783/3783/3783 3781/3781/3781 
f 3782/3782/3782 3784/3784/3784 3783/3783/3783 
f 3784/3784/3784 3785/3785/3785 3783/3783/3783 
f 3784/3784/3784 3786/3786/3786 3785/3785/3785 
f 3786/3786/3786 3787/3787/3787 3785/3785/3785 
f 3786/3786/3786 3788/3788/3788 3787/3787/3787 
f 3788/3788/3788 3789/3789/3789 3787/3787/3787 
f 3788/3788/3788 3766/3766/3766 3789/3789/3789 
f 3766/3766/3766 3768/3768/3768 3789/3789/3789 
f 3790/3790/3790 3791/3791/3791 3766/3766/3766 
f 3791/3791/3791 3767/3767/3767 3766/3766/3766 
f 3791/3791/3791 3792/3792/3792 3767/3767/3767 
f 3792/3792/3792 3770/3770/3770 3767/3767/3767 
f 3792/3792/3792 3793/3793/3793 3770/3770/3770 
f 3793/3793/3793 3772/3772/3772 3770/3770/3770 
f 3793/3793/3793 3794/3794/3794 3772/3772/3772 
f 3794/3794/3794 3774/3774/3774 3772/3772/3772 
f 3794/3794/3794 3795/3795/3795 3774/3774/3774 
f 3795/3795/3795 3776/3776/3776 3774/3774/3774 
f 3795/3795/3795 3796/3796/3796 3776/3776/3776 
f 3796/3796/3796 3778/3778/3778 3776/3776/3776 
f 3796/3796/3796 3797/3797/3797 3778/3778/3778 
f 3797/3797/3797 3780/3780/3780 3778/3778/3778 
f 3797/3797/3797 3798/3798/3798 3780/3780/3780 
f 3798/3798/3798 3782/3782/3782 3780/3780/3780 
f 3798/3798/3798 3799/3799/3799 3782/3782/3782 
f 3799/3799/3799 3784/3784/3784 3782/3782/3782 
f 3799/3799/3799 3800/3800/3800 3784/3784/3784 
f 3800/3800/3800 3786/3786/3786 3784/3784/3784 
f 3800/3800/3800 3801/3801/3801 3786/3786/3786 
f 3801/3801/3801 3788/3788/3788 3786/3786/3786 
f 3801/3801/3801 3790/3790/3790 3788/3788/3788 
f 3790/3790/3790 3766/3766/3766 3788/3788/3788 
f 3791/3791/3791 3790/3790/3790 3802/3802/3802 
f 3790/3790/3790 3803/3803/3803 3802/3802/3802 
f 3792/3792/3792 3791/3791/3791 3804/3804/3804 
f 3791/3791/3791 3802/3802/3802 3804/3804/3804 
f 3793/3793/3793 3792/3792/3792 3805/3805/3805 
f 3792/3792/3792 3804/3804/3804 3805/3805/3805 
f 3794/3794/3794 3793/3793/3793 3806/3806/3806 
f 3793/3793/3793 3805/3805/3805 3806/3806/3806 
f 3795/3795/3795 3794/3794/3794 3807/3807/3807 
f 3794/3794/3794 3806/3806/3806 3807/3807/3807 
f 3796/3796/3796 3795/3795/3795 3808/3808/3808 
f 3795/3795/3795 3807/3807/3807 3808/3808/3808 
f 3797/3797/3797 3796/3796/3796 3809/3809/3809 
f 3796/3796/3796 3808/3808/3808 3809/3809/3809 
f 3798/3798/3798 3797/3797/3797 3810/3810/3810 
f 3797/3797/3797 3809/3809/3809 3810/3810/3810 
f 3799/3799/3799 3798/3798/3798 3811/3811/3811 
f 3798/3798/3798 3810/3810/3810 3811/3811/3811 
f 3800/3800/3800 3799/3799/3799 3812/3812/3812 
f 3799/3799/3799 3811/3811/3811 3812/3812/3812 
f 3801/3801/3801 3800/3800/3800 3813/3813/3813 
f 3800/3800/3800 3812/3812/3812 3813/3813/3813 
f 3790/3790/3790 3801/3801/3801 3803/3803/3803 
f 3801/3801/3801 3813/3813/3813 3803/3803/3803 
f 3814/3814/3814 3815/3815/3815 3816/3816/3816 
f 3817/3817/3817 3814/3814/3814 3816/3816/3816 
f 3818/3818/3818 3817/3817/3817 3816/3816/3816 
f 3819/3819/3819 3818/3818/3818 3816/3816/3816 
f 3820/3820/3820 3819/3819/3819 3816/3816/3816 
f 3821/3821/3821 3820/3820/3820 3816/3816/3816 
f 3822/3822/3822 3821/3821/3821 3816/3816/3816 
f 3823/3823/3823 3822/3822/3822 3816/3816/3816 
f 3824/3824/3824 3823/3823/3823 3816/3816/3816 
f 3825/3825/3825 3824/3824/3824 3816/3816/3816 
f 3826/3826/3826 3825/3825/3825 3816/3816/3816 
f 3815/3815/3815 3826/3826/3826 3816/3816/3816 
f 3827/3827/3827 3828/3828/3828 3829/3829/3829 
f 3828/3828/3828 3830/3830/3830 3829/3829/3829 
f 3831/3831/3831 3832/3832/3832 3833/3833/3833 
f 3832/3832/3832 3834/3834/3834 3833/3833/3833 
f 3832/3832/3832 3835/3835/3835 3834/3834/3834 
f 3835/3835/3835 3836/3836/3836 3834/3834/3834 
f 3835/3835/3835 3837/3837/3837 3836/3836/3836 
f 3837/3837/3837 3838/3838/3838 3836/3836/3836 
f 3837/3837/3837 3839/3839/3839 3838/3838/3838 
f 3839/3839/3839 3840/3840/3840 3838/3838/3838 
f 3839/3839/3839 3841/3841/3841 3840/3840/3840 
f 3841/3841/3841 3842/3842/3842 3840/3840/3840 
f 3841/3841/3841 3843/3843/3843 3842/3842/3842 
f 3843/3843/3843 3844/3844/3844 3842/3842/3842 
f 3843/3843/3843 3845/3845/3845 3844/3844/3844 
f 3845/3845/3845 3846/3846/3846 3844/3844/3844 
f 3845/3845/3845 3847/3847/3847 3846/3846/3846 
f 3847/3847/3847 3848/3848/3848 3846/3846/3846 
f 3847/3847/3847 3849/3849/3849 3848/3848/3848 
f 3849/3849/3849 3850/3850/3850 3848/3848/3848 
f 3851/3851/3851 3852/3852/3852 3853/3853/3853 
f 3852/3852/3852 3854/3854/3854 3853/3853/3853 
f 3852/3852/3852 3827/3827/3827 3854/3854/3854 
f 3827/3827/3827 3829/3829/3829 3854/3854/3854 
f 3855/3855/3855 3856/3856/3856 3855/3855/3855 
f 3856/3856/3856 3856/3856/3856 3855/3855/3855 
f 3856/3856/3856 3857/3857/3857 3856/3856/3856 
f 3857/3857/3857 3857/3857/3857 3856/3856/3856 
f 3857/3857/3857 3858/3858/3858 3857/3857/3857 
f 3858/3858/3858 3858/3858/3858 3857/3857/3857 
f 3858/3858/3858 3859/3859/3859 3858/3858/3858 
f 3859/3859/3859 3859/3859/3859 3858/3858/3858 
f 3859/3859/3859 3860/3860/3860 3859/3859/3859 
f 3860/3860/3860 3860/3860/3860 3859/3859/3859 
f 3860/3860/3860 3861/3861/3861 3860/3860/3860 
f 3861/3861/3861 3861/3861/3861 3860/3860/3860 
f 3861/3861/3861 3862/3862/3862 3861/3861/3861 
f 3862/3862/3862 3862/3862/3862 3861/3861/3861 
f 3862/3862/3862 3863/3863/3863 3862/3862/3862 
f 3863/3863/3863 3863/3863/3863 3862/3862/3862 
f 3863/3863/3863 3864/3864/3864 3863/3863/3863 
f 3864/3864/3864 3864/3864/3864 3863/3863/3863 
f 3864/3864/3864 3865/3865/3865 3864/3864/3864 
f 3865/3865/3865 3865/3865/3865 3864/3864/3864 
f 3865/3865/3865 3866/3866/3866 3865/3865/3865 
f 3866/3866/3866 3866/3866/3866 3865/3865/3865 
f 3866/3866/3866 3855/3855/3855 3866/3866/3866 
f 3855/3855/3855 3855/3855/3855 3866/3866/3866 
f 3867/3867/3867 3868/3868/3868 3869/3869/3869 
f 3868/3868/3868 3870/3870/3870 3869/3869/3869 
f 3871/3871/3871 3872/3872/3872 3873/3873/3873 
f 3872/3872/3872 3874/3874/3874 3873/3873/3873 
f 3872/3872/3872 3875/3875/3875 3874/3874/3874 
f 3875/3875/3875 3876/3876/3876 3874/3874/3874 
f 3875/3875/3875 3877/3877/3877 3876/3876/3876 
f 3877/3877/3877 3878/3878/3878 3876/3876/3876 
f 3877/3877/3877 3879/3879/3879 3878/3878/3878 
f 3879/3879/3879 3880/3880/3880 3878/3878/3878 
f 3879/3879/3879 3881/3881/3881 3880/3880/3880 
f 3881/3881/3881 3882/3882/3882 3880/3880/3880 
f 3881/3881/3881 3883/3883/3883 3882/3882/3882 
f 3883/3883/3883 3884/3884/3884 3882/3882/3882 
f 3883/3883/3883 3885/3885/3885 3884/3884/3884 
f 3885/3885/3885 3886/3886/3886 3884/3884/3884 
f 3885/3885/3885 3887/3887/3887 3886/3886/3886 
f 3887/3887/3887 3888/3888/3888 3886/3886/3886 
f 3887/3887/3887 3889/3889/3889 3888/3888/3888 
f 3889/3889/3889 3890/3890/3890 3888/3888/3888 
f 3889/3889/3889 3891/3891/3891 3890/3890/3890 
f 3891/3891/3891 3892/3892/3892 3890/3890/3890 
f 3893/3893/3893 3867/3867/3867 3894/3894/3894 
f 3867/3867/3867 3869/3869/3869 3894/3894/3894 
f 3895/3895/3895 3896/3896/3896 3897/3897/3897 
f 3896/3896/3896 3871/3871/3871 3897/3897/3897 
f 3896/3896/3896 3898/3898/3898 3871/3871/3871 
f 3898/3898/3898 3872/3872/3872 3871/3871/3871 
f 3898/3898/3898 3899/3899/3899 3872/3872/3872 
f 3899/3899/3899 3875/3875/3875 3872/3872/3872 
f 3899/3899/3899 3900/3900/3900 3875/3875/3875 
f 3900/3900/3900 3877/3877/3877 3875/3875/3875 
f 3900/3900/3900 3901/3901/3901 3877/3877/3877 
f 3901/3901/3901 3879/3879/3879 3877/3877/3877 
f 3901/3901/3901 3902/3902/3902 3879/3879/3879 
f 3902/3902/3902 3881/3881/3881 3879/3879/3879 
f 3902/3902/3902 3903/3903/3903 3881/3881/3881 
f 3903/3903/3903 3883/3883/3883 3881/3881/3881 
f 3903/3903/3903 3904/3904/3904 3883/3883/3883 
f 3904/3904/3904 3885/3885/3885 3883/3883/3883 
f 3904/3904/3904 3905/3905/3905 3885/3885/3885 
f 3905/3905/3905 3887/3887/3887 3885/3885/3885 
f 3905/3905/3905 3906/3906/3906 3887/3887/3887 
f 3906/3906/3906 3889/3889/3889 3887/3887/3887 
f 3906/3906/3906 3907/3907/3907 3889/3889/3889 
f 3907/3907/3907 3891/3891/3891 3889/3889/3889 
f 3907/3907/3907 3895/3895/3895 3891/3891/3891 
f 3895/3895/3895 3897/3897/3897 3891/3891/3891 
f 3908/3908/3908 3909/3909/3909 3910/3910/3910 
f 3909/3909/3909 3911/3911/3911 3910/3910/3910 
f 3909/3909/3909 3912/3912/3912 3911/3911/3911 
f 3912/3912/3912 3913/3913/3913 3911/3911/3911 
f 3912/3912/3912 3914/3914/3914 3913/3913/3913 
f 3914/3914/3914 3915/3915/3915 3913/3913/3913 
f 3914/3914/3914 3916/3916/3916 3915/3915/3915 
f 3916/3916/3916 3917/3917/3917 3915/3915/3915 
f 3916/3916/3916 3918/3918/3918 3917/3917/3917 
f 3918/3918/3918 3919/3919/3919 3917/3917/3917 
f 3918/3918/3918 3920/3920/3920 3919/3919/3919 
f 3920/3920/3920 3921/3921/3921 3919/3919/3919 
f 3920/3920/3920 3922/3922/3922 3921/3921/3921 
f 3922/3922/3922 3923/3923/3923 3921/3921/3921 
f 3922/3922/3922 3924/3924/3924 3923/3923/3923 
f 3924/3924/3924 3925/3925/3925 3923/3923/3923 
f 3924/3924/3924 3926/3926/3926 3925/3925/3925 
f 3926/3926/3926 3927/3927/3927 3925/3925/3925 
f 3926/3926/3926 3928/3928/3928 3927/3927/3927 
f 3928/3928/3928 3929/3929/3929 3927/3927/3927 
f 3928/3928/3928 3930/3930/3930 3929/3929/3929 
f 3930/3930/3930 3931/3931/3931 3929/3929/3929 
f 3930/3930/3930 3908/3908/3908 3931/3931/3931 
f 3908/3908/3908 3910/3910/3910 3931/3931/3931 
f 3932/3932/3932 3933/3933/3933 3908/3908/3908 
f 3933/3933/3933 3909/3909/3909 3908/3908/3908 
f 3933/3933/3933 3934/3934/3934 3909/3909/3909 
f 3934/3934/3934 3912/3912/3912 3909/3909/3909 
f 3934/3934/3934 3935/3935/3935 3912/3912/3912 
f 3935/3935/3935 3914/3914/3914 3912/3912/3912 
f 3935/3935/3935 3936/3936/3936 3914/3914/3914 
f 3936/3936/3936 3916/3916/3916 3914/3914/3914 
f 3936/3936/3936 3937/3937/3937 3916/3916/3916 
f 3937/3937/3937 3918/3918/3918 3916/3916/3916 
f 3937/3937/3937 3938/3938/3938 3918/3918/3918 
f 3938/3938/3938 3920/3920/3920 3918/3918/3918 
f 3938/3938/3938 3939/3939/3939 3920/3920/3920 
f 3939/3939/3939 3922/3922/3922 3920/3920/3920 
f 3939/3939/3939 3940/3940/3940 3922/3922/3922 
f 3940/3940/3940 3924/3924/3924 3922/3922/3922 
f 3940/3940/3940 3941/3941/3941 3924/3924/3924 
f 3941/3941/3941 3926/3926/3926 3924/3924/3924 
f 3941/3941/3941 3942/3942/3942 3926/3926/3926 
f 3942/3942/3942 3928/3928/3928 3926/3926/3926 
f 3942/3942/3942 3943/3943/3943 3928/3928/3928 
f 3943/3943/3943 3930/3930/3930 3928/3928/3928 
f 3943/3943/3943 3932/3932/3932 3930/3930/3930 
f 3932/3932/3932 3908/3908/3908 3930/3930/3930 
f 3944/3944/3944 3945/3945/3945 3946/3946/3946 
f 3945/3945/3945 3947/3947/3947 3946/3946/3946 
f 3945/3945/3945 3948/3948/3948 3947/3947/3947 
f 3948/3948/3948 3949/3949/3949 3947/3947/3947 
f 3948/3948/3948 3950/3950/3950 3949/3949/3949 
f 3950/3950/3950 3951/3951/3951 3949/3949/3949 
f 3950/3950/3950 3952/3952/3952 3951/3951/3951 
f 3952/3952/3952 3953/3953/3953 3951/3951/3951 
f 3952/3952/3952 3954/3954/3954 3953/3953/3953 
f 3954/3954/3954 3955/3955/3955 3953/3953/3953 
f 3954/3954/3954 3956/3956/3956 3955/3955/3955 
f 3956/3956/3956 3957/3957/3957 3955/3955/3955 
f 3956/3956/3956 3958/3958/3958 3957/3957/3957 
f 3958/3958/3958 3959/3959/3959 3957/3957/3957 
f 3958/3958/3958 3960/3960/3960 3959/3959/3959 
f 3960/3960/3960 3961/3961/3961 3959/3959/3959 
f 3960/3960/3960 3962/3962/3962 3961/3961/3961 
f 3962/3962/3962 3963/3963/3963 3961/3961/3961 
f 3962/3962/3962 3964/3964/3964 3963/3963/3963 
f 3964/3964/3964 3965/3965/3965 3963/3963/3963 
f 3964/3964/3964 3966/3966/3966 3965/3965/3965 
f 3966/3966/3966 3967/3967/3967 3965/3965/3965 
f 3966/3966/3966 3944/3944/3944 3967/3967/3967 
f 3944/3944/3944 3946/3946/3946 3967/3967/3967 
f 3968/3968/3968 3969/3969/3969 3944/3944/3944 
f 3969/3969/3969 3945/3945/3945 3944/3944/3944 
f 3969/3969/3969 3970/3970/3970 3945/3945/3945 
f 3970/3970/3970 3948/3948/3948 3945/3945/3945 
f 3970/3970/3970 3971/3971/3971 3948/3948/3948 
f 3971/3971/3971 3950/3950/3950 3948/3948/3948 
f 3971/3971/3971 3972/3972/3972 3950/3950/3950 
f 3972/3972/3972 3952/3952/3952 3950/3950/3950 
f 3972/3972/3972 3973/3973/3973 3952/3952/3952 
f 3973/3973/3973 3954/3954/3954 3952/3952/3952 
f 3973/3973/3973 3974/3974/3974 3954/3954/3954 
f 3974/3974/3974 3956/3956/3956 3954/3954/3954 
f 3974/3974/3974 3975/3975/3975 3956/3956/3956 
f 3975/3975/3975 3958/3958/3958 3956/3956/3956 
f 3975/3975/3975 3976/3976/3976 3958/3958/3958 
f 3976/3976/3976 3960/3960/3960 3958/3958/3958 
f 3976/3976/3976 3977/3977/3977 3960/3960/3960 
f 3977/3977/3977 3962/3962/3962 3960/3960/3960 
f 3977/3977/3977 3978/3978/3978 3962/3962/3962 
f 3978/3978/3978 3964/3964/3964 3962/3962/3962 
f 3978/3978/3978 3979/3979/3979 3964/3964/3964 
f 3979/3979/3979 3966/3966/3966 3964/3964/3964 
f 3979/3979/3979 3968/3968/3968 3966/3966/3966 
f 3968/3968/3968 3944/3944/3944 3966/3966/3966 
f 3969/3969/3969 3968/3968/3968 3980/3980/3980 
f 3968/3968/3968 3981/3981/3981 3980/3980/3980 
f 3970/3970/3970 3969/3969/3969 3982/3982/3982 
f 3969/3969/3969 3980/3980/3980 3982/3982/3982 
f 3971/3971/3971 3970/3970/3970 3983/3983/3983 
f 3970/3970/3970 3982/3982/3982 3983/3983/3983 
f 3972/3972/3972 3971/3971/3971 3984/3984/3984 
f 3971/3971/3971 3983/3983/3983 3984/3984/3984 
f 3973/3973/3973 3972/3972/3972 3985/3985/3985 
f 3972/3972/3972 3984/3984/3984 3985/3985/3985 
f 3974/3974/3974 3973/3973/3973 3986/3986/3986 
f 3973/3973/3973 3985/3985/3985 3986/3986/3986 
f 3975/3975/3975 3974/3974/3974 3987/3987/3987 
f 3974/3974/3974 3986/3986/3986 3987/3987/3987 
f 3976/3976/3976 3975/3975/3975 3988/3988/3988 
f 3975/3975/3975 3987/3987/3987 3988/3988/3988 
f 3977/3977/3977 3976/3976/3976 3989/3989/3989 
f 3976/3976/3976 3988/3988/3988 3989/3989/3989 
f 3978/3978/3978 3977/3977/3977 3990/3990/3990 
f 3977/3977/3977 3989/3989/3989 3990/3990/3990 
f 3979/3979/3979 3978/3978/3978 3991/3991/3991 
f 3978/3978/3978 3990/3990/3990 3991/3991/3991 
f 3968/3968/3968 3979/3979/3979 3981/3981/3981 
f 3979/3979/3979 3991/3991/3991 3981/3981/3981 
f 3992/3992/3992 3993/3993/3993 3994/3994/3994 
f 3995/3995/3995 3992/3992/3992 3994/3994/3994 
f 3996/3996/3996 3995/3995/3995 3994/3994/3994 
f 3997/3997/3997 3996/3996/3996 3994/3994/3994 
f 3998/3998/3998 3997/3997/3997 3994/3994/3994 
f 3999/3999/3999 3998/3998/3998 3994/3994/3994 
f 4000/4000/4000 3999/3999/3999 3994/3994/3994 
f 4001/4001/4001 4000/4000/4000 3994/3994/3994 
f 4002/4002/4002 4001/4001/4001 3994/3994/3994 
f 4003/4003/4003 4002/4002/4002 3994/3994/3994 
f 4004/4004/4004 4003/4003/4003 3994/3994/3994 
f 3993/3993/3993 4004/4004/4004 3994/3994/3994 
f 4005/4005/4005 4006/4006/4006 4007/4007/4007 
f 4006/4006/4006 4008/4008/4008 4007/4007/4007 
f 4009/4009/4009 4010/4010/4010 4011/4011/4011 
f 4010/4010/4010 4012/4012/4012 4011/4011/4011 
f 4013/4013/4013 4014/4014/4014 4015/4015/4015 
f 4014/4014/4014 4016/4016/4016 4015/4015/4015 
f 4017/4017/4017 4018/4018/4018 4019/4019/4019 
f 4018/4018/4018 4020/4020/4020 4019/4019/4019 
f 4021/4021/4021 4022/4022/4022 4023/4023/4023 
f 4022/4022/4022 4024/4024/4024 4023/4023/4023 
f 4025/4025/4025 4026/4026/4026 4027/4027/4027 
f 4026/4026/4026 4028/4028/4028 4027/4027/4027 
f 4029/4029/4029 4030/4030/4030 4031/4031/4031 
f 4030/4030/4030 4032/4032/4032 4031/4031/4031 
f 4033/4033/4033 4034/4034/4034 4035/4035/4035 
f 4034/4034/4034 4036/4036/4036 4035/4035/4035 
f 4037/4037/4037 4038/4038/4038 4039/4039/4039 
f 4038/4038/4038 4040/4040/4040 4039/4039/4039 
f 4041/4041/4041 4042/4042/4042 4043/4043/4043 
f 4042/4042/4042 4044/4044/4044 4043/4043/4043 
f 4045/4045/4045 4046/4046/4046 4047/4047/4047 
f 4046/4046/4046 4048/4048/4048 4047/4047/4047 
f 4049/4049/4049 4050/4050/4050 4051/4051/4051 
f 4050/4050/4050 4052/4052/4052 4051/4051/4051 
f 4053/4053/4053 4054/4054/4054 4055/4055/4055 
f 4054/4054/4054 4056/4056/4056 4055/4055/4055 
f 4057/4057/4057 4058/4058/4058 4059/4059/4059 
f 4058/4058/4058 4013/4013/4013 4059/4059/4059 
f 4060/4060/4060 4061/4061/4061 4062/4062/4062 
f 4061/4061/4061 4017/4017/4017 4062/4062/4062 
f 4063/4063/4063 4064/4064/4064 4065/4065/4065 
f 4064/4064/4064 4066/4066/4066 4065/4065/4065 
f 4067/4067/4067 4068/4068/4068 4069/4069/4069 
f 4068/4068/4068 4070/4070/4070 4069/4069/4069 
f 4071/4071/4071 4072/4072/4072 4073/4073/4073 
f 4072/4072/4072 4074/4074/4074 4073/4073/4073 
f 4075/4075/4075 4076/4076/4076 4077/4077/4077 
f 4076/4076/4076 4078/4078/4078 4077/4077/4077 
f 4079/4079/4079 4080/4080/4080 4081/4081/4081 
f 4080/4080/4080 4082/4082/4082 4081/4081/4081 
f 4083/4083/4083 4084/4084/4084 4085/4085/4085 
f 4084/4084/4084 4086/4086/4086 4085/4085/4085 
f 4087/4087/4087 4088/4088/4088 4089/4089/4089 
f 4088/4088/4088 4090/4090/4090 4089/4089/4089 
f 4091/4091/4091 4092/4092/4092 4093/4093/4093 
f 4092/4092/4092 4094/4094/4094 4093/4093/4093 
f 4095/4095/4095 4096/4096/4096 4097/4097/4097 
f 4096/4096/4096 4098/4098/4098 4097/4097/4097 
f 4099/4099/4099 4100/4100/4100 4101/4101/4101 
f 4100/4100/4100 4102/4102/4102 4101/4101/4101 
f 4103/4103/4103 4104/4104/4104 4105/4105/4105 
f 4104/4104/4104 4106/4106/4106 4105/4105/4105 
f 4107/4107/4107 4108/4108/4108 4109/4109/4109 
f 4108/4108/4108 4110/4110/4110 4109/4109/4109 
f 4111/4111/4111 4112/4112/4112 4113/4113/4113 
f 4112/4112/4112 4114/4114/4114 4113/4113/4113 
f 4115/4115/4115 4116/4116/4116 4117/4117/4117 
f 4116/4116/4116 4118/4118/4118 4117/4117/4117 
f 4119/4119/4119 4120/4120/4120 4121/4121/4121 
f 4120/4120/4120 4122/4122/4122 4121/4121/4121 
f 4123/4123/4123 4124/4124/4124 4125/4125/4125 
f 4124/4124/4124 4126/4126/4126 4125/4125/4125 
f 4127/4127/4127 4128/4128/4128 4129/4129/4129 
f 4128/4128/4128 4130/4130/4130 4129/4129/4129 
f 4131/4131/4131 4132/4132/4132 4133/4133/4133 
f 4132/4132/4132 4134/4134/4134 4133/4133/4133 
f 4135/4135/4135 4136/4136/4136 4137/4137/4137 
f 4136/4136/4136 4138/4138/4138 4137/4137/4137 
f 4139/4139/4139 4140/4140/4140 4141/4141/4141 
f 4140/4140/4140 4142/4142/4142 4141/4141/4141 
f 4143/4143/4143 4144/4144/4144 4145/4145/4145 
f 4144/4144/4144 4146/4146/4146 4145/4145/4145 
f 4147/4147/4147 4148/4148/4148 4149/4149/4149 
f 4148/4148/4148 4103/4103/4103 4149/4149/4149 
f 4150/4150/4150 4151/4151/4151 4152/4152/4152 
f 4151/4151/4151 4153/4153/4153 4152/4152/4152 
f 4154/4154/4154 4155/4155/4155 4156/4156/4156 
f 4155/4155/4155 4111/4111/4111 4156/4156/4156 
f 4157/4157/4157 4158/4158/4158 4159/4159/4159 
f 4158/4158/4158 4160/4160/4160 4159/4159/4159 
f 4161/4161/4161 4162/4162/4162 4163/4163/4163 
f 4162/4162/4162 4119/4119/4119 4163/4163/4163 
f 4164/4164/4164 4165/4165/4165 4166/4166/4166 
f 4165/4165/4165 4123/4123/4123 4166/4166/4166 
f 4167/4167/4167 4168/4168/4168 4169/4169/4169 
f 4168/4168/4168 4127/4127/4127 4169/4169/4169 
f 4170/4170/4170 4171/4171/4171 4172/4172/4172 
f 4171/4171/4171 4131/4131/4131 4172/4172/4172 
f 4173/4173/4173 4174/4174/4174 4175/4175/4175 
f 4174/4174/4174 4135/4135/4135 4175/4175/4175 
f 4176/4176/4176 4177/4177/4177 4178/4178/4178 
f 4177/4177/4177 4139/4139/4139 4178/4178/4178 
f 4179/4179/4179 4180/4180/4180 4181/4181/4181 
f 4180/4180/4180 4143/4143/4143 4181/4181/4181 
f 4182/4182/4182 4183/4183/4183 4184/4184/4184 
f 4183/4183/4183 4099/4099/4099 4184/4184/4184 
f 4185/4185/4185 4186/4186/4186 4187/4187/4187 
f 4186/4186/4186 4150/4150/4150 4187/4187/4187 
f 4188/4188/4188 4189/4189/4189 4190/4190/4190 
f 4189/4189/4189 4191/4191/4191 4190/4190/4190 
f 4192/4192/4192 4193/4193/4193 4194/4194/4194 
f 4193/4193/4193 4195/4195/4195 4194/4194/4194 
f 4196/4196/4196 4197/4197/4197 4198/4198/4198 
f 4197/4197/4197 4199/4199/4199 4198/4198/4198 
f 4200/4200/4200 4201/4201/4201 4202/4202/4202 
f 4201/4201/4201 4164/4164/4164 4202/4202/4202 
f 4203/4203/4203 4204/4204/4204 4205/4205/4205 
f 4204/4204/4204 4167/4167/4167 4205/4205/4205 
f 4206/4206/4206 4207/4207/4207 4208/4208/4208 
f 4207/4207/4207 4170/4170/4170 4208/4208/4208 
f 4209/4209/4209 4210/4210/4210 4211/4211/4211 
f 4210/4210/4210 4173/4173/4173 4211/4211/4211 
f 4212/4212/4212 4213/4213/4213 4214/4214/4214 
f 4213/4213/4213 4176/4176/4176 4214/4214/4214 
f 4215/4215/4215 4216/4216/4216 4217/4217/4217 
f 4216/4216/4216 4179/4179/4179 4217/4217/4217 
f 4218/4218/4218 4219/4219/4219 4220/4220/4220 
f 4219/4219/4219 4182/4182/4182 4220/4220/4220 
f 4221/4221/4221 4222/4222/4222 4223/4223/4223 
f 4222/4222/4222 4147/4147/4147 4223/4223/4223 
f 4224/4224/4224 4225/4225/4225 4226/4226/4226 
f 4225/4225/4225 4227/4227/4227 4226/4226/4226 
f 4228/4228/4228 4229/4229/4229 4230/4230/4230 
f 4229/4229/4229 4231/4231/4231 4230/4230/4230 
f 4232/4232/4232 4233/4233/4233 4234/4234/4234 
f 4233/4233/4233 4235/4235/4235 4234/4234/4234 
f 4236/4236/4236 4237/4237/4237 4238/4238/4238 
f 4237/4237/4237 4239/4239/4239 4238/4238/4238 
f 4240/4240/4240 4241/4241/4241 4242/4242/4242 
f 4241/4241/4241 4243/4243/4243 4242/4242/4242 
f 4244/4244/4244 4245/4245/4245 4246/4246/4246 
f 4245/4245/4245 4247/4247/4247 4246/4246/4246 
f 4248/4248/4248 4249/4249/4249 4250/4250/4250 
f 4249/4249/4249 4251/4251/4251 4250/4250/4250 
f 4252/4252/4252 4253/4253/4253 4254/4254/4254 
f 4253/4253/4253 4255/4255/4255 4254/4254/4254 
f 4256/4256/4256 4257/4257/4257 4258/4258/4258 
f 4257/4257/4257 4259/4259/4259 4258/4258/4258 
f 4260/4260/4260 4261/4261/4261 4262/4262/4262 
f 4261/4261/4261 4263/4263/4263 4262/4262/4262 
f 4264/4264/4264 4265/4265/4265 4266/4266/4266 
f 4265/4265/4265 4267/4267/4267 4266/4266/4266 
f 4268/4268/4268 4269/4269/4269 4270/4270/4270 
f 4269/4269/4269 4271/4271/4271 4270/4270/4270 
f 4272/4272/4272 4273/4273/4273 4274/4274/4274 
f 4273/4273/4273 4228/4228/4228 4274/4274/4274 
f 4275/4275/4275 4276/4276/4276 4277/4277/4277 
f 4276/4276/4276 4278/4278/4278 4277/4277/4277 
f 4279/4279/4279 4280/4280/4280 4281/4281/4281 
f 4280/4280/4280 4236/4236/4236 4281/4281/4281 
f 4282/4282/4282 4283/4283/4283 4284/4284/4284 
f 4283/4283/4283 4285/4285/4285 4284/4284/4284 
f 4286/4286/4286 4287/4287/4287 4288/4288/4288 
f 4287/4287/4287 4244/4244/4244 4288/4288/4288 
f 4289/4289/4289 4290/4290/4290 4291/4291/4291 
f 4290/4290/4290 4248/4248/4248 4291/4291/4291 
f 4292/4292/4292 4293/4293/4293 4294/4294/4294 
f 4293/4293/4293 4252/4252/4252 4294/4294/4294 
f 4295/4295/4295 4296/4296/4296 4297/4297/4297 
f 4296/4296/4296 4256/4256/4256 4297/4297/4297 
f 4298/4298/4298 4299/4299/4299 4300/4300/4300 
f 4299/4299/4299 4260/4260/4260 4300/4300/4300 
f 4301/4301/4301 4302/4302/4302 4303/4303/4303 
f 4302/4302/4302 4264/4264/4264 4303/4303/4303 
f 4304/4304/4304 4305/4305/4305 4306/4306/4306 
f 4305/4305/4305 4268/4268/4268 4306/4306/4306 
f 4307/4307/4307 4308/4308/4308 4309/4309/4309 
f 4308/4308/4308 4224/4224/4224 4309/4309/4309 
f 4310/4310/4310 4311/4311/4311 4312/4312/4312 
f 4311/4311/4311 4275/4275/4275 4312/4312/4312 
f 4313/4313/4313 4314/4314/4314 4315/4315/4315 
f 4314/4314/4314 4316/4316/4316 4315/4315/4315 
f 4317/4317/4317 4318/4318/4318 4319/4319/4319 
f 4318/4318/4318 4282/4282/4282 4319/4319/4319 
f 4320/4320/4320 4321/4321/4321 4322/4322/4322 
f 4321/4321/4321 4323/4323/4323 4322/4322/4322 
f 4324/4324/4324 4325/4325/4325 4326/4326/4326 
f 4325/4325/4325 4289/4289/4289 4326/4326/4326 
f 4327/4327/4327 4328/4328/4328 4329/4329/4329 
f 4328/4328/4328 4292/4292/4292 4329/4329/4329 
f 4330/4330/4330 4331/4331/4331 4332/4332/4332 
f 4331/4331/4331 4295/4295/4295 4332/4332/4332 
f 4333/4333/4333 4334/4334/4334 4335/4335/4335 
f 4334/4334/4334 4298/4298/4298 4335/4335/4335 
f 4336/4336/4336 4337/4337/4337 4338/4338/4338 
f 4337/4337/4337 4301/4301/4301 4338/4338/4338 
f 4339/4339/4339 4340/4340/4340 4341/4341/4341 
f 4340/4340/4340 4304/4304/4304 4341/4341/4341 
f 4342/4342/4342 4343/4343/4343 4344/4344/4344 
f 4343/4343/4343 4307/4307/4307 4344/4344/4344 
f 4345/4345/4345 4346/4346/4346 4347/4347/4347 
f 4346/4346/4346 4272/4272/4272 4347/4347/4347 
f 4348/4348/4348 4349/4349/4349 4350/4350/4350 
f 4349/4349/4349 4351/4351/4351 4350/4350/4350 
f 4352/4352/4352 4353/4353/4353 4354/4354/4354 
f 4353/4353/4353 4355/4355/4355 4354/4354/4354 
f 4356/4356/4356 4357/4357/4357 4358/4358/4358 
f 4357/4357/4357 4359/4359/4359 4358/4358/4358 
f 4360/4360/4360 4361/4361/4361 4362/4362/4362 
f 4361/4361/4361 4363/4363/4363 4362/4362/4362 
f 4364/4364/4364 4365/4365/4365 4366/4366/4366 
f 4365/4365/4365 4367/4367/4367 4366/4366/4366 
f 4368/4368/4368 4369/4369/4369 4370/4370/4370 
f 4369/4369/4369 4371/4371/4371 4370/4370/4370 
f 4372/4372/4372 4373/4373/4373 4374/4374/4374 
f 4373/4373/4373 4375/4375/4375 4374/4374/4374 
f 4376/4376/4376 4377/4377/4377 4378/4378/4378 
f 4377/4377/4377 4379/4379/4379 4378/4378/4378 
f 4380/4380/4380 4381/4381/4381 4382/4382/4382 
f 4381/4381/4381 4383/4383/4383 4382/4382/4382 
f 4384/4384/4384 4385/4385/4385 4386/4386/4386 
f 4385/4385/4385 4387/4387/4387 4386/4386/4386 
f 4388/4388/4388 4389/4389/4389 4390/4390/4390 
f 4389/4389/4389 4391/4391/4391 4390/4390/4390 
f 4392/4392/4392 4393/4393/4393 4394/4394/4394 
f 4393/4393/4393 4395/4395/4395 4394/4394/4394 
f 4352/4352/4352 4396/4396/4396 4397/4397/4397 
f 4396/4396/4396 4398/4398/4398 4397/4397/4397 
f 4356/4356/4356 4399/4399/4399 4400/4400/4400 
f 4399/4399/4399 4401/4401/4401 4400/4400/4400 
f 4360/4360/4360 4402/4402/4402 4403/4403/4403 
f 4402/4402/4402 4404/4404/4404 4403/4403/4403 
f 4405/4405/4405 4406/4406/4406 4407/4407/4407 
f 4406/4406/4406 4408/4408/4408 4407/4407/4407 
f 4368/4368/4368 4409/4409/4409 4410/4410/4410 
f 4409/4409/4409 4411/4411/4411 4410/4410/4410 
f 4372/4372/4372 4412/4412/4412 4413/4413/4413 
f 4412/4412/4412 4414/4414/4414 4413/4413/4413 
f 4376/4376/4376 4415/4415/4415 4416/4416/4416 
f 4415/4415/4415 4417/4417/4417 4416/4416/4416 
f 4380/4380/4380 4418/4418/4418 4419/4419/4419 
f 4418/4418/4418 4420/4420/4420 4419/4419/4419 
f 4384/4384/4384 4421/4421/4421 4422/4422/4422 
f 4421/4421/4421 4423/4423/4423 4422/4422/4422 
f 4388/4388/4388 4424/4424/4424 4425/4425/4425 
f 4424/4424/4424 4426/4426/4426 4425/4425/4425 
f 4392/4392/4392 4427/4427/4427 4428/4428/4428 
f 4427/4427/4427 4429/4429/4429 4428/4428/4428 
f 4348/4348/4348 4430/4430/4430 4431/4431/4431 
f 4430/4430/4430 4432/4432/4432 4431/4431/4431 
f 4052/4052/4052 4433/4433/4433 4434/4434/4434 
f 4008/4008/4008 4435/4435/4435 4436/4436/4436 
f 4437/4437/4437 4438/4438/4438 4439/4439/4439 
f 4440/4440/4440 4441/4441/4441 4442/4442/4442 
f 4443/4443/4443 4444/4444/4444 4445/4445/4445 
f 4024/4024/4024 4446/4446/4446 4447/4447/4447 
f 4028/4028/4028 4448/4448/4448 4449/4449/4449 
f 4032/4032/4032 4450/4450/4450 4451/4451/4451 
f 4036/4036/4036 4452/4452/4452 4453/4453/4453 
f 4040/4040/4040 4454/4454/4454 4455/4455/4455 
f 4044/4044/4044 4456/4456/4456 4457/4457/4457 
f 4048/4048/4048 4458/4458/4458 4459/4459/4459 
f 4401/4401/4401 4460/4460/4460 4461/4461/4461 
f 4404/4404/4404 4462/4462/4462 4463/4463/4463 
f 4408/4408/4408 4464/4464/4464 4465/4465/4465 
f 4411/4411/4411 4466/4466/4466 4467/4467/4467 
f 4414/4414/4414 4468/4468/4468 4469/4469/4469 
f 4417/4417/4417 4470/4470/4470 4471/4471/4471 
f 4420/4420/4420 4472/4472/4472 4473/4473/4473 
f 4423/4423/4423 4474/4474/4474 4475/4475/4475 
f 4426/4426/4426 4476/4476/4476 4477/4477/4477 
f 4429/4429/4429 4478/4478/4478 4479/4479/4479 
f 4432/4432/4432 4480/4480/4480 4481/4481/4481 
f 4398/4398/4398 4482/4482/4482 4483/4483/4483 
f 4185/4185/4185 4484/4484/4484 4485/4485/4485 
f 4484/4484/4484 4486/4486/4486 4485/4485/4485 
f 4271/4271/4271 4487/4487/4487 4488/4488/4488 
f 4487/4487/4487 4489/4489/4489 4488/4488/4488 
f 4227/4227/4227 4490/4490/4490 4491/4491/4491 
f 4490/4490/4490 4492/4492/4492 4491/4491/4491 
f 4188/4188/4188 4493/4493/4493 4494/4494/4494 
f 4493/4493/4493 4495/4495/4495 4494/4494/4494 
f 4188/4188/4188 4496/4496/4496 4497/4497/4497 
f 4496/4496/4496 4498/4498/4498 4497/4497/4497 
f 4227/4227/4227 4499/4499/4499 4500/4500/4500 
f 4499/4499/4499 4501/4501/4501 4500/4500/4500 
f 4231/4231/4231 4502/4502/4502 4503/4503/4503 
f 4502/4502/4502 4504/4504/4504 4503/4503/4503 
f 4505/4505/4505 4506/4506/4506 4507/4507/4507 
f 4506/4506/4506 4508/4508/4508 4507/4507/4507 
f 4192/4192/4192 4509/4509/4509 4510/4510/4510 
f 4509/4509/4509 4511/4511/4511 4510/4510/4510 
f 4231/4231/4231 4512/4512/4512 4513/4513/4513 
f 4512/4512/4512 4514/4514/4514 4513/4513/4513 
f 4235/4235/4235 4515/4515/4515 4516/4516/4516 
f 4515/4515/4515 4517/4517/4517 4516/4516/4516 
f 4518/4518/4518 4519/4519/4519 4520/4520/4520 
f 4519/4519/4519 4521/4521/4521 4520/4520/4520 
f 4196/4196/4196 4522/4522/4522 4523/4523/4523 
f 4522/4522/4522 4524/4524/4524 4523/4523/4523 
f 4235/4235/4235 4525/4525/4525 4526/4526/4526 
f 4525/4525/4525 4527/4527/4527 4526/4526/4526 
f 4239/4239/4239 4528/4528/4528 4529/4529/4529 
f 4528/4528/4528 4530/4530/4530 4529/4529/4529 
f 4200/4200/4200 4531/4531/4531 4532/4532/4532 
f 4531/4531/4531 4533/4533/4533 4532/4532/4532 
f 4200/4200/4200 4534/4534/4534 4535/4535/4535 
f 4534/4534/4534 4536/4536/4536 4535/4535/4535 
f 4537/4537/4537 4538/4538/4538 4539/4539/4539 
f 4538/4538/4538 4540/4540/4540 4539/4539/4539 
f 4243/4243/4243 4541/4541/4541 4542/4542/4542 
f 4541/4541/4541 4543/4543/4543 4542/4542/4542 
f 4203/4203/4203 4544/4544/4544 4545/4545/4545 
f 4544/4544/4544 4546/4546/4546 4545/4545/4545 
f 4203/4203/4203 4547/4547/4547 4548/4548/4548 
f 4547/4547/4547 4549/4549/4549 4548/4548/4548 
f 4243/4243/4243 4550/4550/4550 4551/4551/4551 
f 4550/4550/4550 4552/4552/4552 4551/4551/4551 
f 4247/4247/4247 4553/4553/4553 4554/4554/4554 
f 4553/4553/4553 4555/4555/4555 4554/4554/4554 
f 4206/4206/4206 4556/4556/4556 4557/4557/4557 
f 4556/4556/4556 4558/4558/4558 4557/4557/4557 
f 4206/4206/4206 4559/4559/4559 4560/4560/4560 
f 4559/4559/4559 4561/4561/4561 4560/4560/4560 
f 4247/4247/4247 4562/4562/4562 4563/4563/4563 
f 4562/4562/4562 4564/4564/4564 4563/4563/4563 
f 4251/4251/4251 4565/4565/4565 4566/4566/4566 
f 4565/4565/4565 4567/4567/4567 4566/4566/4566 
f 4209/4209/4209 4568/4568/4568 4569/4569/4569 
f 4568/4568/4568 4570/4570/4570 4569/4569/4569 
f 4209/4209/4209 4571/4571/4571 4572/4572/4572 
f 4571/4571/4571 4573/4573/4573 4572/4572/4572 
f 4251/4251/4251 4574/4574/4574 4575/4575/4575 
f 4574/4574/4574 4576/4576/4576 4575/4575/4575 
f 4255/4255/4255 4577/4577/4577 4578/4578/4578 
f 4577/4577/4577 4579/4579/4579 4578/4578/4578 
f 4212/4212/4212 4580/4580/4580 4581/4581/4581 
f 4580/4580/4580 4582/4582/4582 4581/4581/4581 
f 4212/4212/4212 4583/4583/4583 4584/4584/4584 
f 4583/4583/4583 4585/4585/4585 4584/4584/4584 
f 4255/4255/4255 4586/4586/4586 4587/4587/4587 
f 4586/4586/4586 4588/4588/4588 4587/4587/4587 
f 4259/4259/4259 4589/4589/4589 4590/4590/4590 
f 4589/4589/4589 4591/4591/4591 4590/4590/4590 
f 4215/4215/4215 4592/4592/4592 4593/4593/4593 
f 4592/4592/4592 4594/4594/4594 4593/4593/4593 
f 4215/4215/4215 4595/4595/4595 4596/4596/4596 
f 4595/4595/4595 4597/4597/4597 4596/4596/4596 
f 4259/4259/4259 4598/4598/4598 4599/4599/4599 
f 4598/4598/4598 4600/4600/4600 4599/4599/4599 
f 4263/4263/4263 4601/4601/4601 4602/4602/4602 
f 4601/4601/4601 4603/4603/4603 4602/4602/4602 
f 4218/4218/4218 4604/4604/4604 4605/4605/4605 
f 4604/4604/4604 4606/4606/4606 4605/4605/4605 
f 4218/4218/4218 4607/4607/4607 4608/4608/4608 
f 4607/4607/4607 4609/4609/4609 4608/4608/4608 
f 4263/4263/4263 4610/4610/4610 4611/4611/4611 
f 4610/4610/4610 4612/4612/4612 4611/4611/4611 
f 4267/4267/4267 4613/4613/4613 4614/4614/4614 
f 4613/4613/4613 4615/4615/4615 4614/4614/4614 
f 4221/4221/4221 4616/4616/4616 4617/4617/4617 
f 4616/4616/4616 4618/4618/4618 4617/4617/4617 
f 4221/4221/4221 4619/4619/4619 4620/4620/4620 
f 4619/4619/4619 4621/4621/4621 4620/4620/4620 
f 4267/4267/4267 4622/4622/4622 4623/4623/4623 
f 4622/4622/4622 4624/4624/4624 4623/4623/4623 
f 4271/4271/4271 4625/4625/4625 4626/4626/4626 
f 4625/4625/4625 4627/4627/4627 4626/4626/4626 
f 4185/4185/4185 4628/4628/4628 4629/4629/4629 
f 4628/4628/4628 4630/4630/4630 4629/4629/4629 
f 4489/4489/4489 4631/4631/4631 4632/4632/4632 
f 4631/4631/4631 4633/4633/4633 4632/4632/4632 
f 4492/4492/4492 4634/4634/4634 4635/4635/4635 
f 4634/4634/4634 4636/4636/4636 4635/4635/4635 
f 4495/4495/4495 4637/4637/4637 4638/4638/4638 
f 4637/4637/4637 4639/4639/4639 4638/4638/4638 
f 4486/4486/4486 4640/4640/4640 4641/4641/4641 
f 4640/4640/4640 4642/4642/4642 4641/4641/4641 
f 4643/4643/4643 4644/4644/4644 4645/4645/4645 
f 4644/4644/4644 4646/4646/4646 4645/4645/4645 
f 4501/4501/4501 4647/4647/4647 4648/4648/4648 
f 4647/4647/4647 4649/4649/4649 4648/4648/4648 
f 4504/4504/4504 4650/4650/4650 4651/4651/4651 
f 4650/4650/4650 4652/4652/4652 4651/4651/4651 
f 4508/4508/4508 4653/4653/4653 4654/4654/4654 
f 4653/4653/4653 4655/4655/4655 4654/4654/4654 
f 4498/4498/4498 4656/4656/4656 4657/4657/4657 
f 4656/4656/4656 4658/4658/4658 4657/4657/4657 
f 4659/4659/4659 4660/4660/4660 4661/4661/4661 
f 4660/4660/4660 4662/4662/4662 4661/4661/4661 
f 4663/4663/4663 4664/4664/4664 4665/4665/4665 
f 4664/4664/4664 4666/4666/4666 4665/4665/4665 
f 4667/4667/4667 4668/4668/4668 4669/4669/4669 
f 4668/4668/4668 4670/4670/4670 4669/4669/4669 
f 4671/4671/4671 4672/4672/4672 4673/4673/4673 
f 4672/4672/4672 4674/4674/4674 4673/4673/4673 
f 4675/4675/4675 4676/4676/4676 4677/4677/4677 
f 4676/4676/4676 4678/4678/4678 4677/4677/4677 
f 4679/4679/4679 4680/4680/4680 4681/4681/4681 
f 4680/4680/4680 4682/4682/4682 4681/4681/4681 
f 4683/4683/4683 4684/4684/4684 4685/4685/4685 
f 4684/4684/4684 4686/4686/4686 4685/4685/4685 
f 4687/4687/4687 4688/4688/4688 4689/4689/4689 
f 4688/4688/4688 4690/4690/4690 4689/4689/4689 
f 4691/4691/4691 4692/4692/4692 4693/4693/4693 
f 4692/4692/4692 4694/4694/4694 4693/4693/4693 
f 4695/4695/4695 4696/4696/4696 4697/4697/4697 
f 4696/4696/4696 4698/4698/4698 4697/4697/4697 
f 4699/4699/4699 4700/4700/4700 4701/4701/4701 
f 4700/4700/4700 4702/4702/4702 4701/4701/4701 
f 4540/4540/4540 4703/4703/4703 4704/4704/4704 
f 4703/4703/4703 4705/4705/4705 4704/4704/4704 
f 4543/4543/4543 4706/4706/4706 4707/4707/4707 
f 4706/4706/4706 4708/4708/4708 4707/4707/4707 
f 4546/4546/4546 4709/4709/4709 4710/4710/4710 
f 4709/4709/4709 4711/4711/4711 4710/4710/4710 
f 4536/4536/4536 4712/4712/4712 4713/4713/4713 
f 4712/4712/4712 4714/4714/4714 4713/4713/4713 
f 4715/4715/4715 4716/4716/4716 4717/4717/4717 
f 4716/4716/4716 4718/4718/4718 4717/4717/4717 
f 4552/4552/4552 4719/4719/4719 4720/4720/4720 
f 4719/4719/4719 4721/4721/4721 4720/4720/4720 
f 4555/4555/4555 4722/4722/4722 4723/4723/4723 
f 4722/4722/4722 4724/4724/4724 4723/4723/4723 
f 4558/4558/4558 4725/4725/4725 4726/4726/4726 
f 4725/4725/4725 4727/4727/4727 4726/4726/4726 
f 4549/4549/4549 4728/4728/4728 4729/4729/4729 
f 4728/4728/4728 4730/4730/4730 4729/4729/4729 
f 4731/4731/4731 4732/4732/4732 4733/4733/4733 
f 4732/4732/4732 4734/4734/4734 4733/4733/4733 
f 4564/4564/4564 4735/4735/4735 4736/4736/4736 
f 4735/4735/4735 4737/4737/4737 4736/4736/4736 
f 4567/4567/4567 4738/4738/4738 4739/4739/4739 
f 4738/4738/4738 4740/4740/4740 4739/4739/4739 
f 4570/4570/4570 4741/4741/4741 4742/4742/4742 
f 4741/4741/4741 4743/4743/4743 4742/4742/4742 
f 4561/4561/4561 4744/4744/4744 4745/4745/4745 
f 4744/4744/4744 4746/4746/4746 4745/4745/4745 
f 4747/4747/4747 4748/4748/4748 4749/4749/4749 
f 4748/4748/4748 4750/4750/4750 4749/4749/4749 
f 4576/4576/4576 4751/4751/4751 4752/4752/4752 
f 4751/4751/4751 4753/4753/4753 4752/4752/4752 
f 4579/4579/4579 4754/4754/4754 4755/4755/4755 
f 4754/4754/4754 4756/4756/4756 4755/4755/4755 
f 4582/4582/4582 4757/4757/4757 4758/4758/4758 
f 4757/4757/4757 4759/4759/4759 4758/4758/4758 
f 4573/4573/4573 4760/4760/4760 4761/4761/4761 
f 4760/4760/4760 4762/4762/4762 4761/4761/4761 
f 4763/4763/4763 4764/4764/4764 4765/4765/4765 
f 4764/4764/4764 4766/4766/4766 4765/4765/4765 
f 4588/4588/4588 4767/4767/4767 4768/4768/4768 
f 4767/4767/4767 4769/4769/4769 4768/4768/4768 
f 4591/4591/4591 4770/4770/4770 4771/4771/4771 
f 4770/4770/4770 4772/4772/4772 4771/4771/4771 
f 4594/4594/4594 4773/4773/4773 4774/4774/4774 
f 4773/4773/4773 4775/4775/4775 4774/4774/4774 
f 4585/4585/4585 4776/4776/4776 4777/4777/4777 
f 4776/4776/4776 4778/4778/4778 4777/4777/4777 
f 4779/4779/4779 4780/4780/4780 4781/4781/4781 
f 4780/4780/4780 4782/4782/4782 4781/4781/4781 
f 4600/4600/4600 4783/4783/4783 4784/4784/4784 
f 4783/4783/4783 4785/4785/4785 4784/4784/4784 
f 4603/4603/4603 4786/4786/4786 4787/4787/4787 
f 4786/4786/4786 4788/4788/4788 4787/4787/4787 
f 4606/4606/4606 4789/4789/4789 4790/4790/4790 
f 4789/4789/4789 4791/4791/4791 4790/4790/4790 
f 4597/4597/4597 4792/4792/4792 4793/4793/4793 
f 4792/4792/4792 4794/4794/4794 4793/4793/4793 
f 4795/4795/4795 4796/4796/4796 4797/4797/4797 
f 4796/4796/4796 4798/4798/4798 4797/4797/4797 
f 4612/4612/4612 4799/4799/4799 4800/4800/4800 
f 4799/4799/4799 4801/4801/4801 4800/4800/4800 
f 4615/4615/4615 4802/4802/4802 4803/4803/4803 
f 4802/4802/4802 4804/4804/4804 4803/4803/4803 
f 4618/4618/4618 4805/4805/4805 4806/4806/4806 
f 4805/4805/4805 4807/4807/4807 4806/4806/4806 
f 4609/4609/4609 4808/4808/4808 4809/4809/4809 
f 4808/4808/4808 4810/4810/4810 4809/4809/4809 
f 4811/4811/4811 4812/4812/4812 4813/4813/4813 
f 4812/4812/4812 4814/4814/4814 4813/4813/4813 
f 4624/4624/4624 4815/4815/4815 4816/4816/4816 
f 4815/4815/4815 4817/4817/4817 4816/4816/4816 
f 4627/4627/4627 4818/4818/4818 4819/4819/4819 
f 4818/4818/4818 4820/4820/4820 4819/4819/4819 
f 4630/4630/4630 4821/4821/4821 4822/4822/4822 
f 4821/4821/4821 4823/4823/4823 4822/4822/4822 
f 4621/4621/4621 4824/4824/4824 4825/4825/4825 
f 4824/4824/4824 4826/4826/4826 4825/4825/4825 
f 4827/4827/4827 4828/4828/4828 4829/4829/4829 
f 4828/4828/4828 4830/4830/4830 4829/4829/4829 
f 4831/4831/4831 4832/4832/4832 4833/4833/4833 
f 4832/4832/4832 4834/4834/4834 4833/4833/4833 
f 4835/4835/4835 4836/4836/4836 4837/4837/4837 
f 4836/4836/4836 4834/4834/4834 4837/4837/4837 
f 4838/4838/4838 4839/4839/4839 4840/4840/4840 
f 4839/4839/4839 4834/4834/4834 4840/4840/4840 
f 4841/4841/4841 4842/4842/4842 4843/4843/4843 
f 4842/4842/4842 4834/4834/4834 4843/4843/4843 
f 4844/4844/4844 4845/4845/4845 4846/4846/4846 
f 4845/4845/4845 4834/4834/4834 4846/4846/4846 
f 4847/4847/4847 4848/4848/4848 4849/4849/4849 
f 4848/4848/4848 4834/4834/4834 4849/4849/4849 
f 4850/4850/4850 4851/4851/4851 4852/4852/4852 
f 4851/4851/4851 4834/4834/4834 4852/4852/4852 
f 4853/4853/4853 4854/4854/4854 4855/4855/4855 
f 4854/4854/4854 4834/4834/4834 4855/4855/4855 
f 4856/4856/4856 4857/4857/4857 4858/4858/4858 
f 4857/4857/4857 4834/4834/4834 4858/4858/4858 
f 4859/4859/4859 4860/4860/4860 4861/4861/4861 
f 4860/4860/4860 4834/4834/4834 4861/4861/4861 
f 4862/4862/4862 4863/4863/4863 4864/4864/4864 
f 4863/4863/4863 4834/4834/4834 4864/4864/4864 
f 4865/4865/4865 4866/4866/4866 4867/4867/4867 
f 4866/4866/4866 4834/4834/4834 4867/4867/4867 
f 4868/4868/4868 4869/4869/4869 4870/4870/4870 
f 4869/4869/4869 4835/4835/4835 4870/4870/4870 
f 4871/4871/4871 4872/4872/4872 4873/4873/4873 
f 4872/4872/4872 4838/4838/4838 4873/4873/4873 
f 4874/4874/4874 4875/4875/4875 4876/4876/4876 
f 4875/4875/4875 4841/4841/4841 4876/4876/4876 
f 4877/4877/4877 4878/4878/4878 4879/4879/4879 
f 4878/4878/4878 4844/4844/4844 4879/4879/4879 
f 4880/4880/4880 4881/4881/4881 4882/4882/4882 
f 4881/4881/4881 4847/4847/4847 4882/4882/4882 
f 4883/4883/4883 4884/4884/4884 4885/4885/4885 
f 4884/4884/4884 4850/4850/4850 4885/4885/4885 
f 4886/4886/4886 4887/4887/4887 4888/4888/4888 
f 4887/4887/4887 4853/4853/4853 4888/4888/4888 
f 4889/4889/4889 4890/4890/4890 4891/4891/4891 
f 4890/4890/4890 4856/4856/4856 4891/4891/4891 
f 4892/4892/4892 4893/4893/4893 4894/4894/4894 
f 4893/4893/4893 4859/4859/4859 4894/4894/4894 
f 4895/4895/4895 4896/4896/4896 4897/4897/4897 
f 4896/4896/4896 4862/4862/4862 4897/4897/4897 
f 4898/4898/4898 4899/4899/4899 4900/4900/4900 
f 4899/4899/4899 4865/4865/4865 4900/4900/4900 
f 4901/4901/4901 4902/4902/4902 4903/4903/4903 
f 4902/4902/4902 4831/4831/4831 4903/4903/4903 
f 4904/4904/4904 4905/4905/4905 4906/4906/4906 
f 4905/4905/4905 4871/4871/4871 4906/4906/4906 
f 4907/4907/4907 4908/4908/4908 4909/4909/4909 
f 4908/4908/4908 4874/4874/4874 4909/4909/4909 
f 4910/4910/4910 4911/4911/4911 4912/4912/4912 
f 4911/4911/4911 4877/4877/4877 4912/4912/4912 
f 4913/4913/4913 4914/4914/4914 4915/4915/4915 
f 4914/4914/4914 4880/4880/4880 4915/4915/4915 
f 4916/4916/4916 4917/4917/4917 4918/4918/4918 
f 4917/4917/4917 4883/4883/4883 4918/4918/4918 
f 4919/4919/4919 4920/4920/4920 4921/4921/4921 
f 4920/4920/4920 4886/4886/4886 4921/4921/4921 
f 4922/4922/4922 4923/4923/4923 4924/4924/4924 
f 4923/4923/4923 4889/4889/4889 4924/4924/4924 
f 4925/4925/4925 4926/4926/4926 4927/4927/4927 
f 4926/4926/4926 4892/4892/4892 4927/4927/4927 
f 4928/4928/4928 4929/4929/4929 4930/4930/4930 
f 4929/4929/4929 4895/4895/4895 4930/4930/4930 
f 4931/4931/4931 4932/4932/4932 4933/4933/4933 
f 4932/4932/4932 4898/4898/4898 4933/4933/4933 
f 4934/4934/4934 4935/4935/4935 4936/4936/4936 
f 4935/4935/4935 4901/4901/4901 4936/4936/4936 
f 4937/4937/4937 4938/4938/4938 4939/4939/4939 
f 4938/4938/4938 4868/4868/4868 4939/4939/4939 
f 4940/4940/4940 4941/4941/4941 4942/4942/4942 
f 4941/4941/4941 4943/4943/4943 4942/4942/4942 
f 4944/4944/4944 4945/4945/4945 4946/4946/4946 
f 4945/4945/4945 4947/4947/4947 4946/4946/4946 
f 4948/4948/4948 4949/4949/4949 4950/4950/4950 
f 4949/4949/4949 4951/4951/4951 4950/4950/4950 
f 4952/4952/4952 4953/4953/4953 4954/4954/4954 
f 4953/4953/4953 4955/4955/4955 4954/4954/4954 
f 4956/4956/4956 4957/4957/4957 4958/4958/4958 
f 4957/4957/4957 4959/4959/4959 4958/4958/4958 
f 4960/4960/4960 4961/4961/4961 4962/4962/4962 
f 4961/4961/4961 4963/4963/4963 4962/4962/4962 
f 4964/4964/4964 4965/4965/4965 4966/4966/4966 
f 4965/4965/4965 4967/4967/4967 4966/4966/4966 
f 4968/4968/4968 4969/4969/4969 4970/4970/4970 
f 4969/4969/4969 4971/4971/4971 4970/4970/4970 
f 4972/4972/4972 4973/4973/4973 4974/4974/4974 
f 4973/4973/4973 4975/4975/4975 4974/4974/4974 
f 4976/4976/4976 4977/4977/4977 4978/4978/4978 
f 4977/4977/4977 4979/4979/4979 4978/4978/4978 
f 4980/4980/4980 4981/4981/4981 4982/4982/4982 
f 4981/4981/4981 4983/4983/4983 4982/4982/4982 
f 4984/4984/4984 4985/4985/4985 4986/4986/4986 
f 4985/4985/4985 4987/4987/4987 4986/4986/4986 
f 4988/4988/4988 4989/4989/4989 4990/4990/4990 
f 4989/4989/4989 4991/4991/4991 4990/4990/4990 
f 4992/4992/4992 4993/4993/4993 4994/4994/4994 
f 4993/4993/4993 4995/4995/4995 4994/4994/4994 
f 4996/4996/4996 4997/4997/4997 4998/4998/4998 
f 4997/4997/4997 4999/4999/4999 4998/4998/4998 
f 5000/5000/5000 5001/5001/5001 5002/5002/5002 
f 5001/5001/5001 5003/5003/5003 5002/5002/5002 
f 5004/5004/5004 5005/5005/5005 5006/5006/5006 
f 5005/5005/5005 5007/5007/5007 5006/5006/5006 
f 5008/5008/5008 5009/5009/5009 5010/5010/5010 
f 5009/5009/5009 5011/5011/5011 5010/5010/5010 
f 5012/5012/5012 5013/5013/5013 5014/5014/5014 
f 5013/5013/5013 5015/5015/5015 5014/5014/5014 
f 5016/5016/5016 5017/5017/5017 5018/5018/5018 
f 5017/5017/5017 5019/5019/5019 5018/5018/5018 
f 5020/5020/5020 5021/5021/5021 5022/5022/5022 
f 5021/5021/5021 5023/5023/5023 5022/5022/5022 
f 5024/5024/5024 5025/5025/5025 5026/5026/5026 
f 5025/5025/5025 5027/5027/5027 5026/5026/5026 
f 5028/5028/5028 5029/5029/5029 5030/5030/5030 
f 5029/5029/5029 5031/5031/5031 5030/5030/5030 
f 5032/5032/5032 5033/5033/5033 5034/5034/5034 
f 5033/5033/5033 5035/5035/5035 5034/5034/5034 
f 5036/5036/5036 5037/5037/5037 5038/5038/5038 
f 5037/5037/5037 5039/5039/5039 5038/5038/5038 
f 5040/5040/5040 5041/5041/5041 5042/5042/5042 
f 5041/5041/5041 5043/5043/5043 5042/5042/5042 
f 5044/5044/5044 5045/5045/5045 5046/5046/5046 
f 5045/5045/5045 5047/5047/5047 5046/5046/5046 
f 5048/5048/5048 5049/5049/5049 5050/5050/5050 
f 5049/5049/5049 5051/5051/5051 5050/5050/5050 
f 5052/5052/5052 5053/5053/5053 5054/5054/5054 
f 5053/5053/5053 5055/5055/5055 5054/5054/5054 
f 5056/5056/5056 5057/5057/5057 5058/5058/5058 
f 5057/5057/5057 5059/5059/5059 5058/5058/5058 
f 5060/5060/5060 5061/5061/5061 5062/5062/5062 
f 5061/5061/5061 5063/5063/5063 5062/5062/5062 
f 5064/5064/5064 5065/5065/5065 5066/5066/5066 
f 5065/5065/5065 5067/5067/5067 5066/5066/5066 
f 5068/5068/5068 5069/5069/5069 5070/5070/5070 
f 5069/5069/5069 5071/5071/5071 5070/5070/5070 
f 5072/5072/5072 5073/5073/5073 5074/5074/5074 
f 5073/5073/5073 5075/5075/5075 5074/5074/5074 
f 5076/5076/5076 5077/5077/5077 5078/5078/5078 
f 5077/5077/5077 5079/5079/5079 5078/5078/5078 
f 5080/5080/5080 5081/5081/5081 5082/5082/5082 
f 5081/5081/5081 5083/5083/5083 5082/5082/5082 
f 5084/5084/5084 5085/5085/5085 5086/5086/5086 
f 5085/5085/5085 5087/5087/5087 5086/5086/5086 
f 5088/5088/5088 5089/5089/5089 5090/5090/5090 
f 5089/5089/5089 5091/5091/5091 5090/5090/5090 
f 5092/5092/5092 5093/5093/5093 5094/5094/5094 
f 5093/5093/5093 5095/5095/5095 5094/5094/5094 
f 5096/5096/5096 5097/5097/5097 5098/5098/5098 
f 5097/5097/5097 5099/5099/5099 5098/5098/5098 
f 5100/5100/5100 5101/5101/5101 5102/5102/5102 
f 5101/5101/5101 5103/5103/5103 5102/5102/5102 
f 5104/5104/5104 5105/5105/5105 5106/5106/5106 
f 5105/5105/5105 5107/5107/5107 5106/5106/5106 
f 5108/5108/5108 5109/5109/5109 5110/5110/5110 
f 5109/5109/5109 5111/5111/5111 5110/5110/5110 
f 5112/5112/5112 5113/5113/5113 5114/5114/5114 
f 5113/5113/5113 5115/5115/5115 5114/5114/5114 
f 5116/5116/5116 5117/5117/5117 5118/5118/5118 
f 5117/5117/5117 5119/5119/5119 5118/5118/5118 
f 5120/5120/5120 5121/5121/5121 5122/5122/5122 
f 5121/5121/5121 5123/5123/5123 5122/5122/5122 
f 5124/5124/5124 5125/5125/5125 5126/5126/5126 
f 5125/5125/5125 5127/5127/5127 5126/5126/5126 
f 5128/5128/5128 5129/5129/5129 5130/5130/5130 
f 5129/5129/5129 5131/5131/5131 5130/5130/5130 
f 5132/5132/5132 5133/5133/5133 5134/5134/5134 
f 5133/5133/5133 5135/5135/5135 5134/5134/5134 
f 5136/5136/5136 5137/5137/5137 5138/5138/5138 
f 5137/5137/5137 5139/5139/5139 5138/5138/5138 
f 5140/5140/5140 5141/5141/5141 5142/5142/5142 
f 5141/5141/5141 5143/5143/5143 5142/5142/5142 
f 5144/5144/5144 5145/5145/5145 5146/5146/5146 
f 5145/5145/5145 5147/5147/5147 5146/5146/5146 
f 5148/5148/5148 5149/5149/5149 5150/5150/5150 
f 5149/5149/5149 5151/5151/5151 5150/5150/5150 
f 5152/5152/5152 5153/5153/5153 5154/5154/5154 
f 5153/5153/5153 5155/5155/5155 5154/5154/5154 
f 5156/5156/5156 5157/5157/5157 5158/5158/5158 
f 5157/5157/5157 5159/5159/5159 5158/5158/5158 
f 5160/5160/5160 5161/5161/5161 5162/5162/5162 
f 5161/5161/5161 5163/5163/5163 5162/5162/5162 
f 5164/5164/5164 5165/5165/5165 5166/5166/5166 
f 5165/5165/5165 5167/5167/5167 5166/5166/5166 
f 5168/5168/5168 5169/5169/5169 5170/5170/5170 
f 5169/5169/5169 5171/5171/5171 5170/5170/5170 
f 5172/5172/5172 5173/5173/5173 5174/5174/5174 
f 5173/5173/5173 5175/5175/5175 5174/5174/5174 
f 5176/5176/5176 5177/5177/5177 5178/5178/5178 
f 5177/5177/5177 5179/5179/5179 5178/5178/5178 
f 5180/5180/5180 5181/5181/5181 5182/5182/5182 
f 5181/5181/5181 5183/5183/5183 5182/5182/5182 
f 5184/5184/5184 5185/5185/5185 5186/5186/5186 
f 5185/5185/5185 5187/5187/5187 5186/5186/5186 
f 5188/5188/5188 5189/5189/5189 5190/5190/5190 
f 5189/5189/5189 5191/5191/5191 5190/5190/5190 
f 5192/5192/5192 5193/5193/5193 5194/5194/5194 
f 5193/5193/5193 5195/5195/5195 5194/5194/5194 
f 5196/5196/5196 5197/5197/5197 5198/5198/5198 
f 5197/5197/5197 5199/5199/5199 5198/5198/5198 
f 5200/5200/5200 5201/5201/5201 5202/5202/5202 
f 5201/5201/5201 5203/5203/5203 5202/5202/5202 
f 5204/5204/5204 5205/5205/5205 5206/5206/5206 
f 5205/5205/5205 5207/5207/5207 5206/5206/5206 
f 5208/5208/5208 5209/5209/5209 5210/5210/5210 
f 5209/5209/5209 5211/5211/5211 5210/5210/5210 
f 5212/5212/5212 5213/5213/5213 5214/5214/5214 
f 5213/5213/5213 5215/5215/5215 5214/5214/5214 
f 5216/5216/5216 5217/5217/5217 5218/5218/5218 
f 5217/5217/5217 5219/5219/5219 5218/5218/5218 
f 5220/5220/5220 5221/5221/5221 5222/5222/5222 
f 5221/5221/5221 5223/5223/5223 5222/5222/5222 
f 5224/5224/5224 5225/5225/5225 5226/5226/5226 
f 5225/5225/5225 5227/5227/5227 5226/5226/5226 
f 5228/5228/5228 5229/5229/5229 5230/5230/5230 
f 5229/5229/5229 5231/5231/5231 5230/5230/5230 
f 5232/5232/5232 5233/5233/5233 5234/5234/5234 
f 5233/5233/5233 5235/5235/5235 5234/5234/5234 
f 5236/5236/5236 5237/5237/5237 5238/5238/5238 
f 5237/5237/5237 5239/5239/5239 5238/5238/5238 
f 5240/5240/5240 5241/5241/5241 5242/5242/5242 
f 5241/5241/5241 5243/5243/5243 5242/5242/5242 
f 5244/5244/5244 5245/5245/5245 5246/5246/5246 
f 5245/5245/5245 5247/5247/5247 5246/5246/5246 
f 5248/5248/5248 5249/5249/5249 5250/5250/5250 
f 5249/5249/5249 5251/5251/5251 5250/5250/5250 
f 5252/5252/5252 5253/5253/5253 5254/5254/5254 
f 5253/5253/5253 5255/5255/5255 5254/5254/5254 
f 5256/5256/5256 5257/5257/5257 5258/5258/5258 
f 5257/5257/5257 5259/5259/5259 5258/5258/5258 
f 5260/5260/5260 5261/5261/5261 5262/5262/5262 
f 5261/5261/5261 5263/5263/5263 5262/5262/5262 
f 5264/5264/5264 5265/5265/5265 5266/5266/5266 
f 5265/5265/5265 5267/5267/5267 5266/5266/5266 
f 5268/5268/5268 5269/5269/5269 5270/5270/5270 
f 5269/5269/5269 5271/5271/5271 5270/5270/5270 
f 5272/5272/5272 5273/5273/5273 5274/5274/5274 
f 5273/5273/5273 5275/5275/5275 5274/5274/5274 
f 5276/5276/5276 5277/5277/5277 5278/5278/5278 
f 5277/5277/5277 5279/5279/5279 5278/5278/5278 
f 5280/5280/5280 5281/5281/5281 5282/5282/5282 
f 5281/5281/5281 5283/5283/5283 5282/5282/5282 
f 5284/5284/5284 5285/5285/5285 5286/5286/5286 
f 5285/5285/5285 5287/5287/5287 5286/5286/5286 
f 5288/5288/5288 5289/5289/5289 5290/5290/5290 
f 5289/5289/5289 5291/5291/5291 5290/5290/5290 
f 5292/5292/5292 5293/5293/5293 5294/5294/5294 
f 5293/5293/5293 5295/5295/5295 5294/5294/5294 
f 5296/5296/5296 5297/5297/5297 5298/5298/5298 
f 5297/5297/5297 5299/5299/5299 5298/5298/5298 
f 5300/5300/5300 5301/5301/5301 5302/5302/5302 
f 5301/5301/5301 5303/5303/5303 5302/5302/5302 
f 5304/5304/5304 5305/5305/5305 5306/5306/5306 
f 5305/5305/5305 5307/5307/5307 5306/5306/5306 
f 5308/5308/5308 5309/5309/5309 5310/5310/5310 
f 5309/5309/5309 5311/5311/5311 5310/5310/5310 
f 5312/5312/5312 5313/5313/5313 5314/5314/5314 
f 5313/5313/5313 5315/5315/5315 5314/5314/5314 
f 5316/5316/5316 5317/5317/5317 5318/5318/5318 
f 5317/5317/5317 5319/5319/5319 5318/5318/5318 
f 5320/5320/5320 5321/5321/5321 5322/5322/5322 
f 5321/5321/5321 5323/5323/5323 5322/5322/5322 
f 5324/5324/5324 5325/5325/5325 5326/5326/5326 
f 5325/5325/5325 5327/5327/5327 5326/5326/5326 
f 5328/5328/5328 5329/5329/5329 5330/5330/5330 
f 5329/5329/5329 5331/5331/5331 5330/5330/5330 
f 5332/5332/5332 5333/5333/5333 5334/5334/5334 
f 5333/5333/5333 5335/5335/5335 5334/5334/5334 
f 5336/5336/5336 5337/5337/5337 5338/5338/5338 
f 5337/5337/5337 5339/5339/5339 5338/5338/5338 
f 5340/5340/5340 5341/5341/5341 5342/5342/5342 
f 5341/5341/5341 5343/5343/5343 5342/5342/5342 
f 5344/5344/5344 5345/5345/5345 5346/5346/5346 
f 5345/5345/5345 5347/5347/5347 5346/5346/5346 
f 5348/5348/5348 5349/5349/5349 5350/5350/5350 
f 5349/5349/5349 5351/5351/5351 5350/5350/5350 
f 5352/5352/5352 5353/5353/5353 5354/5354/5354 
f 5353/5353/5353 5355/5355/5355 5354/5354/5354 
f 5356/5356/5356 5357/5357/5357 5358/5358/5358 
f 5357/5357/5357 5359/5359/5359 5358/5358/5358 
f 5360/5360/5360 5361/5361/5361 5362/5362/5362 
f 5361/5361/5361 5363/5363/5363 5362/5362/5362 
f 5364/5364/5364 5365/5365/5365 5366/5366/5366 
f 5365/5365/5365 5367/5367/5367 5366/5366/5366 
f 5368/5368/5368 5369/5369/5369 5370/5370/5370 
f 5369/5369/5369 5371/5371/5371 5370/5370/5370 
f 5372/5372/5372 5373/5373/5373 5374/5374/5374 
f 5373/5373/5373 5375/5375/5375 5374/5374/5374 
f 5376/5376/5376 5377/5377/5377 5378/5378/5378 
f 5377/5377/5377 5379/5379/5379 5378/5378/5378 
f 5380/5380/5380 5381/5381/5381 5382/5382/5382 
f 5381/5381/5381 5383/5383/5383 5382/5382/5382 
f 5384/5384/5384 5385/5385/5385 5386/5386/5386 
f 5385/5385/5385 5387/5387/5387 5386/5386/5386 
f 5388/5388/5388 5389/5389/5389 5390/5390/5390 
f 5389/5389/5389 5391/5391/5391 5390/5390/5390 
f 5392/5392/5392 5393/5393/5393 5394/5394/5394 
f 5393/5393/5393 5395/5395/5395 5394/5394/5394 
f 5396/5396/5396 5397/5397/5397 5398/5398/5398 
f 5397/5397/5397 5399/5399/5399 5398/5398/5398 
f 5400/5400/5400 5401/5401/5401 5402/5402/5402 
f 5401/5401/5401 5403/5403/5403 5402/5402/5402 
f 5404/5404/5404 5405/5405/5405 5406/5406/5406 
f 5405/5405/5405 5407/5407/5407 5406/5406/5406 
f 5408/5408/5408 5409/5409/5409 5410/5410/5410 
f 5409/5409/5409 5411/5411/5411 5410/5410/5410 
f 5412/5412/5412 5413/5413/5413 5414/5414/5414 
f 5413/5413/5413 5415/5415/5415 5414/5414/5414 
f 5416/5416/5416 5417/5417/5417 5418/5418/5418 
f 5417/5417/5417 5419/5419/5419 5418/5418/5418 
f 5420/5420/5420 5421/5421/5421 5422/5422/5422 
f 5421/5421/5421 5423/5423/5423 5422/5422/5422 
f 5424/5424/5424 5425/5425/5425 5426/5426/5426 
f 5425/5425/5425 5427/5427/5427 5426/5426/5426 
f 5428/5428/5428 5429/5429/5429 5430/5430/5430 
f 5429/5429/5429 5431/5431/5431 5430/5430/5430 
f 5432/5432/5432 5433/5433/5433 5434/5434/5434 
f 5433/5433/5433 5435/5435/5435 5434/5434/5434 
f 5436/5436/5436 5437/5437/5437 5438/5438/5438 
f 5437/5437/5437 5439/5439/5439 5438/5438/5438 
f 5440/5440/5440 5441/5441/5441 5442/5442/5442 
f 5441/5441/5441 5443/5443/5443 5442/5442/5442 
f 5444/5444/5444 5445/5445/5445 5446/5446/5446 
f 5445/5445/5445 5447/5447/5447 5446/5446/5446 
f 5448/5448/5448 5449/5449/5449 5450/5450/5450 
f 5449/5449/5449 5451/5451/5451 5450/5450/5450 
f 5452/5452/5452 5453/5453/5453 5454/5454/5454 
f 5453/5453/5453 5455/5455/5455 5454/5454/5454 
f 5456/5456/5456 5457/5457/5457 5458/5458/5458 
f 5457/5457/5457 5459/5459/5459 5458/5458/5458 
f 5460/5460/5460 5461/5461/5461 5462/5462/5462 
f 5461/5461/5461 5463/5463/5463 5462/5462/5462 
f 5464/5464/5464 5465/5465/5465 5466/5466/5466 
f 5465/5465/5465 5467/5467/5467 5466/5466/5466 
f 5468/5468/5468 5469/5469/5469 5470/5470/5470 
f 5469/5469/5469 5471/5471/5471 5470/5470/5470 
f 5472/5472/5472 5473/5473/5473 5474/5474/5474 
f 5473/5473/5473 5475/5475/5475 5474/5474/5474 
f 5476/5476/5476 5477/5477/5477 5478/5478/5478 
f 5477/5477/5477 5479/5479/5479 5478/5478/5478 
f 5480/5480/5480 5481/5481/5481 5482/5482/5482 
f 5481/5481/5481 5483/5483/5483 5482/5482/5482 
f 5484/5484/5484 5485/5485/5485 5486/5486/5486 
f 5485/5485/5485 5487/5487/5487 5486/5486/5486 
f 5488/5488/5488 5489/5489/5489 5490/5490/5490 
f 5489/5489/5489 5491/5491/5491 5490/5490/5490 
f 5492/5492/5492 5493/5493/5493 5494/5494/5494 
f 5493/5493/5493 5495/5495/5495 5494/5494/5494 
f 5496/5496/5496 5497/5497/5497 5498/5498/5498 
f 5497/5497/5497 5499/5499/5499 5498/5498/5498 
f 5500/5500/5500 5501/5501/5501 5502/5502/5502 
f 5501/5501/5501 5503/5503/5503 5502/5502/5502 
f 5504/5504/5504 5505/5505/5505 5506/5506/5506 
f 5505/5505/5505 5507/5507/5507 5506/5506/5506 
f 5508/5508/5508 5509/5509/5509 5510/5510/5510 
f 5509/5509/5509 5511/5511/5511 5510/5510/5510 
f 5512/5512/5512 5513/5513/5513 5514/5514/5514 
f 5513/5513/5513 5515/5515/5515 5514/5514/5514 
f 5516/5516/5516 5517/5517/5517 5518/5518/5518 
f 5517/5517/5517 5519/5519/5519 5518/5518/5518 
f 5520/5520/5520 5521/5521/5521 5522/5522/5522 
f 5521/5521/5521 5523/5523/5523 5522/5522/5522 
f 5524/5524/5524 5525/5525/5525 5526/5526/5526 
f 5525/5525/5525 5527/5527/5527 5526/5526/5526 
f 5528/5528/5528 5529/5529/5529 5530/5530/5530 
f 5529/5529/5529 5531/5531/5531 5530/5530/5530 
f 5532/5532/5532 5533/5533/5533 5534/5534/5534 
f 5533/5533/5533 5535/5535/5535 5534/5534/5534 
f 5536/5536/5536 5537/5537/5537 5538/5538/5538 
f 5537/5537/5537 5539/5539/5539 5538/5538/5538 
f 5540/5540/5540 5541/5541/5541 5542/5542/5542 
f 5541/5541/5541 5543/5543/5543 5542/5542/5542 
f 5544/5544/5544 5545/5545/5545 5546/5546/5546 
f 5545/5545/5545 5547/5547/5547 5546/5546/5546 
f 5548/5548/5548 5549/5549/5549 5550/5550/5550 
f 5549/5549/5549 5551/5551/5551 5550/5550/5550 
f 5552/5552/5552 5553/5553/5553 5554/5554/5554 
f 5553/5553/5553 5555/5555/5555 5554/5554/5554 
f 5556/5556/5556 5557/5557/5557 5558/5558/5558 
f 5557/5557/5557 5559/5559/5559 5558/5558/5558 
f 5560/5560/5560 5561/5561/5561 5562/5562/5562 
f 5561/5561/5561 5563/5563/5563 5562/5562/5562 
f 5564/5564/5564 5565/5565/5565 5566/5566/5566 
f 5565/5565/5565 5567/5567/5567 5566/5566/5566 
f 5568/5568/5568 5569/5569/5569 5570/5570/5570 
f 5569/5569/5569 5571/5571/5571 5570/5570/5570 
f 5572/5572/5572 5573/5573/5573 5574/5574/5574 
f 5573/5573/5573 5575/5575/5575 5574/5574/5574 
f 5576/5576/5576 5577/5577/5577 5578/5578/5578 
f 5577/5577/5577 5579/5579/5579 5578/5578/5578 
f 5580/5580/5580 5581/5581/5581 5582/5582/5582 
f 5581/5581/5581 5583/5583/5583 5582/5582/5582 
f 5584/5584/5584 5585/5585/5585 5586/5586/5586 
f 5585/5585/5585 5587/5587/5587 5586/5586/5586 
f 5588/5588/5588 5589/5589/5589 5590/5590/5590 
f 5589/5589/5589 5591/5591/5591 5590/5590/5590 
f 5592/5592/5592 5593/5593/5593 5594/5594/5594 
f 5593/5593/5593 5595/5595/5595 5594/5594/5594 
f 5596/5596/5596 5597/5597/5597 5598/5598/5598 
f 5597/5597/5597 5599/5599/5599 5598/5598/5598 
f 5600/5600/5600 5601/5601/5601 5602/5602/5602 
f 5601/5601/5601 5603/5603/5603 5602/5602/5602 
f 5604/5604/5604 5605/5605/5605 5606/5606/5606 
f 5605/5605/5605 5607/5607/5607 5606/5606/5606 
f 5608/5608/5608 5609/5609/5609 5610/5610/5610 
f 5609/5609/5609 5611/5611/5611 5610/5610/5610 
f 5612/5612/5612 5613/5613/5613 5614/5614/5614 
f 5613/5613/5613 5615/5615/5615 5614/5614/5614 
f 5616/5616/5616 5617/5617/5617 5618/5618/5618 
f 5617/5617/5617 5619/5619/5619 5618/5618/5618 
f 5620/5620/5620 5621/5621/5621 5622/5622/5622 
f 5621/5621/5621 5623/5623/5623 5622/5622/5622 
f 5624/5624/5624 5625/5625/5625 5626/5626/5626 
f 5625/5625/5625 5627/5627/5627 5626/5626/5626 
f 5628/5628/5628 5629/5629/5629 5630/5630/5630 
f 5629/5629/5629 5631/5631/5631 5630/5630/5630 
f 5632/5632/5632 5633/5633/5633 5634/5634/5634 
f 5633/5633/5633 5635/5635/5635 5634/5634/5634 
f 5636/5636/5636 5637/5637/5637 5638/5638/5638 
f 5637/5637/5637 5639/5639/5639 5638/5638/5638 
f 5640/5640/5640 5641/5641/5641 5642/5642/5642 
f 5641/5641/5641 5643/5643/5643 5642/5642/5642 
f 5644/5644/5644 5645/5645/5645 5646/5646/5646 
f 5645/5645/5645 5647/5647/5647 5646/5646/5646 
f 5648/5648/5648 5649/5649/5649 5650/5650/5650 
f 5649/5649/5649 5651/5651/5651 5650/5650/5650 
f 5652/5652/5652 5653/5653/5653 5654/5654/5654 
f 5653/5653/5653 5655/5655/5655 5654/5654/5654 
f 5656/5656/5656 5657/5657/5657 5658/5658/5658 
f 5657/5657/5657 5659/5659/5659 5658/5658/5658 
f 5660/5660/5660 5661/5661/5661 5662/5662/5662 
f 5661/5661/5661 5663/5663/5663 5662/5662/5662 
f 5664/5664/5664 5665/5665/5665 5666/5666/5666 
f 5665/5665/5665 5667/5667/5667 5666/5666/5666 
f 5668/5668/5668 5669/5669/5669 5670/5670/5670 
f 5669/5669/5669 5671/5671/5671 5670/5670/5670 
f 5672/5672/5672 5673/5673/5673 5674/5674/5674 
f 5673/5673/5673 5675/5675/5675 5674/5674/5674 
f 5676/5676/5676 5677/5677/5677 5678/5678/5678 
f 5677/5677/5677 5679/5679/5679 5678/5678/5678 
f 5680/5680/5680 5681/5681/5681 5682/5682/5682 
f 5681/5681/5681 5683/5683/5683 5682/5682/5682 
f 5684/5684/5684 5685/5685/5685 5686/5686/5686 
f 5685/5685/5685 5687/5687/5687 5686/5686/5686 
f 5688/5688/5688 5689/5689/5689 5690/5690/5690 
f 5689/5689/5689 5691/5691/5691 5690/5690/5690 
f 5692/5692/5692 5693/5693/5693 5694/5694/5694 
f 5693/5693/5693 5695/5695/5695 5694/5694/5694 
f 5696/5696/5696 5697/5697/5697 5698/5698/5698 
f 5697/5697/5697 5699/5699/5699 5698/5698/5698 
f 5700/5700/5700 5701/5701/5701 5702/5702/5702 
f 5701/5701/5701 5703/5703/5703 5702/5702/5702 
f 5704/5704/5704 5705/5705/5705 5706/5706/5706 
f 5705/5705/5705 5707/5707/5707 5706/5706/5706 
f 5708/5708/5708 5709/5709/5709 5710/5710/5710 
f 5709/5709/5709 5711/5711/5711 5710/5710/5710 
f 5712/5712/5712 5713/5713/5713 5714/5714/5714 
f 5713/5713/5713 5715/5715/5715 5714/5714/5714 
f 5716/5716/5716 5717/5717/5717 5718/5718/5718 
f 5717/5717/5717 5719/5719/5719 5718/5718/5718 
f 5720/5720/5720 5721/5721/5721 5722/5722/5722 
f 5721/5721/5721 5723/5723/5723 5722/5722/5722 
f 5724/5724/5724 5725/5725/5725 5726/5726/5726 
f 5725/5725/5725 5727/5727/5727 5726/5726/5726 
f 5728/5728/5728 5729/5729/5729 5730/5730/5730 
f 5729/5729/5729 5731/5731/5731 5730/5730/5730 
f 5732/5732/5732 5733/5733/5733 5734/5734/5734 
f 5733/5733/5733 5735/5735/5735 5734/5734/5734 
f 5736/5736/5736 5737/5737/5737 5738/5738/5738 
f 5737/5737/5737 5739/5739/5739 5738/5738/5738 
f 5740/5740/5740 5741/5741/5741 5742/5742/5742 
f 5741/5741/5741 5743/5743/5743 5742/5742/5742 
f 5744/5744/5744 5745/5745/5745 5746/5746/5746 
f 5745/5745/5745 5747/5747/5747 5746/5746/5746 
f 5748/5748/5748 5749/5749/5749 5750/5750/5750 
f 5749/5749/5749 5751/5751/5751 5750/5750/5750 
f 5752/5752/5752 5753/5753/5753 5754/5754/5754 
f 5753/5753/5753 5755/5755/5755 5754/5754/5754 
f 5756/5756/5756 5757/5757/5757 5758/5758/5758 
f 5757/5757/5757 5759/5759/5759 5758/5758/5758 
f 5760/5760/5760 5761/5761/5761 5762/5762/5762 
f 5761/5761/5761 5763/5763/5763 5762/5762/5762 
f 5764/5764/5764 5765/5765/5765 5766/5766/5766 
f 5765/5765/5765 5767/5767/5767 5766/5766/5766 
f 5768/5768/5768 5769/5769/5769 5770/5770/5770 
f 5769/5769/5769 5771/5771/5771 5770/5770/5770 
f 5772/5772/5772 5773/5773/5773 5774/5774/5774 
f 5773/5773/5773 5775/5775/5775 5774/5774/5774 
f 5776/5776/5776 5777/5777/5777 5778/5778/5778 
f 5777/5777/5777 5779/5779/5779 5778/5778/5778 
f 5780/5780/5780 5781/5781/5781 5782/5782/5782 
f 5781/5781/5781 5783/5783/5783 5782/5782/5782 
f 5784/5784/5784 5785/5785/5785 5786/5786/5786 
f 5785/5785/5785 5787/5787/5787 5786/5786/5786 
f 5788/5788/5788 5789/5789/5789 5790/5790/5790 
f 5789/5789/5789 5791/5791/5791 5790/5790/5790 
f 5792/5792/5792 5793/5793/5793 5794/5794/5794 
f 5793/5793/5793 5795/5795/5795 5794/5794/5794 
f 5796/5796/5796 5797/5797/5797 5798/5798/5798 
f 5797/5797/5797 5799/5799/5799 5798/5798/5798 
f 5800/5800/5800 5801/5801/5801 5802/5802/5802 
f 5801/5801/5801 5803/5803/5803 5802/5802/5802 
f 5804/5804/5804 5805/5805/5805 5806/5806/5806 
f 5805/5805/5805 5807/5807/5807 5806/5806/5806 
f 5808/5808/5808 5809/5809/5809 5810/5810/5810 
f 5809/5809/5809 5811/5811/5811 5810/5810/5810 
f 5812/5812/5812 5813/5813/5813 5814/5814/5814 
f 5813/5813/5813 5815/5815/5815 5814/5814/5814 
f 5816/5816/5816 5817/5817/5817 5818/5818/5818 
f 5817/5817/5817 5819/5819/5819 5818/5818/5818 
f 5820/5820/5820 5821/5821/5821 5822/5822/5822 
f 5821/5821/5821 5823/5823/5823 5822/5822/5822 
f 5824/5824/5824 5825/5825/5825 5826/5826/5826 
f 5825/5825/5825 5827/5827/5827 5826/5826/5826 
f 5828/5828/5828 5829/5829/5829 5830/5830/5830 
f 5829/5829/5829 5831/5831/5831 5830/5830/5830 
f 5832/5832/5832 5833/5833/5833 5834/5834/5834 
f 5833/5833/5833 5835/5835/5835 5834/5834/5834 
f 5836/5836/5836 5837/5837/5837 5838/5838/5838 
f 5837/5837/5837 5839/5839/5839 5838/5838/5838 
f 5840/5840/5840 5841/5841/5841 5842/5842/5842 
f 5841/5841/5841 5843/5843/5843 5842/5842/5842 
f 5844/5844/5844 5845/5845/5845 5846/5846/5846 
f 5845/5845/5845 5847/5847/5847 5846/5846/5846 
f 5848/5848/5848 5849/5849/5849 5850/5850/5850 
f 5849/5849/5849 5851/5851/5851 5850/5850/5850 
f 5852/5852/5852 5853/5853/5853 5854/5854/5854 
f 5853/5853/5853 5855/5855/5855 5854/5854/5854 
f 5856/5856/5856 5857/5857/5857 5858/5858/5858 
f 5857/5857/5857 5859/5859/5859 5858/5858/5858 
f 5860/5860/5860 5861/5861/5861 5862/5862/5862 
f 5861/5861/5861 5863/5863/5863 5862/5862/5862 
f 5864/5864/5864 5865/5865/5865 5866/5866/5866 
f 5865/5865/5865 5867/5867/5867 5866/5866/5866 
f 5868/5868/5868 5869/5869/5869 5870/5870/5870 
f 5869/5869/5869 5871/5871/5871 5870/5870/5870 
f 5872/5872/5872 5873/5873/5873 5874/5874/5874 
f 5873/5873/5873 5875/5875/5875 5874/5874/5874 
f 5876/5876/5876 5877/5877/5877 5878/5878/5878 
f 5877/5877/5877 5879/5879/5879 5878/5878/5878 
f 5880/5880/5880 5881/5881/5881 5882/5882/5882 
f 5881/5881/5881 5883/5883/5883 5882/5882/5882 
f 5884/5884/5884 5885/5885/5885 5886/5886/5886 
f 5885/5885/5885 5887/5887/5887 5886/5886/5886 
f 5888/5888/5888 5889/5889/5889 5890/5890/5890 
f 5889/5889/5889 5891/5891/5891 5890/5890/5890 
f 5892/5892/5892 5893/5893/5893 5894/5894/5894 
f 5893/5893/5893 5895/5895/5895 5894/5894/5894 
f 5896/5896/5896 5897/5897/5897 5898/5898/5898 
f 5897/5897/5897 5899/5899/5899 5898/5898/5898 
f 5900/5900/5900 5901/5901/5901 5902/5902/5902 
f 5901/5901/5901 5903/5903/5903 5902/5902/5902 
f 5904/5904/5904 5905/5905/5905 5906/5906/5906 
f 5905/5905/5905 5907/5907/5907 5906/5906/5906 
f 5908/5908/5908 5909/5909/5909 5910/5910/5910 
f 5909/5909/5909 5911/5911/5911 5910/5910/5910 
f 5912/5912/5912 5913/5913/5913 5914/5914/5914 
f 5913/5913/5913 5915/5915/5915 5914/5914/5914 
f 5916/5916/5916 5917/5917/5917 5918/5918/5918 
f 5917/5917/5917 5919/5919/5919 5918/5918/5918 
f 5920/5920/5920 5921/5921/5921 5922/5922/5922 
f 5921/5921/5921 5923/5923/5923 5922/5922/5922 
f 5924/5924/5924 5925/5925/5925 5926/5926/5926 
f 5925/5925/5925 5927/5927/5927 5926/5926/5926 
f 5928/5928/5928 5929/5929/5929 5930/5930/5930 
f 5929/5929/5929 5931/5931/5931 5930/5930/5930 
f 5932/5932/5932 5933/5933/5933 5934/5934/5934 
f 5933/5933/5933 5935/5935/5935 5934/5934/5934 
f 5936/5936/5936 5937/5937/5937 5938/5938/5938 
f 5937/5937/5937 5939/5939/5939 5938/5938/5938 
f 5940/5940/5940 5941/5941/5941 5942/5942/5942 
f 5941/5941/5941 5943/5943/5943 5942/5942/5942 
f 5944/5944/5944 5945/5945/5945 5946/5946/5946 
f 5945/5945/5945 5947/5947/5947 5946/5946/5946 
f 5948/5948/5948 5949/5949/5949 5950/5950/5950 
f 5949/5949/5949 5951/5951/5951 5950/5950/5950 
f 5952/5952/5952 5953/5953/5953 5954/5954/5954 
f 5953/5953/5953 5955/5955/5955 5954/5954/5954 
f 5956/5956/5956 5957/5957/5957 5958/5958/5958 
f 5957/5957/5957 5959/5959/5959 5958/5958/5958 
f 5960/5960/5960 5961/5961/5961 5962/5962/5962 
f 5961/5961/5961 5963/5963/5963 5962/5962/5962 
f 5964/5964/5964 5965/5965/5965 5966/5966/5966 
f 5965/5965/5965 5967/5967/5967 5966/5966/5966 
f 5968/5968/5968 5969/5969/5969 5970/5970/5970 
f 5969/5969/5969 5971/5971/5971 5970/5970/5970 
f 5972/5972/5972 5973/5973/5973 5974/5974/5974 
f 5973/5973/5973 5975/5975/5975 5974/5974/5974 
f 5976/5976/5976 5977/5977/5977 5978/5978/5978 
f 5977/5977/5977 5979/5979/5979 5978/5978/5978 
f 5980/5980/5980 5981/5981/5981 5982/5982/5982 
f 5981/5981/5981 5983/5983/5983 5982/5982/5982 
f 5984/5984/5984 5985/5985/5985 5986/5986/5986 
f 5985/5985/5985 5987/5987/5987 5986/5986/5986 
f 5988/5988/5988 5989/5989/5989 5990/5990/5990 
f 5989/5989/5989 5991/5991/5991 5990/5990/5990 
f 5992/5992/5992 5993/5993/5993 5994/5994/5994 
f 5993/5993/5993 5995/5995/5995 5994/5994/5994 
f 5996/5996/5996 5997/5997/5997 5998/5998/5998 
f 5997/5997/5997 5999/5999/5999 5998/5998/5998 
f 6000/6000/6000 6001/6001/6001 6002/6002/6002 
f 6001/6001/6001 6003/6003/6003 6002/6002/6002 
f 6004/6004/6004 6005/6005/6005 6006/6006/6006 
f 6005/6005/6005 6007/6007/6007 6006/6006/6006 
f 6008/6008/6008 6009/6009/6009 6010/6010/6010 
f 6009/6009/6009 6011/6011/6011 6010/6010/6010 
f 6012/6012/6012 6013/6013/6013 6014/6014/6014 
f 6013/6013/6013 6015/6015/6015 6014/6014/6014 
f 6016/6016/6016 6017/6017/6017 6018/6018/6018 
f 6017/6017/6017 6019/6019/6019 6018/6018/6018 
f 6020/6020/6020 6021/6021/6021 6022/6022/6022 
f 6021/6021/6021 6023/6023/6023 6022/6022/6022 
f 6024/6024/6024 6025/6025/6025 6026/6026/6026 
f 6025/6025/6025 6027/6027/6027 6026/6026/6026 
f 6028/6028/6028 6029/6029/6029 6030/6030/6030 
f 6029/6029/6029 6031/6031/6031 6030/6030/6030 
f 6032/6032/6032 6033/6033/6033 6034/6034/6034 
f 6033/6033/6033 6035/6035/6035 6034/6034/6034 
f 6036/6036/6036 6037/6037/6037 6038/6038/6038 
f 6037/6037/6037 6039/6039/6039 6038/6038/6038 
f 6040/6040/6040 6041/6041/6041 6042/6042/6042 
f 6041/6041/6041 6043/6043/6043 6042/6042/6042 
f 6044/6044/6044 6045/6045/6045 6046/6046/6046 
f 6045/6045/6045 6047/6047/6047 6046/6046/6046 
f 6048/6048/6048 6049/6049/6049 6050/6050/6050 
f 6049/6049/6049 6051/6051/6051 6050/6050/6050 
f 6052/6052/6052 6053/6053/6053 6054/6054/6054 
f 6053/6053/6053 6055/6055/6055 6054/6054/6054 
f 6056/6056/6056 6057/6057/6057 6058/6058/6058 
f 6057/6057/6057 6059/6059/6059 6058/6058/6058 
f 6060/6060/6060 6061/6061/6061 6062/6062/6062 
f 6061/6061/6061 6063/6063/6063 6062/6062/6062 
f 6064/6064/6064 6065/6065/6065 6066/6066/6066 
f 6065/6065/6065 6067/6067/6067 6066/6066/6066 
f 6068/6068/6068 6069/6069/6069 6070/6070/6070 
f 6069/6069/6069 6071/6071/6071 6070/6070/6070 
f 6072/6072/6072 6073/6073/6073 6074/6074/6074 
f 6073/6073/6073 6075/6075/6075 6074/6074/6074 
f 6076/6076/6076 6077/6077/6077 6078/6078/6078 
f 6077/6077/6077 6079/6079/6079 6078/6078/6078 
f 6080/6080/6080 6081/6081/6081 6082/6082/6082 
f 6081/6081/6081 6083/6083/6083 6082/6082/6082 
f 6084/6084/6084 6085/6085/6085 6086/6086/6086 
f 6085/6085/6085 6087/6087/6087 6086/6086/6086 
f 6088/6088/6088 6089/6089/6089 6090/6090/6090 
f 6089/6089/6089 6091/6091/6091 6090/6090/6090 
f 6092/6092/6092 6093/6093/6093 6094/6094/6094 
f 6093/6093/6093 6095/6095/6095 6094/6094/6094 
f 6096/6096/6096 6097/6097/6097 6098/6098/6098 
f 6097/6097/6097 6099/6099/6099 6098/6098/6098 
f 6100/6100/6100 6101/6101/6101 6102/6102/6102 
f 6101/6101/6101 6103/6103/6103 6102/6102/6102 
f 6104/6104/6104 6105/6105/6105 6106/6106/6106 
f 6105/6105/6105 6107/6107/6107 6106/6106/6106 
f 6108/6108/6108 6109/6109/6109 6110/6110/6110 
f 6109/6109/6109 6111/6111/6111 6110/6110/6110 
f 6112/6112/6112 6113/6113/6113 6114/6114/6114 
f 6113/6113/6113 6115/6115/6115 6114/6114/6114 
f 6116/6116/6116 6117/6117/6117 6118/6118/6118 
f 6117/6117/6117 6119/6119/6119 6118/6118/6118 
f 6120/6120/6120 6121/6121/6121 6122/6122/6122 
f 6121/6121/6121 6123/6123/6123 6122/6122/6122 
f 6124/6124/6124 6125/6125/6125 6126/6126/6126 
f 6125/6125/6125 6127/6127/6127 6126/6126/6126 
f 6128/6128/6128 6129/6129/6129 6130/6130/6130 
f 6129/6129/6129 6131/6131/6131 6130/6130/6130 
f 6132/6132/6132 6133/6133/6133 6134/6134/6134 
f 6133/6133/6133 6135/6135/6135 6134/6134/6134 
f 6136/6136/6136 6137/6137/6137 6138/6138/6138 
f 6137/6137/6137 6139/6139/6139 6138/6138/6138 
f 6140/6140/6140 6141/6141/6141 6142/6142/6142 
f 6141/6141/6141 6143/6143/6143 6142/6142/6142 
f 6144/6144/6144 6145/6145/6145 6146/6146/6146 
f 6145/6145/6145 6147/6147/6147 6146/6146/6146 
f 6148/6148/6148 6149/6149/6149 6150/6150/6150 
f 6149/6149/6149 6151/6151/6151 6150/6150/6150 
f 6152/6152/6152 6153/6153/6153 6154/6154/6154 
f 6153/6153/6153 6155/6155/6155 6154/6154/6154 
f 6156/6156/6156 6157/6157/6157 6158/6158/6158 
f 6157/6157/6157 6159/6159/6159 6158/6158/6158 
f 6160/6160/6160 6161/6161/6161 6162/6162/6162 
f 6161/6161/6161 6163/6163/6163 6162/6162/6162 
f 6164/6164/6164 6165/6165/6165 6166/6166/6166 
f 6165/6165/6165 6167/6167/6167 6166/6166/6166 
f 6168/6168/6168 6169/6169/6169 6170/6170/6170 
f 6169/6169/6169 6171/6171/6171 6170/6170/6170 
f 6172/6172/6172 6173/6173/6173 6174/6174/6174 
f 6173/6173/6173 6175/6175/6175 6174/6174/6174 
f 6176/6176/6176 6177/6177/6177 6178/6178/6178 
f 6177/6177/6177 6179/6179/6179 6178/6178/6178 
f 6180/6180/6180 6181/6181/6181 6182/6182/6182 
f 6181/6181/6181 6183/6183/6183 6182/6182/6182 
f 6184/6184/6184 6185/6185/6185 6186/6186/6186 
f 6185/6185/6185 6187/6187/6187 6186/6186/6186 
f 6188/6188/6188 6189/6189/6189 6190/6190/6190 
f 6189/6189/6189 6191/6191/6191 6190/6190/6190 
f 6192/6192/6192 6193/6193/6193 6194/6194/6194 
f 6193/6193/6193 6195/6195/6195 6194/6194/6194 
f 6196/6196/6196 6197/6197/6197 6198/6198/6198 
f 6197/6197/6197 6199/6199/6199 6198/6198/6198 
f 6200/6200/6200 6201/6201/6201 6202/6202/6202 
f 6201/6201/6201 6203/6203/6203 6202/6202/6202 
f 6204/6204/6204 6205/6205/6205 6206/6206/6206 
f 6205/6205/6205 6207/6207/6207 6206/6206/6206 
f 6208/6208/6208 6209/6209/6209 6210/6210/6210 
f 6209/6209/6209 6211/6211/6211 6210/6210/6210 
f 6212/6212/6212 6213/6213/6213 6214/6214/6214 
f 6213/6213/6213 6215/6215/6215 6214/6214/6214 
f 6216/6216/6216 6217/6217/6217 6218/6218/6218 
f 6217/6217/6217 6219/6219/6219 6218/6218/6218 
f 6220/6220/6220 6221/6221/6221 6222/6222/6222 
f 6221/6221/6221 6223/6223/6223 6222/6222/6222 
f 6224/6224/6224 6225/6225/6225 6226/6226/6226 
f 6225/6225/6225 6227/6227/6227 6226/6226/6226 
f 6228/6228/6228 6229/6229/6229 6230/6230/6230 
f 6229/6229/6229 6231/6231/6231 6230/6230/6230 
f 6232/6232/6232 6233/6233/6233 6234/6234/6234 
f 6233/6233/6233 6235/6235/6235 6234/6234/6234 
f 6236/6236/6236 6237/6237/6237 6238/6238/6238 
f 6237/6237/6237 6239/6239/6239 6238/6238/6238 
f 6240/6240/6240 6241/6241/6241 6242/6242/6242 
f 6241/6241/6241 6243/6243/6243 6242/6242/6242 
f 6244/6244/6244 6245/6245/6245 6246/6246/6246 
f 6245/6245/6245 6247/6247/6247 6246/6246/6246 
f 6248/6248/6248 6249/6249/6249 6250/6250/6250 
f 6249/6249/6249 6251/6251/6251 6250/6250/6250 
f 6252/6252/6252 6253/6253/6253 6254/6254/6254 
f 6253/6253/6253 6255/6255/6255 6254/6254/6254 
f 6256/6256/6256 6257/6257/6257 6258/6258/6258 
f 6257/6257/6257 6259/6259/6259 6258/6258/6258 
f 6260/6260/6260 6261/6261/6261 6262/6262/6262 
f 6261/6261/6261 6263/6263/6263 6262/6262/6262 
f 6264/6264/6264 6265/6265/6265 6266/6266/6266 
f 6265/6265/6265 6267/6267/6267 6266/6266/6266 
f 6268/6268/6268 6269/6269/6269 6270/6270/6270 
f 6269/6269/6269 6271/6271/6271 6270/6270/6270 
f 6272/6272/6272 6273/6273/6273 6274/6274/6274 
f 6273/6273/6273 6275/6275/6275 6274/6274/6274 
f 6276/6276/6276 6277/6277/6277 6278/6278/6278 
f 6277/6277/6277 6279/6279/6279 6278/6278/6278 
f 6280/6280/6280 6281/6281/6281 6282/6282/6282 
f 6281/6281/6281 6283/6283/6283 6282/6282/6282 
f 6284/6284/6284 6285/6285/6285 6286/6286/6286 
f 6285/6285/6285 6287/6287/6287 6286/6286/6286 
f 6288/6288/6288 6289/6289/6289 6290/6290/6290 
f 6289/6289/6289 6291/6291/6291 6290/6290/6290 
f 6292/6292/6292 6293/6293/6293 6294/6294/6294 
f 6293/6293/6293 6295/6295/6295 6294/6294/6294 
f 6296/6296/6296 6297/6297/6297 6298/6298/6298 
f 6297/6297/6297 6299/6299/6299 6298/6298/6298 
f 6300/6300/6300 6301/6301/6301 6302/6302/6302 
f 6301/6301/6301 6303/6303/6303 6302/6302/6302 
f 6304/6304/6304 6305/6305/6305 6306/6306/6306 
f 6305/6305/6305 6307/6307/6307 6306/6306/6306 
f 6308/6308/6308 6309/6309/6309 6310/6310/6310 
f 6309/6309/6309 6311/6311/6311 6310/6310/6310 
f 6312/6312/6312 6313/6313/6313 6314/6314/6314 
f 6313/6313/6313 6315/6315/6315 6314/6314/6314 
f 6316/6316/6316 6317/6317/6317 6318/6318/6318 
f 6317/6317/6317 6319/6319/6319 6318/6318/6318 
f 6320/6320/6320 6321/6321/6321 6322/6322/6322 
f 6321/6321/6321 6323/6323/6323 6322/6322/6322 
f 6324/6324/6324 6325/6325/6325 6326/6326/6326 
f 6325/6325/6325 6327/6327/6327 6326/6326/6326 
f 6328/6328/6328 6329/6329/6329 6330/6330/6330 
f 6329/6329/6329 6331/6331/6331 6330/6330/6330 
f 6332/6332/6332 6333/6333/6333 6334/6334/6334 
f 6333/6333/6333 6335/6335/6335 6334/6334/6334 
f 6336/6336/6336 6337/6337/6337 6338/6338/6338 
f 6337/6337/6337 6339/6339/6339 6338/6338/6338 
f 6340/6340/6340 6341/6341/6341 6342/6342/6342 
f 6341/6341/6341 6343/6343/6343 6342/6342/6342 
f 6344/6344/6344 6345/6345/6345 6346/6346/6346 
f 6345/6345/6345 6347/6347/6347 6346/6346/6346 
f 6348/6348/6348 6349/6349/6349 6350/6350/6350 
f 6349/6349/6349 6351/6351/6351 6350/6350/6350 
f 6352/6352/6352 6353/6353/6353 6354/6354/6354 
f 6353/6353/6353 6355/6355/6355 6354/6354/6354 
f 6356/6356/6356 6357/6357/6357 6358/6358/6358 
f 6357/6357/6357 6359/6359/6359 6358/6358/6358 
f 6360/6360/6360 6361/6361/6361 6362/6362/6362 
f 6361/6361/6361 6363/6363/6363 6362/6362/6362 
f 6364/6364/6364 6365/6365/6365 6366/6366/6366 
f 6365/6365/6365 6367/6367/6367 6366/6366/6366 
f 6368/6368/6368 6369/6369/6369 6370/6370/6370 
f 6369/6369/6369 6371/6371/6371 6370/6370/6370 
f 6372/6372/6372 6373/6373/6373 6374/6374/6374 
f 6373/6373/6373 6375/6375/6375 6374/6374/6374 
f 6376/6376/6376 6377/6377/6377 6378/6378/6378 
f 6377/6377/6377 6379/6379/6379 6378/6378/6378 
f 6380/6380/6380 6381/6381/6381 6382/6382/6382 
f 6381/6381/6381 6383/6383/6383 6382/6382/6382 
f 6384/6384/6384 6385/6385/6385 6386/6386/6386 
f 6385/6385/6385 6387/6387/6387 6386/6386/6386 
f 6388/6388/6388 6389/6389/6389 6390/6390/6390 
f 6389/6389/6389 6391/6391/6391 6390/6390/6390 
f 6392/6392/6392 6393/6393/6393 6394/6394/6394 
f 6393/6393/6393 6395/6395/6395 6394/6394/6394 
f 6396/6396/6396 6397/6397/6397 6398/6398/6398 
f 6397/6397/6397 6399/6399/6399 6398/6398/6398 
f 6400/6400/6400 6401/6401/6401 6402/6402/6402 
f 6401/6401/6401 6403/6403/6403 6402/6402/6402 
f 6404/6404/6404 6405/6405/6405 6406/6406/6406 
f 6405/6405/6405 6407/6407/6407 6406/6406/6406 
f 6408/6408/6408 6409/6409/6409 6410/6410/6410 
f 6409/6409/6409 6411/6411/6411 6410/6410/6410 
f 6412/6412/6412 6413/6413/6413 6414/6414/6414 
f 6413/6413/6413 6415/6415/6415 6414/6414/6414 
f 6416/6416/6416 6417/6417/6417 6418/6418/6418 
f 6417/6417/6417 6419/6419/6419 6418/6418/6418 
f 6420/6420/6420 6421/6421/6421 6422/6422/6422 
f 6421/6421/6421 6423/6423/6423 6422/6422/6422 
f 6424/6424/6424 6425/6425/6425 6426/6426/6426 
f 6425/6425/6425 6427/6427/6427 6426/6426/6426 
f 6428/6428/6428 6429/6429/6429 6430/6430/6430 
f 6429/6429/6429 6431/6431/6431 6430/6430/6430 
f 6432/6432/6432 6433/6433/6433 6434/6434/6434 
f 6433/6433/6433 6435/6435/6435 6434/6434/6434 
f 6436/6436/6436 6437/6437/6437 6438/6438/6438 
f 6437/6437/6437 6439/6439/6439 6438/6438/6438 
f 6440/6440/6440 6441/6441/6441 6442/6442/6442 
f 6441/6441/6441 6443/6443/6443 6442/6442/6442 
f 6444/6444/6444 6445/6445/6445 6446/6446/6446 
f 6445/6445/6445 6447/6447/6447 6446/6446/6446 
f 6448/6448/6448 6449/6449/6449 6450/6450/6450 
f 6449/6449/6449 6451/6451/6451 6450/6450/6450 
f 6452/6452/6452 6453/6453/6453 6454/6454/6454 
f 6453/6453/6453 6455/6455/6455 6454/6454/6454 
f 6456/6456/6456 6457/6457/6457 6458/6458/6458 
f 6457/6457/6457 6459/6459/6459 6458/6458/6458 
f 6460/6460/6460 6461/6461/6461 6462/6462/6462 
f 6461/6461/6461 6463/6463/6463 6462/6462/6462 
f 6464/6464/6464 6465/6465/6465 6466/6466/6466 
f 6465/6465/6465 6467/6467/6467 6466/6466/6466 
f 6468/6468/6468 6469/6469/6469 6470/6470/6470 
f 6469/6469/6469 6471/6471/6471 6470/6470/6470 
f 6472/6472/6472 6473/6473/6473 6474/6474/6474 
f 6473/6473/6473 6475/6475/6475 6474/6474/6474 
f 6476/6476/6476 6477/6477/6477 6478/6478/6478 
f 6477/6477/6477 6479/6479/6479 6478/6478/6478 
f 6480/6480/6480 6481/6481/6481 6482/6482/6482 
f 6481/6481/6481 6483/6483/6483 6482/6482/6482 
f 6484/6484/6484 6485/6485/6485 6486/6486/6486 
f 6485/6485/6485 6487/6487/6487 6486/6486/6486 
f 6488/6488/6488 6489/6489/6489 6490/6490/6490 
f 6489/6489/6489 6491/6491/6491 6490/6490/6490 
f 6492/6492/6492 6493/6493/6493 6494/6494/6494 
f 6493/6493/6493 6495/6495/6495 6494/6494/6494 
f 6496/6496/6496 6497/6497/6497 6498/6498/6498 
f 6497/6497/6497 6499/6499/6499 6498/6498/6498 
f 6500/6500/6500 6501/6501/6501 6502/6502/6502 
f 6501/6501/6501 6503/6503/6503 6502/6502/6502 
f 6504/6504/6504 6505/6505/6505 6506/6506/6506 
f 6505/6505/6505 6507/6507/6507 6506/6506/6506 
f 6508/6508/6508 6509/6509/6509 6510/6510/6510 
f 6509/6509/6509 6511/6511/6511 6510/6510/6510 
f 6512/6512/6512 6513/6513/6513 6514/6514/6514 
f 6513/6513/6513 6515/6515/6515 6514/6514/6514 
f 6516/6516/6516 6517/6517/6517 6518/6518/6518 
f 6517/6517/6517 6519/6519/6519 6518/6518/6518 
f 6520/6520/6520 6521/6521/6521 6522/6522/6522 
f 6521/6521/6521 6523/6523/6523 6522/6522/6522 
f 6524/6524/6524 6525/6525/6525 6526/6526/6526 
f 6525/6525/6525 6527/6527/6527 6526/6526/6526 
f 6528/6528/6528 6529/6529/6529 6530/6530/6530 
f 6529/6529/6529 6531/6531/6531 6530/6530/6530 
f 6532/6532/6532 6533/6533/6533 6534/6534/6534 
f 6533/6533/6533 6535/6535/6535 6534/6534/6534 
f 6536/6536/6536 6537/6537/6537 6538/6538/6538 
f 6537/6537/6537 6539/6539/6539 6538/6538/6538 
f 6540/6540/6540 6541/6541/6541 6542/6542/6542 
f 6541/6541/6541 6543/6543/6543 6542/6542/6542 
f 6544/6544/6544 6545/6545/6545 6546/6546/6546 
f 6545/6545/6545 6547/6547/6547 6546/6546/6546 
f 6548/6548/6548 6549/6549/6549 6550/6550/6550 
f 6549/6549/6549 6551/6551/6551 6550/6550/6550 
f 6552/6552/6552 6553/6553/6553 6554/6554/6554 
f 6553/6553/6553 6555/6555/6555 6554/6554/6554 
f 6556/6556/6556 6557/6557/6557 6558/6558/6558 
f 6557/6557/6557 6559/6559/6559 6558/6558/6558 
f 6560/6560/6560 6561/6561/6561 6562/6562/6562 
f 6561/6561/6561 6563/6563/6563 6562/6562/6562 
f 6564/6564/6564 6565/6565/6565 6566/6566/6566 
f 6565/6565/6565 6567/6567/6567 6566/6566/6566 
f 6568/6568/6568 6569/6569/6569 6570/6570/6570 
f 6569/6569/6569 6571/6571/6571 6570/6570/6570 
f 6572/6572/6572 6573/6573/6573 6574/6574/6574 
f 6573/6573/6573 6575/6575/6575 6574/6574/6574 
f 6576/6576/6576 6577/6577/6577 6578/6578/6578 
f 6577/6577/6577 6579/6579/6579 6578/6578/6578 
f 6580/6580/6580 6581/6581/6581 6582/6582/6582 
f 6581/6581/6581 6583/6583/6583 6582/6582/6582 
f 6584/6584/6584 6585/6585/6585 6586/6586/6586 
f 6585/6585/6585 6587/6587/6587 6586/6586/6586 
f 6588/6588/6588 6589/6589/6589 6590/6590/6590 
f 6589/6589/6589 6591/6591/6591 6590/6590/6590 
f 6592/6592/6592 6593/6593/6593 6594/6594/6594 
f 6593/6593/6593 6595/6595/6595 6594/6594/6594 
f 6596/6596/6596 6597/6597/6597 6598/6598/6598 
f 6597/6597/6597 6599/6599/6599 6598/6598/6598 
f 6600/6600/6600 6601/6601/6601 6602/6602/6602 
f 6601/6601/6601 6603/6603/6603 6602/6602/6602 
f 6604/6604/6604 6605/6605/6605 6606/6606/6606 
f 6605/6605/6605 6607/6607/6607 6606/6606/6606 
f 6608/6608/6608 6609/6609/6609 6610/6610/6610 
f 6609/6609/6609 6611/6611/6611 6610/6610/6610 
f 6612/6612/6612 6613/6613/6613 6614/6614/6614 
f 6613/6613/6613 6615/6615/6615 6614/6614/6614 
f 6616/6616/6616 6617/6617/6617 6618/6618/6618 
f 6617/6617/6617 6619/6619/6619 6618/6618/6618 
f 6620/6620/6620 6621/6621/6621 6622/6622/6622 
f 6621/6621/6621 6623/6623/6623 6622/6622/6622 
f 6624/6624/6624 6625/6625/6625 6626/6626/6626 
f 6625/6625/6625 6627/6627/6627 6626/6626/6626 
f 6628/6628/6628 6629/6629/6629 6630/6630/6630 
f 6629/6629/6629 6631/6631/6631 6630/6630/6630 
f 6632/6632/6632 6633/6633/6633 6634/6634/6634 
f 6633/6633/6633 6635/6635/6635 6634/6634/6634 
f 6636/6636/6636 6637/6637/6637 6638/6638/6638 
f 6637/6637/6637 6639/6639/6639 6638/6638/6638 
f 6640/6640/6640 6641/6641/6641 6642/6642/6642 
f 6641/6641/6641 6643/6643/6643 6642/6642/6642 
f 6644/6644/6644 6645/6645/6645 6646/6646/6646 
f 6645/6645/6645 6647/6647/6647 6646/6646/6646 
f 6648/6648/6648 6649/6649/6649 6650/6650/6650 
f 6649/6649/6649 6651/6651/6651 6650/6650/6650 
f 6652/6652/6652 6653/6653/6653 6654/6654/6654 
f 6653/6653/6653 6655/6655/6655 6654/6654/6654 
f 6656/6656/6656 6657/6657/6657 6658/6658/6658 
f 6657/6657/6657 6659/6659/6659 6658/6658/6658 
f 6660/6660/6660 6661/6661/6661 6662/6662/6662 
f 6661/6661/6661 6663/6663/6663 6662/6662/6662 
f 6664/6664/6664 6665/6665/6665 6666/6666/6666 
f 6665/6665/6665 6667/6667/6667 6666/6666/6666 
f 6668/6668/6668 6669/6669/6669 6670/6670/6670 
f 6669/6669/6669 6671/6671/6671 6670/6670/6670 
f 6672/6672/6672 6673/6673/6673 6674/6674/6674 
f 6673/6673/6673 6675/6675/6675 6674/6674/6674 
f 6676/6676/6676 6677/6677/6677 6678/6678/6678 
f 6677/6677/6677 6679/6679/6679 6678/6678/6678 
f 6680/6680/6680 6681/6681/6681 6682/6682/6682 
f 6681/6681/6681 6683/6683/6683 6682/6682/6682 
f 6684/6684/6684 6685/6685/6685 6686/6686/6686 
f 6685/6685/6685 6687/6687/6687 6686/6686/6686 
f 6688/6688/6688 6689/6689/6689 6690/6690/6690 
f 6689/6689/6689 6691/6691/6691 6690/6690/6690 
f 6692/6692/6692 6693/6693/6693 6694/6694/6694 
f 6693/6693/6693 6695/6695/6695 6694/6694/6694 
f 6696/6696/6696 6697/6697/6697 6698/6698/6698 
f 6697/6697/6697 6699/6699/6699 6698/6698/6698 
f 6700/6700/6700 6701/6701/6701 6702/6702/6702 
f 6701/6701/6701 6703/6703/6703 6702/6702/6702 
f 6704/6704/6704 6705/6705/6705 6706/6706/6706 
f 6705/6705/6705 6707/6707/6707 6706/6706/6706 
f 6708/6708/6708 6709/6709/6709 6710/6710/6710 
f 6709/6709/6709 6711/6711/6711 6710/6710/6710 
f 6712/6712/6712 6713/6713/6713 6714/6714/6714 
f 6713/6713/6713 6715/6715/6715 6714/6714/6714 
f 6716/6716/6716 6717/6717/6717 6718/6718/6718 
f 6717/6717/6717 6719/6719/6719 6718/6718/6718 
f 6720/6720/6720 6721/6721/6721 6722/6722/6722 
f 6721/6721/6721 6723/6723/6723 6722/6722/6722 
f 6724/6724/6724 6725/6725/6725 6726/6726/6726 
f 6725/6725/6725 6727/6727/6727 6726/6726/6726 
f 6728/6728/6728 6729/6729/6729 6730/6730/6730 
f 6729/6729/6729 6731/6731/6731 6730/6730/6730 
f 6732/6732/6732 6733/6733/6733 6734/6734/6734 
f 6733/6733/6733 6735/6735/6735 6734/6734/6734 
f 6736/6736/6736 6737/6737/6737 6738/6738/6738 
f 6737/6737/6737 6739/6739/6739 6738/6738/6738 
f 6740/6740/6740 6741/6741/6741 6742/6742/6742 
f 6741/6741/6741 6743/6743/6743 6742/6742/6742 
f 6744/6744/6744 6745/6745/6745 6746/6746/6746 
f 6745/6745/6745 6747/6747/6747 6746/6746/6746 
f 6748/6748/6748 6749/6749/6749 6750/6750/6750 
f 6749/6749/6749 6751/6751/6751 6750/6750/6750 
f 6752/6752/6752 6753/6753/6753 6754/6754/6754 
f 6753/6753/6753 6755/6755/6755 6754/6754/6754 
f 6756/6756/6756 6757/6757/6757 6758/6758/6758 
f 6757/6757/6757 6759/6759/6759 6758/6758/6758 
f 6760/6760/6760 6761/6761/6761 6762/6762/6762 
f 6761/6761/6761 6763/6763/6763 6762/6762/6762 
f 6764/6764/6764 6765/6765/6765 6766/6766/6766 
f 6765/6765/6765 6767/6767/6767 6766/6766/6766 
f 6768/6768/6768 6769/6769/6769 6770/6770/6770 
f 6769/6769/6769 6771/6771/6771 6770/6770/6770 
f 6772/6772/6772 6773/6773/6773 6774/6774/6774 
f 6773/6773/6773 6775/6775/6775 6774/6774/6774 
f 6776/6776/6776 6777/6777/6777 6778/6778/6778 
f 6777/6777/6777 6779/6779/6779 6778/6778/6778 
f 6780/6780/6780 6781/6781/6781 6782/6782/6782 
f 6781/6781/6781 6783/6783/6783 6782/6782/6782 
f 6784/6784/6784 6785/6785/6785 6786/6786/6786 
f 6785/6785/6785 6787/6787/6787 6786/6786/6786 
f 6788/6788/6788 6789/6789/6789 6790/6790/6790 
f 6789/6789/6789 6791/6791/6791 6790/6790/6790 
f 6792/6792/6792 6793/6793/6793 6794/6794/6794 
f 6793/6793/6793 6795/6795/6795 6794/6794/6794 
f 6796/6796/6796 6797/6797/6797 6798/6798/6798 
f 6797/6797/6797 6799/6799/6799 6798/6798/6798 
f 6800/6800/6800 6801/6801/6801 6802/6802/6802 
f 6801/6801/6801 6803/6803/6803 6802/6802/6802 
f 6804/6804/6804 6805/6805/6805 6806/6806/6806 
f 6805/6805/6805 6807/6807/6807 6806/6806/6806 
f 6808/6808/6808 6809/6809/6809 6810/6810/6810 
f 6809/6809/6809 6811/6811/6811 6810/6810/6810 
f 6812/6812/6812 6813/6813/6813 6814/6814/6814 
f 6813/6813/6813 6815/6815/6815 6814/6814/6814 
f 6816/6816/6816 6817/6817/6817 6818/6818/6818 
f 6817/6817/6817 6819/6819/6819 6818/6818/6818 
f 6820/6820/6820 6821/6821/6821 6822/6822/6822 
f 6821/6821/6821 6823/6823/6823 6822/6822/6822 
f 6824/6824/6824 6825/6825/6825 6826/6826/6826 
f 6825/6825/6825 6827/6827/6827 6826/6826/6826 
f 6828/6828/6828 6829/6829/6829 6830/6830/6830 
f 6829/6829/6829 6831/6831/6831 6830/6830/6830 
f 6832/6832/6832 6833/6833/6833 6834/6834/6834 
f 6833/6833/6833 6835/6835/6835 6834/6834/6834 
f 6836/6836/6836 6837/6837/6837 6838/6838/6838 
f 6837/6837/6837 6839/6839/6839 6838/6838/6838 
f 6840/6840/6840 6841/6841/6841 6842/6842/6842 
f 6841/6841/6841 6843/6843/6843 6842/6842/6842 
f 6844/6844/6844 6845/6845/6845 6846/6846/6846 
f 6845/6845/6845 6847/6847/6847 6846/6846/6846 
f 6848/6848/6848 6849/6849/6849 6850/6850/6850 
f 6849/6849/6849 6851/6851/6851 6850/6850/6850 
f 6852/6852/6852 6853/6853/6853 6854/6854/6854 
f 6853/6853/6853 6855/6855/6855 6854/6854/6854 
f 6856/6856/6856 6857/6857/6857 6858/6858/6858 
f 6857/6857/6857 6859/6859/6859 6858/6858/6858 
f 6860/6860/6860 6861/6861/6861 6862/6862/6862 
f 6861/6861/6861 6816/6816/6816 6862/6862/6862 
f 6863/6863/6863 6864/6864/6864 6865/6865/6865 
f 6864/6864/6864 6820/6820/6820 6865/6865/6865 
f 6866/6866/6866 6867/6867/6867 6868/6868/6868 
f 6867/6867/6867 6824/6824/6824 6868/6868/6868 
f 6869/6869/6869 6870/6870/6870 6871/6871/6871 
f 6870/6870/6870 6828/6828/6828 6871/6871/6871 
f 6872/6872/6872 6873/6873/6873 6874/6874/6874 
f 6873/6873/6873 6832/6832/6832 6874/6874/6874 
f 6875/6875/6875 6876/6876/6876 6877/6877/6877 
f 6876/6876/6876 6836/6836/6836 6877/6877/6877 
f 6878/6878/6878 6879/6879/6879 6880/6880/6880 
f 6879/6879/6879 6840/6840/6840 6880/6880/6880 
f 6881/6881/6881 6882/6882/6882 6883/6883/6883 
f 6882/6882/6882 6844/6844/6844 6883/6883/6883 
f 6884/6884/6884 6885/6885/6885 6886/6886/6886 
f 6885/6885/6885 6848/6848/6848 6886/6886/6886 
f 6887/6887/6887 6888/6888/6888 6889/6889/6889 
f 6888/6888/6888 6852/6852/6852 6889/6889/6889 
f 6890/6890/6890 6891/6891/6891 6892/6892/6892 
f 6891/6891/6891 6856/6856/6856 6892/6892/6892 
f 6893/6893/6893 6894/6894/6894 6895/6895/6895 
f 6894/6894/6894 6812/6812/6812 6895/6895/6895 
f 6896/6896/6896 6896/6896/6896 6897/6897/6897 
f 6896/6896/6896 6897/6897/6897 6897/6897/6897 
f 6897/6897/6897 6897/6897/6897 6898/6898/6898 
f 6897/6897/6897 6898/6898/6898 6898/6898/6898 
f 6898/6898/6898 6898/6898/6898 6899/6899/6899 
f 6898/6898/6898 6899/6899/6899 6899/6899/6899 
f 6899/6899/6899 6899/6899/6899 6900/6900/6900 
f 6899/6899/6899 6900/6900/6900 6900/6900/6900 
f 6900/6900/6900 6900/6900/6900 6901/6901/6901 
f 6900/6900/6900 6901/6901/6901 6901/6901/6901 
f 6901/6901/6901 6901/6901/6901 6902/6902/6902 
f 6901/6901/6901 6902/6902/6902 6902/6902/6902 
f 6902/6902/6902 6902/6902/6902 6903/6903/6903 
f 6902/6902/6902 6903/6903/6903 6903/6903/6903 
f 6903/6903/6903 6903/6903/6903 6904/6904/6904 
f 6903/6903/6903 6904/6904/6904 6904/6904/6904 
f 6904/6904/6904 6904/6904/6904 6905/6905/6905 
f 6904/6904/6904 6905/6905/6905 6905/6905/6905 
f 6905/6905/6905 6905/6905/6905 6906/6906/6906 
f 6905/6905/6905 6906/6906/6906 6906/6906/6906 
f 6906/6906/6906 6906/6906/6906 6907/6907/6907 
f 6906/6906/6906 6907/6907/6907 6907/6907/6907 
f 6907/6907/6907 6907/6907/6907 6896/6896/6896 
f 6907/6907/6907 6896/6896/6896 6896/6896/6896 
f 6908/6908/6908 6909/6909/6909 6910/6910/6910 
f 6909/6909/6909 6911/6911/6911 6910/6910/6910 
f 6912/6912/6912 6913/6913/6913 6914/6914/6914 
f 6913/6913/6913 6915/6915/6915 6914/6914/6914 
f 6916/6916/6916 6917/6917/6917 6918/6918/6918 
f 6917/6917/6917 6919/6919/6919 6918/6918/6918 
f 6920/6920/6920 6921/6921/6921 6922/6922/6922 
f 6921/6921/6921 6923/6923/6923 6922/6922/6922 
f 6924/6924/6924 6925/6925/6925 6926/6926/6926 
f 6925/6925/6925 6927/6927/6927 6926/6926/6926 
f 6928/6928/6928 6929/6929/6929 6930/6930/6930 
f 6929/6929/6929 6931/6931/6931 6930/6930/6930 
f 6932/6932/6932 6933/6933/6933 6934/6934/6934 
f 6933/6933/6933 6935/6935/6935 6934/6934/6934 
f 6936/6936/6936 6937/6937/6937 6938/6938/6938 
f 6937/6937/6937 6939/6939/6939 6938/6938/6938 
f 6940/6940/6940 6941/6941/6941 6942/6942/6942 
f 6941/6941/6941 6943/6943/6943 6942/6942/6942 
f 6944/6944/6944 6945/6945/6945 6946/6946/6946 
f 6945/6945/6945 6947/6947/6947 6946/6946/6946 
f 6948/6948/6948 6949/6949/6949 6950/6950/6950 
f 6949/6949/6949 6951/6951/6951 6950/6950/6950 
f 6952/6952/6952 6953/6953/6953 6954/6954/6954 
f 6953/6953/6953 6955/6955/6955 6954/6954/6954 
f 6912/6912/6912 6956/6956/6956 6957/6957/6957 
f 6956/6956/6956 6958/6958/6958 6957/6957/6957 
f 6916/6916/6916 6959/6959/6959 6960/6960/6960 
f 6959/6959/6959 6961/6961/6961 6960/6960/6960 
f 6920/6920/6920 6962/6962/6962 6963/6963/6963 
f 6962/6962/6962 6964/6964/6964 6963/6963/6963 
f 6924/6924/6924 6965/6965/6965 6966/6966/6966 
f 6965/6965/6965 6967/6967/6967 6966/6966/6966 
f 6928/6928/6928 6968/6968/6968 6969/6969/6969 
f 6968/6968/6968 6970/6970/6970 6969/6969/6969 
f 6932/6932/6932 6971/6971/6971 6972/6972/6972 
f 6971/6971/6971 6973/6973/6973 6972/6972/6972 
f 6936/6936/6936 6974/6974/6974 6975/6975/6975 
f 6974/6974/6974 6976/6976/6976 6975/6975/6975 
f 6940/6940/6940 6977/6977/6977 6978/6978/6978 
f 6977/6977/6977 6979/6979/6979 6978/6978/6978 
f 6944/6944/6944 6980/6980/6980 6981/6981/6981 
f 6980/6980/6980 6982/6982/6982 6981/6981/6981 
f 6948/6948/6948 6983/6983/6983 6984/6984/6984 
f 6983/6983/6983 6985/6985/6985 6984/6984/6984 
f 6952/6952/6952 6986/6986/6986 6987/6987/6987 
f 6986/6986/6986 6988/6988/6988 6987/6987/6987 
f 6908/6908/6908 6989/6989/6989 6990/6990/6990 
f 6989/6989/6989 6991/6991/6991 6990/6990/6990 
f 6992/6992/6992 6992/6992/6992 6992/6992/6992 
f 6992/6992/6992 6992/6992/6992 6992/6992/6992 
f 6992/6992/6992 6992/6992/6992 6992/6992/6992 
f 6992/6992/6992 6992/6992/6992 6992/6992/6992 
f 6992/6992/6992 6992/6992/6992 6992/6992/6992 
f 6992/6992/6992 6992/6992/6992 6992/6992/6992 
f 6992/6992/6992 6992/6992/6992 6992/6992/6992 
f 6992/6992/6992 6992/6992/6992 6992/6992/6992 
f 6992/6992/6992 6992/6992/6992 6992/6992/6992 
f 6992/6992/6992 6992/6992/6992 6992/6992/6992 
f 6992/6992/6992 6992/6992/6992 6992/6992/6992 
f 6992/6992/6992 6992/6992/6992 6992/6992/6992 
f 6993/6993/6993 6994/6994/6994 6995/6995/6995 
f 6994/6994/6994 6996/6996/6996 6995/6995/6995 
f 6997/6997/6997 6998/6998/6998 6999/6999/6999 
f 6998/6998/6998 7000/7000/7000 6999/6999/6999 
f 6958/6958/6958 7001/7001/7001 7002/7002/7002 
f 7001/7001/7001 7003/7003/7003 7002/7002/7002 
f 7004/7004/7004 7005/7005/7005 7006/7006/7006 
f 7005/7005/7005 7007/7007/7007 7006/7006/7006 
f 7008/7008/7008 7009/7009/7009 7010/7010/7010 
f 7009/7009/7009 7011/7011/7011 7010/7010/7010 
f 6961/6961/6961 7012/7012/7012 7013/7013/7013 
f 7012/7012/7012 7014/7014/7014 7013/7013/7013 
f 7015/7015/7015 7016/7016/7016 7017/7017/7017 
f 7016/7016/7016 7018/7018/7018 7017/7017/7017 
f 7019/7019/7019 7020/7020/7020 7021/7021/7021 
f 7020/7020/7020 7022/7022/7022 7021/7021/7021 
f 6964/6964/6964 7023/7023/7023 7024/7024/7024 
f 7023/7023/7023 7025/7025/7025 7024/7024/7024 
f 7026/7026/7026 7027/7027/7027 7028/7028/7028 
f 7027/7027/7027 7029/7029/7029 7028/7028/7028 
f 7030/7030/7030 7031/7031/7031 7032/7032/7032 
f 7031/7031/7031 7033/7033/7033 7032/7032/7032 
f 6967/6967/6967 7034/7034/7034 7035/7035/7035 
f 7034/7034/7034 7036/7036/7036 7035/7035/7035 
f 7037/7037/7037 7038/7038/7038 7039/7039/7039 
f 7038/7038/7038 7040/7040/7040 7039/7039/7039 
f 7041/7041/7041 7042/7042/7042 7043/7043/7043 
f 7042/7042/7042 7044/7044/7044 7043/7043/7043 
f 6970/6970/6970 7045/7045/7045 7046/7046/7046 
f 7045/7045/7045 7047/7047/7047 7046/7046/7046 
f 7048/7048/7048 7049/7049/7049 7050/7050/7050 
f 7049/7049/7049 7051/7051/7051 7050/7050/7050 
f 7052/7052/7052 7053/7053/7053 7054/7054/7054 
f 7053/7053/7053 7055/7055/7055 7054/7054/7054 
f 6973/6973/6973 7056/7056/7056 7057/7057/7057 
f 7056/7056/7056 7058/7058/7058 7057/7057/7057 
f 7059/7059/7059 7060/7060/7060 7061/7061/7061 
f 7060/7060/7060 7062/7062/7062 7061/7061/7061 
f 7063/7063/7063 7064/7064/7064 7065/7065/7065 
f 7064/7064/7064 7066/7066/7066 7065/7065/7065 
f 6976/6976/6976 7067/7067/7067 7068/7068/7068 
f 7067/7067/7067 7069/7069/7069 7068/7068/7068 
f 7070/7070/7070 7071/7071/7071 7072/7072/7072 
f 7071/7071/7071 7073/7073/7073 7072/7072/7072 
f 7074/7074/7074 7075/7075/7075 7076/7076/7076 
f 7075/7075/7075 7077/7077/7077 7076/7076/7076 
f 6979/6979/6979 7078/7078/7078 7079/7079/7079 
f 7078/7078/7078 7080/7080/7080 7079/7079/7079 
f 7081/7081/7081 7082/7082/7082 7083/7083/7083 
f 7082/7082/7082 7084/7084/7084 7083/7083/7083 
f 7085/7085/7085 7086/7086/7086 7087/7087/7087 
f 7086/7086/7086 7088/7088/7088 7087/7087/7087 
f 6982/6982/6982 7089/7089/7089 7090/7090/7090 
f 7089/7089/7089 7091/7091/7091 7090/7090/7090 
f 7092/7092/7092 7093/7093/7093 7094/7094/7094 
f 7093/7093/7093 7095/7095/7095 7094/7094/7094 
f 7096/7096/7096 7097/7097/7097 7098/7098/7098 
f 7097/7097/7097 7099/7099/7099 7098/7098/7098 
f 6985/6985/6985 7100/7100/7100 7101/7101/7101 
f 7100/7100/7100 7102/7102/7102 7101/7101/7101 
f 7103/7103/7103 7104/7104/7104 7105/7105/7105 
f 7104/7104/7104 7106/7106/7106 7105/7105/7105 
f 7107/7107/7107 7108/7108/7108 7109/7109/7109 
f 7108/7108/7108 7110/7110/7110 7109/7109/7109 
f 6988/6988/6988 7111/7111/7111 7112/7112/7112 
f 7111/7111/7111 7113/7113/7113 7112/7112/7112 
f 7114/7114/7114 7115/7115/7115 7116/7116/7116 
f 7115/7115/7115 7117/7117/7117 7116/7116/7116 
f 7118/7118/7118 7119/7119/7119 7120/7120/7120 
f 7119/7119/7119 7121/7121/7121 7120/7120/7120 
f 6991/6991/6991 7122/7122/7122 7123/7123/7123 
f 7122/7122/7122 7124/7124/7124 7123/7123/7123 
f 7125/7125/7125 7126/7126/7126 7127/7127/7127 
f 7126/7126/7126 7128/7128/7128 7127/7127/7127 
f 7129/7129/7129 7130/7130/7130 7131/7131/7131 
f 7130/7130/7130 7132/7132/7132 7131/7131/7131 
f 7133/7133/7133 7134/7134/7134 7135/7135/7135 
f 7134/7134/7134 7136/7136/7136 7135/7135/7135 
f 7137/7137/7137 7138/7138/7138 7139/7139/7139 
f 7140/7140/7140 7141/7141/7141 7142/7142/7142 
f 7141/7141/7141 7143/7143/7143 7142/7142/7142 
f 7144/7144/7144 7145/7145/7145 7146/7146/7146 
f 7145/7145/7145 7147/7147/7147 7146/7146/7146 
f 7148/7148/7148 7149/7149/7149 7150/7150/7150 
f 7149/7149/7149 7151/7151/7151 7150/7150/7150 
f 7152/7152/7152 7153/7153/7153 7154/7154/7154 
f 7155/7155/7155 7156/7156/7156 7157/7157/7157 
f 7156/7156/7156 7158/7158/7158 7157/7157/7157 
f 7159/7159/7159 7160/7160/7160 7161/7161/7161 
f 7160/7160/7160 7162/7162/7162 7161/7161/7161 
f 7163/7163/7163 7164/7164/7164 7165/7165/7165 
f 7164/7164/7164 7166/7166/7166 7165/7165/7165 
f 7167/7167/7167 7168/7168/7168 7169/7169/7169 
f 7170/7170/7170 7171/7171/7171 7172/7172/7172 
f 7171/7171/7171 7173/7173/7173 7172/7172/7172 
f 7174/7174/7174 7175/7175/7175 7176/7176/7176 
f 7175/7175/7175 7177/7177/7177 7176/7176/7176 
f 7178/7178/7178 7179/7179/7179 7180/7180/7180 
f 7179/7179/7179 7181/7181/7181 7180/7180/7180 
f 7182/7182/7182 7183/7183/7183 7184/7184/7184 
f 7185/7185/7185 7186/7186/7186 7187/7187/7187 
f 7186/7186/7186 7188/7188/7188 7187/7187/7187 
f 7189/7189/7189 7190/7190/7190 7191/7191/7191 
f 7190/7190/7190 7192/7192/7192 7191/7191/7191 
f 7193/7193/7193 7194/7194/7194 7195/7195/7195 
f 7194/7194/7194 7196/7196/7196 7195/7195/7195 
f 7197/7197/7197 7198/7198/7198 7199/7199/7199 
f 7200/7200/7200 7201/7201/7201 7202/7202/7202 
f 7201/7201/7201 7203/7203/7203 7202/7202/7202 
f 7204/7204/7204 7205/7205/7205 7206/7206/7206 
f 7205/7205/7205 7207/7207/7207 7206/7206/7206 
f 7208/7208/7208 7209/7209/7209 7210/7210/7210 
f 7209/7209/7209 7211/7211/7211 7210/7210/7210 
f 7212/7212/7212 7213/7213/7213 7214/7214/7214 
f 7215/7215/7215 7216/7216/7216 7217/7217/7217 
f 7216/7216/7216 7218/7218/7218 7217/7217/7217 
f 7219/7219/7219 7220/7220/7220 7221/7221/7221 
f 7220/7220/7220 7222/7222/7222 7221/7221/7221 
f 7223/7223/7223 7224/7224/7224 7225/7225/7225 
f 7224/7224/7224 7226/7226/7226 7225/7225/7225 
f 7227/7227/7227 7228/7228/7228 7229/7229/7229 
f 7230/7230/7230 7231/7231/7231 7232/7232/7232 
f 7231/7231/7231 7233/7233/7233 7232/7232/7232 
f 7234/7234/7234 7235/7235/7235 7236/7236/7236 
f 7235/7235/7235 7237/7237/7237 7236/7236/7236 
f 7238/7238/7238 7239/7239/7239 7240/7240/7240 
f 7239/7239/7239 7241/7241/7241 7240/7240/7240 
f 7242/7242/7242 7243/7243/7243 7244/7244/7244 
f 7245/7245/7245 7246/7246/7246 7247/7247/7247 
f 7246/7246/7246 7248/7248/7248 7247/7247/7247 
f 7249/7249/7249 7250/7250/7250 7251/7251/7251 
f 7250/7250/7250 7252/7252/7252 7251/7251/7251 
f 7253/7253/7253 7254/7254/7254 7255/7255/7255 
f 7254/7254/7254 7256/7256/7256 7255/7255/7255 
f 7257/7257/7257 7258/7258/7258 7259/7259/7259 
f 7260/7260/7260 7261/7261/7261 7262/7262/7262 
f 7261/7261/7261 7263/7263/7263 7262/7262/7262 
f 7264/7264/7264 7265/7265/7265 7266/7266/7266 
f 7265/7265/7265 7267/7267/7267 7266/7266/7266 
f 7268/7268/7268 7269/7269/7269 7270/7270/7270 
f 7269/7269/7269 7271/7271/7271 7270/7270/7270 
f 7272/7272/7272 7273/7273/7273 7274/7274/7274 
f 7275/7275/7275 7276/7276/7276 7277/7277/7277 
f 7276/7276/7276 7278/7278/7278 7277/7277/7277 
f 7279/7279/7279 7280/7280/7280 7281/7281/7281 
f 7280/7280/7280 7282/7282/7282 7281/7281/7281 
f 7283/7283/7283 7284/7284/7284 7285/7285/7285 
f 7284/7284/7284 7286/7286/7286 7285/7285/7285 
f 7287/7287/7287 7288/7288/7288 7289/7289/7289 
f 7290/7290/7290 7291/7291/7291 7292/7292/7292 
f 7291/7291/7291 7293/7293/7293 7292/7292/7292 
f 7294/7294/7294 7295/7295/7295 7296/7296/7296 
f 7295/7295/7295 7297/7297/7297 7296/7296/7296 
f 7298/7298/7298 7299/7299/7299 7300/7300/7300 
f 7299/7299/7299 7301/7301/7301 7300/7300/7300 
f 7302/7302/7302 7303/7303/7303 7304/7304/7304 

