# Blender 5.1.1
# www.blender.org
mtllib Sans.mtl
o Cube_016
v 0.450933 3.988790 0.493274
v 0.427369 3.991909 0.498473
v 0.428326 3.993851 0.482738
v 0.450235 3.990804 0.476685
v 0.429547 4.002486 0.469586
v 0.449823 3.999994 0.462886
v 0.407882 4.001996 0.502821
v 0.410190 4.003413 0.488020
v 0.415863 4.007950 0.476985
v 0.472399 3.994520 0.472958
v 0.474653 3.992621 0.488086
v 0.491080 4.004629 0.470045
v 0.494604 4.003287 0.483771
v 0.470411 4.003106 0.460404
v 0.484730 4.008987 0.461540
v 0.473774 3.997212 0.503945
v 0.451786 3.993726 0.509874
v 0.472916 4.007990 0.517250
v 0.452663 4.005289 0.523706
v 0.492273 4.007064 0.498816
v 0.486762 4.013081 0.509994
v 0.429836 3.996562 0.513498
v 0.411662 4.005887 0.516320
v 0.432331 4.007410 0.525962
v 0.418323 4.012101 0.524716
v 0.453249 4.092242 0.493440
v 0.452404 4.087496 0.477001
v 0.430361 4.084004 0.483019
v 0.429545 4.088451 0.498629
v 0.411794 4.074101 0.488220
v 0.409603 4.077806 0.502945
v 0.451531 4.076028 0.463250
v 0.431146 4.073283 0.469902
v 0.417226 4.068112 0.477214
v 0.431857 4.086396 0.513508
v 0.453938 4.090036 0.509868
v 0.433908 4.077728 0.525873
v 0.454346 4.080752 0.523586
v 0.413257 4.076372 0.516349
v 0.419672 4.071952 0.524682
v 0.475767 4.086977 0.503954
v 0.476797 4.089081 0.488240
v 0.493827 4.077446 0.498842
v 0.496275 4.078974 0.483891
v 0.474476 4.078264 0.517160
v 0.488084 4.072864 0.509958
v 0.474407 4.084603 0.473236
v 0.471992 4.073858 0.460719
v 0.492643 4.075214 0.470243
v 0.486067 4.069081 0.461768
v 0.392889 4.039677 0.506367
v 0.395965 4.038349 0.489200
v 0.399345 4.019239 0.489434
v 0.396397 4.019062 0.505459
v 0.407132 4.037369 0.472926
v 0.409839 4.019739 0.474229
v 0.401003 4.021860 0.519843
v 0.397769 4.041116 0.521786
v 0.412807 4.024550 0.530168
v 0.410353 4.042432 0.532841
v 0.401875 4.060284 0.519865
v 0.397337 4.060402 0.505527
v 0.413608 4.060046 0.530140
v 0.400222 4.057760 0.489538
v 0.410649 4.055437 0.474373
v 0.454022 4.043937 0.534723
v 0.430390 4.043389 0.536916
v 0.431455 4.024049 0.534013
v 0.453434 4.023152 0.531991
v 0.475231 4.024654 0.524716
v 0.477395 4.044024 0.526971
v 0.493216 4.025672 0.512983
v 0.496656 4.043609 0.514451
v 0.476081 4.062922 0.524642
v 0.454350 4.064261 0.531896
v 0.493999 4.061124 0.512954
v 0.432313 4.062337 0.533940
v 0.511293 4.041356 0.480347
v 0.507954 4.042647 0.497956
v 0.503756 4.023325 0.497589
v 0.506861 4.020670 0.481189
v 0.502539 4.020764 0.466438
v 0.506675 4.039951 0.464486
v 0.490908 4.020951 0.455933
v 0.494222 4.038652 0.453211
v 0.503388 4.059216 0.466541
v 0.507769 4.061928 0.481254
v 0.491700 4.056605 0.456075
v 0.504600 4.061678 0.497608
v 0.450160 4.037095 0.451991
v 0.474055 4.037678 0.449356
v 0.472086 4.018576 0.452269
v 0.449823 4.016581 0.454657
v 0.427870 4.017910 0.462307
v 0.426524 4.036972 0.460185
v 0.428742 4.056519 0.462504
v 0.450756 4.058069 0.454884
v 0.472949 4.057161 0.452466
v 0.460596 3.895573 0.440314
v 0.451824 3.905768 0.421502
v 0.508920 3.915364 0.396465
v 0.521291 3.905768 0.412012
v 0.556702 3.943852 0.375772
v 0.571920 3.936205 0.388403
v 0.444507 3.936205 0.405811
v 0.497896 3.943852 0.383806
v 0.535995 3.959345 0.371898
v 0.525248 3.915364 0.431481
v 0.469368 3.905768 0.459126
v 0.527859 3.943852 0.448063
v 0.476685 3.936205 0.474817
v 0.571814 3.943852 0.408180
v 0.561472 3.959345 0.426532
v 0.412272 3.915364 0.484163
v 0.399901 3.905768 0.468616
v 0.364490 3.943852 0.504856
v 0.349272 3.936205 0.492225
v 0.423296 3.943852 0.496822
v 0.385196 3.959345 0.508730
v 0.395944 3.915364 0.449147
v 0.393332 3.943852 0.432565
v 0.349378 3.943852 0.472448
v 0.359720 3.959345 0.454096
v 0.460596 4.199039 0.440314
v 0.521291 4.188845 0.412011
v 0.508920 4.179248 0.396465
v 0.451824 4.188845 0.421503
v 0.497896 4.150761 0.383806
v 0.444507 4.158407 0.405811
v 0.571920 4.158407 0.388403
v 0.556702 4.150761 0.375772
v 0.535995 4.135267 0.371898
v 0.395944 4.179248 0.449147
v 0.399901 4.188845 0.468616
v 0.349378 4.150761 0.472448
v 0.349272 4.158407 0.492225
v 0.393332 4.150761 0.432565
v 0.359720 4.135267 0.454096
v 0.412271 4.179248 0.484163
v 0.469368 4.188845 0.459126
v 0.423296 4.150761 0.496822
v 0.476685 4.158407 0.474817
v 0.364490 4.150761 0.504856
v 0.385196 4.135267 0.508730
v 0.525248 4.179248 0.431481
v 0.571814 4.150761 0.408180
v 0.527859 4.150761 0.448063
v 0.561472 4.135267 0.426532
v 0.612633 4.047307 0.369418
v 0.602418 3.986733 0.374182
v 0.584638 3.990931 0.361157
v 0.593646 4.047307 0.355370
v 0.549276 3.995130 0.359847
v 0.555831 4.047307 0.353899
v 0.584638 4.103681 0.361157
v 0.602417 4.107881 0.374182
v 0.549276 4.099483 0.359847
v 0.600966 4.103681 0.396173
v 0.611189 4.047307 0.392993
v 0.579240 4.099483 0.424104
v 0.588009 4.047307 0.422906
v 0.600966 3.990931 0.396173
v 0.579240 3.995130 0.424104
v 0.482569 4.047307 0.487436
v 0.481093 3.986733 0.484270
v 0.536191 3.990931 0.454949
v 0.541787 4.047307 0.455967
v 0.536191 4.103681 0.454949
v 0.481093 4.107881 0.484270
v 0.423215 4.103681 0.507631
v 0.420398 4.047307 0.512572
v 0.371916 4.099483 0.520781
v 0.365361 4.047307 0.526728
v 0.423215 3.990931 0.507631
v 0.371916 3.995130 0.520781
v 0.308558 4.047307 0.511210
v 0.318774 3.986733 0.506447
v 0.336553 3.990931 0.519471
v 0.327546 4.047307 0.525258
v 0.336553 4.103681 0.519471
v 0.318774 4.107881 0.506447
v 0.320225 4.103681 0.484455
v 0.310002 4.047307 0.487635
v 0.341952 4.099483 0.456524
v 0.333183 4.047307 0.457722
v 0.320225 3.990931 0.484455
v 0.341952 3.995130 0.456524
v 0.438623 4.047307 0.393192
v 0.440099 4.107881 0.396358
v 0.497977 4.103681 0.372997
v 0.500794 4.047307 0.368056
v 0.497977 3.990931 0.372997
v 0.440099 3.986733 0.396358
v 0.385000 3.990931 0.425679
v 0.379404 4.047307 0.424661
v 0.385000 4.103681 0.425679
vn 0.0298 -0.9963 0.0800
vn -0.2904 -0.9526 0.0900
vn -0.3647 -0.8692 -0.3337
vn -0.0661 -0.9356 -0.3468
vn -0.4197 -0.6080 -0.6740
vn -0.1498 -0.6595 -0.7366
vn -0.6537 -0.7496 0.1033
vn -0.6561 -0.6729 -0.3416
vn -0.5836 -0.5367 -0.6094
vn 0.2450 -0.8938 -0.3756
vn 0.3372 -0.9395 0.0603
vn 0.5468 -0.7202 -0.4270
vn 0.6684 -0.7436 0.0169
vn 0.1461 -0.6491 -0.7466
vn 0.3524 -0.6039 -0.7150
vn 0.3832 -0.8143 0.4359
vn 0.1130 -0.8783 0.4646
vn 0.4139 -0.5712 0.7088
vn 0.1709 -0.6079 0.7754
vn 0.6451 -0.6382 0.4202
vn 0.5762 -0.5148 0.6348
vn -0.1847 -0.8463 0.4997
vn -0.5000 -0.6759 0.5414
vn -0.1072 -0.5965 0.7954
vn -0.3207 -0.5492 0.7717
vn -0.0267 0.9972 -0.0705
vn -0.1134 0.8804 -0.4606
vn -0.3841 0.8148 -0.4342
vn -0.3350 0.9408 -0.0517
vn -0.6441 0.6423 -0.4154
vn -0.6673 0.7448 -0.0073
vn -0.1770 0.6094 -0.7728
vn -0.4179 0.5692 -0.7081
vn -0.5680 0.5153 -0.6418
vn -0.2416 0.8900 0.3868
vn 0.0678 0.9322 0.3554
vn -0.1483 0.6448 0.7498
vn 0.1447 0.6592 0.7379
vn -0.5412 0.7159 0.4411
vn -0.3494 0.5971 0.7221
vn 0.3643 0.8667 0.3407
vn 0.2935 0.9526 -0.0798
vn 0.6543 0.6720 0.3470
vn 0.6555 0.7497 -0.0913
vn 0.4141 0.6109 0.6748
vn 0.5788 0.5412 0.6100
vn 0.1849 0.8508 -0.4918
vn 0.0993 0.6028 -0.7917
vn 0.5036 0.6828 -0.5293
vn 0.3179 0.5587 -0.7661
vn -0.9975 0.0187 0.0677
vn -0.9259 0.0210 -0.3771
vn -0.8707 -0.3396 -0.3558
vn -0.9188 -0.3822 0.0989
vn -0.7040 0.0156 -0.7101
vn -0.6712 -0.2989 -0.6784
vn -0.7478 -0.3658 0.5540
vn -0.8373 0.0142 0.5466
vn -0.4023 -0.3298 0.8541
vn -0.4535 0.0123 0.8912
vn -0.7687 0.4034 0.4963
vn -0.9137 0.4050 0.0332
vn -0.4238 0.3605 0.8310
vn -0.8509 0.3499 -0.3918
vn -0.6558 0.3077 -0.6894
vn 0.2036 0.0001 0.9791
vn -0.0641 0.0066 0.9979
vn -0.0636 -0.2955 0.9532
vn 0.1988 -0.2842 0.9379
vn 0.4286 -0.2859 0.8571
vn 0.4384 -0.0051 0.8988
vn 0.6559 -0.3141 0.6864
vn 0.7020 -0.0123 0.7120
vn 0.4343 0.2873 0.8537
vn 0.1885 0.2965 0.9363
vn 0.6673 0.3051 0.6795
vn -0.0841 0.3195 0.9438
vn 0.9985 -0.0176 -0.0520
vn 0.9241 -0.0197 0.3817
vn 0.8477 -0.3518 0.3970
vn 0.9143 -0.4044 -0.0201
vn 0.7768 -0.4066 -0.4810
vn 0.8467 -0.0120 -0.5319
vn 0.4262 -0.3642 -0.8281
vn 0.4553 -0.0083 -0.8903
vn 0.7549 0.3728 -0.5396
vn 0.9199 0.3830 -0.0839
vn 0.4010 0.3404 -0.8505
vn 0.8682 0.3404 0.3609
vn -0.2178 0.0074 -0.9760
vn 0.0504 -0.0002 -0.9987
vn 0.0746 -0.3179 -0.9452
vn -0.2004 -0.2895 -0.9360
vn -0.4429 -0.2782 -0.8523
vn -0.4465 0.0112 -0.8947
vn -0.4353 0.2860 -0.8537
vn -0.2106 0.2879 -0.9342
vn 0.0502 0.3038 -0.9514
vn -0.0000 -1.0000 -0.0000
vn -0.2847 -0.7390 -0.6106
vn -0.0698 -0.6865 -0.7238
vn 0.2997 -0.9438 -0.1397
vn 0.1264 -0.5274 -0.8402
vn 0.6122 -0.7374 -0.2855
vn -0.3943 -0.3600 -0.8455
vn -0.2410 -0.3457 -0.9069
vn -0.1387 -0.3150 -0.9389
vn 0.5096 -0.6864 0.5187
vn 0.2847 -0.7390 0.6106
vn 0.5398 -0.3457 0.7676
vn 0.3943 -0.3600 0.8455
vn 0.7249 -0.5274 0.4432
vn 0.6301 -0.3150 0.7098
vn 0.0698 -0.6865 0.7238
vn -0.2997 -0.9438 0.1397
vn -0.1264 -0.5274 0.8402
vn -0.6122 -0.7374 0.2855
vn 0.2410 -0.3457 0.9069
vn 0.1387 -0.3150 0.9389
vn -0.5096 -0.6865 -0.5187
vn -0.5398 -0.3457 -0.7676
vn -0.7249 -0.5274 -0.4432
vn -0.6301 -0.3150 -0.7098
vn -0.0000 1.0000 -0.0000
vn 0.2997 0.9438 -0.1397
vn -0.0698 0.6864 -0.7238
vn -0.2847 0.7390 -0.6106
vn -0.2410 0.3457 -0.9069
vn -0.3943 0.3600 -0.8455
vn 0.6122 0.7374 -0.2855
vn 0.1264 0.5274 -0.8402
vn -0.1387 0.3150 -0.9389
vn -0.5096 0.6864 -0.5187
vn -0.2997 0.9438 0.1397
vn -0.7249 0.5274 -0.4432
vn -0.6122 0.7374 0.2855
vn -0.5398 0.3457 -0.7676
vn -0.6301 0.3150 -0.7098
vn 0.0698 0.6865 0.7238
vn 0.2847 0.7390 0.6106
vn 0.2410 0.3457 0.9069
vn 0.3943 0.3600 0.8455
vn -0.1264 0.5274 0.8402
vn 0.1387 0.3150 0.9389
vn 0.5096 0.6864 0.5187
vn 0.7249 0.5274 0.4432
vn 0.5398 0.3457 0.7676
vn 0.6301 0.3150 0.7098
vn 0.9063 -0.0000 -0.4226
vn 0.8399 -0.3758 -0.3916
vn 0.2944 -0.2739 -0.9156
vn 0.3510 -0.0000 -0.9364
vn -0.1087 -0.1796 -0.9777
vn -0.0969 -0.0000 -0.9953
vn 0.2944 0.2739 -0.9156
vn 0.8399 0.3758 -0.3916
vn -0.1087 0.1796 -0.9777
vn 0.8906 0.2739 0.3631
vn 0.9429 -0.0000 0.3330
vn 0.6791 0.1796 0.7117
vn 0.7002 -0.0000 0.7140
vn 0.8906 -0.2739 0.3631
vn 0.6791 -0.1796 0.7117
vn 0.4226 -0.0000 0.9063
vn 0.4188 -0.1346 0.8981
vn 0.5320 -0.1428 0.8346
vn 0.5308 -0.0000 0.8475
vn 0.5320 0.1428 0.8346
vn 0.4188 0.1346 0.8981
vn 0.2973 0.1428 0.9440
vn 0.3080 -0.0000 0.9514
vn 0.1087 0.1796 0.9777
vn 0.0969 -0.0000 0.9953
vn 0.2973 -0.1428 0.9440
vn 0.1087 -0.1796 0.9777
vn -0.9063 -0.0000 0.4226
vn -0.8399 -0.3758 0.3917
vn -0.2943 -0.2739 0.9156
vn -0.3510 -0.0000 0.9364
vn -0.2943 0.2739 0.9156
vn -0.8399 0.3758 0.3917
vn -0.8906 0.2739 -0.3631
vn -0.9429 -0.0000 -0.3330
vn -0.6791 0.1796 -0.7117
vn -0.7001 -0.0000 -0.7140
vn -0.8906 -0.2739 -0.3631
vn -0.6791 -0.1796 -0.7117
vn -0.4226 -0.0000 -0.9063
vn -0.4188 0.1346 -0.8981
vn -0.2973 0.1428 -0.9440
vn -0.3080 -0.0000 -0.9514
vn -0.2973 -0.1428 -0.9440
vn -0.4188 -0.1346 -0.8981
vn -0.5320 -0.1428 -0.8346
vn -0.5308 -0.0000 -0.8475
vn -0.5320 0.1428 -0.8346
vt 0.979506 0.696196
vt 0.978246 0.696381
vt 0.978297 0.696497
vt 0.979469 0.696316
vt 0.978362 0.697011
vt 0.977203 0.696982
vt 0.977327 0.697066
vt 0.977630 0.697336
vt 0.980655 0.696537
vt 0.980775 0.696424
vt 0.981654 0.697138
vt 0.981843 0.697059
vt 0.979447 0.696862
vt 0.980548 0.697048
vt 0.981314 0.697398
vt 0.980728 0.696697
vt 0.979552 0.696489
vt 0.980682 0.697338
vt 0.981718 0.697283
vt 0.981423 0.697641
vt 0.978378 0.696658
vt 0.977405 0.697213
vt 0.979599 0.697178
vt 0.978511 0.697304
vt 0.977762 0.697583
vt 0.979630 0.702353
vt 0.979585 0.702071
vt 0.978406 0.701863
vt 0.978362 0.702128
vt 0.977412 0.701273
vt 0.979538 0.701388
vt 0.978448 0.701225
vt 0.977703 0.700917
vt 0.978486 0.702005
vt 0.979667 0.702222
vt 0.978595 0.701489
vt 0.979689 0.701669
vt 0.977295 0.701494
vt 0.977491 0.701409
vt 0.977834 0.701146
vt 0.980835 0.702040
vt 0.980890 0.702165
vt 0.981801 0.701473
vt 0.980766 0.701521
vt 0.981494 0.701200
vt 0.980762 0.701899
vt 0.980633 0.701259
vt 0.981932 0.701564
vt 0.981738 0.701340
vt 0.981386 0.700975
vt 0.976566 0.699145
vt 0.976746 0.698008
vt 0.976589 0.697997
vt 0.977163 0.699087
vt 0.977308 0.698038
vt 0.976401 0.699224
vt 0.976835 0.698164
vt 0.976662 0.699310
vt 0.977467 0.698324
vt 0.976882 0.700451
vt 0.976639 0.700458
vt 0.977335 0.699389
vt 0.977509 0.700437
vt 0.976793 0.700301
vt 0.977351 0.700163
vt 0.979672 0.699478
vt 0.978407 0.699445
vt 0.978464 0.698294
vt 0.979640 0.698241
vt 0.980806 0.698330
vt 0.980922 0.699483
vt 0.981768 0.698391
vt 0.980852 0.700608
vt 0.981952 0.699458
vt 0.981810 0.700501
vt 0.979689 0.700688
vt 0.978510 0.700573
vt 0.982735 0.699324
vt 0.982557 0.699401
vt 0.982332 0.698251
vt 0.982498 0.698093
vt 0.982267 0.698099
vt 0.982488 0.699241
vt 0.981645 0.698110
vt 0.981822 0.699163
vt 0.982313 0.700387
vt 0.982547 0.700549
vt 0.981687 0.700232
vt 0.982377 0.700534
vt 0.979465 0.699071
vt 0.980743 0.699106
vt 0.980638 0.697968
vt 0.979447 0.697850
vt 0.978272 0.697929
vt 0.978200 0.699063
vt 0.978319 0.700227
vt 0.979497 0.700319
vt 0.980684 0.700265
vt 0.038414 0.006680
vt 0.038090 0.007111
vt 0.040194 0.007517
vt 0.040650 0.007111
vt 0.041955 0.008721
vt 0.037821 0.008397
vt 0.039788 0.008721
vt 0.041192 0.009375
vt 0.040796 0.007517
vt 0.040892 0.008721
vt 0.039007 0.008397
vt 0.042516 0.008397
vt 0.042512 0.008721
vt 0.042131 0.009375
vt 0.038737 0.007111
vt 0.036633 0.007517
vt 0.036177 0.007111
vt 0.034872 0.008721
vt 0.037039 0.008721
vt 0.035635 0.009375
vt 0.036031 0.007517
vt 0.035935 0.008721
vt 0.034311 0.008397
vt 0.034315 0.008721
vt 0.034696 0.009375
vt 0.038414 0.019505
vt 0.040650 0.019074
vt 0.040194 0.018669
vt 0.039788 0.017465
vt 0.037821 0.017788
vt 0.042516 0.017788
vt 0.041955 0.017465
vt 0.041192 0.016810
vt 0.038090 0.019074
vt 0.036031 0.018669
vt 0.036177 0.019074
vt 0.034315 0.017465
vt 0.035935 0.017465
vt 0.034696 0.016810
vt 0.036633 0.018669
vt 0.037039 0.017465
vt 0.039007 0.017788
vt 0.034311 0.017788
vt 0.034872 0.017465
vt 0.035635 0.016810
vt 0.038737 0.019074
vt 0.040796 0.018669
vt 0.042512 0.017465
vt 0.040892 0.017465
vt 0.042131 0.016810
vt 0.044016 0.013093
vt 0.043640 0.010533
vt 0.042985 0.010710
vt 0.041682 0.010888
vt 0.041923 0.013093
vt 0.043317 0.013093
vt 0.042985 0.015475
vt 0.041682 0.015298
vt 0.043640 0.015653
vt 0.043586 0.015475
vt 0.042786 0.015298
vt 0.043109 0.013093
vt 0.043586 0.010710
vt 0.042786 0.010888
vt 0.039223 0.013093
vt 0.039169 0.010533
vt 0.041199 0.010710
vt 0.041406 0.013093
vt 0.041199 0.015475
vt 0.039169 0.015653
vt 0.037036 0.015475
vt 0.036932 0.013093
vt 0.035146 0.015298
vt 0.037036 0.010710
vt 0.034904 0.013093
vt 0.035146 0.010888
vt 0.032811 0.013093
vt 0.033187 0.010533
vt 0.033843 0.010710
vt 0.033511 0.013093
vt 0.033843 0.015475
vt 0.033187 0.015653
vt 0.033241 0.015475
vt 0.034042 0.015298
vt 0.033718 0.013093
vt 0.032864 0.013093
vt 0.033241 0.010710
vt 0.034042 0.010888
vt 0.037604 0.013093
vt 0.037658 0.015653
vt 0.039791 0.015475
vt 0.039895 0.013093
vt 0.039791 0.010710
vt 0.037658 0.010533
vt 0.035628 0.010710
vt 0.035422 0.013093
vt 0.035628 0.015475
s 1
usemtl boneblack
f 1/1/1 2/2/2 3/3/3
f 4/4/4 3/3/3 5/5/5
f 2/2/2 7/6/7 8/7/8
f 3/3/3 8/7/8 9/8/9
f 4/4/4 10/9/10 11/10/11
f 10/9/10 12/11/12 13/12/13
f 6/13/6 14/14/14 10/9/10
f 10/9/10 14/14/14 15/15/15
f 1/1/1 11/10/11 16/16/16
f 17/17/17 16/16/16 18/18/18
f 11/10/11 13/12/13 20/19/20
f 16/16/16 20/19/20 21/20/21
f 17/17/17 22/21/22 2/2/2
f 22/21/22 23/22/23 7/6/7
f 19/23/19 24/24/24 22/21/22
f 22/21/22 24/24/24 25/25/25
f 26/26/26 27/27/27 28/28/28
f 29/29/29 28/28/28 30/30/30
f 27/27/27 32/31/32 33/32/33
f 28/28/28 33/32/33 34/33/34
f 29/29/29 35/34/35 36/35/36
f 35/34/35 37/36/37 38/37/38
f 31/38/31 39/39/39 35/34/35
f 35/34/35 39/39/39 40/40/40
f 26/26/26 36/35/36 41/41/41
f 42/42/42 41/41/41 43/43/43
f 36/35/36 38/37/38 45/44/45
f 41/41/41 45/44/45 46/45/46
f 42/42/42 47/46/47 27/27/27
f 47/46/47 48/47/48 32/31/32
f 44/48/44 49/49/49 47/46/47
f 47/46/47 49/49/49 50/50/50
f 52/51/52 53/52/53 54/53/54
f 53/52/53 8/7/8 7/6/7
f 55/54/55 56/55/56 53/52/53
f 56/55/56 9/8/9 8/7/8
f 51/56/51 54/53/54 57/57/57
f 58/58/58 57/57/57 59/59/59
f 54/53/54 7/6/7 23/22/23
f 57/57/57 23/22/23 25/25/25
f 58/58/58 61/60/61 62/61/62
f 62/61/62 61/60/61 39/39/39
f 60/62/60 63/63/63 61/60/61
f 63/63/63 40/40/40 39/39/39
f 51/56/51 62/61/62 64/64/64
f 52/51/52 64/64/64 65/65/65
f 31/38/31 30/30/30 64/64/64
f 30/30/30 34/33/34 65/65/65
f 66/66/66 67/67/67 68/68/68
f 69/69/69 68/68/68 24/24/24
f 67/67/67 60/62/60 59/59/59
f 68/68/68 59/59/59 25/25/25
f 66/66/66 69/69/69 70/70/70
f 71/71/71 70/70/70 72/72/72
f 69/69/69 19/23/19 18/18/18
f 70/70/70 18/18/18 21/20/21
f 66/66/66 71/71/71 74/73/74
f 74/73/74 45/44/45 38/37/38
f 71/71/71 73/74/73 76/75/76
f 74/73/74 76/75/76 46/45/46
f 66/66/66 75/76/75 77/77/77
f 67/67/67 77/77/77 63/63/63
f 75/76/75 38/37/38 37/36/37
f 77/77/77 37/36/37 40/40/40
f 78/78/78 79/79/79 80/80/80
f 80/80/80 20/19/20 13/12/13
f 79/79/79 73/74/73 72/72/72
f 80/80/80 72/72/72 21/20/21
f 81/81/81 82/82/82 83/83/83
f 82/82/82 84/84/84 85/85/85
f 81/81/81 13/12/13 12/11/12
f 12/11/12 15/15/15 84/84/84
f 78/78/78 83/83/83 86/86/86
f 87/87/87 86/86/86 49/49/49
f 83/83/83 85/85/85 88/88/88
f 86/86/86 88/88/88 50/50/50
f 87/87/87 89/89/89 79/79/79
f 89/89/89 76/75/76 73/74/73
f 44/48/44 43/43/43 89/89/89
f 43/43/43 46/45/46 76/75/76
f 90/90/90 91/91/91 92/92/92
f 93/93/93 92/92/92 14/14/14
f 91/91/91 85/85/85 84/84/84
f 92/92/92 84/84/84 15/15/15
f 90/90/90 93/93/93 94/94/94
f 95/95/95 94/94/94 56/55/56
f 6/13/6 5/5/5 94/94/94
f 94/94/94 5/5/5 9/8/9
f 90/90/90 95/95/95 96/96/96
f 97/97/97 96/96/96 33/32/33
f 95/95/95 55/54/55 65/65/65
f 96/96/96 65/65/65 34/33/34
f 90/90/90 97/97/97 98/98/98
f 91/91/91 98/98/98 88/88/88
f 97/97/97 32/31/32 48/47/48
f 98/98/98 48/47/48 50/50/50
f 4/4/4 1/1/1 3/3/3
f 6/13/6 4/4/4 5/5/5
f 3/3/3 2/2/2 8/7/8
f 5/5/5 3/3/3 9/8/9
f 1/1/1 4/4/4 11/10/11
f 11/10/11 10/9/10 13/12/13
f 4/4/4 6/13/6 10/9/10
f 12/11/12 10/9/10 15/15/15
f 17/17/17 1/1/1 16/16/16
f 19/23/19 17/17/17 18/18/18
f 16/16/16 11/10/11 20/19/20
f 18/18/18 16/16/16 21/20/21
f 1/1/1 17/17/17 2/2/2
f 2/2/2 22/21/22 7/6/7
f 17/17/17 19/23/19 22/21/22
f 23/22/23 22/21/22 25/25/25
f 29/29/29 26/26/26 28/28/28
f 31/38/31 29/29/29 30/30/30
f 28/28/28 27/27/27 33/32/33
f 30/30/30 28/28/28 34/33/34
f 26/26/26 29/29/29 36/35/36
f 36/35/36 35/34/35 38/37/38
f 29/29/29 31/38/31 35/34/35
f 37/36/37 35/34/35 40/40/40
f 42/42/42 26/26/26 41/41/41
f 44/48/44 42/42/42 43/43/43
f 41/41/41 36/35/36 45/44/45
f 43/43/43 41/41/41 46/45/46
f 26/26/26 42/42/42 27/27/27
f 27/27/27 47/46/47 32/31/32
f 42/42/42 44/48/44 47/46/47
f 48/47/48 47/46/47 50/50/50
f 51/56/51 52/51/52 54/53/54
f 54/53/54 53/52/53 7/6/7
f 52/51/52 55/54/55 53/52/53
f 53/52/53 56/55/56 8/7/8
f 58/58/58 51/56/51 57/57/57
f 60/62/60 58/58/58 59/59/59
f 57/57/57 54/53/54 23/22/23
f 59/59/59 57/57/57 25/25/25
f 51/56/51 58/58/58 62/61/62
f 31/38/31 62/61/62 39/39/39
f 58/58/58 60/62/60 61/60/61
f 61/60/61 63/63/63 39/39/39
f 52/51/52 51/56/51 64/64/64
f 55/54/55 52/51/52 65/65/65
f 62/61/62 31/38/31 64/64/64
f 64/64/64 30/30/30 65/65/65
f 69/69/69 66/66/66 68/68/68
f 19/23/19 69/69/69 24/24/24
f 68/68/68 67/67/67 59/59/59
f 24/24/24 68/68/68 25/25/25
f 71/71/71 66/66/66 70/70/70
f 73/74/73 71/71/71 72/72/72
f 70/70/70 69/69/69 18/18/18
f 72/72/72 70/70/70 21/20/21
f 75/76/75 66/66/66 74/73/74
f 75/76/75 74/73/74 38/37/38
f 74/73/74 71/71/71 76/75/76
f 45/44/45 74/73/74 46/45/46
f 67/67/67 66/66/66 77/77/77
f 60/62/60 67/67/67 63/63/63
f 77/77/77 75/76/75 37/36/37
f 63/63/63 77/77/77 40/40/40
f 81/81/81 78/78/78 80/80/80
f 81/81/81 80/80/80 13/12/13
f 80/80/80 79/79/79 72/72/72
f 20/19/20 80/80/80 21/20/21
f 78/78/78 81/81/81 83/83/83
f 83/83/83 82/82/82 85/85/85
f 82/82/82 81/81/81 12/11/12
f 82/82/82 12/11/12 84/84/84
f 87/87/87 78/78/78 86/86/86
f 44/48/44 87/87/87 49/49/49
f 86/86/86 83/83/83 88/88/88
f 49/49/49 86/86/86 50/50/50
f 78/78/78 87/87/87 79/79/79
f 79/79/79 89/89/89 73/74/73
f 87/87/87 44/48/44 89/89/89
f 89/89/89 43/43/43 76/75/76
f 93/93/93 90/90/90 92/92/92
f 6/13/6 93/93/93 14/14/14
f 92/92/92 91/91/91 84/84/84
f 14/14/14 92/92/92 15/15/15
f 95/95/95 90/90/90 94/94/94
f 55/54/55 95/95/95 56/55/56
f 93/93/93 6/13/6 94/94/94
f 56/55/56 94/94/94 9/8/9
f 97/97/97 90/90/90 96/96/96
f 32/31/32 97/97/97 33/32/33
f 96/96/96 95/95/95 65/65/65
f 33/32/33 96/96/96 34/33/34
f 91/91/91 90/90/90 98/98/98
f 85/85/85 91/91/91 88/88/88
f 98/98/98 97/97/97 48/47/48
f 88/88/88 98/98/98 50/50/50
usemtl gloweye
f 99/99/99 100/100/100 101/101/101
f 102/102/102 101/101/101 103/103/103
f 105/104/105 106/105/106 101/101/101
f 101/101/101 106/105/106 107/106/107
f 99/99/99 102/102/102 108/107/108
f 108/107/108 110/108/110 111/109/111
f 102/102/102 104/110/104 112/111/112
f 108/107/108 112/111/112 113/112/113
f 99/99/99 109/113/109 114/114/114
f 115/115/115 114/114/114 116/116/116
f 111/109/111 118/117/118 114/114/114
f 114/114/114 118/117/118 119/118/119
f 99/99/99 115/115/115 120/119/120
f 120/119/120 121/120/121 105/104/105
f 115/115/115 117/121/117 122/122/122
f 120/119/120 122/122/122 123/123/123
f 124/124/124 125/125/125 126/126/126
f 126/126/126 128/127/128 129/128/129
f 125/125/125 130/129/130 131/130/131
f 126/126/126 131/130/131 132/131/132
f 124/124/124 127/132/127 133/133/133
f 134/134/134 133/133/133 135/135/135
f 129/128/129 137/136/137 133/133/133
f 133/133/133 137/136/137 138/137/138
f 124/124/124 134/134/134 139/138/139
f 139/138/139 141/139/141 142/140/142
f 134/134/134 136/141/136 143/142/143
f 139/138/139 143/142/143 144/143/144
f 124/124/124 140/144/140 145/145/145
f 125/125/125 145/145/145 146/146/146
f 142/140/142 147/147/147 145/145/145
f 145/145/145 147/147/147 148/148/148
f 149/149/149 150/150/150 151/151/151
f 151/151/151 153/152/153 154/153/154
f 104/110/104 103/103/103 151/151/151
f 103/103/103 107/106/107 153/152/153
f 149/149/149 152/154/152 155/155/155
f 155/155/155 131/130/131 130/129/130
f 154/153/154 157/156/157 155/155/155
f 157/156/157 132/131/132 131/130/131
f 149/149/149 156/157/156 158/158/158
f 158/158/158 160/159/160 161/160/161
f 130/129/130 146/146/146 158/158/158
f 146/146/146 148/148/148 160/159/160
f 149/149/149 159/149/159 162/161/162
f 162/161/162 112/111/112 104/110/104
f 161/160/161 163/162/163 162/161/162
f 163/162/163 113/112/113 112/111/112
f 164/163/164 165/164/165 166/165/166
f 167/166/167 166/165/166 163/162/163
f 165/164/165 111/109/111 110/108/110
f 166/165/166 110/108/110 113/112/113
f 164/163/164 167/166/167 168/167/168
f 169/168/169 168/167/168 147/147/147
f 167/166/167 161/160/161 160/159/160
f 168/167/168 160/159/160 148/148/148
f 164/163/164 169/168/169 170/169/170
f 171/170/171 170/169/170 172/171/172
f 169/168/169 142/140/142 141/139/141
f 170/169/170 141/139/141 144/143/144
f 164/163/164 171/170/171 174/172/174
f 165/164/165 174/172/174 118/117/118
f 171/170/171 173/173/173 175/174/175
f 174/172/174 175/174/175 119/118/119
f 176/175/176 177/176/177 178/177/178
f 178/177/178 175/174/175 173/173/173
f 117/121/117 116/116/116 178/177/178
f 116/116/116 119/118/119 175/174/175
f 176/175/176 179/178/179 180/179/180
f 180/179/180 143/142/143 136/141/136
f 173/173/173 172/171/172 180/179/180
f 172/171/172 144/143/144 143/142/143
f 176/175/176 181/180/181 182/181/182
f 182/181/182 184/182/184 185/183/185
f 136/141/136 135/135/135 182/181/182
f 135/135/135 138/137/138 184/182/184
f 176/175/176 183/184/183 186/185/186
f 186/185/186 122/122/122 117/121/117
f 185/183/185 187/186/187 186/185/186
f 187/186/187 123/123/123 122/122/122
f 188/187/188 189/188/189 190/189/190
f 191/190/191 190/189/190 157/156/157
f 189/188/189 129/128/129 128/127/128
f 190/189/190 128/127/128 132/131/132
f 188/187/188 191/190/191 192/191/192
f 193/192/193 192/191/192 106/105/106
f 191/190/191 154/153/154 153/152/153
f 192/191/192 153/152/153 107/106/107
f 188/187/188 193/192/193 194/193/194
f 195/194/195 194/193/194 187/186/187
f 193/192/193 105/104/105 121/120/121
f 194/193/194 121/120/121 123/123/123
f 188/187/188 195/194/195 196/195/196
f 189/188/189 196/195/196 137/136/137
f 195/194/195 185/183/185 184/182/184
f 196/195/196 184/182/184 138/137/138
f 102/102/102 99/99/99 101/101/101
f 104/110/104 102/102/102 103/103/103
f 100/100/100 105/104/105 101/101/101
f 103/103/103 101/101/101 107/106/107
f 109/113/109 99/99/99 108/107/108
f 109/113/109 108/107/108 111/109/111
f 108/107/108 102/102/102 112/111/112
f 110/108/110 108/107/108 113/112/113
f 115/115/115 99/99/99 114/114/114
f 117/121/117 115/115/115 116/116/116
f 109/113/109 111/109/111 114/114/114
f 116/116/116 114/114/114 119/118/119
f 100/100/100 99/99/99 120/119/120
f 100/100/100 120/119/120 105/104/105
f 120/119/120 115/115/115 122/122/122
f 121/120/121 120/119/120 123/123/123
f 127/132/127 124/124/124 126/126/126
f 127/132/127 126/126/126 129/128/129
f 126/126/126 125/125/125 131/130/131
f 128/127/128 126/126/126 132/131/132
f 134/134/134 124/124/124 133/133/133
f 136/141/136 134/134/134 135/135/135
f 127/132/127 129/128/129 133/133/133
f 135/135/135 133/133/133 138/137/138
f 140/144/140 124/124/124 139/138/139
f 140/144/140 139/138/139 142/140/142
f 139/138/139 134/134/134 143/142/143
f 141/139/141 139/138/139 144/143/144
f 125/125/125 124/124/124 145/145/145
f 130/129/130 125/125/125 146/146/146
f 140/144/140 142/140/142 145/145/145
f 146/146/146 145/145/145 148/148/148
f 152/154/152 149/149/149 151/151/151
f 152/154/152 151/151/151 154/153/154
f 150/150/150 104/110/104 151/151/151
f 151/151/151 103/103/103 153/152/153
f 156/157/156 149/149/149 155/155/155
f 156/157/156 155/155/155 130/129/130
f 152/154/152 154/153/154 155/155/155
f 155/155/155 157/156/157 131/130/131
f 159/149/159 149/149/149 158/158/158
f 159/149/159 158/158/158 161/160/161
f 156/157/156 130/129/130 158/158/158
f 158/158/158 146/146/146 160/159/160
f 150/150/150 149/149/149 162/161/162
f 150/150/150 162/161/162 104/110/104
f 159/149/159 161/160/161 162/161/162
f 162/161/162 163/162/163 112/111/112
f 167/166/167 164/163/164 166/165/166
f 161/160/161 167/166/167 163/162/163
f 166/165/166 165/164/165 110/108/110
f 163/162/163 166/165/166 113/112/113
f 169/168/169 164/163/164 168/167/168
f 142/140/142 169/168/169 147/147/147
f 168/167/168 167/166/167 160/159/160
f 147/147/147 168/167/168 148/148/148
f 171/170/171 164/163/164 170/169/170
f 173/173/173 171/170/171 172/171/172
f 170/169/170 169/168/169 141/139/141
f 172/171/172 170/169/170 144/143/144
f 165/164/165 164/163/164 174/172/174
f 111/109/111 165/164/165 118/117/118
f 174/172/174 171/170/171 175/174/175
f 118/117/118 174/172/174 119/118/119
f 179/178/179 176/175/176 178/177/178
f 179/178/179 178/177/178 173/173/173
f 177/176/177 117/121/117 178/177/178
f 178/177/178 116/116/116 175/174/175
f 181/180/181 176/175/176 180/179/180
f 181/180/181 180/179/180 136/141/136
f 179/178/179 173/173/173 180/179/180
f 180/179/180 172/171/172 143/142/143
f 183/184/183 176/175/176 182/181/182
f 183/184/183 182/181/182 185/183/185
f 181/180/181 136/141/136 182/181/182
f 182/181/182 135/135/135 184/182/184
f 177/176/177 176/175/176 186/185/186
f 177/176/177 186/185/186 117/121/117
f 183/184/183 185/183/185 186/185/186
f 186/185/186 187/186/187 122/122/122
f 191/190/191 188/187/188 190/189/190
f 154/153/154 191/190/191 157/156/157
f 190/189/190 189/188/189 128/127/128
f 157/156/157 190/189/190 132/131/132
f 193/192/193 188/187/188 192/191/192
f 105/104/105 193/192/193 106/105/106
f 192/191/192 191/190/191 153/152/153
f 106/105/106 192/191/192 107/106/107
f 195/194/195 188/187/188 194/193/194
f 185/183/185 195/194/195 187/186/187
f 194/193/194 193/192/193 121/120/121
f 187/186/187 194/193/194 123/123/123
f 189/188/189 188/187/188 196/195/196
f 129/128/129 189/188/189 137/136/137
f 196/195/196 195/194/195 184/182/184
f 137/136/137 196/195/196 138/137/138
o Cube_001_Cube_042
v 2.036949 2.599096 -0.270940
v 1.885917 2.596994 -0.270250
v 1.884805 2.614203 -0.324530
v 2.025299 2.615808 -0.334277
v 2.051736 2.923256 -0.245492
v 2.048917 2.906050 -0.315839
v 1.885250 2.896796 -0.302980
v 1.887053 2.913319 -0.241187
v 2.203701 2.923549 -0.252005
v 2.200989 2.906039 -0.327129
v 1.763847 2.713897 -0.258583
v 1.876262 2.712656 -0.258265
v 1.877568 2.701061 -0.317822
v 1.760400 2.703643 -0.313762
v 2.431149 2.817554 -0.269013
v 2.402553 2.823596 -0.325546
v 2.383533 2.870500 -0.310931
v 2.407393 2.882227 -0.266363
v 2.324372 2.838657 -0.350760
v 2.204675 2.852041 -0.352822
v 2.323613 2.895282 -0.327586
v 2.297725 2.769289 -0.353489
v 2.200722 2.786863 -0.340113
v 2.370677 2.749129 -0.328649
v 2.326916 2.913716 -0.259828
v 2.051532 2.853055 -0.339898
v 1.888716 2.846131 -0.324113
v 2.056740 2.799342 -0.317212
v 1.894357 2.795099 -0.304186
v 2.128021 2.745345 -0.254308
v 2.165477 2.772960 -0.252140
v 2.146576 2.739060 -0.334663
v 2.046208 2.708625 -0.333960
v 2.031035 2.717632 -0.255391
v 1.740001 2.835702 -0.317594
v 1.753585 2.791471 -0.298946
v 1.727841 2.879760 -0.297817
v 1.621178 2.823296 -0.316685
v 1.597935 2.855135 -0.297684
v 1.634608 2.779604 -0.306013
v 1.506669 2.827078 -0.245159
v 1.516775 2.823113 -0.299914
v 1.482176 2.785617 -0.303375
v 1.462154 2.786903 -0.249965
v 1.591078 2.865591 -0.241465
v 1.727413 2.612198 -0.269686
v 1.733032 2.627272 -0.319976
v 1.747078 2.666260 -0.334447
v 1.881219 2.658568 -0.340149
v 1.625782 2.678771 -0.332376
v 1.638963 2.715785 -0.317230
v 1.600620 2.651622 -0.317711
v 1.994463 2.658530 -0.352502
v 2.100297 2.673949 -0.362195
v 2.156423 2.637449 -0.340995
v 1.964688 2.699341 -0.326450
v 2.212209 2.712627 -0.359912
v 2.280092 2.684484 -0.336459
v 1.541238 2.750510 -0.323889
v 1.542103 2.780411 -0.319962
v 1.611120 2.747368 -0.304792
v 1.471034 2.753082 -0.307261
v 1.544531 2.721282 -0.328034
v 1.483122 2.720749 -0.311202
v 1.548035 2.810443 -0.317733
v 1.551073 2.693264 -0.330914
v 1.518213 2.683861 -0.314826
v 1.998706 2.650884 -0.175393
v 2.108446 2.666649 -0.164456
v 2.052530 2.702973 -0.180790
v 1.967934 2.693491 -0.190957
v 2.028417 2.610189 -0.204107
v 2.162325 2.632150 -0.197557
v 1.880961 2.651082 -0.188365
v 1.884616 2.608701 -0.212974
v 1.877371 2.695335 -0.201704
v 2.333863 2.834832 -0.170660
v 2.215328 2.848075 -0.153144
v 2.209010 2.781461 -0.167414
v 2.306507 2.763460 -0.169712
v 2.331319 2.893663 -0.192511
v 2.209564 2.904313 -0.177370
v 2.408730 2.821107 -0.208329
v 2.388649 2.869099 -0.218813
v 2.376494 2.745259 -0.206836
v 2.061902 2.850182 -0.152916
v 1.897415 2.844659 -0.159869
v 1.900793 2.793808 -0.181003
v 2.064166 2.796438 -0.176975
v 2.057045 2.904643 -0.175602
v 1.891862 2.895879 -0.179796
v 1.744182 2.659834 -0.193822
v 1.758185 2.698726 -0.206179
v 1.730904 2.622549 -0.216621
v 1.621799 2.673676 -0.194681
v 1.597735 2.647921 -0.216219
v 1.635750 2.711808 -0.198888
v 1.745695 2.835015 -0.163897
v 1.732112 2.879246 -0.182545
v 1.757856 2.790956 -0.183674
v 1.623938 2.822873 -0.166794
v 1.636229 2.779033 -0.181008
v 1.599960 2.854794 -0.185382
v 1.760011 2.776499 -0.241498
v 1.664853 2.768632 -0.243809
v 2.221208 2.705787 -0.165103
v 2.153810 2.733561 -0.178052
v 2.286355 2.679723 -0.200856
v 2.305395 2.673069 -0.270707
v 2.397409 2.740800 -0.269790
v 2.177709 2.622966 -0.271259
v 1.506133 2.679511 -0.264381
v 1.590973 2.640954 -0.268110
v 1.515564 2.681008 -0.212940
v 1.481212 2.718546 -0.207262
v 1.461886 2.719686 -0.259576
v 1.447226 2.753294 -0.254770
v 1.470102 2.751544 -0.201113
v 1.539949 2.748226 -0.180990
v 1.610119 2.745478 -0.196592
v 1.542577 2.779305 -0.174170
v 1.541491 2.717783 -0.188371
v 1.482225 2.784667 -0.195104
v 1.549337 2.809856 -0.170355
v 1.517572 2.822578 -0.189847
v 1.547239 2.689144 -0.193864
v 3.152067 2.917583 -0.549659
v 3.099956 2.893129 -0.538155
v 3.124552 2.871615 -0.494929
v 3.166937 2.890151 -0.487007
v 3.137680 2.894166 -0.613663
v 3.102880 2.874591 -0.588750
v 3.227201 2.914817 -0.567172
v 3.212919 2.891572 -0.630710
v 3.241963 2.887585 -0.504976
v 3.083228 2.817181 -0.536125
v 3.086051 2.818866 -0.603513
v 3.115308 2.814848 -0.476856
v 2.830577 2.946999 -0.096733
v 2.829273 2.951924 -0.172326
v 2.680133 2.966208 -0.189167
v 2.682903 2.959026 -0.113118
v 2.942021 2.918954 -0.078188
v 2.944473 2.920103 -0.153366
v 2.830305 2.927008 -0.031763
v 2.910350 2.909177 -0.034953
v 2.685166 2.935501 -0.045702
v 3.312992 2.909106 -0.587231
v 3.327428 2.882475 -0.526407
v 3.299024 2.886374 -0.649368
v 3.381558 2.879780 -0.603867
v 3.353627 2.863653 -0.645216
v 3.374414 2.860800 -0.555229
v 2.826012 2.880169 0.007606
v 2.684570 2.884624 -0.002956
v 2.935616 2.874590 -0.006113
v 2.378420 2.878154 -0.117333
v 2.420644 2.933478 -0.126812
v 2.412199 2.933171 -0.196777
v 2.362239 2.876106 -0.190291
v 2.430492 2.880045 -0.056525
v 2.456299 2.919752 -0.079062
v 3.086124 2.916874 -0.533969
v 3.022559 2.917310 -0.519199
v 3.037429 2.889879 -0.456547
v 3.100995 2.889442 -0.471317
v 3.071738 2.893458 -0.597974
v 3.008172 2.893895 -0.583204
v 3.134041 2.891123 -0.545723
v 3.111033 2.872921 -0.590287
v 3.132705 2.869946 -0.496467
v 3.106596 2.812501 -0.452236
v 3.149394 2.812843 -0.484423
v 3.067586 2.817856 -0.621113
v 3.004020 2.818293 -0.606342
v 3.150657 2.814742 -0.551444
v 2.958992 2.917747 -0.504429
v 2.911559 2.892651 -0.494028
v 2.934943 2.871305 -0.450516
v 2.973863 2.890315 -0.441777
v 2.944605 2.894332 -0.568434
v 2.913271 2.874280 -0.544336
v 2.395231 2.861434 -0.432871
v 2.453558 2.857368 -0.515634
v 2.451914 2.808450 -0.528394
v 2.389190 2.808066 -0.443209
v 2.436050 2.911246 -0.422504
v 2.474838 2.892953 -0.486995
v 2.367824 2.867223 -0.340114
v 2.416396 2.922333 -0.331994
v 2.828677 2.936487 -0.441311
v 2.827464 2.910203 -0.544496
v 2.684844 2.906744 -0.531248
v 2.682388 2.940174 -0.436591
v 2.941493 2.916121 -0.446539
v 2.908986 2.901282 -0.524430
v 2.828799 2.949296 -0.327528
v 2.944333 2.919376 -0.321979
v 2.680004 2.960675 -0.334975
v 3.176293 2.914257 -0.364819
v 3.122997 2.889965 -0.361217
v 3.140530 2.869422 -0.314323
v 3.181185 2.888195 -0.300166
v 3.172024 2.889452 -0.429895
v 3.133745 2.870354 -0.410418
v 3.253230 2.911243 -0.370302
v 3.248992 2.886620 -0.434903
v 3.258085 2.885371 -0.306121
v 3.348222 2.805671 -0.293444
v 3.345834 2.879948 -0.313818
v 3.260528 2.809420 -0.285289
v 3.416610 2.802500 -0.320687
v 3.396707 2.857739 -0.334567
v 3.341085 2.905250 -0.376583
v 3.336941 2.881169 -0.439759
v 3.411364 2.875687 -0.381792
v 3.390197 2.858633 -0.426735
v 3.108737 2.913769 -0.359907
v 3.043650 2.914415 -0.355283
v 3.048541 2.888352 -0.290630
v 3.113628 2.887707 -0.295255
v 3.104468 2.888965 -0.424983
v 3.039381 2.889611 -0.420358
v 3.157862 2.887852 -0.363586
v 3.142057 2.868662 -0.410899
v 3.148842 2.867730 -0.314805
v 3.116088 2.811198 -0.274269
v 3.163377 2.810923 -0.299359
v 3.175068 2.811391 -0.365379
v 2.914721 2.813972 -0.346880
v 2.930059 2.890111 -0.347401
v 2.939564 2.870670 -0.396512
v 2.926413 2.814440 -0.412900
v 2.935573 2.813182 -0.283172
v 2.946350 2.869739 -0.300418
v 2.973701 2.814166 -0.437990
v 2.974294 2.890256 -0.415734
v 3.038787 2.813520 -0.442615
v 2.985914 2.812489 -0.265020
v 2.983455 2.888998 -0.286006
v 2.978564 2.915060 -0.350658
v 3.199844 2.911023 -0.187053
v 3.146600 2.886724 -0.191325
v 3.156699 2.867202 -0.141959
v 3.194720 2.886336 -0.122005
v 3.205584 2.884845 -0.251599
v 3.164747 2.866097 -0.237955
v 3.276701 2.908021 -0.180550
v 3.282399 2.882033 -0.244625
v 3.271615 2.883514 -0.115977
v 3.458845 2.798774 -0.164234
v 3.440717 2.799191 -0.227853
v 3.420633 2.854454 -0.214314
v 3.434670 2.872487 -0.166923
v 3.412914 2.855514 -0.122240
v 3.430382 2.800609 -0.104562
v 3.364466 2.902039 -0.173102
v 3.359491 2.878073 -0.109952
v 3.370039 2.876625 -0.235764
v 3.132357 2.910526 -0.192879
v 3.067337 2.911163 -0.198365
v 3.062213 2.886476 -0.133316
v 3.127233 2.885839 -0.127831
v 3.138097 2.884348 -0.257425
v 3.073076 2.884984 -0.262909
v 3.181430 2.884616 -0.188515
v 3.173050 2.864406 -0.237384
v 3.165003 2.865511 -0.141389
v 3.198609 2.808159 -0.186390
v 3.187786 2.807572 -0.252559
v 3.176923 2.809063 -0.122965
v 3.010792 2.809073 -0.289241
v 2.960216 2.809799 -0.271755
v 2.970766 2.866387 -0.254448
v 3.008057 2.885621 -0.268395
v 2.996306 2.811062 -0.116448
v 2.997193 2.887112 -0.138801
v 2.962718 2.867491 -0.158452
v 2.949352 2.811291 -0.142161
v 3.061326 2.810425 -0.110964
v 3.002317 2.911799 -0.203849
v 2.953860 2.886843 -0.207711
v 3.191927 2.912110 -0.000229
v 3.140239 2.887598 -0.013435
v 3.141423 2.869300 0.037296
v 3.175348 2.888996 0.063326
v 3.208938 2.884384 -0.062231
v 3.166305 2.865884 -0.055709
v 3.266414 2.909433 0.019877
v 3.283301 2.881910 -0.041672
v 3.249956 2.886487 0.082968
v 3.330565 2.808095 0.127184
v 3.404056 2.804223 0.123947
v 3.390082 2.858648 0.102426
v 3.335370 2.881384 0.104607
v 3.351464 2.903824 0.042907
v 3.367979 2.876907 -0.017286
v 3.419417 2.874581 0.062007
v 3.413946 2.855372 0.013220
v 3.126564 2.911322 -0.018243
v 3.063542 2.911684 -0.035200
v 3.046964 2.888569 0.028353
v 3.109986 2.888207 0.045311
v 3.143575 2.883596 -0.080246
v 3.080554 2.883957 -0.097202
v 3.174047 2.885630 -0.004749
v 3.174401 2.864222 -0.053945
v 3.149520 2.867637 0.039060
v 3.215186 2.807355 -0.080828
v 3.157683 2.809032 -0.073885
v 3.289504 2.805442 -0.060133
v 3.000521 2.912045 -0.052158
v 2.953472 2.886897 -0.064100
v 2.953454 2.868763 -0.013696
v 2.983943 2.888931 0.011396
v 3.017533 2.884319 -0.114161
v 2.978335 2.865347 -0.106702
v 2.505795 2.843410 0.147459
v 2.505906 2.830003 0.096794
v 2.454267 2.808048 0.102012
v 2.436123 2.818900 0.139796
v 2.575454 2.818815 0.139998
v 2.557475 2.807986 0.102162
v 2.505625 2.826091 0.208898
v 2.574776 2.801675 0.201492
v 2.436462 2.801758 0.201291
v 2.505925 2.760059 0.059739
v 2.436221 2.756386 0.074006
v 2.595582 2.708452 0.249037
v 2.597809 2.728539 0.179004
v 2.573057 2.779975 0.271029
v 2.554802 2.748682 0.306332
v 2.571528 2.692094 0.304671
v 2.415230 2.708561 0.248775
v 2.438975 2.692173 0.304478
v 2.455810 2.748742 0.306188
v 2.437793 2.780057 0.270832
v 2.505431 2.803853 0.278272
v 2.505270 2.762211 0.326158
v 2.505947 2.859999 0.092858
v 2.506090 2.872819 0.040297
v 2.436419 2.848308 0.032634
v 2.436275 2.835489 0.085195
v 2.575606 2.835404 0.085397
v 2.575748 2.848224 0.032836
v 2.505833 2.825832 0.124717
v 2.557460 2.809197 0.108690
v 2.454252 2.809259 0.108540
v 2.413034 2.761843 0.062474
v 2.413177 2.774662 0.009913
v 2.436149 2.752214 0.101929
v 2.505778 2.748968 0.115171
v 2.506349 2.800245 -0.095074
v 2.436648 2.797081 -0.082035
v 2.454697 2.849141 -0.054982
v 2.506333 2.870699 -0.059246
v 2.598655 2.745142 0.117345
v 2.506233 2.885638 -0.012263
v 2.436561 2.861127 -0.019926
v 2.575891 2.861043 -0.019724
v 2.557904 2.849079 -0.054833
v 2.357767 2.872288 -0.261903
v 2.409615 2.929549 -0.260962
v 2.828839 2.953566 -0.243562
v 2.679209 2.968055 -0.257810
v 2.945285 2.920474 -0.229442
v 2.528115 2.960761 -0.261604
v 2.531496 2.952586 -0.333373
v 2.529636 2.961581 -0.196861
v 2.541641 2.934627 -0.427033
v 2.552088 2.903913 -0.513542
v 2.542636 2.883393 -0.021366
v 2.539350 2.935673 -0.060296
v 2.534199 2.957478 -0.124276
v 2.506181 2.689213 -0.072762
v 2.575852 2.713724 -0.065098
v 2.575709 2.700905 -0.012537
v 2.506038 2.676394 -0.020201
v 2.436379 2.700989 -0.012740
v 2.436522 2.713808 -0.065301
v 2.454668 2.740016 -0.088593
v 2.506294 2.723380 -0.104620
v 2.557875 2.739954 -0.088443
v 2.412882 2.745254 0.117075
v 2.436084 2.671579 0.094422
v 2.436423 2.655514 0.156248
v 2.413391 2.728650 0.178736
v 2.505895 2.663574 0.032361
v 2.575567 2.688085 0.040024
v 2.557431 2.700072 0.075080
v 2.505794 2.678513 0.079344
v 2.454223 2.700134 0.074930
v 2.436236 2.688170 0.039822
v 2.556379 2.857471 -0.563859
v 2.556853 2.812061 -0.583424
v 2.685856 2.860577 -0.587540
v 2.685873 2.816699 -0.610604
v 2.505381 2.613160 0.219540
v 2.573019 2.636955 0.226980
v 2.554774 2.644015 0.274095
v 2.505233 2.622057 0.282991
v 2.455782 2.644074 0.273951
v 2.437755 2.637037 0.226783
v 2.505574 2.631098 0.148842
v 2.574737 2.655430 0.156450
v 2.996827 2.871962 -0.226034
v 2.993060 2.871844 -0.329278
v 3.009673 2.823806 -0.227762
v 3.003280 2.823645 -0.338092
v 2.993145 2.872120 -0.139317
v 2.981826 2.871628 -0.457624
v 2.934923 2.869967 -0.562834
v 2.824152 2.865511 -0.596669
v 2.820837 2.820165 -0.612241
v 2.930647 2.822406 -0.569955
v 2.982034 2.872452 -0.060547
v 2.505743 2.646985 0.086962
v 2.575414 2.671495 0.094625
v 2.454238 2.698923 0.068402
v 2.505867 2.682685 0.051420
v 2.557446 2.698861 0.068552
v 0.575448 0.060720 -0.295657
v 0.383448 0.072203 -0.295657
v 0.433226 0.081134 -0.437879
v 0.575448 0.072203 -0.487657
v 0.330320 0.282776 -0.295657
v 0.391602 0.282776 -0.487657
v 0.385487 0.173649 -0.487657
v 0.322166 0.173649 -0.295657
v 0.335755 0.400799 -0.295657
v 0.395678 0.400799 -0.487657
v 0.330320 0.282775 -0.044547
v 0.375628 0.405180 -0.042787
v 0.322166 0.173649 -0.044547
v 0.319448 0.748471 -0.295657
v 0.322166 0.598741 -0.295657
v 0.385487 0.598741 -0.103657
v 0.383448 0.748471 -0.103657
v 0.383448 0.748471 -0.487657
v 0.385487 0.598742 -0.487657
v 0.383448 0.877821 -0.295657
v 0.433226 0.844286 -0.437879
v 0.433226 0.844286 -0.153435
v 0.575449 0.282775 0.433221
v 0.391602 0.282775 0.374112
v 0.385487 0.173648 0.374111
v 0.575449 0.173648 0.433221
v 0.330320 0.282775 0.196782
v 0.322166 0.173648 0.196782
v 0.397038 0.380419 0.196782
v 0.441682 0.355104 0.328137
v 0.330320 0.494486 -0.295657
v 0.391602 0.494486 -0.103657
v 0.391602 0.494486 -0.487657
v 0.575448 0.494486 -0.551657
v 0.575448 0.400799 -0.551657
v 0.319448 0.106651 0.196782
v 0.319448 0.106651 -0.044547
v 0.383448 0.072202 -0.044547
v 0.383449 0.072202 0.196782
v 0.383449 0.106651 0.374111
v 0.433226 0.081134 0.328137
v 0.575449 0.106651 0.433221
v 0.575448 0.282776 -0.551657
v 0.575448 0.173649 -0.551657
v 0.319448 0.106651 -0.295657
v 0.383448 0.106651 -0.487657
v 0.000000 3.957941 -0.415479
v 0.345306 3.829489 -0.415479
v 0.253815 3.729582 -0.635250
v 0.000000 3.829489 -0.714469
v 0.000000 3.829489 -0.116488
v 0.253815 3.729582 -0.195708
v 0.451555 3.444133 -0.415479
v 0.438276 2.930326 -0.415480
v 0.328707 2.930326 -0.700098
v 0.338666 3.444133 -0.708721
v 0.338666 3.444133 -0.122237
v 0.328707 2.930326 -0.130861
v 0.000000 3.444133 -0.024490
v 0.000000 2.930326 -0.035989
v 0.000000 3.444133 -0.806469
v 0.000000 2.930326 -0.794971
v 0.035699 3.308207 0.791436
v 0.181970 3.334058 0.746692
v 0.181417 3.239169 0.725399
v 0.036291 3.223828 0.768044
v 0.035207 3.458812 0.835329
v 0.182460 3.497427 0.781584
v 0.181787 3.402799 0.760498
v 0.035936 3.374822 0.811870
v 0.057657 3.207524 0.838760
v 0.202822 3.227561 0.797028
v 0.203332 3.323635 0.818534
v 0.057005 3.293079 0.862459
v 0.269381 3.359619 0.723664
v 0.420377 3.405493 0.648953
v 0.419388 3.320570 0.636792
v 0.271231 3.272621 0.710502
v 0.265857 3.516902 0.747173
v 0.422383 3.561122 0.671547
v 0.421378 3.476008 0.659345
v 0.267725 3.429701 0.733992
v 0.494841 3.349890 0.635552
v 0.499761 3.348598 0.644324
v 0.500665 3.427469 0.655820
v 0.495626 3.428061 0.647202
v 0.300606 3.263595 0.780060
v 0.448821 3.310509 0.706181
v 0.449669 3.398371 0.718768
v 0.298492 3.353508 0.793659
v 0.505288 3.440364 0.597598
v 0.614920 3.486873 0.510524
v 0.613539 3.414326 0.499907
v 0.504228 3.366376 0.586624
v 0.507298 3.585321 0.619030
v 0.617722 3.630457 0.531610
v 0.616338 3.557752 0.520969
v 0.506236 3.511173 0.608033
v 0.277362 3.550459 0.783056
v 0.281091 3.549856 0.792107
v 0.439469 3.593988 0.716233
v 0.435787 3.594376 0.707172
v 0.542197 3.356448 0.652293
v 0.651563 3.403694 0.565435
v 0.652692 3.481465 0.576813
v 0.542929 3.435646 0.664045
v 0.057202 3.359862 0.882909
v 0.203114 3.392612 0.832358
v 0.203745 3.488309 0.853631
v 0.056413 3.444916 0.906646
v 0.660937 3.418676 0.516277
v 0.662347 3.495471 0.527485
v 0.296681 3.423496 0.803972
v 0.450525 3.468781 0.729144
v 0.451389 3.556823 0.741771
v 0.294549 3.513603 0.817589
v 0.466325 3.323830 0.660770
v 0.467506 3.411172 0.673596
v 0.255555 3.347487 0.778228
v 0.257755 3.257307 0.764987
v 0.543513 3.506329 0.674460
v 0.653792 3.552223 0.587240
v 0.654924 3.630146 0.598640
v 0.544245 3.585681 0.686235
v 0.015163 3.293010 0.842045
v 0.014892 3.210846 0.816892
v 0.638980 3.665659 0.574222
v 0.528371 3.620781 0.661593
v 0.663425 3.564802 0.537702
v 0.664831 3.641242 0.548859
v 0.048246 3.181813 0.797951
v 0.226204 3.501770 0.810122
v 0.194555 3.526647 0.828923
v 0.432166 3.280840 0.661777
v 0.462460 3.325194 0.651514
v 0.251568 3.506767 0.801650
v 0.831448 0.106651 -0.295657
v 0.767448 0.072203 -0.295657
v 0.717671 0.081134 -0.437879
v 0.767448 0.106651 -0.487657
v 0.765410 0.173649 -0.487657
v 0.828731 0.173649 -0.295657
v 0.828731 0.173649 -0.044547
v 0.831448 0.106651 -0.044547
v 0.629803 3.373988 0.523940
v 0.655997 3.420109 0.507530
v 0.524118 3.620891 0.653930
v 0.497332 3.575262 0.669023
v 0.502141 3.575333 0.677483
v 0.767449 0.072202 -0.044547
v 0.012433 3.295057 0.833033
v 0.012671 3.361922 0.853544
v 0.226488 3.403570 0.790448
v 0.226705 3.334867 0.776679
v 0.251639 3.348270 0.768970
v 0.250001 3.417535 0.779177
v 0.501237 3.496862 0.666045
v 0.658683 3.565540 0.529072
v 0.657296 3.496204 0.518855
v 0.525001 3.325390 0.617713
v 0.633890 3.372988 0.531056
v 0.820577 0.282775 0.196782
v 0.753860 0.380419 0.196782
v 0.709215 0.355104 0.328137
v 0.759295 0.282775 0.374111
v 0.765410 0.173648 0.374111
v 0.828731 0.173648 0.196782
v 0.253763 3.416745 0.788433
v 0.047260 3.485035 0.885630
v 0.288484 3.232298 0.744508
v 0.435788 3.279772 0.670437
v 0.015630 3.441923 0.887639
v 0.015360 3.359882 0.862524
v 0.284767 3.233592 0.735867
v 0.247747 3.507172 0.792434
v 0.820577 0.282775 -0.044547
v 0.775269 0.405180 -0.042787
v 0.193706 3.197874 0.759011
v 0.468348 3.480426 0.683802
v 0.469528 3.567619 0.696607
v 0.465669 3.568215 0.687414
v 0.464557 3.481404 0.674577
v 0.820577 0.494486 -0.295657
v 0.759295 0.494486 -0.487657
v 0.765410 0.598742 -0.487657
v 0.828731 0.598741 -0.295657
v 0.496556 3.497463 0.657429
v 0.765410 0.598741 -0.103657
v 0.759295 0.494486 -0.103657
v 0.815142 0.400799 -0.295657
v 0.634794 3.665557 0.566542
v 0.755218 0.400799 -0.487657
v 0.575448 0.494486 -0.039657
v 0.575448 0.598741 -0.039657
v 0.226990 3.236561 0.756983
v 0.575448 0.433347 0.019453
v 0.575449 0.060720 0.196782
v 0.767449 0.072202 0.196782
v 0.717671 0.081134 0.328137
v 0.575449 0.072202 0.374111
v 0.405995 3.053863 0.280707
v 0.222935 3.032452 0.307074
v 0.246215 3.025699 0.045393
v 0.445454 3.044875 0.031413
v 0.372110 3.104429 0.512294
v 0.214877 3.078526 0.562003
v 0.587219 3.102278 0.265393
v 0.506435 3.141348 0.440025
v 0.644958 3.084608 0.018428
v 0.431500 3.072492 -0.155785
v 0.254650 3.059683 -0.126233
v 0.619365 3.103626 -0.217061
v 0.429200 3.124774 -0.320195
v 0.553040 3.134777 -0.327940
v 0.278694 3.119272 -0.269660
v 0.409136 4.854537 -0.316856
v 0.223899 4.889008 -0.338566
v 0.225886 4.910544 -0.003175
v 0.419518 4.873873 -0.002621
v 0.388495 4.797791 -0.560455
v 0.214949 4.823338 -0.608477
v 0.602106 4.794182 -0.300432
v 0.542587 4.767635 -0.497041
v 0.626385 4.807313 -0.002571
v 0.394833 4.853446 0.295812
v 0.211640 4.888072 0.318800
v 0.587803 4.793091 0.279590
v 0.372149 4.796545 0.536120
v 0.526241 4.766387 0.473058
v 0.200647 4.822248 0.584212
v 0.410120 4.702169 0.684308
v 0.219988 4.717217 0.752060
v 0.261598 4.592039 0.834151
v 0.465884 4.578440 0.754125
v 0.604411 4.689503 0.547025
v 0.675741 4.565516 0.595135
v 0.497459 4.453624 0.785454
v 0.289749 4.472539 0.873735
v 0.706040 4.434211 0.631173
v 0.519656 4.299318 0.826026
v 0.702921 4.260561 0.742110
v 0.344916 4.297860 0.889782
v 0.901764 4.441353 0.357140
v 0.982460 4.446286 0.001099
v 0.906780 4.573202 -0.003982
v 0.833061 4.568750 0.329129
v 0.925152 4.310946 0.352932
v 1.026018 4.318433 -0.000072
v 0.735593 4.698300 0.305261
v 0.792101 4.705733 -0.002547
v 0.753866 4.699674 -0.327701
v 0.866617 4.572679 -0.358459
v 0.623047 4.691429 -0.573523
v 0.707430 4.571991 -0.634063
v 0.926295 4.450669 -0.378125
v 0.742170 4.450063 -0.665622
v 0.955342 4.334146 -0.391560
v 0.767789 4.332518 -0.678596
v 0.455505 3.186107 -0.427177
v 0.300688 3.185659 -0.372796
v 0.324263 3.259912 -0.465215
v 0.496466 3.258578 -0.510366
v 0.606916 3.179785 -0.416975
v 0.667809 3.252479 -0.483196
v 0.522099 3.343048 -0.578746
v 0.337011 3.341872 -0.551845
v 0.714248 3.326807 -0.505054
v 0.543202 3.415420 -0.636251
v 0.739470 3.406608 -0.543611
v 0.336763 3.424782 -0.641994
v 0.515542 4.077503 -0.830820
v 0.251140 4.066066 -0.885106
v 0.252672 4.130206 -0.890715
v 0.518567 4.142507 -0.835879
v 0.511360 4.024444 -0.823864
v 0.249035 4.013874 -0.877398
v 0.767966 4.079609 -0.675813
v 0.762000 4.025848 -0.670284
v 0.772621 4.144932 -0.679834
v 0.520389 4.225932 -0.838969
v 0.253609 4.213181 -0.894145
v 0.775419 4.228328 -0.682290
v 0.516558 4.330369 -0.835490
v 0.253928 4.318588 -0.895315
v 0.878805 3.878180 0.315809
v 0.957094 3.880469 -0.009222
v 0.983985 3.922149 -0.015535
v 0.924072 3.921477 0.301296
v 0.838796 3.837109 0.330512
v 0.940856 3.840574 -0.000801
v 0.724432 3.882271 0.619073
v 0.658733 3.847074 0.642803
v 0.767273 3.921991 0.607528
v 0.951665 3.966115 0.295503
v 1.011413 3.966213 -0.020590
v 0.805764 3.968431 0.592970
v 0.967380 4.014067 0.295677
v 0.827428 4.017323 0.591833
v 1.033229 4.014588 -0.034156
v 0.941270 3.975482 -0.383266
v 0.923391 3.923039 -0.363431
v 0.956008 4.025148 -0.393246
v 0.754466 3.978499 -0.663491
v 0.737670 3.932133 -0.647702
v 0.907571 3.882355 -0.360394
v 0.712820 3.882536 -0.633485
v 0.874139 3.842834 -0.351720
v 0.699383 3.843031 -0.616027
v 0.567241 3.625674 0.742992
v 0.438712 3.584764 0.840660
v 0.430715 3.538498 0.811690
v 0.554746 3.586643 0.729586
v 0.717425 3.642056 0.581101
v 0.728732 3.681230 0.573735
v 0.604595 3.680686 0.709731
v 0.698988 3.610921 0.591672
v 0.277894 3.858464 0.866696
v 0.284985 3.860404 0.908369
v 0.325283 3.825259 0.891738
v 0.321912 3.824469 0.842769
v 0.419068 3.764561 0.794386
v 0.423809 3.767019 0.845804
v 0.449637 3.754341 0.829173
v 0.454957 3.752079 0.771817
v 0.207020 3.929088 0.871142
v 0.214465 3.935632 0.907449
v 0.243629 3.895562 0.888609
v 0.235701 3.885417 0.854707
v 0.876119 3.545467 0.314007
v 0.965303 3.508836 -0.000621
v 0.962793 3.564769 -0.001777
v 0.884774 3.592288 0.318147
v 0.872722 3.483216 0.309412
v 0.957500 3.437342 0.000720
v 0.742817 3.583896 0.546013
v 0.746776 3.530471 0.537971
v 0.883109 3.631964 0.314906
v 0.955797 3.613422 -0.005304
v 0.876073 3.671776 0.302125
v 0.942066 3.663898 -0.009336
v 0.896034 3.602270 -0.353132
v 0.892199 3.546209 -0.346731
v 0.886131 3.659260 -0.357762
v 0.725350 3.604826 -0.610350
v 0.716390 3.661765 -0.619583
v 0.734831 3.545985 -0.596282
v 0.895664 3.483054 -0.339224
v 0.742354 3.480502 -0.573838
v 0.889013 3.408186 -0.329000
v 0.502072 3.705762 -0.787409
v 0.287084 3.712774 -0.876357
v 0.243886 3.763269 -0.858545
v 0.474900 3.761960 -0.779087
v 0.510289 3.662674 -0.786570
v 0.307020 3.664553 -0.878596
v 0.706994 3.706910 -0.621795
v 0.696155 3.762474 -0.623764
v 0.468921 3.803424 -0.771455
v 0.241704 3.803511 -0.850558
v 0.694700 3.803370 -0.618173
v 0.468045 3.843052 -0.768753
v 0.240833 3.843054 -0.847368
v 0.470135 3.882747 -0.771395
v 0.241704 3.882596 -0.850557
v 0.243744 3.923404 -0.858024
v 0.497167 3.932247 -0.801169
v 0.506208 3.977147 -0.815315
v 0.246378 3.966741 -0.867671
v 0.555837 3.792299 0.703592
v 0.457182 3.788693 0.756656
v 0.570180 3.760786 0.697812
v 0.533773 3.821215 0.712180
v 0.447216 3.817543 0.759042
v 0.676823 3.802656 0.618738
v 0.704110 3.762299 0.597398
v 0.588357 3.737946 0.698884
v 0.496815 3.744332 0.749556
v 0.727251 3.726440 0.592295
v 0.858464 3.714920 0.323523
v 0.919494 3.710773 -0.004825
v 0.897416 3.759441 -0.000906
v 0.835992 3.759889 0.334636
v 0.826981 3.799149 0.336877
v 0.914667 3.804553 0.000466
v 0.855792 3.803111 -0.352748
v 0.849414 3.761065 -0.356013
v 0.861320 3.713948 -0.360041
v 0.707494 3.190823 0.282731
v 0.784092 3.153412 0.012563
v 0.875215 3.242465 0.009472
v 0.785989 3.296737 0.306703
v 0.559216 3.222883 0.514825
v 0.620322 3.357738 0.584105
v 0.841872 3.397253 0.311287
v 0.930690 3.342945 0.004803
v 0.714157 3.454293 0.541252
v 0.862410 3.322950 -0.310262
v 0.822959 3.238022 -0.294196
v 0.741524 3.159921 -0.257858
v 0.402781 3.201541 0.646373
v 0.449994 3.291831 0.707142
v 0.297024 3.239708 0.784835
v 0.252113 3.162508 0.713370
v 0.545600 3.484147 -0.701713
v 0.342235 3.491630 -0.749047
v 0.328057 3.557308 -0.828629
v 0.533104 3.549254 -0.750185
v 0.519613 3.608295 -0.776669
v 0.315811 3.613708 -0.869352
v 0.491179 4.450029 -0.820428
v 0.253609 4.450029 -0.894145
v 0.256591 4.585929 -0.867163
v 0.477640 4.580345 -0.791723
v 0.426119 4.703787 -0.710638
v 0.231640 4.717421 -0.778392
v 0.977012 4.072574 0.299065
v 1.042769 4.073464 -0.037024
v 1.048486 4.133988 -0.034207
v 0.978408 4.136003 0.309931
v 0.839911 4.071748 0.597956
v 0.832465 4.132544 0.620824
v 0.963635 4.212820 0.332541
v 1.045054 4.215678 -0.024932
v 0.794345 4.200546 0.669923
v 0.973201 4.231666 -0.398734
v 0.970759 4.148487 -0.398535
v 0.963544 4.082084 -0.396663
v 0.187231 3.986133 0.885222
v 0.193091 3.990924 0.915808
v 0.211897 4.422074 0.923167
v 0.212357 4.331074 0.936046
v 0.193887 4.161049 0.910402
v 0.183112 4.175106 0.940063
v 0.176825 4.103886 0.934043
v 0.180345 4.100671 0.905052
v 0.362561 3.824769 0.807201
v 0.351398 3.803632 0.828406
v 0.389795 3.778528 0.810873
v 0.222309 3.936105 0.935361
v 0.249998 3.895966 0.923629
v 0.091205 4.721914 -0.798710
v 0.100500 4.586624 -0.891672
v 0.000000 4.586276 -0.891546
v 0.000000 4.718929 -0.795289
v 0.085254 4.832136 -0.620330
v 0.000000 4.827407 -0.612675
v 0.095028 4.448805 -0.913726
v 0.000000 4.449589 -0.921754
v 0.095156 4.317364 -0.914956
v 0.000000 4.320619 -0.925716
v 0.136614 3.617795 -0.885935
v 0.126889 3.568529 -0.843733
v 0.000000 3.566822 -0.844239
v 0.000000 3.622869 -0.891548
v 0.138273 3.665979 -0.896187
v 0.000000 3.672013 -0.899958
v 0.142546 3.498865 -0.740340
v 0.000000 3.497454 -0.741744
v 0.169487 3.422456 -0.640874
v 0.000000 3.420524 -0.624074
v 0.121134 3.141490 0.751812
v 0.147621 3.208226 0.828375
v 0.000000 3.197648 0.841607
v 0.000000 3.135484 0.763891
v 0.097480 3.067855 0.591388
v 0.000000 3.066326 0.601002
v 0.242086 4.240580 0.912597
v 0.202023 4.249792 0.939646
v 0.177287 4.046635 0.896631
v 0.177793 4.050646 0.927418
v 0.493876 3.742407 0.799444
v 0.553731 3.738635 0.752217
v 0.120425 4.509061 0.901686
v 0.115119 4.434210 0.937649
v 0.092136 3.965518 -0.885906
v 0.091082 3.922180 -0.875769
v 0.000000 3.922496 -0.886658
v 0.000000 3.965992 -0.896638
v 0.093199 4.012650 -0.896128
v 0.000000 4.013282 -0.906703
v 0.090266 3.881372 -0.867923
v 0.000000 3.881531 -0.878996
v 0.089918 3.841830 -0.864571
v 0.000000 3.841830 -0.875885
v 0.090266 3.802287 -0.867923
v 0.091139 3.762045 -0.876317
v 0.000000 3.761870 -0.887352
v 0.000000 3.802200 -0.879067
v 0.120224 3.713285 -0.893047
v 0.000000 3.718077 -0.898398
v 0.101810 3.500541 0.974992
v 0.000000 3.491504 0.990974
v 0.000000 3.465085 0.962995
v 0.097893 3.469141 0.949187
v 0.154555 4.179420 0.963891
v 0.168976 4.107412 0.955282
v 0.200351 3.482003 0.916099
v 0.207364 3.522296 0.944794
v 0.095028 4.211957 -0.913727
v 0.094653 4.128983 -0.910123
v 0.000000 4.131337 -0.920846
v 0.000000 4.214761 -0.924483
v 0.094041 4.064842 -0.904228
v 0.000000 4.066336 -0.914891
v 0.155566 3.339578 -0.510245
v 0.150495 3.258848 -0.412606
v 0.000000 3.259383 -0.405287
v 0.000000 3.339319 -0.506955
v 0.139827 3.183985 -0.313514
v 0.000000 3.183760 -0.301135
v 0.127492 3.115697 -0.211893
v 0.000000 3.115310 -0.199688
v 0.111193 4.599087 0.872030
v -0.000000 4.596465 0.887276
v -0.000000 4.508754 0.921492
v 0.090874 4.722753 0.783430
v -0.000000 4.722167 0.792703
v 0.083211 4.831980 0.607808
v -0.000000 4.832751 0.613660
v 0.088018 4.900617 0.331412
v 0.093015 4.923897 -0.001393
v 0.000000 4.925433 -0.002249
v 0.000000 4.901893 0.334408
v 0.090061 4.900773 -0.339857
v 0.000000 4.895913 -0.334888
v 0.117420 3.054691 -0.106665
v 0.107881 3.018564 0.054240
v 0.000000 3.018008 0.057381
v 0.000000 3.054149 -0.099377
v 0.097149 3.024916 0.322895
v 0.000000 3.024617 0.328168
v 0.319847 3.551489 0.902825
v 0.311937 3.504370 0.872063
v 0.201896 3.991955 0.948242
v 0.273942 3.859616 0.833074
v 0.154090 4.246229 0.962153
v 0.367989 3.800015 0.873769
v 0.397393 3.778529 0.859197
v 0.096595 3.454343 0.938503
v 0.000000 3.452199 0.952916
v 0.198130 3.463696 0.904408
v 0.096595 3.467031 0.887201
v 0.198130 3.477511 0.853106
v 0.000000 3.464628 0.901614
v 0.156449 3.230473 0.845297
v 0.311995 3.265441 0.800056
v 0.000000 3.218369 0.858911
v 0.156449 3.216140 0.793994
v 0.000000 3.202575 0.807608
v 0.311995 3.255329 0.748755
v 0.309543 3.483175 0.859774
v 0.427590 3.517616 0.799914
v 0.309543 3.499342 0.808473
v 0.427590 3.537939 0.748613
v 0.671585 3.473307 0.609306
v 0.704794 3.546223 0.605557
v 0.593611 3.393396 0.641789
v 0.671585 3.488282 0.558005
v 0.593611 3.398727 0.590487
v 0.704794 3.569999 0.554255
v 0.698383 3.596706 0.614747
v 0.647933 3.610125 0.648926
v 0.698383 3.626575 0.563445
v 0.647933 3.641613 0.597624
v 0.465732 3.321929 0.718797
v 0.465732 3.318634 0.667495
v 0.549028 3.571846 0.720140
v 0.549028 3.598715 0.668838
v 0.324244 3.596553 0.921257
v 0.211374 3.565535 0.966648
v 0.530225 3.681406 0.784186
v 0.511101 3.645013 0.802677
v 0.110256 4.364032 0.961075
v 0.093290 4.309566 0.975163
v 0.162996 4.298975 0.954564
v 0.102560 3.539725 0.991205
v 0.000000 3.526768 1.001554
v 0.184297 4.051496 0.958229
v 0.430837 3.625355 0.862492
v -0.000000 4.359054 0.980458
v -0.000000 4.302724 0.986745
v -0.000000 4.421344 0.955297
v 0.510377 3.839712 0.720814
v 0.426396 3.838958 0.754380
v 0.196888 4.092937 0.882545
v 0.215871 4.147162 0.887349
v 0.253423 3.899619 0.837330
v 0.227665 3.938838 0.852091
v 0.594769 3.855167 0.687023
v 0.259158 4.218587 0.889321
v 0.326465 3.839509 0.820146
v 0.084920 3.601773 1.009423
v 0.100609 3.575712 1.003373
v 0.214393 3.609826 0.986261
v 0.147835 3.624805 1.005258
v 0.000000 3.593549 1.014833
v 0.000000 3.561554 1.008399
v 0.447692 3.670952 0.854083
v 0.182515 3.661582 1.003171
v 0.244406 3.655685 0.977368
v 0.259263 3.705885 0.962345
v 0.195244 3.696775 0.989485
v 0.342475 3.753655 0.897951
v 0.320781 3.715127 0.922984
v 0.353689 3.695383 0.911227
v 0.341400 3.641675 0.927776
v 0.267818 3.749925 0.952094
v 0.197662 3.743753 0.985027
v 0.077720 3.958774 0.984789
v 0.103374 3.980830 0.978940
v -0.000000 3.994523 0.991572
v -0.000000 3.970565 0.994136
v 0.133516 3.930068 0.972749
v -0.000000 3.953105 1.002154
v -0.000000 3.949056 1.000769
v 0.098721 4.110868 0.977763
v 0.086887 4.180987 0.982228
v -0.000000 4.170723 0.993209
v -0.000000 4.111835 0.988466
v 0.097727 4.059100 0.975323
v -0.000000 4.062847 0.984580
v 0.085942 4.247649 0.981550
v 0.000000 4.240136 0.994596
v 0.195809 3.794440 0.973686
v 0.276438 3.800717 0.927955
v 0.190284 3.845268 0.967729
v 0.088662 3.837954 0.997422
v 0.106852 3.783296 0.999525
v 0.171101 3.890708 0.968225
v 0.104331 4.017564 0.976918
v -0.000000 4.026475 0.985670
v 3.153999 2.714193 -0.555069
v 3.101403 2.740586 -0.542213
v 3.103954 2.761596 -0.591754
v 3.139129 2.741625 -0.617722
v 3.168386 2.737608 -0.491064
v 3.125625 2.758621 -0.497934
v 3.229119 2.712911 -0.572542
v 3.243401 2.736156 -0.509004
v 3.214357 2.740143 -0.634738
v 3.405020 2.806164 -0.611109
v 3.382936 2.734656 -0.607727
v 3.354657 2.755275 -0.648099
v 3.368331 2.809128 -0.666045
v 3.314867 2.711652 -0.592483
v 3.300431 2.738283 -0.653307
v 3.328834 2.734384 -0.530345
v 3.375444 2.752420 -0.558111
v 3.088057 2.713483 -0.539379
v 3.024490 2.713920 -0.524609
v 3.009620 2.741352 -0.587262
v 3.073187 2.740916 -0.602032
v 3.102444 2.736899 -0.475374
v 3.038877 2.737336 -0.460604
v 3.135489 2.738580 -0.549780
v 3.133779 2.756951 -0.499472
v 3.112106 2.759927 -0.593293
v 2.965761 2.712010 -0.082914
v 2.973449 2.708654 -0.149651
v 2.993444 2.759215 -0.143679
v 2.978002 2.760619 -0.071428
v 2.921162 2.674383 -0.098542
v 2.922577 2.668751 -0.166065
v 2.923367 2.718202 -0.036744
v 2.893499 2.692110 -0.058606
v 2.927803 2.762873 -0.022137
v 2.656282 2.673860 -0.439329
v 2.711711 2.683089 -0.442385
v 2.677762 2.682774 -0.348399
v 2.626880 2.671761 -0.376244
v 2.636896 2.678011 -0.495188
v 2.689734 2.697910 -0.528853
v 2.616510 2.660329 -0.433897
v 2.609004 2.667172 -0.471231
v 2.602810 2.663236 -0.393312
v 2.389806 2.714733 -0.145487
v 2.393804 2.713334 -0.221159
v 2.453789 2.685934 -0.246837
v 2.411199 2.689273 -0.160345
v 2.377150 2.744337 -0.129258
v 2.364133 2.742452 -0.201903
v 2.421659 2.719777 -0.076182
v 2.425807 2.749349 -0.066554
v 2.425919 2.694034 -0.088477
v 2.983783 2.792782 -0.057904
v 3.003487 2.792064 -0.136102
v 2.929509 2.793832 -0.004668
v 2.816687 2.727829 -0.020998
v 2.675731 2.733680 -0.025491
v 2.671500 2.702426 -0.057391
v 2.816033 2.693413 -0.053676
v 2.818389 2.765901 -0.005596
v 2.678521 2.765718 -0.011504
v 2.896392 2.816489 -0.492364
v 2.913008 2.740109 -0.498085
v 2.936016 2.758310 -0.453521
v 2.926912 2.814372 -0.432728
v 2.561093 2.732981 -0.541343
v 2.690150 2.732808 -0.566252
v 2.565552 2.703724 -0.522725
v 2.556290 2.762203 -0.559389
v 2.686141 2.766860 -0.586212
v 2.459362 2.728349 -0.494178
v 2.451799 2.754968 -0.507041
v 2.472297 2.702819 -0.482558
v 2.819615 2.791918 -0.605627
v 2.819822 2.764812 -0.589868
v 2.685341 2.790143 -0.605579
v 2.928830 2.791773 -0.562420
v 2.926914 2.760673 -0.551317
v 3.133529 2.818566 -0.636802
v 3.208798 2.816522 -0.653679
v 2.960924 2.714357 -0.509839
v 2.914345 2.761286 -0.547342
v 2.946054 2.741789 -0.572492
v 2.975311 2.737773 -0.445834
v 2.983140 2.791718 -0.460560
v 2.976998 2.759063 -0.451520
v 3.003293 2.791728 -0.337090
v 2.993185 2.758808 -0.330704
v 2.410696 2.723861 -0.415657
v 2.434111 2.700532 -0.408930
v 2.394197 2.749283 -0.426808
v 2.395082 2.719562 -0.333746
v 2.368542 2.745218 -0.340200
v 2.445941 2.695781 -0.327260
v 2.652488 2.672724 -0.165101
v 2.710859 2.684551 -0.150198
v 2.613502 2.679373 -0.099668
v 2.638866 2.665558 -0.231869
v 2.689705 2.679000 -0.251760
v 2.609487 2.656544 -0.172670
v 2.608896 2.656375 -0.213100
v 2.588105 2.665637 -0.129436
v 2.964120 2.707810 -0.446548
v 2.922342 2.711715 -0.547733
v 2.919283 2.668231 -0.444314
v 2.894074 2.684340 -0.517537
v 2.973039 2.707604 -0.323367
v 2.920899 2.667545 -0.322861
v 3.178782 2.710790 -0.366513
v 3.124865 2.737365 -0.362487
v 3.135127 2.757317 -0.411359
v 3.173891 2.736853 -0.431166
v 3.183053 2.735595 -0.301437
v 3.141912 2.756385 -0.315264
v 3.255700 2.709261 -0.371984
v 3.259938 2.733885 -0.307383
v 3.250845 2.735133 -0.436165
v 3.435572 2.801969 -0.384060
v 3.413140 2.730510 -0.383000
v 3.391525 2.750214 -0.427637
v 3.407894 2.803697 -0.444106
v 3.336364 2.807299 -0.461367
v 3.338753 2.733022 -0.440994
v 3.248402 2.811085 -0.456998
v 3.343501 2.707721 -0.378228
v 3.347646 2.731801 -0.315051
v 3.398032 2.749320 -0.335469
v 3.111225 2.710303 -0.361601
v 3.046138 2.710948 -0.356976
v 3.041247 2.737011 -0.421629
v 3.106333 2.736365 -0.426253
v 3.115494 2.735107 -0.296525
v 3.050408 2.735753 -0.291901
v 3.159729 2.735252 -0.364858
v 3.150224 2.754693 -0.315747
v 3.143439 2.755625 -0.411841
v 3.103874 2.812875 -0.447239
v 3.154216 2.812181 -0.429087
v 3.171431 2.813362 -0.452152
v 2.981052 2.711594 -0.352352
v 2.931926 2.737511 -0.348672
v 2.940947 2.757633 -0.397453
v 2.976161 2.737656 -0.417004
v 2.985321 2.736398 -0.287276
v 2.947733 2.756701 -0.301359
v 3.202308 2.707560 -0.185044
v 3.148447 2.734128 -0.189818
v 3.166116 2.753062 -0.236838
v 3.207432 2.732247 -0.250092
v 3.196568 2.733739 -0.120499
v 3.158068 2.754167 -0.140843
v 3.279148 2.706042 -0.178556
v 3.273449 2.732030 -0.114481
v 3.284235 2.730549 -0.243129
v 3.372694 2.802311 -0.256001
v 3.371833 2.728481 -0.234301
v 3.285114 2.806045 -0.265319
v 3.358631 2.804242 -0.088252
v 3.270734 2.808019 -0.093788
v 3.361286 2.729928 -0.108489
v 3.366858 2.704514 -0.171151
v 3.436429 2.727312 -0.165491
v 3.414228 2.747097 -0.121170
v 3.421947 2.746037 -0.213244
v 3.134820 2.707063 -0.190871
v 3.069801 2.707700 -0.196355
v 3.074924 2.732387 -0.261404
v 3.139945 2.731751 -0.255919
v 3.129081 2.733242 -0.126325
v 3.064060 2.733878 -0.131810
v 3.183279 2.732019 -0.187009
v 3.166372 2.752477 -0.140273
v 3.174419 2.751372 -0.236268
v 3.140832 2.807801 -0.278271
v 3.075811 2.808437 -0.283756
v 3.208318 2.808298 -0.272445
v 3.152956 2.809680 -0.255368
v 3.004781 2.708336 -0.201840
v 2.955708 2.734247 -0.206205
v 2.972135 2.753352 -0.253331
v 3.009905 2.733023 -0.266888
v 2.999041 2.734515 -0.137295
v 2.964088 2.754456 -0.157335
v 3.193659 2.708748 0.005982
v 3.141538 2.735077 -0.008778
v 3.167267 2.752904 -0.052259
v 3.210238 2.731863 -0.057571
v 3.176647 2.736474 0.067984
v 3.142385 2.756321 0.040746
v 3.268133 2.707554 0.026043
v 3.251246 2.735078 0.087593
v 3.284591 2.730500 -0.037048
v 3.442612 2.801003 0.070323
v 3.420653 2.729478 0.066438
v 3.414869 2.747008 0.016530
v 3.436013 2.799836 0.004497
v 3.374045 2.802126 -0.035339
v 3.369241 2.728836 -0.012763
v 3.353146 2.706396 0.048937
v 3.336631 2.733313 0.109129
v 3.391005 2.750285 0.105735
v 3.128296 2.707959 -0.012033
v 3.065274 2.708322 -0.028990
v 3.081853 2.731436 -0.092545
v 3.144874 2.731074 -0.075587
v 3.111284 2.735685 0.049969
v 3.048263 2.736047 0.033012
v 3.175346 2.733108 -0.000091
v 3.150482 2.754658 0.042510
v 3.175364 2.751243 -0.050494
v 3.149824 2.806566 -0.098842
v 3.086802 2.806928 -0.115800
v 3.190451 2.809279 0.001819
v 3.157901 2.811675 0.060358
v 3.170399 2.813503 0.086581
v 3.245044 2.811546 0.106054
v 2.978994 2.813439 0.034651
v 2.937326 2.812942 0.001007
v 2.954416 2.755784 -0.010246
v 2.985242 2.736409 0.016054
v 3.042015 2.813077 0.051609
v 3.002254 2.708683 -0.045948
v 2.954771 2.734375 -0.059442
v 2.979298 2.752368 -0.103251
v 3.018832 2.731797 -0.109502
v 3.010033 2.791778 -0.229050
v 2.998586 2.758735 -0.229097
v 2.392507 2.715498 -0.276413
v 2.455220 2.695205 -0.286598
v 2.359891 2.742843 -0.268725
v 2.560294 2.687227 -0.297661
v 2.553628 2.686332 -0.323555
v 2.687650 2.681093 -0.295652
v 2.567333 2.679208 -0.272565
v 2.976012 2.707535 -0.227102
v 2.922243 2.667095 -0.235475
v 2.817211 2.666332 -0.266624
v 2.814808 2.668062 -0.336965
v 2.819901 2.667877 -0.204966
v 2.817262 2.670602 -0.443486
v 2.820586 2.685145 -0.539422
v 2.555850 2.784434 -0.577675
v 2.450322 2.777992 -0.521988
v 2.820792 2.722884 -0.578008
v 2.530511 2.728544 -0.040034
v 2.525398 2.701085 -0.054908
v 2.536962 2.758338 -0.029564
v 2.818306 2.675167 -0.124491
v 2.548154 2.652871 -0.176380
v 2.564232 2.652206 -0.223178
v 2.486380 2.658606 -0.175786
v 2.511055 2.658020 -0.212727
v 2.531636 2.662943 -0.125277
v 2.482995 2.664905 -0.134953
v 2.557926 2.659914 -0.425662
v 2.561644 2.666587 -0.473116
v 2.499732 2.668526 -0.417035
v 2.513453 2.672144 -0.456350
v 2.554597 2.662269 -0.377815
v 2.507821 2.669199 -0.380358
v 2.569635 2.664260 -0.251489
v 2.489224 2.666677 -0.229250
v 2.552446 2.674544 -0.347026
v 2.481142 2.679039 -0.356733
v 2.524912 2.679116 -0.084055
v 2.447503 2.675146 -0.110300
v 2.564961 2.681391 -0.502727
v 2.489897 2.683059 -0.471340
v 2.442060 2.670652 -0.170442
v 2.461124 2.682076 -0.410423
v 2.541463 2.787312 -0.013628
v 2.429446 2.779727 -0.052733
v 2.543519 2.825613 -0.006230
v 2.431401 2.820197 -0.045721
v 2.680688 2.793867 0.006876
v 2.345111 2.771975 -0.265151
v 2.356823 2.772135 -0.346604
v 2.345343 2.812066 -0.263581
v 2.357421 2.809680 -0.348171
v 2.350953 2.773180 -0.189532
v 2.387937 2.774017 -0.438590
v 2.372504 2.775390 -0.115047
v 2.373661 2.816969 -0.109017
v 2.819257 2.795117 0.013394
v 2.931207 2.826073 0.004419
v 2.821172 2.828774 0.022338
v 0.575448 0.060720 -0.044547
v 0.831449 0.106651 0.196782
v 0.767449 0.106651 0.374111
v 0.820577 0.282776 -0.295657
v 0.759295 0.282776 -0.487657
v 0.575449 0.412967 0.196782
v 0.575449 0.380419 0.374111
v 0.831448 0.748471 -0.295657
v 0.767448 0.748471 -0.487657
v 0.717671 0.844286 -0.437879
v 0.767448 0.877821 -0.295657
v 0.717671 0.844286 -0.153435
v 0.767448 0.748471 -0.103657
v 0.045487 3.183029 0.788468
v 0.012169 3.213072 0.807876
v 0.520821 3.326602 0.610620
v 2.061698 2.779981 -0.247323
v 1.899078 2.777472 -0.242796
v 1.667053 2.722130 -0.256375
v 1.956220 2.710319 -0.256956
v 1.725686 2.894218 -0.239993
v 1.633961 2.745442 -0.250110
v 3.396164 2.805307 -0.545548
v 3.294994 2.812979 -0.671831
v 3.332865 2.807780 -0.507883
v 3.247523 2.811206 -0.486035
v 2.682586 2.829659 0.014707
v 2.351307 2.814677 -0.185257
v 3.043029 2.812938 -0.437466
v 3.120137 2.816859 -0.611081
v 2.897655 2.818388 -0.559385
v 3.172538 2.813210 -0.467926
v 2.940454 2.818730 -0.591572
v 2.979463 2.813375 -0.422696
v 3.106062 2.814046 -0.360582
v 3.119350 2.814295 -0.426717
v 3.128511 2.813036 -0.296989
v 3.051001 2.811843 -0.269644
v 3.183645 2.811685 -0.279181
v 3.129673 2.810804 -0.192079
v 3.142091 2.811172 -0.125775
v 3.126346 2.809789 -0.105480
v 2.938529 2.810704 -0.208329
v 3.193833 2.810286 -0.099653
v 3.123587 2.811640 -0.015768
v 3.124093 2.813643 0.051671
v 3.105037 2.812715 0.068566
v 3.191491 2.807063 -0.065198
v 2.938366 2.810726 -0.066011
v 2.970917 2.808330 -0.124549
v 3.023780 2.807290 -0.132757
v 2.575552 2.756302 0.074208
v 2.505200 2.686677 0.323130
v 2.598808 2.761731 0.062744
v 2.598951 2.774550 0.010183
v 2.575479 2.752131 0.102132
v 2.575979 2.796998 -0.081832
v 2.599093 2.787369 -0.042377
v 2.413320 2.787481 -0.042647
v 3.003435 2.824074 -0.132716
v 2.984199 2.823373 -0.465364
v 2.984621 2.824668 -0.051293
v 0.575448 0.106651 -0.551657
v 0.575448 0.920938 -0.295657
v 0.575448 0.877821 -0.487657
v 0.575448 0.877821 -0.103657
v 0.575448 0.748471 -0.039657
v 0.575448 0.748471 -0.551657
v 0.575448 0.598742 -0.551657
v 0.190795 3.200352 0.749656
v 0.224195 3.237951 0.747564
v 0.223909 3.336073 0.767278
v 0.012935 3.443787 0.878663
v 0.223726 3.404774 0.781076
v 0.223440 3.502795 0.800769
v 0.044870 3.485841 0.876791
v 0.191711 3.528611 0.820139
v 0.253896 3.258480 0.755689
v 0.659973 3.641305 0.540348
v 0.463574 3.412148 0.664372
v 0.351826 3.846929 0.787946
v 0.329782 3.855677 0.798732
v 0.767402 3.973545 0.602321
v 0.732503 3.931437 0.615520
v 0.207470 3.990071 0.864736
v 0.675417 3.888761 0.646474
v 0.507361 4.273700 0.812616
v 0.674157 4.238410 0.737543
v 0.292293 3.870555 0.817075
v 0.757048 4.183998 0.672093
v 0.791611 4.122340 0.627575
v 0.798362 4.067218 0.606841
v 0.787045 4.017874 0.601290
v 0.348928 4.272378 0.870422
v 0.196118 4.044406 0.874982
v 0.061767 3.630721 1.012702
v 0.000000 3.626842 1.013593
v 0.098669 3.642006 1.012437
v 0.128887 3.664095 1.007824
v 0.135543 3.693301 1.004710
v 0.123123 3.737034 1.002398
v 0.047602 3.929209 0.998549
v 0.068093 3.888916 0.997453
v -2.036949 2.599096 -0.270940
v -2.025299 2.615808 -0.334277
v -1.884805 2.614203 -0.324530
v -1.885917 2.596994 -0.270250
v -2.051736 2.923256 -0.245492
v -1.887053 2.913319 -0.241187
v -1.885250 2.896796 -0.302980
v -2.048917 2.906050 -0.315839
v -2.200989 2.906039 -0.327129
v -2.203701 2.923549 -0.252005
v -1.763847 2.713897 -0.258583
v -1.760400 2.703643 -0.313762
v -1.877568 2.701061 -0.317822
v -1.876262 2.712656 -0.258265
v -2.431149 2.817554 -0.269013
v -2.407393 2.882227 -0.266363
v -2.383533 2.870500 -0.310931
v -2.402553 2.823596 -0.325546
v -2.324372 2.838657 -0.350760
v -2.323613 2.895282 -0.327586
v -2.204675 2.852041 -0.352822
v -2.200722 2.786863 -0.340113
v -2.297725 2.769289 -0.353489
v -2.370677 2.749129 -0.328649
v -2.326916 2.913716 -0.259828
v -2.051532 2.853055 -0.339898
v -1.888716 2.846131 -0.324113
v -1.894357 2.795099 -0.304186
v -2.056740 2.799342 -0.317212
v -2.128021 2.745345 -0.254308
v -2.146576 2.739060 -0.334663
v -2.165477 2.772960 -0.252140
v -2.031035 2.717632 -0.255391
v -2.046208 2.708625 -0.333960
v -1.740001 2.835702 -0.317594
v -1.753585 2.791471 -0.298946
v -1.727841 2.879760 -0.297817
v -1.597935 2.855135 -0.297684
v -1.621178 2.823296 -0.316685
v -1.634608 2.779604 -0.306013
v -1.506669 2.827078 -0.245159
v -1.462154 2.786903 -0.249965
v -1.482176 2.785617 -0.303375
v -1.516775 2.823113 -0.299914
v -1.591078 2.865591 -0.241465
v -1.727413 2.612198 -0.269686
v -1.733032 2.627272 -0.319976
v -1.747078 2.666260 -0.334447
v -1.881219 2.658568 -0.340149
v -1.638963 2.715785 -0.317230
v -1.625782 2.678771 -0.332376
v -1.600620 2.651622 -0.317711
v -1.994463 2.658530 -0.352502
v -2.156423 2.637449 -0.340995
v -2.100297 2.673949 -0.362195
v -1.964688 2.699341 -0.326450
v -2.212209 2.712627 -0.359912
v -2.280092 2.684484 -0.336459
v -1.541238 2.750510 -0.323889
v -1.611120 2.747368 -0.304792
v -1.542103 2.780411 -0.319962
v -1.471034 2.753082 -0.307261
v -1.483122 2.720749 -0.311202
v -1.544531 2.721282 -0.328034
v -1.548035 2.810443 -0.317733
v -1.551073 2.693264 -0.330914
v -1.518213 2.683861 -0.314826
v -1.998706 2.650884 -0.175393
v -1.967934 2.693491 -0.190957
v -2.052530 2.702973 -0.180790
v -2.108446 2.666649 -0.164456
v -2.162325 2.632150 -0.197557
v -2.028417 2.610189 -0.204107
v -1.884616 2.608701 -0.212974
v -1.880961 2.651082 -0.188365
v -1.877371 2.695335 -0.201704
v -2.333863 2.834832 -0.170660
v -2.306507 2.763460 -0.169712
v -2.209010 2.781461 -0.167414
v -2.215328 2.848075 -0.153144
v -2.209564 2.904313 -0.177370
v -2.331319 2.893663 -0.192511
v -2.388649 2.869099 -0.218813
v -2.408730 2.821107 -0.208329
v -2.376494 2.745259 -0.206836
v -2.061902 2.850182 -0.152916
v -2.064166 2.796438 -0.176975
v -1.900793 2.793808 -0.181003
v -1.897415 2.844659 -0.159869
v -1.891862 2.895879 -0.179796
v -2.057045 2.904643 -0.175602
v -1.744182 2.659834 -0.193822
v -1.758185 2.698726 -0.206179
v -1.730904 2.622549 -0.216621
v -1.597735 2.647921 -0.216219
v -1.621799 2.673676 -0.194681
v -1.635750 2.711808 -0.198888
v -1.745695 2.835015 -0.163897
v -1.732112 2.879246 -0.182545
v -1.757856 2.790956 -0.183674
v -1.636229 2.779033 -0.181008
v -1.623938 2.822873 -0.166794
v -1.599960 2.854794 -0.185382
v -1.760011 2.776499 -0.241498
v -1.664853 2.768632 -0.243809
v -2.221208 2.705787 -0.165103
v -2.153810 2.733561 -0.178052
v -2.286355 2.679723 -0.200856
v -2.305395 2.673069 -0.270707
v -2.397409 2.740800 -0.269790
v -2.177709 2.622966 -0.271259
v -1.506133 2.679511 -0.264381
v -1.515564 2.681008 -0.212940
v -1.590973 2.640954 -0.268110
v -1.461886 2.719686 -0.259576
v -1.481212 2.718546 -0.207262
v -1.447226 2.753294 -0.254770
v -1.470102 2.751544 -0.201113
v -1.539949 2.748226 -0.180990
v -1.542577 2.779305 -0.174170
v -1.610119 2.745478 -0.196592
v -1.541491 2.717783 -0.188371
v -1.482225 2.784667 -0.195104
v -1.549337 2.809856 -0.170355
v -1.517572 2.822578 -0.189847
v -1.547239 2.689144 -0.193864
v -3.152067 2.917583 -0.549659
v -3.166937 2.890151 -0.487007
v -3.124552 2.871615 -0.494929
v -3.099956 2.893129 -0.538155
v -3.102880 2.874591 -0.588750
v -3.137680 2.894166 -0.613663
v -3.212919 2.891572 -0.630710
v -3.227201 2.914817 -0.567172
v -3.241963 2.887585 -0.504976
v -3.083228 2.817181 -0.536125
v -3.086051 2.818866 -0.603513
v -3.115308 2.814848 -0.476856
v -2.830577 2.946999 -0.096733
v -2.682903 2.959026 -0.113118
v -2.680133 2.966208 -0.189167
v -2.829273 2.951924 -0.172326
v -2.944473 2.920103 -0.153366
v -2.942021 2.918954 -0.078188
v -2.910350 2.909177 -0.034953
v -2.830305 2.927008 -0.031763
v -2.685166 2.935501 -0.045702
v -3.312992 2.909106 -0.587231
v -3.327428 2.882475 -0.526407
v -3.299024 2.886374 -0.649368
v -3.353627 2.863653 -0.645216
v -3.381558 2.879780 -0.603867
v -3.374414 2.860800 -0.555229
v -2.826012 2.880169 0.007606
v -2.684570 2.884624 -0.002956
v -2.935616 2.874590 -0.006113
v -2.378420 2.878154 -0.117333
v -2.362239 2.876106 -0.190291
v -2.412199 2.933171 -0.196777
v -2.420644 2.933478 -0.126812
v -2.456299 2.919752 -0.079062
v -2.430492 2.880045 -0.056525
v -3.086124 2.916874 -0.533969
v -3.100995 2.889442 -0.471317
v -3.037429 2.889879 -0.456547
v -3.022559 2.917310 -0.519199
v -3.008172 2.893895 -0.583204
v -3.071738 2.893458 -0.597974
v -3.111033 2.872921 -0.590287
v -3.134041 2.891123 -0.545723
v -3.132705 2.869946 -0.496467
v -3.106596 2.812501 -0.452236
v -3.149394 2.812843 -0.484423
v -3.067586 2.817856 -0.621113
v -3.004020 2.818293 -0.606342
v -3.150657 2.814742 -0.551444
v -2.958992 2.917747 -0.504429
v -2.973863 2.890315 -0.441777
v -2.934943 2.871305 -0.450516
v -2.911559 2.892651 -0.494028
v -2.913271 2.874280 -0.544336
v -2.944605 2.894332 -0.568434
v -2.395231 2.861434 -0.432871
v -2.389190 2.808066 -0.443209
v -2.451914 2.808450 -0.528394
v -2.453558 2.857368 -0.515634
v -2.474838 2.892953 -0.486995
v -2.436050 2.911246 -0.422504
v -2.416396 2.922333 -0.331994
v -2.367824 2.867223 -0.340114
v -2.828677 2.936487 -0.441311
v -2.682388 2.940174 -0.436591
v -2.684844 2.906744 -0.531248
v -2.827464 2.910203 -0.544496
v -2.908986 2.901282 -0.524430
v -2.941493 2.916121 -0.446539
v -2.944333 2.919376 -0.321979
v -2.828799 2.949296 -0.327528
v -2.680004 2.960675 -0.334975
v -3.176293 2.914257 -0.364819
v -3.181185 2.888195 -0.300166
v -3.140530 2.869422 -0.314323
v -3.122997 2.889965 -0.361217
v -3.133745 2.870354 -0.410418
v -3.172024 2.889452 -0.429895
v -3.248992 2.886620 -0.434903
v -3.253230 2.911243 -0.370302
v -3.258085 2.885371 -0.306121
v -3.348222 2.805671 -0.293444
v -3.260528 2.809420 -0.285289
v -3.345834 2.879948 -0.313818
v -3.396707 2.857739 -0.334567
v -3.416610 2.802500 -0.320687
v -3.341085 2.905250 -0.376583
v -3.336941 2.881169 -0.439759
v -3.390197 2.858633 -0.426735
v -3.411364 2.875687 -0.381792
v -3.108737 2.913769 -0.359907
v -3.113628 2.887707 -0.295255
v -3.048541 2.888352 -0.290630
v -3.043650 2.914415 -0.355283
v -3.039381 2.889611 -0.420358
v -3.104468 2.888965 -0.424983
v -3.142057 2.868662 -0.410899
v -3.157862 2.887852 -0.363586
v -3.148842 2.867730 -0.314805
v -3.116088 2.811198 -0.274269
v -3.163377 2.810923 -0.299359
v -3.175068 2.811391 -0.365379
v -2.914721 2.813972 -0.346880
v -2.926413 2.814440 -0.412900
v -2.939564 2.870670 -0.396512
v -2.930059 2.890111 -0.347401
v -2.946350 2.869739 -0.300418
v -2.935573 2.813182 -0.283172
v -2.973701 2.814166 -0.437990
v -2.974294 2.890256 -0.415734
v -3.038787 2.813520 -0.442615
v -2.985914 2.812489 -0.265020
v -2.983455 2.888998 -0.286006
v -2.978564 2.915060 -0.350658
v -3.199844 2.911023 -0.187053
v -3.194720 2.886336 -0.122005
v -3.156699 2.867202 -0.141959
v -3.146600 2.886724 -0.191325
v -3.164747 2.866097 -0.237955
v -3.205584 2.884845 -0.251599
v -3.282399 2.882033 -0.244625
v -3.276701 2.908021 -0.180550
v -3.271615 2.883514 -0.115977
v -3.458845 2.798774 -0.164234
v -3.434670 2.872487 -0.166923
v -3.420633 2.854454 -0.214314
v -3.440717 2.799191 -0.227853
v -3.430382 2.800609 -0.104562
v -3.412914 2.855514 -0.122240
v -3.364466 2.902039 -0.173102
v -3.359491 2.878073 -0.109952
v -3.370039 2.876625 -0.235764
v -3.132357 2.910526 -0.192879
v -3.127233 2.885839 -0.127831
v -3.062213 2.886476 -0.133316
v -3.067337 2.911163 -0.198365
v -3.073076 2.884984 -0.262909
v -3.138097 2.884348 -0.257425
v -3.173050 2.864406 -0.237384
v -3.181430 2.884616 -0.188515
v -3.165003 2.865511 -0.141389
v -3.198609 2.808159 -0.186390
v -3.187786 2.807572 -0.252559
v -3.176923 2.809063 -0.122965
v -3.010792 2.809073 -0.289241
v -3.008057 2.885621 -0.268395
v -2.970766 2.866387 -0.254448
v -2.960216 2.809799 -0.271755
v -2.996306 2.811062 -0.116448
v -2.949352 2.811291 -0.142161
v -2.962718 2.867491 -0.158452
v -2.997193 2.887112 -0.138801
v -3.061326 2.810425 -0.110964
v -3.002317 2.911799 -0.203849
v -2.953860 2.886843 -0.207711
v -3.191927 2.912110 -0.000229
v -3.175348 2.888996 0.063326
v -3.141423 2.869300 0.037296
v -3.140239 2.887598 -0.013435
v -3.166305 2.865884 -0.055709
v -3.208938 2.884384 -0.062231
v -3.283301 2.881910 -0.041672
v -3.266414 2.909433 0.019877
v -3.249956 2.886487 0.082968
v -3.330565 2.808095 0.127184
v -3.335370 2.881384 0.104607
v -3.390082 2.858648 0.102426
v -3.404056 2.804223 0.123947
v -3.351464 2.903824 0.042907
v -3.367979 2.876907 -0.017286
v -3.413946 2.855372 0.013220
v -3.419417 2.874581 0.062007
v -3.126564 2.911322 -0.018243
v -3.109986 2.888207 0.045311
v -3.046964 2.888569 0.028353
v -3.063542 2.911684 -0.035200
v -3.080554 2.883957 -0.097202
v -3.143575 2.883596 -0.080246
v -3.174401 2.864222 -0.053945
v -3.174047 2.885630 -0.004749
v -3.149520 2.867637 0.039060
v -3.215186 2.807355 -0.080828
v -3.157683 2.809032 -0.073885
v -3.289504 2.805442 -0.060133
v -3.000521 2.912045 -0.052158
v -2.983943 2.888931 0.011396
v -2.953454 2.868763 -0.013696
v -2.953472 2.886897 -0.064100
v -2.978335 2.865347 -0.106702
v -3.017533 2.884319 -0.114161
v -2.505795 2.843410 0.147459
v -2.436123 2.818900 0.139796
v -2.454267 2.808048 0.102012
v -2.505906 2.830003 0.096794
v -2.557475 2.807986 0.102162
v -2.575454 2.818815 0.139998
v -2.574776 2.801675 0.201492
v -2.505625 2.826091 0.208898
v -2.436462 2.801758 0.201291
v -2.505925 2.760059 0.059739
v -2.436221 2.756386 0.074006
v -2.595582 2.708452 0.249037
v -2.573057 2.779975 0.271029
v -2.597809 2.728539 0.179004
v -2.571528 2.692094 0.304671
v -2.554802 2.748682 0.306332
v -2.415230 2.708561 0.248775
v -2.437793 2.780057 0.270832
v -2.455810 2.748742 0.306188
v -2.438975 2.692173 0.304478
v -2.505431 2.803853 0.278272
v -2.505270 2.762211 0.326158
v -2.505947 2.859999 0.092858
v -2.436275 2.835489 0.085195
v -2.436419 2.848308 0.032634
v -2.506090 2.872819 0.040297
v -2.575748 2.848224 0.032836
v -2.575606 2.835404 0.085397
v -2.557460 2.809197 0.108690
v -2.505833 2.825832 0.124717
v -2.454252 2.809259 0.108540
v -2.413034 2.761843 0.062474
v -2.413177 2.774662 0.009913
v -2.436149 2.752214 0.101929
v -2.505778 2.748968 0.115171
v -2.506349 2.800245 -0.095074
v -2.506333 2.870699 -0.059246
v -2.454697 2.849141 -0.054982
v -2.436648 2.797081 -0.082035
v -2.598655 2.745142 0.117345
v -2.506233 2.885638 -0.012263
v -2.436561 2.861127 -0.019926
v -2.557904 2.849079 -0.054833
v -2.575891 2.861043 -0.019724
v -2.357767 2.872288 -0.261903
v -2.409615 2.929549 -0.260962
v -2.828839 2.953566 -0.243562
v -2.679209 2.968055 -0.257810
v -2.945285 2.920474 -0.229442
v -2.528115 2.960761 -0.261604
v -2.531496 2.952586 -0.333373
v -2.529636 2.961581 -0.196861
v -2.541641 2.934627 -0.427033
v -2.552088 2.903913 -0.513542
v -2.542636 2.883393 -0.021366
v -2.539350 2.935673 -0.060296
v -2.534199 2.957478 -0.124276
v -2.506181 2.689213 -0.072762
v -2.506038 2.676394 -0.020201
v -2.575709 2.700905 -0.012537
v -2.575852 2.713724 -0.065098
v -2.436522 2.713808 -0.065301
v -2.436379 2.700989 -0.012740
v -2.506294 2.723380 -0.104620
v -2.454668 2.740016 -0.088593
v -2.557875 2.739954 -0.088443
v -2.412882 2.745254 0.117075
v -2.413391 2.728650 0.178736
v -2.436423 2.655514 0.156248
v -2.436084 2.671579 0.094422
v -2.505895 2.663574 0.032361
v -2.505794 2.678513 0.079344
v -2.557431 2.700072 0.075080
v -2.575567 2.688085 0.040024
v -2.436236 2.688170 0.039822
v -2.454223 2.700134 0.074930
v -2.556379 2.857471 -0.563859
v -2.556853 2.812061 -0.583424
v -2.685873 2.816699 -0.610604
v -2.685856 2.860577 -0.587540
v -2.505381 2.613160 0.219540
v -2.505233 2.622057 0.282991
v -2.554774 2.644015 0.274095
v -2.573019 2.636955 0.226980
v -2.437755 2.637037 0.226783
v -2.455782 2.644074 0.273951
v -2.505574 2.631098 0.148842
v -2.574737 2.655430 0.156450
v -2.996827 2.871962 -0.226034
v -2.993060 2.871844 -0.329278
v -3.003280 2.823645 -0.338092
v -3.009673 2.823806 -0.227762
v -2.993145 2.872120 -0.139317
v -2.981826 2.871628 -0.457624
v -2.934923 2.869967 -0.562834
v -2.824152 2.865511 -0.596669
v -2.820837 2.820165 -0.612241
v -2.930647 2.822406 -0.569955
v -2.982034 2.872452 -0.060547
v -2.505743 2.646985 0.086962
v -2.575414 2.671495 0.094625
v -2.505867 2.682685 0.051420
v -2.454238 2.698923 0.068402
v -2.557446 2.698861 0.068552
v -0.575448 0.060720 -0.295657
v -0.575448 0.072203 -0.487657
v -0.433226 0.081134 -0.437879
v -0.383448 0.072203 -0.295657
v -0.330320 0.282776 -0.295657
v -0.322166 0.173649 -0.295657
v -0.385487 0.173649 -0.487657
v -0.391602 0.282776 -0.487657
v -0.395678 0.400799 -0.487657
v -0.335755 0.400799 -0.295657
v -0.375628 0.405180 -0.042787
v -0.330320 0.282775 -0.044547
v -0.322166 0.173649 -0.044547
v -0.319448 0.748471 -0.295657
v -0.383448 0.748471 -0.103657
v -0.385487 0.598741 -0.103657
v -0.322166 0.598741 -0.295657
v -0.385487 0.598742 -0.487657
v -0.383448 0.748471 -0.487657
v -0.433226 0.844286 -0.437879
v -0.383448 0.877821 -0.295657
v -0.433226 0.844286 -0.153435
v -0.575449 0.282775 0.433221
v -0.575449 0.173648 0.433221
v -0.385487 0.173648 0.374111
v -0.391602 0.282775 0.374112
v -0.330320 0.282775 0.196782
v -0.322166 0.173648 0.196782
v -0.397038 0.380419 0.196782
v -0.441682 0.355104 0.328137
v -0.330320 0.494486 -0.295657
v -0.391602 0.494486 -0.103657
v -0.391602 0.494486 -0.487657
v -0.575448 0.494486 -0.551657
v -0.575448 0.400799 -0.551657
v -0.319448 0.106651 0.196782
v -0.383449 0.072202 0.196782
v -0.383448 0.072202 -0.044547
v -0.319448 0.106651 -0.044547
v -0.383449 0.106651 0.374111
v -0.433226 0.081134 0.328137
v -0.575449 0.106651 0.433221
v -0.575448 0.282776 -0.551657
v -0.575448 0.173649 -0.551657
v -0.319448 0.106651 -0.295657
v -0.383448 0.106651 -0.487657
v -0.253815 3.729582 -0.635250
v -0.345306 3.829489 -0.415479
v -0.253815 3.729582 -0.195708
v -0.451555 3.444133 -0.415479
v -0.338666 3.444133 -0.708721
v -0.328707 2.930326 -0.700098
v -0.438276 2.930326 -0.415480
v -0.338666 3.444133 -0.122237
v -0.328707 2.930326 -0.130861
v -0.035699 3.308207 0.791436
v -0.036291 3.223828 0.768044
v -0.181417 3.239169 0.725399
v -0.181970 3.334058 0.746692
v -0.035207 3.458812 0.835329
v -0.035936 3.374822 0.811870
v -0.181787 3.402799 0.760498
v -0.182460 3.497427 0.781584
v -0.057657 3.207524 0.838760
v -0.057005 3.293079 0.862459
v -0.203332 3.323635 0.818534
v -0.202822 3.227561 0.797028
v -0.269381 3.359618 0.723665
v -0.271231 3.272621 0.710502
v -0.419388 3.320569 0.636792
v -0.420377 3.405493 0.648953
v -0.265857 3.516901 0.747173
v -0.267725 3.429700 0.733992
v -0.421378 3.476008 0.659345
v -0.422383 3.561122 0.671547
v -0.494841 3.349890 0.635552
v -0.495626 3.428061 0.647201
v -0.500665 3.427469 0.655819
v -0.499761 3.348598 0.644324
v -0.300606 3.263595 0.780060
v -0.298492 3.353508 0.793660
v -0.449669 3.398371 0.718769
v -0.448821 3.310509 0.706182
v -0.505288 3.440364 0.597597
v -0.504228 3.366376 0.586624
v -0.613539 3.414326 0.499907
v -0.614920 3.486873 0.510524
v -0.507298 3.585321 0.619030
v -0.506236 3.511173 0.608033
v -0.616338 3.557752 0.520969
v -0.617722 3.630457 0.531610
v -0.277362 3.550458 0.783057
v -0.435787 3.594376 0.707172
v -0.439469 3.593988 0.716233
v -0.281091 3.549855 0.792108
v -0.542197 3.356448 0.652293
v -0.542929 3.435646 0.664044
v -0.652692 3.481465 0.576813
v -0.651563 3.403694 0.565435
v -0.057202 3.359862 0.882909
v -0.056413 3.444916 0.906646
v -0.203745 3.488309 0.853631
v -0.203114 3.392612 0.832358
v -0.660937 3.418676 0.516276
v -0.662347 3.495471 0.527485
v -0.296681 3.423496 0.803972
v -0.294549 3.513603 0.817590
v -0.451389 3.556822 0.741771
v -0.450525 3.468781 0.729144
v -0.466325 3.323830 0.660770
v -0.467506 3.411171 0.673596
v -0.257755 3.257307 0.764987
v -0.255555 3.347487 0.778228
v -0.543513 3.506329 0.674460
v -0.544245 3.585681 0.686235
v -0.654924 3.630146 0.598640
v -0.653792 3.552223 0.587240
v -0.014892 3.210846 0.816892
v -0.015163 3.293010 0.842045
v -0.528371 3.620781 0.661593
v -0.638980 3.665659 0.574222
v -0.663425 3.564802 0.537702
v -0.664831 3.641242 0.548859
v -0.048246 3.181813 0.797951
v -0.194555 3.526647 0.828923
v -0.226204 3.501770 0.810122
v -0.432166 3.280840 0.661777
v -0.462460 3.325194 0.651514
v -0.251568 3.506766 0.801651
v -0.831448 0.106651 -0.295657
v -0.767448 0.106651 -0.487657
v -0.717671 0.081134 -0.437879
v -0.767448 0.072203 -0.295657
v -0.828731 0.173649 -0.295657
v -0.765410 0.173649 -0.487657
v -0.831448 0.106651 -0.044547
v -0.828731 0.173649 -0.044547
v -0.629803 3.373988 0.523940
v -0.655997 3.420109 0.507529
v -0.524118 3.620891 0.653930
v -0.497332 3.575262 0.669023
v -0.502141 3.575333 0.677483
v -0.767449 0.072202 -0.044547
v -0.012433 3.295057 0.833033
v -0.012671 3.361922 0.853544
v -0.226488 3.403570 0.790448
v -0.226705 3.334867 0.776679
v -0.251639 3.348270 0.768970
v -0.250001 3.417535 0.779177
v -0.501237 3.496862 0.666045
v -0.657296 3.496204 0.518854
v -0.658683 3.565540 0.529072
v -0.525001 3.325390 0.617713
v -0.633890 3.372988 0.531056
v -0.820577 0.282775 0.196782
v -0.759295 0.282775 0.374111
v -0.709215 0.355104 0.328137
v -0.753860 0.380419 0.196782
v -0.828731 0.173648 0.196782
v -0.765410 0.173648 0.374111
v -0.253763 3.416745 0.788433
v -0.047260 3.485035 0.885630
v -0.288484 3.232297 0.744508
v -0.435788 3.279772 0.670437
v -0.015360 3.359882 0.862524
v -0.015630 3.441923 0.887639
v -0.284767 3.233592 0.735868
v -0.247747 3.507172 0.792435
v -0.820577 0.282775 -0.044547
v -0.775269 0.405180 -0.042787
v -0.193706 3.197874 0.759011
v -0.468348 3.480426 0.683802
v -0.469528 3.567619 0.696607
v -0.464557 3.481404 0.674577
v -0.465669 3.568215 0.687414
v -0.820577 0.494486 -0.295657
v -0.828731 0.598741 -0.295657
v -0.765410 0.598742 -0.487657
v -0.759295 0.494486 -0.487657
v -0.496556 3.497463 0.657429
v -0.759295 0.494486 -0.103657
v -0.765410 0.598741 -0.103657
v -0.815142 0.400799 -0.295657
v -0.634794 3.665557 0.566542
v -0.755218 0.400799 -0.487657
v -0.575448 0.494486 -0.039657
v -0.575448 0.598741 -0.039657
v -0.226990 3.236561 0.756983
v -0.575448 0.433347 0.019453
v -0.575449 0.060720 0.196782
v -0.575449 0.072202 0.374111
v -0.717671 0.081134 0.328137
v -0.767449 0.072202 0.196782
v -0.405995 3.053863 0.280707
v -0.445454 3.044875 0.031413
v -0.246215 3.025699 0.045393
v -0.222935 3.032452 0.307074
v -0.214877 3.078526 0.562003
v -0.372110 3.104429 0.512294
v -0.506435 3.141348 0.440025
v -0.587219 3.102278 0.265393
v -0.644958 3.084608 0.018428
v -0.431500 3.072492 -0.155785
v -0.254650 3.059683 -0.126233
v -0.619365 3.103626 -0.217061
v -0.553040 3.134777 -0.327940
v -0.429200 3.124774 -0.320195
v -0.278694 3.119272 -0.269660
v -0.409136 4.854537 -0.316856
v -0.419518 4.873873 -0.002621
v -0.225886 4.910544 -0.003175
v -0.223899 4.889008 -0.338566
v -0.214949 4.823338 -0.608477
v -0.388495 4.797791 -0.560455
v -0.542587 4.767635 -0.497041
v -0.602106 4.794182 -0.300432
v -0.626385 4.807313 -0.002571
v -0.394833 4.853446 0.295812
v -0.211640 4.888072 0.318800
v -0.587803 4.793091 0.279590
v -0.526241 4.766387 0.473058
v -0.372149 4.796545 0.536120
v -0.200647 4.822248 0.584212
v -0.410120 4.702169 0.684308
v -0.465884 4.578440 0.754125
v -0.261598 4.592038 0.834151
v -0.219988 4.717217 0.752060
v -0.604411 4.689503 0.547025
v -0.675741 4.565516 0.595135
v -0.497459 4.453624 0.785454
v -0.289749 4.472538 0.873735
v -0.706040 4.434211 0.631173
v -0.702921 4.260561 0.742110
v -0.519656 4.299318 0.826026
v -0.344916 4.297859 0.889782
v -0.901764 4.441353 0.357140
v -0.833061 4.568750 0.329129
v -0.906780 4.573202 -0.003982
v -0.982460 4.446286 0.001099
v -1.026018 4.318433 -0.000072
v -0.925152 4.310946 0.352932
v -0.735593 4.698300 0.305261
v -0.792101 4.705733 -0.002547
v -0.753866 4.699674 -0.327701
v -0.866617 4.572679 -0.358459
v -0.623047 4.691429 -0.573523
v -0.707430 4.571991 -0.634063
v -0.926295 4.450669 -0.378125
v -0.742170 4.450063 -0.665622
v -0.767789 4.332518 -0.678596
v -0.955342 4.334146 -0.391560
v -0.455505 3.186107 -0.427177
v -0.496466 3.258578 -0.510366
v -0.324263 3.259912 -0.465215
v -0.300688 3.185659 -0.372796
v -0.606916 3.179785 -0.416975
v -0.667809 3.252479 -0.483196
v -0.522099 3.343048 -0.578746
v -0.337011 3.341872 -0.551845
v -0.714248 3.326807 -0.505053
v -0.739470 3.406608 -0.543610
v -0.543202 3.415420 -0.636251
v -0.336763 3.424782 -0.641994
v -0.515542 4.077503 -0.830820
v -0.518567 4.142507 -0.835879
v -0.252672 4.130206 -0.890715
v -0.251140 4.066066 -0.885106
v -0.249035 4.013874 -0.877398
v -0.511360 4.024444 -0.823864
v -0.762000 4.025848 -0.670284
v -0.767966 4.079609 -0.675813
v -0.772621 4.144932 -0.679834
v -0.520389 4.225932 -0.838969
v -0.253609 4.213181 -0.894145
v -0.775419 4.228328 -0.682290
v -0.516558 4.330369 -0.835490
v -0.253928 4.318588 -0.895315
v -0.878805 3.878180 0.315809
v -0.924072 3.921477 0.301296
v -0.983985 3.922149 -0.015535
v -0.957094 3.880469 -0.009222
v -0.940856 3.840574 -0.000801
v -0.838796 3.837109 0.330512
v -0.658733 3.847074 0.642803
v -0.724432 3.882271 0.619073
v -0.767273 3.921991 0.607528
v -0.951665 3.966115 0.295503
v -1.011413 3.966213 -0.020590
v -0.805764 3.968431 0.592970
v -0.827428 4.017323 0.591833
v -0.967380 4.014067 0.295677
v -1.033229 4.014588 -0.034156
v -0.941270 3.975482 -0.383266
v -0.923391 3.923039 -0.363431
v -0.956008 4.025148 -0.393246
v -0.754466 3.978499 -0.663491
v -0.737670 3.932133 -0.647702
v -0.907571 3.882355 -0.360394
v -0.712820 3.882536 -0.633485
v -0.699383 3.843031 -0.616027
v -0.874139 3.842834 -0.351720
v -0.567241 3.625674 0.742992
v -0.554746 3.586643 0.729586
v -0.430715 3.538498 0.811690
v -0.438712 3.584764 0.840660
v -0.604595 3.680686 0.709731
v -0.728732 3.681230 0.573735
v -0.717425 3.642056 0.581101
v -0.698988 3.610921 0.591672
v -0.277894 3.858464 0.866696
v -0.321912 3.824469 0.842769
v -0.325283 3.825259 0.891738
v -0.284985 3.860404 0.908369
v -0.419068 3.764562 0.794386
v -0.454957 3.752079 0.771817
v -0.449637 3.754341 0.829173
v -0.423809 3.767020 0.845804
v -0.207020 3.929088 0.871142
v -0.235701 3.885418 0.854707
v -0.243629 3.895562 0.888609
v -0.214465 3.935632 0.907449
v -0.876119 3.545467 0.314007
v -0.884774 3.592288 0.318147
v -0.962793 3.564769 -0.001777
v -0.965303 3.508836 -0.000621
v -0.957500 3.437342 0.000720
v -0.872722 3.483216 0.309412
v -0.746776 3.530471 0.537971
v -0.742817 3.583896 0.546013
v -0.883109 3.631964 0.314906
v -0.955797 3.613422 -0.005304
v -0.876073 3.671776 0.302125
v -0.942066 3.663898 -0.009336
v -0.896034 3.602270 -0.353132
v -0.892199 3.546209 -0.346731
v -0.886131 3.659260 -0.357762
v -0.716390 3.661765 -0.619583
v -0.725350 3.604826 -0.610350
v -0.734831 3.545985 -0.596282
v -0.895664 3.483054 -0.339224
v -0.742354 3.480502 -0.573837
v -0.889013 3.408186 -0.329000
v -0.502072 3.705762 -0.787409
v -0.474900 3.761960 -0.779087
v -0.243886 3.763269 -0.858545
v -0.287084 3.712774 -0.876357
v -0.307020 3.664553 -0.878596
v -0.510289 3.662674 -0.786570
v -0.706994 3.706910 -0.621795
v -0.696155 3.762474 -0.623764
v -0.468921 3.803424 -0.771455
v -0.241704 3.803511 -0.850558
v -0.694700 3.803370 -0.618173
v -0.468045 3.843052 -0.768753
v -0.240833 3.843054 -0.847368
v -0.470135 3.882747 -0.771395
v -0.497167 3.932247 -0.801169
v -0.243744 3.923404 -0.858024
v -0.241704 3.882596 -0.850557
v -0.506208 3.977147 -0.815315
v -0.246378 3.966741 -0.867671
v -0.555837 3.792299 0.703591
v -0.570180 3.760786 0.697812
v -0.457182 3.788694 0.756655
v -0.447216 3.817544 0.759041
v -0.533773 3.821215 0.712179
v -0.676823 3.802656 0.618739
v -0.704110 3.762299 0.597398
v -0.588357 3.737946 0.698884
v -0.496815 3.744332 0.749556
v -0.727251 3.726440 0.592295
v -0.858464 3.714920 0.323523
v -0.835992 3.759889 0.334636
v -0.897416 3.759441 -0.000906
v -0.919494 3.710773 -0.004825
v -0.826981 3.799149 0.336877
v -0.914667 3.804553 0.000466
v -0.855792 3.803111 -0.352748
v -0.849414 3.761065 -0.356013
v -0.861320 3.713948 -0.360041
v -0.707494 3.190823 0.282731
v -0.785989 3.296737 0.306703
v -0.875215 3.242465 0.009472
v -0.784092 3.153412 0.012563
v -0.559216 3.222883 0.514824
v -0.620322 3.357738 0.584105
v -0.841872 3.397253 0.311287
v -0.930690 3.342945 0.004803
v -0.714157 3.454293 0.541251
v -0.862410 3.322950 -0.310262
v -0.822959 3.238022 -0.294196
v -0.741524 3.159921 -0.257858
v -0.402781 3.201541 0.646373
v -0.252113 3.162508 0.713370
v -0.297024 3.239707 0.784835
v -0.449994 3.291831 0.707141
v -0.545600 3.484147 -0.701713
v -0.533104 3.549254 -0.750185
v -0.328057 3.557308 -0.828629
v -0.342235 3.491630 -0.749047
v -0.519613 3.608295 -0.776669
v -0.315811 3.613708 -0.869352
v -0.491179 4.450029 -0.820428
v -0.477640 4.580345 -0.791723
v -0.256591 4.585929 -0.867163
v -0.253609 4.450029 -0.894145
v -0.426119 4.703787 -0.710638
v -0.231640 4.717421 -0.778392
v -0.977012 4.072574 0.299065
v -0.978408 4.136003 0.309931
v -1.048486 4.133988 -0.034207
v -1.042769 4.073464 -0.037024
v -0.839911 4.071747 0.597956
v -0.832465 4.132544 0.620824
v -0.963635 4.212821 0.332541
v -1.045054 4.215678 -0.024932
v -0.794345 4.200546 0.669923
v -0.973201 4.231666 -0.398734
v -0.970759 4.148487 -0.398535
v -0.963544 4.082084 -0.396663
v -0.187231 3.986133 0.885222
v -0.193091 3.990924 0.915808
v -0.212357 4.331073 0.936046
v -0.211897 4.422074 0.923167
v -0.193887 4.161049 0.910402
v -0.180345 4.100671 0.905052
v -0.176825 4.103886 0.934043
v -0.183112 4.175106 0.940063
v -0.362561 3.824769 0.807201
v -0.389795 3.778528 0.810873
v -0.351398 3.803632 0.828406
v -0.249998 3.895966 0.923629
v -0.222309 3.936105 0.935361
v -0.091205 4.721914 -0.798710
v -0.100500 4.586624 -0.891672
v -0.085254 4.832136 -0.620330
v -0.095028 4.448805 -0.913726
v -0.095156 4.317364 -0.914956
v -0.136614 3.617795 -0.885935
v -0.126889 3.568529 -0.843733
v -0.138273 3.665979 -0.896187
v -0.142546 3.498865 -0.740340
v -0.169487 3.422456 -0.640874
v -0.121134 3.141490 0.751812
v -0.147621 3.208226 0.828375
v -0.097480 3.067855 0.591388
v -0.242086 4.240579 0.912597
v -0.202023 4.249791 0.939646
v -0.177287 4.046635 0.896631
v -0.177793 4.050645 0.927418
v -0.553731 3.738635 0.752217
v -0.493876 3.742408 0.799444
v -0.120425 4.509061 0.901686
v -0.115119 4.434210 0.937649
v -0.092136 3.965518 -0.885906
v -0.091082 3.922180 -0.875769
v -0.093199 4.012650 -0.896128
v -0.090266 3.881372 -0.867923
v -0.089918 3.841830 -0.864571
v -0.090266 3.802287 -0.867923
v -0.091139 3.762045 -0.876317
v -0.120224 3.713285 -0.893047
v -0.101810 3.500541 0.974992
v -0.097893 3.469141 0.949187
v -0.168976 4.107412 0.955282
v -0.154555 4.179420 0.963891
v -0.207364 3.522296 0.944794
v -0.200351 3.482003 0.916099
v -0.095028 4.211957 -0.913727
v -0.094653 4.128983 -0.910123
v -0.094041 4.064842 -0.904228
v -0.155566 3.339578 -0.510245
v -0.150495 3.258848 -0.412606
v -0.139827 3.183985 -0.313514
v -0.127492 3.115697 -0.211893
v -0.111193 4.599087 0.872030
v -0.090874 4.722753 0.783430
v -0.083211 4.831980 0.607808
v -0.088018 4.900617 0.331412
v -0.093015 4.923897 -0.001393
v -0.090061 4.900773 -0.339857
v -0.117420 3.054691 -0.106665
v -0.107881 3.018564 0.054240
v -0.097149 3.024916 0.322895
v -0.319847 3.551490 0.902825
v -0.311937 3.504371 0.872063
v -0.201896 3.991955 0.948242
v -0.273942 3.859616 0.833074
v -0.154090 4.246229 0.962153
v -0.397393 3.778529 0.859197
v -0.367989 3.800015 0.873769
v -0.096595 3.454343 0.938503
v -0.198130 3.463696 0.904408
v -0.198130 3.477511 0.853106
v -0.096595 3.467031 0.887201
v -0.156449 3.230473 0.845297
v -0.311995 3.265441 0.800056
v -0.156449 3.216140 0.793994
v -0.311995 3.255328 0.748755
v -0.309543 3.483176 0.859774
v -0.427590 3.517616 0.799914
v -0.427590 3.537939 0.748613
v -0.309543 3.499343 0.808473
v -0.671585 3.473307 0.609306
v -0.704794 3.546223 0.605557
v -0.593611 3.393396 0.641789
v -0.593611 3.398727 0.590487
v -0.671585 3.488282 0.558005
v -0.704794 3.569999 0.554255
v -0.698383 3.596706 0.614747
v -0.647933 3.610125 0.648926
v -0.698383 3.626575 0.563445
v -0.647933 3.641613 0.597624
v -0.465732 3.321929 0.718797
v -0.465732 3.318634 0.667495
v -0.549028 3.571846 0.720140
v -0.549028 3.598715 0.668838
v -0.211374 3.565535 0.966648
v -0.324244 3.596554 0.921257
v -0.511101 3.645013 0.802677
v -0.530225 3.681406 0.784186
v -0.110256 4.364032 0.961075
v -0.162996 4.298975 0.954564
v -0.093290 4.309566 0.975163
v -0.102560 3.539725 0.991205
v -0.184297 4.051496 0.958229
v -0.430837 3.625355 0.862492
v -0.426396 3.838959 0.754379
v -0.510377 3.839712 0.720813
v -0.215871 4.147162 0.887349
v -0.196888 4.092937 0.882545
v -0.227665 3.938838 0.852091
v -0.253423 3.899619 0.837330
v -0.594769 3.855167 0.687023
v -0.259158 4.218586 0.889321
v -0.326465 3.839509 0.820146
v -0.084920 3.601773 1.009423
v -0.147835 3.624805 1.005258
v -0.214393 3.609826 0.986261
v -0.100609 3.575712 1.003373
v -0.447692 3.670952 0.854083
v -0.182515 3.661582 1.003171
v -0.244406 3.655685 0.977368
v -0.195244 3.696775 0.989485
v -0.259263 3.705885 0.962346
v -0.353689 3.695383 0.911227
v -0.320781 3.715128 0.922984
v -0.342475 3.753655 0.897951
v -0.341400 3.641675 0.927776
v -0.197662 3.743753 0.985027
v -0.267818 3.749925 0.952094
v -0.077720 3.958774 0.984789
v -0.103374 3.980830 0.978940
v -0.133516 3.930068 0.972749
v -0.098721 4.110868 0.977763
v -0.086887 4.180987 0.982228
v -0.097727 4.059100 0.975323
v -0.085942 4.247649 0.981550
v -0.195809 3.794440 0.973687
v -0.190284 3.845268 0.967729
v -0.276438 3.800717 0.927955
v -0.106852 3.783296 0.999525
v -0.088662 3.837954 0.997422
v -0.171101 3.890708 0.968225
v -0.104331 4.017564 0.976918
v -3.153999 2.714193 -0.555069
v -3.139129 2.741625 -0.617722
v -3.103954 2.761596 -0.591754
v -3.101403 2.740586 -0.542213
v -3.125625 2.758621 -0.497934
v -3.168386 2.737608 -0.491064
v -3.243401 2.736156 -0.509004
v -3.229119 2.712911 -0.572542
v -3.214357 2.740143 -0.634738
v -3.405020 2.806164 -0.611109
v -3.368331 2.809128 -0.666045
v -3.354657 2.755275 -0.648099
v -3.382936 2.734656 -0.607727
v -3.314867 2.711652 -0.592483
v -3.300431 2.738283 -0.653307
v -3.328834 2.734384 -0.530345
v -3.375444 2.752420 -0.558111
v -3.088057 2.713483 -0.539379
v -3.073187 2.740916 -0.602032
v -3.009620 2.741352 -0.587262
v -3.024490 2.713920 -0.524609
v -3.038877 2.737336 -0.460604
v -3.102444 2.736899 -0.475374
v -3.133779 2.756951 -0.499472
v -3.135489 2.738580 -0.549780
v -3.112106 2.759927 -0.593293
v -2.965761 2.712010 -0.082914
v -2.978002 2.760619 -0.071428
v -2.993444 2.759215 -0.143679
v -2.973449 2.708654 -0.149651
v -2.922577 2.668751 -0.166065
v -2.921162 2.674383 -0.098542
v -2.893499 2.692110 -0.058606
v -2.923367 2.718202 -0.036744
v -2.927803 2.762873 -0.022137
v -2.656282 2.673860 -0.439329
v -2.626880 2.671761 -0.376244
v -2.677762 2.682774 -0.348399
v -2.711711 2.683089 -0.442385
v -2.689734 2.697910 -0.528853
v -2.636896 2.678011 -0.495188
v -2.609004 2.667172 -0.471231
v -2.616510 2.660329 -0.433897
v -2.602810 2.663236 -0.393312
v -2.389806 2.714733 -0.145487
v -2.411199 2.689273 -0.160345
v -2.453789 2.685934 -0.246837
v -2.393804 2.713334 -0.221159
v -2.364133 2.742452 -0.201903
v -2.377150 2.744337 -0.129258
v -2.425807 2.749349 -0.066554
v -2.421659 2.719777 -0.076182
v -2.425919 2.694034 -0.088477
v -2.983783 2.792782 -0.057904
v -3.003487 2.792064 -0.136102
v -2.929509 2.793832 -0.004668
v -2.816687 2.727829 -0.020998
v -2.816033 2.693413 -0.053676
v -2.671500 2.702426 -0.057391
v -2.675731 2.733680 -0.025491
v -2.678521 2.765718 -0.011504
v -2.818389 2.765901 -0.005596
v -2.896392 2.816489 -0.492364
v -2.926912 2.814372 -0.432728
v -2.936016 2.758310 -0.453521
v -2.913008 2.740109 -0.498085
v -2.561093 2.732981 -0.541343
v -2.565552 2.703724 -0.522725
v -2.690150 2.732808 -0.566252
v -2.686141 2.766860 -0.586212
v -2.556290 2.762203 -0.559389
v -2.451799 2.754968 -0.507041
v -2.459362 2.728349 -0.494178
v -2.472297 2.702819 -0.482558
v -2.819615 2.791918 -0.605627
v -2.685341 2.790143 -0.605579
v -2.819822 2.764812 -0.589868
v -2.926914 2.760673 -0.551317
v -2.928830 2.791773 -0.562420
v -3.133529 2.818566 -0.636802
v -3.208798 2.816522 -0.653679
v -2.960924 2.714357 -0.509839
v -2.946054 2.741789 -0.572492
v -2.914345 2.761286 -0.547342
v -2.975311 2.737773 -0.445834
v -2.983140 2.791718 -0.460560
v -2.976998 2.759063 -0.451520
v -2.993185 2.758808 -0.330704
v -3.003293 2.791728 -0.337090
v -2.410696 2.723861 -0.415657
v -2.434111 2.700532 -0.408930
v -2.394197 2.749283 -0.426808
v -2.368542 2.745218 -0.340200
v -2.395082 2.719562 -0.333746
v -2.445941 2.695781 -0.327260
v -2.652488 2.672724 -0.165101
v -2.613502 2.679373 -0.099668
v -2.710859 2.684551 -0.150198
v -2.689705 2.679000 -0.251760
v -2.638866 2.665558 -0.231869
v -2.608896 2.656375 -0.213100
v -2.609487 2.656544 -0.172670
v -2.588105 2.665637 -0.129436
v -2.964120 2.707810 -0.446548
v -2.922342 2.711715 -0.547733
v -2.894074 2.684340 -0.517537
v -2.919283 2.668231 -0.444314
v -2.920899 2.667545 -0.322861
v -2.973039 2.707604 -0.323367
v -3.178782 2.710790 -0.366513
v -3.173891 2.736853 -0.431166
v -3.135127 2.757317 -0.411359
v -3.124865 2.737365 -0.362487
v -3.141912 2.756385 -0.315264
v -3.183053 2.735595 -0.301437
v -3.259938 2.733885 -0.307383
v -3.255700 2.709261 -0.371984
v -3.250845 2.735133 -0.436165
v -3.435572 2.801969 -0.384060
v -3.407894 2.803697 -0.444106
v -3.391525 2.750214 -0.427637
v -3.413140 2.730510 -0.383000
v -3.336364 2.807299 -0.461367
v -3.248402 2.811085 -0.456998
v -3.338753 2.733022 -0.440994
v -3.343501 2.707721 -0.378228
v -3.347646 2.731801 -0.315051
v -3.398032 2.749320 -0.335469
v -3.111225 2.710303 -0.361601
v -3.106333 2.736365 -0.426253
v -3.041247 2.737011 -0.421629
v -3.046138 2.710948 -0.356976
v -3.050408 2.735753 -0.291901
v -3.115494 2.735107 -0.296525
v -3.150224 2.754693 -0.315747
v -3.159729 2.735252 -0.364858
v -3.143439 2.755625 -0.411841
v -3.103874 2.812875 -0.447239
v -3.154216 2.812181 -0.429087
v -3.171431 2.813362 -0.452152
v -2.981052 2.711594 -0.352352
v -2.976161 2.737656 -0.417004
v -2.940947 2.757633 -0.397453
v -2.931926 2.737511 -0.348672
v -2.947733 2.756701 -0.301359
v -2.985321 2.736398 -0.287276
v -3.202308 2.707560 -0.185044
v -3.207432 2.732247 -0.250092
v -3.166116 2.753062 -0.236838
v -3.148447 2.734128 -0.189818
v -3.158068 2.754167 -0.140843
v -3.196568 2.733739 -0.120499
v -3.273449 2.732030 -0.114481
v -3.279148 2.706042 -0.178556
v -3.284235 2.730549 -0.243129
v -3.372694 2.802311 -0.256001
v -3.285114 2.806045 -0.265319
v -3.371833 2.728481 -0.234301
v -3.358631 2.804242 -0.088252
v -3.361286 2.729928 -0.108489
v -3.270734 2.808019 -0.093788
v -3.366858 2.704514 -0.171151
v -3.414228 2.747097 -0.121170
v -3.436429 2.727312 -0.165491
v -3.421947 2.746037 -0.213244
v -3.134820 2.707063 -0.190871
v -3.139945 2.731751 -0.255919
v -3.074924 2.732387 -0.261404
v -3.069801 2.707700 -0.196355
v -3.064060 2.733878 -0.131810
v -3.129081 2.733242 -0.126325
v -3.166372 2.752477 -0.140273
v -3.183279 2.732019 -0.187009
v -3.174419 2.751372 -0.236268
v -3.140832 2.807801 -0.278271
v -3.075811 2.808437 -0.283756
v -3.208318 2.808298 -0.272445
v -3.152956 2.809680 -0.255368
v -3.004781 2.708336 -0.201840
v -3.009905 2.733023 -0.266888
v -2.972135 2.753352 -0.253331
v -2.955708 2.734247 -0.206205
v -2.964088 2.754456 -0.157335
v -2.999041 2.734515 -0.137295
v -3.193659 2.708748 0.005982
v -3.210238 2.731863 -0.057571
v -3.167267 2.752904 -0.052259
v -3.141538 2.735077 -0.008778
v -3.142385 2.756321 0.040746
v -3.176647 2.736474 0.067984
v -3.251246 2.735078 0.087593
v -3.268133 2.707554 0.026043
v -3.284591 2.730500 -0.037048
v -3.442612 2.801003 0.070323
v -3.436013 2.799836 0.004497
v -3.414869 2.747008 0.016530
v -3.420653 2.729478 0.066438
v -3.374045 2.802126 -0.035339
v -3.369241 2.728836 -0.012763
v -3.353146 2.706396 0.048937
v -3.336631 2.733313 0.109129
v -3.391005 2.750285 0.105735
v -3.128296 2.707959 -0.012033
v -3.144874 2.731074 -0.075587
v -3.081853 2.731436 -0.092545
v -3.065274 2.708322 -0.028990
v -3.048263 2.736047 0.033012
v -3.111284 2.735685 0.049969
v -3.150482 2.754658 0.042510
v -3.175346 2.733108 -0.000091
v -3.175364 2.751243 -0.050494
v -3.149824 2.806566 -0.098842
v -3.086802 2.806928 -0.115800
v -3.190451 2.809279 0.001819
v -3.157901 2.811675 0.060358
v -3.170399 2.813503 0.086581
v -3.245044 2.811546 0.106054
v -2.978994 2.813439 0.034651
v -2.985242 2.736409 0.016054
v -2.954416 2.755784 -0.010246
v -2.937326 2.812942 0.001007
v -3.042015 2.813077 0.051609
v -3.002254 2.708683 -0.045948
v -3.018832 2.731797 -0.109502
v -2.979298 2.752368 -0.103251
v -2.954771 2.734375 -0.059442
v -3.010033 2.791778 -0.229050
v -2.998586 2.758735 -0.229097
v -2.392507 2.715498 -0.276413
v -2.455220 2.695205 -0.286598
v -2.359891 2.742843 -0.268725
v -2.560294 2.687227 -0.297661
v -2.687650 2.681093 -0.295652
v -2.553628 2.686332 -0.323555
v -2.567333 2.679208 -0.272565
v -2.976012 2.707535 -0.227102
v -2.922243 2.667095 -0.235475
v -2.817211 2.666332 -0.266624
v -2.814808 2.668062 -0.336965
v -2.819901 2.667877 -0.204966
v -2.817262 2.670602 -0.443486
v -2.820586 2.685145 -0.539422
v -2.555850 2.784434 -0.577675
v -2.450322 2.777992 -0.521988
v -2.820792 2.722884 -0.578008
v -2.530511 2.728544 -0.040034
v -2.525398 2.701085 -0.054908
v -2.536962 2.758338 -0.029564
v -2.818306 2.675167 -0.124491
v -2.548154 2.652871 -0.176380
v -2.564232 2.652206 -0.223178
v -2.511055 2.658020 -0.212727
v -2.486380 2.658606 -0.175786
v -2.482995 2.664905 -0.134953
v -2.531636 2.662943 -0.125277
v -2.557926 2.659914 -0.425662
v -2.561644 2.666587 -0.473116
v -2.513453 2.672144 -0.456350
v -2.499732 2.668526 -0.417035
v -2.507821 2.669199 -0.380358
v -2.554597 2.662269 -0.377815
v -2.569635 2.664260 -0.251489
v -2.489224 2.666677 -0.229250
v -2.552446 2.674544 -0.347026
v -2.481142 2.679039 -0.356733
v -2.524912 2.679116 -0.084055
v -2.447503 2.675146 -0.110300
v -2.564961 2.681391 -0.502727
v -2.489897 2.683059 -0.471340
v -2.442060 2.670652 -0.170442
v -2.461124 2.682076 -0.410423
v -2.541463 2.787312 -0.013628
v -2.429446 2.779727 -0.052733
v -2.431401 2.820197 -0.045721
v -2.543519 2.825613 -0.006230
v -2.680688 2.793867 0.006876
v -2.345111 2.771975 -0.265151
v -2.356823 2.772135 -0.346604
v -2.357421 2.809680 -0.348171
v -2.345343 2.812066 -0.263581
v -2.350953 2.773180 -0.189532
v -2.387937 2.774017 -0.438590
v -2.372504 2.775390 -0.115047
v -2.373661 2.816969 -0.109017
v -2.819257 2.795117 0.013394
v -2.821172 2.828774 0.022338
v -2.931207 2.826073 0.004419
v -0.575448 0.060720 -0.044547
v -0.831449 0.106651 0.196782
v -0.767449 0.106651 0.374111
v -0.820577 0.282776 -0.295657
v -0.759295 0.282776 -0.487657
v -0.575449 0.412967 0.196782
v -0.575449 0.380419 0.374111
v -0.831448 0.748471 -0.295657
v -0.767448 0.877821 -0.295657
v -0.717671 0.844286 -0.437879
v -0.767448 0.748471 -0.487657
v -0.767448 0.748471 -0.103657
v -0.717671 0.844286 -0.153435
v -0.045487 3.183029 0.788468
v -0.012169 3.213072 0.807876
v -0.520821 3.326602 0.610620
v -2.061698 2.779981 -0.247323
v -1.899078 2.777472 -0.242796
v -1.667053 2.722130 -0.256375
v -1.956220 2.710319 -0.256956
v -1.725686 2.894218 -0.239993
v -1.633961 2.745442 -0.250110
v -3.396164 2.805307 -0.545548
v -3.294994 2.812979 -0.671831
v -3.332865 2.807780 -0.507883
v -3.247523 2.811206 -0.486035
v -2.682586 2.829659 0.014707
v -2.351307 2.814677 -0.185257
v -3.043029 2.812938 -0.437466
v -3.120137 2.816859 -0.611081
v -2.897655 2.818388 -0.559385
v -3.172538 2.813210 -0.467926
v -2.940454 2.818730 -0.591572
v -2.979463 2.813375 -0.422696
v -3.106062 2.814046 -0.360582
v -3.119350 2.814295 -0.426717
v -3.128511 2.813036 -0.296989
v -3.051001 2.811843 -0.269644
v -3.183645 2.811685 -0.279181
v -3.129673 2.810804 -0.192079
v -3.142091 2.811172 -0.125775
v -3.126346 2.809789 -0.105480
v -2.938529 2.810704 -0.208329
v -3.193833 2.810286 -0.099653
v -3.123587 2.811640 -0.015768
v -3.124093 2.813643 0.051671
v -3.105037 2.812715 0.068566
v -3.191491 2.807063 -0.065198
v -2.938366 2.810726 -0.066011
v -2.970917 2.808330 -0.124549
v -3.023780 2.807290 -0.132757
v -2.575552 2.756302 0.074208
v -2.505200 2.686677 0.323130
v -2.598808 2.761731 0.062744
v -2.598951 2.774550 0.010183
v -2.575479 2.752131 0.102132
v -2.575979 2.796998 -0.081832
v -2.599093 2.787369 -0.042377
v -2.413320 2.787481 -0.042647
v -3.003435 2.824074 -0.132716
v -2.984199 2.823373 -0.465364
v -2.984621 2.824668 -0.051293
v -0.575448 0.106651 -0.551657
v -0.575448 0.920938 -0.295657
v -0.575448 0.877821 -0.487657
v -0.575448 0.877821 -0.103657
v -0.575448 0.748471 -0.039657
v -0.575448 0.748471 -0.551657
v -0.575448 0.598742 -0.551657
v -0.190795 3.200352 0.749656
v -0.223909 3.336073 0.767278
v -0.224195 3.237951 0.747564
v -0.012935 3.443787 0.878663
v -0.223440 3.502795 0.800769
v -0.223726 3.404774 0.781076
v -0.044870 3.485841 0.876791
v -0.191711 3.528611 0.820139
v -0.253896 3.258479 0.755690
v -0.659973 3.641305 0.540348
v -0.463574 3.412148 0.664372
v -0.329782 3.855677 0.798732
v -0.351826 3.846929 0.787946
v -0.732503 3.931437 0.615520
v -0.767402 3.973544 0.602321
v -0.207470 3.990071 0.864736
v -0.675417 3.888761 0.646474
v -0.674157 4.238410 0.737543
v -0.507361 4.273699 0.812616
v -0.292293 3.870555 0.817075
v -0.791611 4.122340 0.627575
v -0.757048 4.183998 0.672093
v -0.787045 4.017873 0.601290
v -0.798362 4.067218 0.606841
v -0.348928 4.272377 0.870422
v -0.196118 4.044406 0.874982
v -0.061767 3.630721 1.012702
v -0.098669 3.642006 1.012437
v -0.128887 3.664095 1.007824
v -0.135543 3.693301 1.004710
v -0.123123 3.737034 1.002398
v -0.047602 3.929209 0.998549
v -0.068093 3.888916 0.997453
v 0.934157 0.046561 0.216363
v 0.943879 0.044850 0.382851
v 0.851771 0.015413 0.382851
v 0.844480 0.015841 0.216363
v 0.575448 0.005601 0.216363
v 0.575449 0.005601 0.382851
v 0.299126 0.015413 0.382851
v 0.306417 0.015841 0.216363
v 0.320991 0.016162 0.086269
v 0.575448 0.005601 0.086269
v 0.829906 0.016162 0.086269
v 0.575449 0.472992 0.549339
v 0.575449 0.503501 0.382851
v 0.299126 0.451076 0.382851
v 0.316115 0.423952 0.549340
v 0.834783 0.423952 0.549339
v 0.851771 0.451076 0.382851
v 0.575449 0.394303 0.674206
v 0.758918 0.367058 0.641833
v 0.391980 0.367058 0.641833
v 0.575449 0.251746 0.715828
v 0.335533 0.258018 0.674206
v 0.335533 0.114023 0.674206
v 0.575449 0.111921 0.715828
v 0.815364 0.258018 0.674206
v 0.815364 0.114023 0.674206
v 0.229670 0.276834 0.549340
v 0.207019 0.293800 0.382851
v 0.207019 0.126711 0.382851
v 0.229670 0.120331 0.549339
v 0.921228 0.276834 0.549339
v 0.943879 0.293800 0.382851
v 0.921228 0.120331 0.549339
v 0.943879 0.126711 0.382851
v 0.575449 0.041428 0.715828
v 0.335533 0.041855 0.674206
v 0.575448 0.472582 0.049875
v 0.575449 0.485173 0.091497
v 0.826614 0.436122 0.091497
v 0.811879 0.426216 0.049874
v 0.339018 0.426216 0.049875
v 0.324283 0.436122 0.091497
v 0.575448 0.442409 0.072457
v 0.376114 0.403373 0.072457
v 0.774783 0.403373 0.072457
v 0.890689 0.287118 0.049874
v 0.910336 0.288969 0.091497
v 0.872686 0.108859 0.066050
v 0.811879 0.148020 0.049874
v 0.841228 0.286263 0.072457
v 0.774783 0.169153 0.072457
v 0.260208 0.287118 0.049875
v 0.240561 0.288969 0.091497
v 0.339018 0.148020 0.049875
v 0.278211 0.108859 0.066050
v 0.309669 0.286263 0.072457
v 0.376114 0.169153 0.072457
v 0.575448 0.373315 0.140206
v 0.689835 0.350910 0.140206
v 0.461061 0.350910 0.140206
v 0.575448 0.284759 0.230537
v 0.569934 0.283638 0.230537
v 0.580962 0.283638 0.230537
v 0.727964 0.283696 0.140206
v 0.689835 0.216482 0.140206
v 0.582800 0.280274 0.230537
v 0.580962 0.276911 0.230537
v 0.422932 0.283696 0.140206
v 0.461061 0.216482 0.140206
v 0.568097 0.280274 0.230537
v 0.569934 0.276911 0.230537
v 0.360724 0.048272 -0.540645
v 0.323647 0.048272 -0.435464
v 0.386597 0.080275 -0.435464
v 0.414405 0.080275 -0.540645
v 0.464092 0.071977 -0.573172
v 0.432259 0.048272 -0.584557
v 0.867065 0.048272 -0.237022
v 0.827250 0.048272 -0.435464
v 0.764299 0.080275 -0.435464
v 0.794160 0.080275 -0.237022
v 0.575448 0.090942 -0.540645
v 0.575448 0.090942 -0.435464
v 0.736492 0.080275 -0.540645
v 0.575448 0.080275 -0.584557
v 0.686805 0.071977 -0.573172
v 0.575448 0.090942 -0.237022
v 0.356736 0.080275 -0.237022
v 0.575448 0.090942 -0.047989
v 0.817326 0.080275 -0.047989
v 0.333570 0.080275 -0.047989
v 0.575448 0.090942 0.028963
v 0.575448 0.093620 0.044647
v 0.825048 0.080275 0.028963
v 0.325848 0.080275 0.028963
v 0.575448 0.101654 0.049875
v 0.575448 0.130116 0.072457
v 0.575448 0.194078 0.140206
v 0.575448 0.275790 0.230537
v 0.934157 0.294520 0.216363
v 0.844480 0.449770 0.216363
v 0.934157 0.129030 0.216363
v 0.216740 0.294520 0.216363
v 0.216740 0.129030 0.216363
v 0.306417 0.449770 0.216363
v 0.575449 0.501520 0.216363
v 0.903098 2.065469 -0.248610
v 0.903098 1.702714 -0.248610
v 0.677324 1.702714 -0.707487
v 0.677324 2.126809 -0.707487
v 0.648675 2.491305 -0.713107
v 0.864900 2.387066 -0.271091
v 0.648684 2.284417 0.292862
v 0.677365 2.005379 0.294985
v 0.677324 1.702714 0.287840
v 0.000000 1.977260 0.472767
v 0.000000 1.702714 0.466657
v 0.000000 2.242253 0.464421
v -0.000000 2.147256 -0.886303
v 0.000000 2.526052 -0.886303
v 0.000000 1.702714 -0.886304
v 0.000000 2.475280 0.427890
v 0.562710 2.518720 0.273262
v 0.490177 2.674334 0.243984
v 0.000000 2.633383 0.384576
v 0.000000 2.773357 -0.886303
v 0.562730 2.736605 -0.729968
v 0.000000 2.914429 -0.886583
v 0.490215 2.879559 -0.744376
v 0.750306 2.626348 -0.338536
v 0.653620 2.774943 -0.395331
v 0.000000 2.674422 0.319702
v 0.501859 2.711935 0.174919
v 0.542152 2.737585 0.239792
v 0.000000 2.696395 0.392772
v 0.000000 2.974527 -0.887421
v 0.501859 2.937015 -0.742638
v 0.000000 3.025915 -0.879926
v 0.542152 2.984725 -0.726946
v 0.669146 2.824474 -0.385863
v 0.722870 2.861156 -0.345581
v 0.000000 2.801534 0.439351
v 0.555583 2.843950 0.283639
v 0.527832 2.960347 0.270935
v 0.000000 2.920050 0.418869
v 0.000000 3.140859 -0.855206
v 0.555583 3.098444 -0.699494
v 0.000000 3.242426 -0.813465
v 0.527832 3.202129 -0.665530
v 0.740777 2.971196 -0.309931
v 0.703776 3.081238 -0.299302
v 0.000000 2.982155 0.290758
v 0.444578 3.016096 0.166159
v 0.322760 3.015893 -0.110759
v 0.000000 2.991252 0.106134
v 0.000000 3.253682 -0.754909
v 0.444578 3.219741 -0.630307
v 0.000000 3.188380 -0.666400
v 0.322761 3.163738 -0.575941
v 0.592771 3.117918 -0.334078
v 0.430347 3.089816 -0.382136
v 0.000000 2.893099 -0.431141
v 0.076482 2.921201 -0.426192
v 0.087123 2.963013 -0.495599
v 0.000000 2.938718 -0.490500
v 0.000000 2.903684 -0.361887
v 0.087123 2.923105 -0.349091
v 0.000000 2.950749 -0.210322
v 0.179318 2.964439 -0.260579
v 0.000000 3.060268 -0.612379
v 0.179318 3.046578 -0.562122
v 0.239091 3.005508 -0.411350
v 0.000000 1.592512 0.345139
v 0.557374 1.592512 0.197990
v 0.557374 1.592513 -0.621071
v 0.000000 1.592513 -0.768220
v 0.743165 1.592512 -0.243458
v 0.283832 0.048272 -0.237022
v 0.356736 0.016269 -0.237022
v 0.333570 0.016268 -0.047989
v 0.252944 0.048272 -0.047989
v 0.575448 0.005601 -0.237022
v 0.386597 0.016269 -0.435464
v 0.575448 0.005601 -0.435464
v 0.764299 0.016269 -0.435464
v 0.794161 0.016269 -0.237022
v 0.817326 0.016268 -0.047989
v 0.575448 0.005601 -0.047989
v 0.575448 0.005601 -0.540645
v 0.414405 0.016269 -0.540645
v 0.464092 0.024566 -0.573172
v 0.575448 0.016269 -0.584557
v 0.686805 0.024566 -0.573172
v 0.736492 0.016269 -0.540645
v 0.575448 0.005601 0.028963
v 0.325848 0.016268 0.028963
v 0.825048 0.016268 0.028963
v 0.908248 0.048272 0.028963
v 0.897952 0.048272 -0.047989
v 0.229670 0.043139 0.549339
v 0.207019 0.044850 0.382851
v 0.316114 0.014985 0.549339
v 0.575449 0.005601 0.549339
v 0.834783 0.014985 0.549339
v 0.758918 0.021714 0.641833
v 0.575449 0.014557 0.674206
v 0.391980 0.021714 0.641833
v 0.921228 0.043139 0.549339
v 0.815364 0.041855 0.674206
v 0.914725 0.047844 0.086269
v 0.216740 0.046561 0.216363
v 0.236171 0.047844 0.086269
v 0.575448 0.048272 -0.599194
v 0.718638 0.048272 -0.584557
v 0.242648 0.048271 0.028963
v 0.790173 0.048272 -0.540645
v -0.934157 0.046561 0.216363
v -0.844480 0.015841 0.216363
v -0.851771 0.015413 0.382851
v -0.943879 0.044850 0.382851
v -0.575448 0.005601 0.216363
v -0.575449 0.005601 0.382851
v -0.306417 0.015841 0.216363
v -0.299126 0.015413 0.382851
v -0.575448 0.005601 0.086269
v -0.320991 0.016162 0.086269
v -0.829906 0.016162 0.086269
v -0.575449 0.472992 0.549339
v -0.316115 0.423952 0.549340
v -0.299126 0.451076 0.382851
v -0.575449 0.503501 0.382851
v -0.851771 0.451076 0.382851
v -0.834783 0.423952 0.549339
v -0.758918 0.367058 0.641833
v -0.575449 0.394303 0.674206
v -0.391980 0.367058 0.641833
v -0.575449 0.251746 0.715828
v -0.575449 0.111921 0.715828
v -0.335533 0.114023 0.674206
v -0.335533 0.258018 0.674206
v -0.815364 0.258018 0.674206
v -0.815364 0.114023 0.674206
v -0.229670 0.276834 0.549340
v -0.229670 0.120331 0.549339
v -0.207019 0.126711 0.382851
v -0.207019 0.293800 0.382851
v -0.921228 0.276834 0.549339
v -0.943879 0.293800 0.382851
v -0.943879 0.126711 0.382851
v -0.921228 0.120331 0.549339
v -0.575449 0.041428 0.715828
v -0.335533 0.041855 0.674206
v -0.575448 0.472582 0.049875
v -0.811879 0.426216 0.049874
v -0.826614 0.436122 0.091497
v -0.575449 0.485173 0.091497
v -0.324283 0.436122 0.091497
v -0.339018 0.426216 0.049875
v -0.376114 0.403373 0.072457
v -0.575448 0.442409 0.072457
v -0.774783 0.403373 0.072457
v -0.890689 0.287118 0.049874
v -0.811879 0.148020 0.049874
v -0.872686 0.108859 0.066050
v -0.910336 0.288969 0.091497
v -0.841228 0.286263 0.072457
v -0.774783 0.169153 0.072457
v -0.260208 0.287118 0.049875
v -0.240561 0.288969 0.091497
v -0.278211 0.108859 0.066050
v -0.339018 0.148020 0.049875
v -0.376114 0.169153 0.072457
v -0.309669 0.286263 0.072457
v -0.575448 0.373315 0.140206
v -0.689835 0.350910 0.140206
v -0.461061 0.350910 0.140206
v -0.569934 0.283638 0.230537
v -0.575448 0.284759 0.230537
v -0.580962 0.283638 0.230537
v -0.727964 0.283696 0.140206
v -0.689835 0.216482 0.140206
v -0.582800 0.280274 0.230537
v -0.580962 0.276911 0.230537
v -0.422932 0.283696 0.140206
v -0.461061 0.216482 0.140206
v -0.569934 0.276911 0.230537
v -0.568097 0.280274 0.230537
v -0.360724 0.048272 -0.540645
v -0.414405 0.080275 -0.540645
v -0.386597 0.080275 -0.435464
v -0.323647 0.048272 -0.435464
v -0.432259 0.048272 -0.584557
v -0.464092 0.071977 -0.573172
v -0.867065 0.048272 -0.237022
v -0.794160 0.080275 -0.237022
v -0.764299 0.080275 -0.435464
v -0.827250 0.048272 -0.435464
v -0.575448 0.090942 -0.540645
v -0.736492 0.080275 -0.540645
v -0.575448 0.090942 -0.435464
v -0.575448 0.080275 -0.584557
v -0.686805 0.071977 -0.573172
v -0.575448 0.090942 -0.237022
v -0.356736 0.080275 -0.237022
v -0.817326 0.080275 -0.047989
v -0.575448 0.090942 -0.047989
v -0.333570 0.080275 -0.047989
v -0.575448 0.090942 0.028963
v -0.825048 0.080275 0.028963
v -0.575448 0.093620 0.044647
v -0.325848 0.080275 0.028963
v -0.575448 0.101654 0.049875
v -0.575448 0.130116 0.072457
v -0.575448 0.194078 0.140206
v -0.575448 0.275790 0.230537
v -0.934157 0.294520 0.216363
v -0.844480 0.449770 0.216363
v -0.934157 0.129030 0.216363
v -0.216740 0.294520 0.216363
v -0.216740 0.129030 0.216363
v -0.306417 0.449770 0.216363
v -0.575449 0.501520 0.216363
v -0.903098 2.065469 -0.248610
v -0.677324 2.126809 -0.707487
v -0.677324 1.702714 -0.707487
v -0.903098 1.702714 -0.248610
v -0.864900 2.387066 -0.271091
v -0.648675 2.491305 -0.713107
v -0.677365 2.005379 0.294985
v -0.648684 2.284417 0.292862
v -0.677324 1.702714 0.287840
v -0.562710 2.518720 0.273262
v -0.490177 2.674334 0.243984
v -0.562730 2.736605 -0.729968
v -0.490215 2.879559 -0.744376
v -0.750306 2.626348 -0.338536
v -0.653620 2.774943 -0.395331
v -0.501859 2.711935 0.174919
v -0.542152 2.737585 0.239792
v -0.501859 2.937015 -0.742638
v -0.542152 2.984725 -0.726946
v -0.669146 2.824474 -0.385863
v -0.722870 2.861156 -0.345581
v -0.555583 2.843950 0.283639
v -0.527832 2.960347 0.270935
v -0.555583 3.098444 -0.699494
v -0.527832 3.202129 -0.665530
v -0.740777 2.971196 -0.309931
v -0.703776 3.081238 -0.299302
v -0.444578 3.016096 0.166159
v -0.322760 3.015893 -0.110759
v -0.444578 3.219741 -0.630307
v -0.322761 3.163738 -0.575941
v -0.592771 3.117918 -0.334078
v -0.430347 3.089816 -0.382136
v -0.087123 2.963013 -0.495599
v -0.076482 2.921201 -0.426192
v -0.087123 2.923105 -0.349091
v -0.179318 2.964439 -0.260579
v -0.179318 3.046578 -0.562122
v -0.239091 3.005508 -0.411350
v -0.557374 1.592512 0.197990
v -0.557374 1.592513 -0.621071
v -0.743165 1.592512 -0.243458
v -0.283832 0.048272 -0.237022
v -0.252944 0.048272 -0.047989
v -0.333570 0.016268 -0.047989
v -0.356736 0.016269 -0.237022
v -0.575448 0.005601 -0.237022
v -0.575448 0.005601 -0.435464
v -0.386597 0.016269 -0.435464
v -0.794161 0.016269 -0.237022
v -0.764299 0.016269 -0.435464
v -0.575448 0.005601 -0.047989
v -0.817326 0.016268 -0.047989
v -0.575448 0.005601 -0.540645
v -0.575448 0.016269 -0.584557
v -0.464092 0.024566 -0.573172
v -0.414405 0.016269 -0.540645
v -0.736492 0.016269 -0.540645
v -0.686805 0.024566 -0.573172
v -0.575448 0.005601 0.028963
v -0.325848 0.016268 0.028963
v -0.825048 0.016268 0.028963
v -0.908248 0.048272 0.028963
v -0.897952 0.048272 -0.047989
v -0.229670 0.043139 0.549339
v -0.316114 0.014985 0.549339
v -0.207019 0.044850 0.382851
v -0.575449 0.005601 0.549339
v -0.575449 0.014557 0.674206
v -0.758918 0.021714 0.641833
v -0.834783 0.014985 0.549339
v -0.391980 0.021714 0.641833
v -0.921228 0.043139 0.549339
v -0.815364 0.041855 0.674206
v -0.914725 0.047844 0.086269
v -0.216740 0.046561 0.216363
v -0.236171 0.047844 0.086269
v -0.575448 0.048272 -0.599194
v -0.718638 0.048272 -0.584557
v -0.242648 0.048271 0.028963
v -0.790173 0.048272 -0.540645
v 0.385679 1.754387 0.396738
v 0.473412 1.781017 0.413080
v 0.476050 1.679444 0.419473
v 0.414091 1.665218 0.405988
v 0.368594 1.968927 0.411029
v 0.362571 2.177452 0.384863
v 0.466310 2.182520 0.403129
v 0.471938 1.985933 0.428229
v 0.363409 2.734957 0.258278
v 0.462098 2.812588 0.225185
v 0.517009 2.808966 0.235379
v 0.467545 2.728087 0.277609
v 0.443031 2.226924 0.516940
v 0.444717 2.027658 0.542279
v 0.356547 2.383608 0.332145
v 0.460683 2.376738 0.351475
v 0.275182 1.897065 0.398743
v 0.445018 1.920768 0.396630
v 0.465993 1.757199 0.385904
v 0.293834 1.733231 0.388043
v 0.293834 1.740636 0.471052
v 0.465993 1.764604 0.468913
v 0.445018 1.928173 0.479639
v 0.275183 1.904470 0.481752
v 0.260217 2.114715 0.390887
v 0.428088 2.123660 0.390089
v 0.437368 1.961133 0.397375
v 0.269497 1.952188 0.398173
v 0.269497 1.959593 0.481183
v 0.437368 1.968538 0.480384
v 0.428088 2.131065 0.473099
v 0.260217 2.122120 0.473897
v 0.248413 2.312266 0.370145
v 0.416482 2.316518 0.369766
v 0.420892 2.154790 0.387799
v 0.252822 2.150538 0.388178
v 0.252823 2.157943 0.471187
v 0.420892 2.162195 0.470808
v 0.416482 2.323923 0.452775
v 0.248413 2.319672 0.453154
v 0.241659 2.520133 0.342927
v 0.411316 2.516154 0.343282
v 0.407212 2.354710 0.364897
v 0.240722 2.358643 0.364546
v 0.240722 2.366048 0.447555
v 0.407212 2.362115 0.447907
v 0.411316 2.523559 0.426291
v 0.241659 2.527538 0.425937
v 0.250971 2.720040 0.291317
v 0.418808 2.710534 0.292165
v 0.408907 2.550617 0.335394
v 0.241069 2.560124 0.334546
v 0.241069 2.567529 0.417555
v 0.408907 2.558022 0.418403
v 0.418808 2.717939 0.375174
v 0.250971 2.727445 0.374326
v 0.488460 1.762564 0.407814
v 0.468791 1.737365 0.406388
v 0.272685 1.924347 0.461265
v 0.252704 1.899104 0.459843
v 0.442228 1.944514 0.419971
v 0.467549 1.925632 0.418506
v 0.258964 2.142109 0.451000
v 0.237524 2.118932 0.452071
v 0.443613 2.157325 0.409665
v 0.421488 2.134887 0.412149
v 0.247817 2.339574 0.428804
v 0.225692 2.317136 0.431288
v 0.241782 2.547392 0.401104
v 0.218933 2.526097 0.403957
v 0.228261 2.722982 0.313543
v 0.252283 2.743197 0.307498
v 0.252283 2.746693 0.346682
v 0.228261 2.726418 0.352048
v 0.271299 1.735772 0.449175
v 0.442228 1.948009 0.459154
v 0.426835 2.151054 0.450202
v 0.253418 2.130636 0.412528
v 0.253418 2.134132 0.451712
v 0.421488 2.138383 0.451332
v 0.241782 2.543897 0.361921
v 0.411870 2.539908 0.362276
v 0.411870 2.543403 0.401460
v 0.239757 2.540876 0.362190
v 0.407594 2.531370 0.363038
v 0.218400 2.567157 0.395100
v 0.420121 2.737186 0.347530
v 0.169841 3.138482 -0.661903
v 0.174973 3.199033 -0.667882
v -0.001115 3.186568 -0.723015
v -0.000677 3.129437 -0.722109
v 0.340607 3.147450 -0.945442
v -0.000677 3.133024 -0.971556
v -0.001087 3.190943 -0.999190
v 0.351594 3.211097 -0.959084
v 1.146041 3.123115 -0.208771
v 1.065558 3.145415 -0.477050
v 1.136749 3.202748 -0.478032
v 1.226390 3.177265 -0.202503
v 1.175810 3.114056 0.085882
v 1.111580 3.072311 0.067807
v 0.446695 2.751805 0.452951
v 0.699365 2.854283 0.463872
v 0.651408 2.834997 0.518642
v 0.369397 2.721500 0.511757
v 0.235915 2.711885 0.399653
v 0.307867 2.731765 0.348015
v 0.326838 3.106272 -0.943796
v -0.000549 3.086133 -0.979911
v 1.037870 3.056074 0.056548
v 1.054376 3.096237 -0.212101
v 0.406918 2.861450 0.216083
v 0.436038 2.870657 0.185643
v 0.373060 2.778138 0.298503
v 1.204146 3.271487 -0.196235
v 1.113722 3.300686 -0.479013
v 1.153471 3.200528 0.096755
v 1.092089 3.350913 -0.183611
v 1.051315 3.273847 0.100048
v 1.000816 3.382937 -0.462513
v 0.322850 2.793647 0.512942
v 0.612557 2.909847 0.522994
v 0.198252 2.783776 0.400873
v 0.385789 2.935816 0.446415
v 0.312636 2.910346 0.374977
v 0.601990 2.993659 0.452717
v 0.383283 2.949885 0.257428
v 0.380731 2.875621 0.251160
v 0.615305 3.150764 0.079895
v 0.576648 3.073019 0.069454
v 0.455160 3.043463 0.264524
v 0.705020 3.228172 0.087185
v 0.922852 3.062728 0.360382
v 0.952181 2.982908 0.351474
v 0.826795 3.133055 0.343059
v 0.253942 3.373985 -0.833103
v 0.475259 3.387048 -0.759431
v 0.594826 3.378311 -0.856431
v 0.315324 3.362488 -0.944641
v 0.196168 3.341013 -0.716660
v 0.362727 3.350945 -0.658447
v 0.658930 3.397727 -0.615087
v 0.499325 3.357980 -0.536740
v 0.829192 3.388599 -0.691253
v 0.802370 3.393208 -0.411044
v 0.615643 3.351096 -0.359946
v 0.902997 3.360674 -0.158275
v 0.721362 3.319271 -0.136470
v 0.876094 3.276130 0.095381
v 0.636947 3.115577 0.302087
v 0.631677 3.245206 -0.134437
v 0.596468 3.164391 -0.142290
v 0.537894 3.276201 -0.344557
v 0.521202 3.194522 -0.347023
v 0.921040 3.313205 -0.712005
v 0.939717 3.220717 -0.705049
v 0.667323 3.225419 -0.869938
v 0.655254 3.310864 -0.881233
v 0.176797 3.274620 -0.673860
v 0.319445 3.208636 -0.617051
v 0.323404 3.283875 -0.621692
v 0.345520 3.295485 -0.972725
v 0.439453 3.286746 -0.509450
v 0.431858 3.208201 -0.507687
v 0.558749 3.024047 0.051811
v 0.429084 3.146518 -0.505924
v 0.313005 3.148028 -0.612410
v 0.517647 3.132055 -0.349488
v 0.941841 2.971909 0.313756
v 0.890471 3.160306 -0.698092
v 0.641809 3.162686 -0.858643
v 0.578264 3.102740 -0.150144
v 0.982971 3.116619 -0.478567
v 0.832256 3.126109 -0.698116
v 0.570878 3.061864 -0.153870
v 0.552884 2.995816 0.040661
v 0.519256 3.090981 -0.351867
v -0.000633 3.349850 -0.994797
v -0.000822 3.347060 -0.881357
v -0.000862 3.332502 -0.751613
v -0.000972 3.268294 -0.736436
v -0.000824 3.281204 -0.998769
v 0.270750 1.932199 0.421070
v 0.438621 1.941144 0.420272
v 0.438621 1.944639 0.459455
v 0.270750 1.935694 0.460253
v 0.429935 2.359643 0.426017
v 0.429935 2.356151 0.386877
v 0.434038 2.517557 0.365267
v 0.434038 2.521048 0.404407
v 0.431617 2.555080 0.396177
v 0.431617 2.551645 0.357672
v 0.441478 2.710905 0.314620
v 0.441478 2.714340 0.353125
v 0.246802 1.952957 0.420214
v 0.246802 1.956449 0.459355
v 0.406658 2.338361 0.428912
v 0.406658 2.334866 0.389729
v 0.296308 1.716847 0.447714
v 0.468791 1.740860 0.445571
v 0.488460 1.766013 0.446477
v 0.467549 1.929081 0.457169
v 0.460061 1.967812 0.458341
v 0.450783 2.130296 0.451057
v 0.230101 2.155419 0.449320
v 0.443613 2.160820 0.448838
v 0.415886 2.343825 0.428425
v 0.439203 2.322537 0.430806
v 0.240592 2.342284 0.428562
v 0.217997 2.364645 0.425571
v 0.239757 2.544372 0.401373
v 0.407594 2.534865 0.402222
v 0.237524 2.115441 0.412931
v 0.217996 2.361153 0.386430
v 0.218933 2.522605 0.364816
v 0.271299 1.732323 0.410512
v 0.296308 1.713351 0.408530
v 0.450783 2.126804 0.411917
v 0.426835 2.147559 0.411018
v 0.420121 2.733691 0.308346
v 0.448206 2.775846 0.398758
v 0.506812 2.834150 0.299261
v 0.451901 2.837772 0.289068
v 0.344071 2.782715 0.379428
v 0.457933 1.685154 0.496693
v 0.395974 1.670928 0.483208
v 0.443353 1.820050 0.527371
v 0.355620 1.793419 0.511029
v 0.341373 2.010652 0.525079
v 0.339291 2.221856 0.498674
v 0.337209 2.432381 0.464665
v 0.441344 2.425511 0.483995
v 0.252704 1.895655 0.421180
v 0.272685 1.920852 0.422082
v 0.460061 1.964321 0.419201
v 0.258964 2.138614 0.411817
v 0.230101 2.151924 0.410147
v 0.225692 2.313642 0.392115
v 0.247817 2.336078 0.389621
v 0.415886 2.340329 0.389241
v 0.439203 2.319042 0.391633
v 0.240592 2.338789 0.389379
v 0.218400 2.563722 0.356594
v 0.516672 2.810012 0.396671
v 0.610717 3.123171 -0.857581
v 0.427254 3.105346 -0.507247
v 0.305201 3.106846 -0.613014
v 0.163426 3.097364 -0.662172
v 0.924852 2.987244 0.282656
v 0.742170 2.901355 0.413579
v -0.000549 3.083524 -0.714130
v -0.385679 1.754387 0.396738
v -0.414091 1.665218 0.405988
v -0.476050 1.679444 0.419473
v -0.473412 1.781017 0.413080
v -0.368594 1.968927 0.411029
v -0.471938 1.985933 0.428229
v -0.466310 2.182520 0.403129
v -0.362571 2.177452 0.384863
v -0.363409 2.734957 0.258278
v -0.467545 2.728087 0.277609
v -0.517009 2.808966 0.235379
v -0.462098 2.812588 0.225185
v -0.444717 2.027658 0.542279
v -0.443031 2.226924 0.516940
v -0.356547 2.383608 0.332145
v -0.460683 2.376738 0.351475
v -0.275182 1.897065 0.398743
v -0.293834 1.733231 0.388043
v -0.465993 1.757199 0.385904
v -0.445018 1.920768 0.396630
v -0.293834 1.740636 0.471052
v -0.275183 1.904470 0.481752
v -0.445018 1.928173 0.479639
v -0.465993 1.764604 0.468913
v -0.260217 2.114715 0.390887
v -0.269497 1.952188 0.398173
v -0.437368 1.961133 0.397375
v -0.428088 2.123660 0.390089
v -0.269497 1.959593 0.481183
v -0.260217 2.122120 0.473897
v -0.428088 2.131065 0.473099
v -0.437368 1.968538 0.480384
v -0.248413 2.312266 0.370145
v -0.252822 2.150538 0.388178
v -0.420892 2.154790 0.387799
v -0.416482 2.316518 0.369766
v -0.252823 2.157943 0.471187
v -0.248413 2.319672 0.453154
v -0.416482 2.323923 0.452775
v -0.420892 2.162195 0.470808
v -0.241659 2.520133 0.342927
v -0.240722 2.358643 0.364546
v -0.407212 2.354710 0.364897
v -0.411316 2.516154 0.343282
v -0.240722 2.366048 0.447555
v -0.241659 2.527538 0.425937
v -0.411316 2.523559 0.426291
v -0.407212 2.362115 0.447907
v -0.250971 2.720040 0.291317
v -0.241069 2.560124 0.334546
v -0.408907 2.550617 0.335394
v -0.418808 2.710534 0.292165
v -0.241069 2.567529 0.417555
v -0.250971 2.727445 0.374326
v -0.418808 2.717939 0.375174
v -0.408907 2.558022 0.418403
v -0.488460 1.762564 0.407814
v -0.468791 1.737365 0.406388
v -0.272685 1.924347 0.461265
v -0.252704 1.899104 0.459843
v -0.467549 1.925632 0.418506
v -0.442228 1.944514 0.419971
v -0.258964 2.142109 0.451000
v -0.237524 2.118932 0.452071
v -0.443613 2.157325 0.409665
v -0.421488 2.134887 0.412149
v -0.247817 2.339574 0.428804
v -0.225692 2.317136 0.431288
v -0.241782 2.547392 0.401104
v -0.218933 2.526097 0.403957
v -0.228261 2.722982 0.313543
v -0.252283 2.743197 0.307498
v -0.252283 2.746693 0.346682
v -0.228261 2.726418 0.352048
v -0.271299 1.735772 0.449175
v -0.442228 1.948009 0.459154
v -0.426835 2.151054 0.450202
v -0.253418 2.130636 0.412528
v -0.421488 2.138383 0.451332
v -0.253418 2.134132 0.451712
v -0.411870 2.539908 0.362276
v -0.241782 2.543897 0.361921
v -0.411870 2.543403 0.401460
v -0.239757 2.540876 0.362190
v -0.407594 2.531370 0.363038
v -0.218400 2.567157 0.395100
v -0.420121 2.737186 0.347530
v -0.169841 3.138482 -0.661903
v 0.000677 3.129437 -0.722108
v 0.001115 3.186568 -0.723014
v -0.174973 3.199033 -0.667882
v -0.340607 3.147450 -0.945442
v -0.351594 3.211098 -0.959084
v 0.001087 3.190943 -0.999190
v 0.000677 3.133024 -0.971556
v -1.146041 3.123115 -0.208771
v -1.226390 3.177265 -0.202503
v -1.136749 3.202748 -0.478032
v -1.065558 3.145415 -0.477050
v -1.111580 3.072311 0.067807
v -1.175810 3.114056 0.085883
v -0.446695 2.751805 0.452951
v -0.369397 2.721500 0.511757
v -0.651408 2.834997 0.518642
v -0.699365 2.854283 0.463872
v -0.307867 2.731765 0.348015
v -0.235915 2.711885 0.399653
v 0.000549 3.086133 -0.979911
v -0.326838 3.106272 -0.943795
v -1.054376 3.096237 -0.212101
v -1.037870 3.056074 0.056548
v -0.406918 2.861450 0.216083
v -0.373060 2.778138 0.298503
v -0.436038 2.870657 0.185643
v -1.204146 3.271487 -0.196235
v -1.113722 3.300686 -0.479013
v -1.153471 3.200528 0.096755
v -1.051315 3.273847 0.100048
v -1.092089 3.350913 -0.183611
v -1.000816 3.382937 -0.462513
v -0.322850 2.793647 0.512942
v -0.612557 2.909847 0.522994
v -0.198252 2.783776 0.400873
v -0.312636 2.910346 0.374977
v -0.385789 2.935816 0.446415
v -0.601990 2.993659 0.452717
v -0.383283 2.949885 0.257427
v -0.380731 2.875621 0.251160
v -0.576648 3.073019 0.069454
v -0.615305 3.150764 0.079894
v -0.705020 3.228172 0.087185
v -0.455160 3.043463 0.264524
v -0.922852 3.062728 0.360381
v -0.952181 2.982908 0.351474
v -0.826795 3.133055 0.343058
v -0.253942 3.373985 -0.833103
v -0.315324 3.362488 -0.944641
v -0.594826 3.378311 -0.856431
v -0.475259 3.387048 -0.759431
v -0.362727 3.350945 -0.658447
v -0.196168 3.341013 -0.716660
v -0.658930 3.397727 -0.615087
v -0.499325 3.357980 -0.536740
v -0.829192 3.388599 -0.691253
v -0.802370 3.393208 -0.411044
v -0.615643 3.351096 -0.359946
v -0.902997 3.360674 -0.158275
v -0.721362 3.319271 -0.136470
v -0.876094 3.276130 0.095381
v -0.636947 3.115577 0.302087
v -0.631677 3.245206 -0.134438
v -0.596468 3.164391 -0.142290
v -0.521202 3.194522 -0.347023
v -0.537894 3.276201 -0.344557
v -0.921040 3.313205 -0.712005
v -0.655254 3.310864 -0.881233
v -0.667323 3.225419 -0.869938
v -0.939717 3.220717 -0.705049
v -0.176797 3.274620 -0.673860
v -0.323404 3.283875 -0.621692
v -0.319445 3.208636 -0.617051
v -0.345520 3.295485 -0.972725
v -0.439453 3.286746 -0.509450
v -0.431858 3.208201 -0.507688
v -0.558749 3.024047 0.051811
v -0.429084 3.146518 -0.505925
v -0.313005 3.148028 -0.612410
v -0.517647 3.132055 -0.349488
v -0.941841 2.971909 0.313756
v -0.890471 3.160306 -0.698092
v -0.641809 3.162686 -0.858643
v -0.578264 3.102740 -0.150144
v -0.832256 3.126109 -0.698116
v -0.982971 3.116619 -0.478567
v -0.552884 2.995816 0.040661
v -0.570878 3.061864 -0.153870
v -0.519256 3.090981 -0.351867
v 0.000822 3.347060 -0.881357
v 0.000633 3.349850 -0.994797
v 0.000862 3.332502 -0.751613
v 0.000972 3.268294 -0.736435
v 0.000824 3.281204 -0.998769
v -0.270750 1.932199 0.421070
v -0.270750 1.935694 0.460253
v -0.438621 1.944639 0.459455
v -0.438621 1.941144 0.420272
v -0.429935 2.359643 0.426017
v -0.434038 2.521048 0.404407
v -0.434038 2.517557 0.365267
v -0.429935 2.356151 0.386877
v -0.431617 2.555080 0.396177
v -0.441478 2.714340 0.353125
v -0.441478 2.710905 0.314620
v -0.431617 2.551645 0.357672
v -0.246802 1.952957 0.420214
v -0.246802 1.956449 0.459355
v -0.406658 2.334866 0.389729
v -0.406658 2.338361 0.428912
v -0.296308 1.716847 0.447714
v -0.468791 1.740860 0.445571
v -0.488460 1.766013 0.446477
v -0.467549 1.929081 0.457169
v -0.460061 1.967812 0.458341
v -0.450783 2.130296 0.451057
v -0.230101 2.155419 0.449320
v -0.443613 2.160820 0.448838
v -0.415886 2.343825 0.428425
v -0.439203 2.322537 0.430806
v -0.240592 2.342284 0.428562
v -0.217997 2.364645 0.425571
v -0.239757 2.544372 0.401373
v -0.407594 2.534865 0.402222
v -0.237524 2.115441 0.412931
v -0.217996 2.361153 0.386430
v -0.218933 2.522605 0.364816
v -0.271299 1.732323 0.410512
v -0.296308 1.713351 0.408530
v -0.426835 2.147559 0.411018
v -0.450783 2.126804 0.411917
v -0.420121 2.733691 0.308346
v -0.448206 2.775846 0.398758
v -0.344071 2.782715 0.379428
v -0.451901 2.837772 0.289068
v -0.506812 2.834150 0.299261
v -0.395974 1.670928 0.483208
v -0.457933 1.685154 0.496693
v -0.443353 1.820050 0.527371
v -0.355620 1.793419 0.511029
v -0.341373 2.010652 0.525079
v -0.339291 2.221856 0.498674
v -0.337209 2.432381 0.464665
v -0.441344 2.425511 0.483995
v -0.252704 1.895655 0.421180
v -0.272685 1.920852 0.422082
v -0.460061 1.964321 0.419201
v -0.258964 2.138614 0.411817
v -0.230101 2.151924 0.410147
v -0.225692 2.313642 0.392115
v -0.247817 2.336078 0.389621
v -0.439203 2.319042 0.391633
v -0.415886 2.340329 0.389241
v -0.240592 2.338789 0.389379
v -0.218400 2.563722 0.356594
v -0.516672 2.810012 0.396671
v -0.610717 3.123171 -0.857581
v -0.427254 3.105346 -0.507247
v -0.305201 3.106846 -0.613014
v -0.163426 3.097364 -0.662172
v -0.924852 2.987244 0.282656
v -0.742170 2.901355 0.413578
v 0.000549 3.083524 -0.714130
v 0.133420 0.870079 -0.301181
v 0.102517 1.037246 -0.301181
v 0.206204 1.050123 -0.653542
v 0.237146 0.876607 -0.641232
v 0.267102 0.714881 -0.636982
v 0.163726 0.714186 -0.301181
v 0.267102 0.714880 0.034620
v 0.237146 0.876607 0.038871
v 0.206205 1.050123 0.051180
v 0.055543 1.456957 0.388268
v 0.000000 1.469535 0.388268
v 0.000000 1.300406 0.163532
v 0.033848 1.278395 0.163532
v 0.129485 1.220403 0.196884
v 0.200569 1.447245 0.375986
v 0.230052 1.633872 0.434417
v 0.075985 1.636299 0.455545
v 0.000000 1.639444 0.455545
v 0.524560 1.468423 0.339141
v 0.502728 1.285130 0.281013
v 0.824616 1.333345 0.128541
v 0.834664 1.502461 0.151369
v 0.831515 1.657338 0.155465
v 0.540281 1.639166 0.371030
v 0.938032 1.531332 -0.313692
v 0.931912 1.353799 -0.304309
v 0.823707 1.343204 -0.734088
v 0.831030 1.541892 -0.766470
v 0.825262 1.725172 -0.778736
v 0.928592 1.693544 -0.322200
v 0.510022 1.520998 -0.917396
v 0.178763 1.499820 -0.917396
v 0.192539 1.724317 -0.930914
v 0.515273 1.729611 -0.930914
v 0.499093 1.298274 -0.877348
v 0.125996 1.228815 -0.789494
v 0.041006 1.509532 -0.917396
v 0.000000 1.522110 -0.917396
v 0.000000 1.729889 -0.930914
v 0.050977 1.726745 -0.930914
v 0.030214 1.291538 -0.747585
v 0.000000 1.313550 -0.747585
v 0.026616 1.218874 -0.301181
v 0.000000 1.244029 -0.301181
v 0.052425 1.169801 -0.301181
v 0.963229 0.922306 -0.301181
v 0.932019 1.140257 -0.301181
v 0.828332 1.127380 0.051180
v 0.859503 0.915777 0.038871
v 0.887359 0.719046 0.034620
v 0.990735 0.719740 -0.301181
v 0.887359 0.719046 -0.636982
v 0.859502 0.915778 -0.641233
v 0.828331 1.127381 -0.653542
v 0.548324 0.896192 0.152221
v 0.517268 1.088752 0.168634
v 0.577231 0.716963 0.146554
v 0.548324 0.896192 -0.754583
v 0.517268 1.088752 -0.770995
v 0.577230 0.716963 -0.748915
v 0.501183 1.188485 -0.820232
v 0.819603 1.237445 -0.690470
v 0.182762 1.139526 -0.690469
v 0.501183 1.188485 0.217871
v 0.182762 1.139526 0.088108
v 0.819604 1.237444 0.088108
v 0.925744 1.253764 -0.301181
v 0.076622 1.123206 -0.301181
v 0.079456 1.698161 0.447880
v 0.000000 1.698161 0.447880
v 0.230194 1.698161 0.424775
v 0.215665 1.701283 0.381097
v 0.074441 1.701283 0.402744
v 0.000000 1.701283 0.402744
v 0.052108 1.797068 -0.908441
v 0.189172 1.797068 -0.908441
v 0.000000 1.797068 -0.908441
v 0.000000 1.793947 -0.867971
v 0.048819 1.793947 -0.867971
v 0.177232 1.793947 -0.867972
v 0.888078 1.747615 -0.322702
v 0.796932 1.710525 0.139707
v 0.790095 1.784705 -0.762006
v 0.740227 1.782364 -0.730779
v 0.832026 1.747615 -0.319202
v 0.746633 1.712866 0.114022
v 0.523495 1.698161 0.355459
v 0.490454 1.701283 0.316156
v 0.496147 1.797068 -0.908441
v 0.464832 1.793947 -0.867972
v 0.187829 0.662053 -0.301181
v 0.287588 0.660844 0.021868
v 0.287588 0.660845 -0.624230
v 0.334842 0.689024 -0.573222
v 0.250835 0.690041 -0.301181
v 0.334843 0.689023 -0.029139
v 0.985903 0.652387 -0.301181
v 0.886143 0.653596 -0.624230
v 0.886144 0.653596 0.021868
v 0.838889 0.682919 -0.029140
v 0.922897 0.681902 -0.301181
v 0.838889 0.682920 -0.573222
v 0.586866 0.657220 0.129551
v 0.586866 0.685971 0.061541
v 0.586865 0.657220 -0.731913
v 0.586865 0.685972 -0.663903
v 0.397848 0.774515 -0.301181
v 0.445103 0.773943 -0.148158
v 0.445102 0.773943 -0.454204
v 0.775883 0.769937 -0.301181
v 0.728629 0.770510 -0.454204
v 0.728629 0.770510 -0.148158
v 0.586866 0.772226 -0.097150
v 0.586865 0.772226 -0.505212
v 0.586866 0.887233 -0.301181
v -0.133420 0.870079 -0.301181
v -0.237146 0.876607 -0.641232
v -0.206204 1.050123 -0.653542
v -0.102517 1.037246 -0.301181
v -0.163726 0.714186 -0.301181
v -0.267102 0.714881 -0.636982
v -0.237146 0.876607 0.038871
v -0.267102 0.714880 0.034620
v -0.206205 1.050123 0.051180
v -0.055543 1.456957 0.388268
v -0.033848 1.278395 0.163532
v -0.200569 1.447245 0.375986
v -0.129485 1.220403 0.196884
v -0.075985 1.636299 0.455545
v -0.230052 1.633872 0.434417
v -0.524560 1.468423 0.339141
v -0.502728 1.285130 0.281013
v -0.834664 1.502461 0.151369
v -0.824616 1.333345 0.128541
v -0.540281 1.639166 0.371030
v -0.831515 1.657338 0.155465
v -0.938032 1.531332 -0.313692
v -0.931912 1.353799 -0.304309
v -0.831030 1.541892 -0.766470
v -0.823707 1.343204 -0.734088
v -0.928592 1.693544 -0.322200
v -0.825262 1.725172 -0.778736
v -0.510022 1.520998 -0.917396
v -0.515273 1.729611 -0.930914
v -0.192539 1.724317 -0.930914
v -0.178763 1.499820 -0.917396
v -0.499093 1.298274 -0.877348
v -0.125996 1.228815 -0.789494
v -0.041006 1.509532 -0.917396
v -0.050977 1.726745 -0.930914
v -0.030214 1.291538 -0.747585
v -0.026616 1.218874 -0.301181
v -0.052425 1.169801 -0.301181
v -0.963229 0.922306 -0.301181
v -0.859503 0.915777 0.038871
v -0.828332 1.127380 0.051180
v -0.932019 1.140257 -0.301181
v -0.990735 0.719740 -0.301181
v -0.887359 0.719046 0.034620
v -0.859502 0.915778 -0.641233
v -0.887359 0.719046 -0.636982
v -0.828331 1.127381 -0.653542
v -0.548324 0.896192 0.152221
v -0.517268 1.088752 0.168634
v -0.577231 0.716963 0.146554
v -0.548324 0.896192 -0.754583
v -0.517268 1.088752 -0.770995
v -0.577230 0.716963 -0.748915
v -0.501183 1.188485 -0.820232
v -0.819603 1.237445 -0.690470
v -0.182762 1.139526 -0.690469
v -0.501183 1.188485 0.217871
v -0.182762 1.139526 0.088108
v -0.819604 1.237444 0.088108
v -0.925744 1.253764 -0.301181
v -0.076622 1.123206 -0.301181
v -0.079456 1.698161 0.447880
v -0.230194 1.698161 0.424775
v -0.074441 1.701283 0.402744
v -0.215665 1.701283 0.381097
v -0.052108 1.797068 -0.908441
v -0.189172 1.797068 -0.908441
v -0.048819 1.793947 -0.867971
v -0.177232 1.793947 -0.867972
v -0.888078 1.747615 -0.322702
v -0.796932 1.710525 0.139707
v -0.790095 1.784705 -0.762006
v -0.832026 1.747615 -0.319202
v -0.740227 1.782364 -0.730779
v -0.746633 1.712866 0.114022
v -0.523495 1.698161 0.355459
v -0.490454 1.701283 0.316156
v -0.496147 1.797068 -0.908441
v -0.464832 1.793947 -0.867972
v -0.187829 0.662053 -0.301181
v -0.287588 0.660844 0.021868
v -0.287588 0.660845 -0.624230
v -0.250835 0.690041 -0.301181
v -0.334842 0.689024 -0.573222
v -0.334843 0.689023 -0.029139
v -0.985903 0.652387 -0.301181
v -0.886143 0.653596 -0.624230
v -0.886144 0.653596 0.021868
v -0.922897 0.681902 -0.301181
v -0.838889 0.682919 -0.029140
v -0.838889 0.682920 -0.573222
v -0.586866 0.657220 0.129551
v -0.586866 0.685971 0.061541
v -0.586865 0.657220 -0.731913
v -0.586865 0.685972 -0.663903
v -0.397848 0.774515 -0.301181
v -0.445103 0.773943 -0.148158
v -0.445102 0.773943 -0.454204
v -0.775883 0.769937 -0.301181
v -0.728629 0.770510 -0.454204
v -0.728629 0.770510 -0.148158
v -0.586866 0.772226 -0.097150
v -0.586865 0.772226 -0.505212
v -0.586866 0.887233 -0.301181
v 0.314450 1.750142 -0.863412
v -0.000000 1.753084 -0.909376
v -0.000000 1.789043 -1.029677
v 0.379057 1.785198 -0.977829
v 0.247171 1.743444 -0.747820
v -0.000000 1.745249 -0.776878
v 0.566098 1.742849 -0.782332
v 0.449655 1.735743 -0.690325
v 0.672870 1.773987 -0.871595
v 0.768824 1.617728 0.246191
v 0.879265 1.644346 0.051712
v 1.079285 1.650882 0.060688
v 0.972969 1.624705 0.264086
v 0.578984 1.632287 0.214642
v 0.689084 1.658713 0.047584
v 0.668334 1.607209 0.371169
v 0.506550 1.617408 0.319537
v 0.838566 1.616265 0.384123
v 0.183742 2.784605 -0.691999
v -0.000000 2.778859 -0.719558
v -0.000000 2.528620 -0.717812
v 0.207246 2.532213 -0.690380
v 0.338293 2.790889 -0.638844
v 0.303343 3.012709 -0.635955
v 0.161597 3.003526 -0.688704
v 0.375444 2.535134 -0.637515
v 0.397026 1.834831 -1.014396
v -0.000000 1.838597 -1.068239
v -0.000000 1.989593 -1.062573
v 0.387690 1.979175 -1.033719
v 0.703661 1.844830 -0.906254
v 0.708342 1.979479 -0.947169
v 0.457090 2.786760 -0.524168
v 0.488173 2.529522 -0.523210
v 0.428023 3.010473 -0.522385
v 0.539729 2.772112 -0.355603
v 0.522174 2.995280 -0.355517
v 0.558722 2.516570 -0.355105
v 0.940784 1.813918 -0.735579
v 0.956454 1.961150 -0.738579
v 0.886717 1.749929 -0.709713
v 1.096541 1.776394 -0.499389
v 1.026016 1.715109 -0.482683
v 1.111217 1.908421 -0.519466
v 0.899545 1.673204 -0.191142
v 0.848425 1.699922 -0.437518
v 1.095181 1.681916 -0.210965
v 0.709703 1.688092 -0.169002
v 0.675101 1.705737 -0.389454
v 0.741542 1.727397 -0.641918
v 0.591722 1.725201 -0.568675
v 0.585804 2.746840 -0.140779
v 0.600378 2.497468 -0.140839
v 0.572329 2.965589 -0.142875
v 0.561696 2.703883 0.073376
v 0.552716 2.906606 0.065182
v 0.571945 2.472558 0.077610
v 1.170028 1.726491 -0.216198
v 1.168290 1.841753 -0.217129
v 1.154768 1.698014 0.050662
v 1.147957 1.810618 0.030092
v 0.550092 2.605058 0.481342
v 0.372954 2.588364 0.371666
v 0.365031 2.421290 0.402646
v 0.554180 2.424815 0.512279
v 0.544408 2.761559 0.441497
v 0.382814 2.730487 0.336913
v 0.807620 2.654025 0.496629
v 0.782927 2.840517 0.460526
v 0.826893 2.444315 0.519604
v 0.433783 2.636182 0.239935
v 0.432224 2.442185 0.258264
v 0.437564 2.803538 0.218293
v 1.050361 1.668206 0.232191
v 1.067770 1.776663 0.142164
v 0.841739 1.641466 0.406944
v 1.059379 1.999197 0.150671
v 1.135630 1.965598 0.047536
v 1.127481 2.142253 0.052445
v 1.033736 2.154563 0.231146
v 0.396250 1.645212 0.345859
v 0.396250 1.645212 0.437585
v 0.381339 1.752082 0.453438
v 0.386420 1.738263 0.376469
v 0.463565 1.669792 0.219586
v 0.604364 1.702082 0.051917
v 0.454442 1.761124 0.230690
v 0.586416 1.798735 0.059971
v 0.616601 1.630856 0.437294
v 1.164083 1.978243 -0.208008
v 1.087373 1.995294 -0.494875
v 1.075386 2.171206 -0.472237
v 1.141013 2.154481 -0.201909
v 0.634833 1.726802 -0.156997
v 0.598453 1.745558 -0.368048
v 0.620657 1.819530 -0.151098
v 0.581639 1.837876 -0.361755
v 0.927435 2.039986 -0.716412
v 0.706923 2.049840 -0.893362
v 0.710033 2.218187 -0.873318
v 0.930278 2.198630 -0.692447
v 0.521202 1.763861 -0.537089
v 0.400741 1.772649 -0.655262
v 0.511148 1.843693 -0.536973
v 0.393565 1.978799 -0.651236
v 0.380287 2.055168 -0.991283
v -0.000000 2.057636 -1.050191
v -0.000000 2.212902 -1.038640
v 0.370899 2.211549 -0.975955
v 0.221185 1.778888 -0.707729
v -0.000000 1.780071 -0.734861
v 0.217147 1.983026 -0.703733
v -0.000000 1.983666 -0.730900
v 0.350696 2.810537 -0.997575
v 0.366283 2.568901 -0.992623
v -0.000000 2.563258 -1.047946
v -0.000000 2.801985 -1.051782
v 0.651965 2.820910 -0.904146
v 0.677931 2.573899 -0.898263
v 0.332837 3.017160 -0.991164
v 0.621802 3.033796 -0.898600
v 0.877012 2.817822 -0.731067
v 0.845661 3.036813 -0.727325
v 0.902937 2.566323 -0.726856
v 1.056647 2.807084 -0.573831
v 1.087825 2.532891 -0.501924
v 1.037360 3.054190 -0.503176
v 1.276838 2.467253 -0.213467
v 1.161957 2.449110 -0.206064
v 1.247384 2.563172 -0.448580
v 1.295253 2.524507 0.021425
v 1.148557 2.482036 0.097425
v 1.502368 2.456399 -0.227278
v 1.522058 2.516048 0.007519
v 1.474748 2.552839 -0.462391
v 0.987959 2.703023 0.345191
v 1.133802 2.739947 0.166523
v 1.101446 2.998990 0.091022
v 0.958952 2.911127 0.322482
v 1.010393 2.471346 0.357062
v 0.434166 2.333148 0.273331
v 0.578143 2.344179 0.081210
v 0.582316 2.263405 0.083638
v 0.437859 2.255965 0.283345
v 0.363211 2.326683 0.424573
v 0.365136 2.252137 0.437543
v 0.552545 2.328586 0.523986
v 0.550821 2.254705 0.525465
v 0.811887 2.346532 0.479752
v 0.827924 2.272246 0.456310
v 0.607875 2.355978 -0.140841
v 0.567150 2.366723 -0.354797
v 0.570295 2.279379 -0.354585
v 0.611833 2.271672 -0.140814
v 0.499756 2.374598 -0.522636
v 0.388246 2.378650 -0.636718
v 0.388873 2.288400 -0.636187
v 0.501589 2.285141 -0.522253
v 0.215171 2.377929 -0.689408
v -0.000000 2.376375 -0.716765
v -0.000000 2.287938 -0.716067
v 0.215306 2.288602 -0.688760
v 1.870690 2.452093 -0.249176
v 1.846463 2.549425 -0.484289
v 1.892514 2.511894 -0.014411
v 2.200477 2.451320 -0.268632
v 2.224224 2.510393 -0.033867
v 2.179381 2.549459 -0.503745
v 1.232680 3.079942 -0.214348
v 1.104312 3.080273 -0.208011
v 1.263884 2.991328 0.021794
v 1.212515 3.015384 -0.450269
v 1.470644 3.080753 -0.228541
v 1.448665 3.008256 -0.464176
v 1.500555 2.997161 0.007409
v 1.287838 2.752691 0.100115
v 1.519573 2.752614 0.085922
v 1.221680 2.794505 -0.527930
v 1.453440 2.784538 -0.541741
v 2.310407 2.451062 -0.275118
v 2.290353 2.549470 -0.510230
v 2.334795 2.509892 -0.040353
v 2.310686 2.548874 -0.274241
v 2.327530 2.589507 -0.112097
v 2.296836 2.616842 -0.436626
v 1.861076 3.080621 -0.250566
v 1.888191 2.997899 -0.014679
v 1.836365 3.006210 -0.486106
v 2.211076 3.080168 -0.270023
v 2.183972 3.006581 -0.505562
v 2.235530 2.996542 -0.034136
v 1.898509 2.751077 0.063896
v 2.237911 2.749375 0.044440
v 1.833258 2.781638 -0.563639
v 2.173643 2.782112 -0.583095
v 1.921633 2.605834 -0.272623
v 1.911361 2.656244 -0.393060
v 1.934126 2.635970 -0.152364
v 2.327743 3.080017 -0.276508
v 2.351310 2.996089 -0.040622
v 2.299841 3.006705 -0.512047
v 2.322660 2.983272 -0.275202
v 2.303389 2.932638 -0.437880
v 2.338937 2.925306 -0.112283
v 2.351045 2.748808 0.037955
v 2.338754 2.754518 -0.058013
v 2.287104 2.782270 -0.589581
v 2.294592 2.777628 -0.491430
v 1.782811 2.767000 -0.272826
v 1.942450 2.758355 -0.112251
v 1.942586 2.885025 -0.152502
v 1.909696 2.775496 -0.433707
v 1.916220 2.890463 -0.393991
v 1.930513 2.928017 -0.273335
v 0.422489 3.088333 -0.514740
v 0.518057 3.073479 -0.354074
v 0.297146 3.089884 -0.624104
v 0.324566 3.089290 -0.966137
v 0.606050 3.107379 -0.876989
v 0.157751 3.080079 -0.674933
v 0.824031 3.112260 -0.712101
v 0.971806 3.104291 -0.485084
v 0.568126 3.043372 -0.149343
v 0.550326 2.980293 0.049697
v 0.934236 2.986426 0.293600
v 1.031769 3.046125 0.066125
v 0.765567 2.909863 0.422653
v 0.442284 2.866524 0.193287
v 0.390446 2.785729 0.303664
v 0.541255 2.821569 0.403063
v 1.042672 3.083830 -0.209555
v 0.215711 2.026599 -0.696426
v -0.000000 2.026909 -0.723616
v 0.215576 2.193790 -0.689867
v -0.000000 2.193793 -0.717081
v 0.390755 2.023707 -0.643986
v 0.390128 2.192229 -0.637473
v 0.215441 2.243412 -0.688112
v -0.000000 2.243178 -0.715369
v 0.389500 2.242598 -0.635656
v 0.507088 2.016268 -0.529984
v 0.505255 2.187546 -0.523707
v 0.579731 2.005748 -0.361649
v 0.576586 2.180415 -0.356086
v 0.503422 2.239218 -0.521870
v 0.573441 2.233689 -0.354373
v 0.623707 1.993613 -0.146210
v 0.619749 2.171505 -0.142129
v 0.594836 1.980157 0.075522
v 0.590663 2.162025 0.082078
v 0.615791 2.226424 -0.140786
v 0.586490 2.218802 0.084355
v 1.020751 1.689065 0.299220
v 0.834544 1.671159 0.435378
v 0.377915 1.943719 0.484485
v 0.378866 1.951612 0.408534
v 1.029100 1.776244 0.337276
v 1.004543 1.791256 0.311732
v 1.001836 1.956253 0.329464
v 1.041779 1.956848 0.346116
v 0.554639 2.203844 0.525717
v 0.368447 2.207066 0.441650
v 0.373054 2.144178 0.433209
v 0.563641 2.134203 0.520607
v 0.806609 2.210540 0.469345
v 0.846478 2.157136 0.443691
v 0.448939 1.965675 0.253240
v 0.445246 2.153184 0.280445
v 0.441553 2.212200 0.286515
v 0.367739 2.407111 -0.983558
v -0.000000 2.402470 -1.042598
v 0.364378 2.312798 -0.974979
v -0.000000 2.308187 -1.037764
v 0.681089 2.412076 -0.885590
v 0.696335 2.311130 -0.873126
v 0.365514 2.261756 -0.971483
v -0.000000 2.259947 -1.035472
v 0.643050 2.263398 -0.900642
v 0.908287 2.408406 -0.718219
v 0.903969 2.328912 -0.691058
v 1.054672 2.399028 -0.488476
v 1.044684 2.323715 -0.470883
v 1.125979 2.205732 -0.197614
v 1.069488 2.221350 -0.451915
v 1.117614 2.196239 0.055446
v 1.116039 2.225928 -0.195069
v 1.111941 2.216693 0.055331
v 1.069281 2.250333 -0.434454
v 1.118122 2.352679 -0.203390
v 1.101296 2.294190 -0.200648
v 1.100552 2.351670 0.086272
v 1.089382 2.284007 0.073279
v 1.023254 2.267590 0.257527
v 1.001474 2.293827 0.303360
v 0.924094 2.254933 0.392264
v 1.091640 2.253670 0.064453
v 1.051992 2.254722 0.247631
v 1.097973 2.240321 0.055854
v 0.991603 2.255235 0.335146
v 1.011663 2.351576 0.348618
v 1.044768 2.198869 0.242364
v 0.937234 2.188797 0.389292
v 1.063514 2.227335 0.245799
v 0.999929 2.214197 0.336051
v 0.957393 2.265242 -0.613090
v 0.850635 2.261309 -0.737549
v 0.860536 2.272514 -0.725689
v 0.950445 2.277141 -0.620140
v 0.961455 2.255185 -0.619603
v 0.868019 2.252620 -0.725209
v 1.063850 2.264832 -0.428443
v 1.056295 2.276103 -0.435025
v 1.107057 2.236805 -0.194552
v 1.101451 2.247937 -0.195715
v 1.104521 2.229271 0.051080
v 1.059884 2.246030 0.248045
v 0.995601 2.235137 0.335968
v 1.099882 2.261433 -0.198136
v 1.049415 2.289026 -0.452543
v 0.947343 2.239522 -0.652748
v 0.818643 2.245032 -0.782572
v 0.929467 2.291299 -0.653412
v 0.808420 2.281848 -0.783146
v 0.907196 2.220612 0.421425
v 0.771361 2.261674 -0.821131
v 0.583422 2.053894 0.562890
v 0.836741 2.062911 0.482064
v 1.029602 2.086237 0.329563
v 0.605325 1.665699 0.489391
v 0.838299 1.753404 0.477604
v 0.841859 1.909462 0.505863
v 0.594285 1.754239 0.525314
v 0.576517 1.931519 0.560182
v 0.408134 2.061736 0.514920
v 0.998802 2.063293 0.307522
v 1.002597 1.794435 0.185230
v 1.019616 1.680725 0.227173
v 0.881135 2.045724 0.399275
v 0.874855 2.114064 0.296343
v 1.021377 2.132914 0.226518
v 0.852771 1.806164 0.275053
v 0.893712 1.707501 0.296203
v 0.858697 1.800953 0.403442
v 0.830923 1.955740 0.433874
v 1.003466 1.697415 0.284468
v 1.015291 1.974456 0.189796
v 0.886926 1.726719 0.372932
v 0.826557 1.981598 0.273560
v -0.000859 3.038129 -0.750268
v -0.000859 3.058414 -0.997399
v -0.000000 3.074475 -0.992215
v -0.000000 3.070790 -0.736324
v -0.314450 1.750142 -0.863412
v -0.379057 1.785198 -0.977829
v -0.247171 1.743444 -0.747820
v -0.449655 1.735743 -0.690325
v -0.566098 1.742849 -0.782332
v -0.672870 1.773987 -0.871595
v -0.768824 1.617728 0.246191
v -0.972969 1.624705 0.264086
v -1.079285 1.650882 0.060688
v -0.879265 1.644346 0.051712
v -0.689084 1.658713 0.047584
v -0.578984 1.632287 0.214642
v -0.506550 1.617408 0.319537
v -0.668334 1.607209 0.371169
v -0.838566 1.616265 0.384123
v -0.183742 2.784605 -0.691999
v -0.207246 2.532213 -0.690380
v -0.161597 3.003526 -0.688704
v -0.303343 3.012709 -0.635955
v -0.338293 2.790889 -0.638844
v -0.375444 2.535134 -0.637515
v -0.397026 1.834831 -1.014396
v -0.387690 1.979175 -1.033719
v -0.703661 1.844830 -0.906254
v -0.708342 1.979479 -0.947169
v -0.457090 2.786760 -0.524168
v -0.488173 2.529522 -0.523210
v -0.428023 3.010473 -0.522385
v -0.522174 2.995280 -0.355517
v -0.539729 2.772112 -0.355603
v -0.558722 2.516570 -0.355105
v -0.940784 1.813918 -0.735579
v -0.956454 1.961150 -0.738579
v -0.886717 1.749929 -0.709713
v -1.026016 1.715109 -0.482683
v -1.096541 1.776394 -0.499389
v -1.111217 1.908421 -0.519466
v -0.899545 1.673204 -0.191142
v -1.095181 1.681916 -0.210965
v -0.848425 1.699922 -0.437518
v -0.675101 1.705737 -0.389454
v -0.709703 1.688092 -0.169002
v -0.741542 1.727397 -0.641918
v -0.591722 1.725201 -0.568675
v -0.585804 2.746840 -0.140779
v -0.600378 2.497468 -0.140839
v -0.572329 2.965589 -0.142875
v -0.552716 2.906606 0.065182
v -0.561696 2.703883 0.073376
v -0.571945 2.472558 0.077610
v -1.170028 1.726491 -0.216198
v -1.168290 1.841753 -0.217129
v -1.154768 1.698014 0.050662
v -1.147957 1.810618 0.030092
v -0.550092 2.605058 0.481342
v -0.554180 2.424815 0.512279
v -0.365031 2.421290 0.402646
v -0.372954 2.588364 0.371666
v -0.382814 2.730487 0.336913
v -0.544408 2.761559 0.441497
v -0.782927 2.840517 0.460526
v -0.807620 2.654025 0.496629
v -0.826893 2.444315 0.519604
v -0.433783 2.636182 0.239935
v -0.432224 2.442185 0.258264
v -0.437564 2.803538 0.218293
v -1.050361 1.668206 0.232191
v -1.067770 1.776663 0.142164
v -0.841739 1.641466 0.406944
v -1.059379 1.999197 0.150671
v -1.033736 2.154563 0.231146
v -1.127481 2.142253 0.052445
v -1.135630 1.965598 0.047536
v -0.396250 1.645212 0.345859
v -0.386420 1.738263 0.376469
v -0.381339 1.752082 0.453438
v -0.396250 1.645212 0.437585
v -0.463565 1.669792 0.219586
v -0.604364 1.702082 0.051917
v -0.586416 1.798735 0.059971
v -0.454442 1.761124 0.230690
v -0.616601 1.630856 0.437294
v -1.164083 1.978243 -0.208008
v -1.141013 2.154481 -0.201909
v -1.075386 2.171206 -0.472237
v -1.087373 1.995294 -0.494875
v -0.634833 1.726802 -0.156997
v -0.598453 1.745558 -0.368048
v -0.581639 1.837876 -0.361755
v -0.620657 1.819530 -0.151098
v -0.927435 2.039986 -0.716412
v -0.930278 2.198630 -0.692447
v -0.710033 2.218187 -0.873318
v -0.706923 2.049840 -0.893362
v -0.521202 1.763861 -0.537089
v -0.400741 1.772649 -0.655262
v -0.393565 1.978799 -0.651236
v -0.511148 1.843693 -0.536973
v -0.380287 2.055168 -0.991283
v -0.370899 2.211549 -0.975955
v -0.221185 1.778888 -0.707729
v -0.217147 1.983026 -0.703733
v -0.350696 2.810537 -0.997575
v -0.366283 2.568901 -0.992623
v -0.677931 2.573899 -0.898263
v -0.651965 2.820910 -0.904146
v -0.621802 3.033796 -0.898601
v -0.332837 3.017160 -0.991163
v -0.877012 2.817822 -0.731067
v -0.845661 3.036813 -0.727325
v -0.902937 2.566323 -0.726856
v -1.087825 2.532891 -0.501924
v -1.056647 2.807084 -0.573831
v -1.037360 3.054190 -0.503176
v -1.276838 2.467253 -0.213467
v -1.247384 2.563172 -0.448580
v -1.161957 2.449110 -0.206064
v -1.148557 2.482036 0.097425
v -1.295253 2.524507 0.021425
v -1.522058 2.516048 0.007519
v -1.502368 2.456399 -0.227278
v -1.474748 2.552839 -0.462391
v -0.987959 2.703023 0.345191
v -0.958952 2.911127 0.322482
v -1.101446 2.998990 0.091022
v -1.133802 2.739947 0.166523
v -1.010393 2.471346 0.357062
v -0.434166 2.333148 0.273331
v -0.437859 2.255965 0.283345
v -0.582316 2.263405 0.083638
v -0.578143 2.344179 0.081210
v -0.363211 2.326683 0.424573
v -0.365136 2.252137 0.437543
v -0.552545 2.328586 0.523986
v -0.550821 2.254705 0.525465
v -0.811887 2.346532 0.479752
v -0.827924 2.272246 0.456310
v -0.607875 2.355978 -0.140841
v -0.611833 2.271672 -0.140814
v -0.570295 2.279379 -0.354585
v -0.567150 2.366723 -0.354797
v -0.499756 2.374598 -0.522636
v -0.501589 2.285141 -0.522253
v -0.388873 2.288400 -0.636187
v -0.388246 2.378650 -0.636718
v -0.215171 2.377929 -0.689408
v -0.215306 2.288602 -0.688760
v -1.870690 2.452093 -0.249176
v -1.846463 2.549425 -0.484289
v -1.892514 2.511894 -0.014411
v -2.224224 2.510393 -0.033867
v -2.200477 2.451320 -0.268632
v -2.179381 2.549459 -0.503745
v -1.232680 3.079942 -0.214348
v -1.263884 2.991328 0.021794
v -1.104312 3.080273 -0.208011
v -1.212515 3.015384 -0.450269
v -1.448665 3.008256 -0.464176
v -1.470644 3.080753 -0.228541
v -1.500555 2.997161 0.007409
v -1.287838 2.752691 0.100115
v -1.519573 2.752614 0.085922
v -1.221680 2.794505 -0.527930
v -1.453440 2.784538 -0.541741
v -2.310407 2.451062 -0.275118
v -2.290353 2.549470 -0.510230
v -2.334795 2.509892 -0.040353
v -2.327530 2.589507 -0.112097
v -2.310686 2.548874 -0.274241
v -2.296836 2.616842 -0.436626
v -1.861076 3.080621 -0.250566
v -1.888191 2.997899 -0.014679
v -1.836365 3.006210 -0.486106
v -2.183972 3.006581 -0.505562
v -2.211076 3.080168 -0.270023
v -2.235530 2.996542 -0.034136
v -1.898509 2.751077 0.063896
v -2.237911 2.749375 0.044440
v -1.833258 2.781638 -0.563639
v -2.173643 2.782112 -0.583095
v -1.921633 2.605834 -0.272623
v -1.911361 2.656244 -0.393060
v -1.934126 2.635970 -0.152364
v -2.327743 3.080017 -0.276508
v -2.351310 2.996089 -0.040622
v -2.299841 3.006705 -0.512047
v -2.303389 2.932638 -0.437880
v -2.322660 2.983272 -0.275202
v -2.338937 2.925306 -0.112283
v -2.351045 2.748808 0.037955
v -2.338754 2.754518 -0.058013
v -2.287104 2.782270 -0.589581
v -2.294592 2.777628 -0.491430
v -1.942450 2.758355 -0.112251
v -1.782811 2.767000 -0.272826
v -1.942586 2.885025 -0.152502
v -1.909696 2.775496 -0.433707
v -1.916220 2.890463 -0.393991
v -1.930513 2.928017 -0.273335
v -0.422489 3.088333 -0.514740
v -0.518057 3.073479 -0.354074
v -0.297146 3.089884 -0.624104
v -0.324566 3.089291 -0.966136
v -0.606050 3.107379 -0.876990
v -0.157751 3.080079 -0.674933
v -0.824031 3.112260 -0.712101
v -0.971806 3.104291 -0.485084
v -0.568126 3.043372 -0.149343
v -0.550326 2.980293 0.049697
v -0.934236 2.986426 0.293600
v -1.031769 3.046125 0.066125
v -0.765567 2.909863 0.422652
v -0.442284 2.866524 0.193287
v -0.390446 2.785729 0.303664
v -0.541255 2.821569 0.403063
v -1.042672 3.083830 -0.209555
v -0.215711 2.026599 -0.696426
v -0.215576 2.193790 -0.689867
v -0.390128 2.192229 -0.637473
v -0.390755 2.023707 -0.643986
v -0.215441 2.243412 -0.688112
v -0.389500 2.242598 -0.635656
v -0.507088 2.016268 -0.529984
v -0.505255 2.187546 -0.523707
v -0.576586 2.180415 -0.356086
v -0.579731 2.005748 -0.361649
v -0.503422 2.239218 -0.521870
v -0.573441 2.233689 -0.354373
v -0.623707 1.993613 -0.146210
v -0.619749 2.171505 -0.142129
v -0.590663 2.162025 0.082078
v -0.594836 1.980157 0.075522
v -0.615791 2.226424 -0.140786
v -0.586490 2.218802 0.084355
v -0.834544 1.671159 0.435378
v -1.020751 1.689065 0.299220
v -0.378866 1.951612 0.408534
v -0.377915 1.943719 0.484485
v -1.029100 1.776244 0.337276
v -1.041779 1.956848 0.346116
v -1.001836 1.956253 0.329464
v -1.004543 1.791256 0.311732
v -0.554639 2.203844 0.525717
v -0.563641 2.134203 0.520607
v -0.373054 2.144178 0.433209
v -0.368447 2.207066 0.441650
v -0.806609 2.210540 0.469345
v -0.846478 2.157136 0.443691
v -0.448939 1.965675 0.253240
v -0.445246 2.153184 0.280445
v -0.441553 2.212200 0.286515
v -0.367739 2.407111 -0.983558
v -0.364378 2.312799 -0.974979
v -0.696335 2.311130 -0.873126
v -0.681089 2.412076 -0.885590
v -0.365514 2.261756 -0.971483
v -0.643050 2.263398 -0.900642
v -0.908287 2.408406 -0.718219
v -0.903969 2.328912 -0.691058
v -1.044684 2.323715 -0.470883
v -1.054672 2.399028 -0.488476
v -1.125979 2.205732 -0.197614
v -1.069488 2.221350 -0.451915
v -1.117614 2.196239 0.055446
v -1.111941 2.216693 0.055331
v -1.116039 2.225928 -0.195069
v -1.069281 2.250333 -0.434454
v -1.118122 2.352679 -0.203390
v -1.101296 2.294190 -0.200648
v -1.089382 2.284007 0.073279
v -1.100552 2.351670 0.086272
v -1.023254 2.267590 0.257527
v -0.924094 2.254933 0.392264
v -1.001474 2.293827 0.303360
v -1.091640 2.253670 0.064453
v -1.097973 2.240321 0.055854
v -1.051992 2.254722 0.247631
v -0.991603 2.255235 0.335146
v -1.011663 2.351576 0.348618
v -1.044768 2.198869 0.242364
v -0.937234 2.188797 0.389292
v -0.999929 2.214197 0.336051
v -1.063514 2.227335 0.245799
v -0.957393 2.265242 -0.613090
v -0.950445 2.277141 -0.620140
v -0.860536 2.272514 -0.725689
v -0.850635 2.261309 -0.737549
v -0.868019 2.252620 -0.725209
v -0.961455 2.255185 -0.619603
v -1.063850 2.264832 -0.428443
v -1.056295 2.276103 -0.435025
v -1.107057 2.236805 -0.194552
v -1.101451 2.247937 -0.195715
v -1.104521 2.229271 0.051080
v -1.059884 2.246030 0.248045
v -0.995601 2.235137 0.335968
v -1.099882 2.261433 -0.198136
v -1.049415 2.289026 -0.452543
v -0.947343 2.239522 -0.652748
v -0.818643 2.245032 -0.782572
v -0.929467 2.291299 -0.653412
v -0.808420 2.281848 -0.783146
v -0.907196 2.220612 0.421425
v -0.771361 2.261674 -0.821131
v -0.836741 2.062911 0.482064
v -0.583422 2.053894 0.562890
v -1.029602 2.086237 0.329563
v -0.605325 1.665699 0.489391
v -0.838299 1.753404 0.477604
v -0.841859 1.909462 0.505863
v -0.594285 1.754239 0.525314
v -0.576517 1.931519 0.560182
v -0.408134 2.061736 0.514920
v -0.998802 2.063293 0.307522
v -1.019616 1.680725 0.227173
v -1.002597 1.794435 0.185230
v -1.021377 2.132914 0.226518
v -0.874855 2.114064 0.296343
v -0.881135 2.045724 0.399275
v -0.893712 1.707501 0.296203
v -0.852771 1.806164 0.275053
v -0.830923 1.955740 0.433874
v -0.858697 1.800953 0.403442
v -1.003466 1.697415 0.284468
v -1.015291 1.974456 0.189796
v -0.886926 1.726719 0.372932
v -0.826557 1.981598 0.273560
v 0.000859 3.038129 -0.750267
v 0.000859 3.058414 -0.997399
v 0.764972 4.183998 0.614730
v 0.737418 4.167814 0.309478
v 0.768617 4.112159 0.269294
v 0.799535 4.122340 0.570213
v 0.235589 3.938838 0.794729
v 0.259568 3.946520 0.471954
v 0.241339 3.992765 0.483368
v 0.215394 3.990071 0.807374
v 0.356852 4.272378 0.813060
v 0.369027 4.247590 0.488501
v 0.512037 4.248785 0.436322
v 0.515285 4.273700 0.755254
v 0.204812 4.092937 0.825183
v 0.231787 4.085618 0.499444
v 0.248922 4.134564 0.503780
v 0.223795 4.147162 0.829987
v 0.740427 3.931437 0.558158
v 0.715263 3.939840 0.258412
v 0.663733 3.901319 0.286353
v 0.683341 3.888761 0.589112
v 0.267082 4.218587 0.831959
v 0.287995 4.199037 0.505560
v 0.794969 4.017874 0.543928
v 0.764495 4.017861 0.245568
v 0.746764 3.977847 0.246498
v 0.775326 3.973545 0.544959
v 0.602693 3.855167 0.629661
v 0.590936 3.870995 0.322955
v 0.514759 3.857044 0.353457
v 0.518301 3.839712 0.663452
v 0.261347 3.899619 0.779968
v 0.282818 3.911119 0.458630
v 0.774711 4.062404 0.250578
v 0.806286 4.067218 0.549479
v 0.549028 3.679322 0.540735
v 0.427590 3.598910 0.620510
v 0.647933 3.736079 0.469521
v 0.503276 3.739543 0.384135
v 0.579935 3.796168 0.312794
v 0.383085 3.645909 0.447462
v 0.465732 3.308750 0.539393
v 0.593611 3.414721 0.462385
v 0.311995 3.224993 0.620652
v 0.426921 3.319418 0.382904
v 0.279476 3.232352 0.447422
v 0.531257 3.441943 0.306479
v 0.698383 3.716182 0.435343
v 0.704794 3.641327 0.426152
v 0.640184 3.781333 0.287525
v 0.630966 3.691962 0.273692
v 0.671585 3.533210 0.429902
v 0.615619 3.573893 0.282538
v 0.096595 3.505093 0.759099
v 0.000000 3.501914 0.773512
v 0.198130 3.518960 0.725004
v 0.088546 3.542016 0.584301
v 0.177594 3.557277 0.541168
v -0.000000 3.538302 0.584433
v 0.156449 3.173144 0.665891
v 0.000000 3.155195 0.679506
v 0.143412 3.165677 0.498861
v 0.000000 3.155203 0.500236
v 0.309543 3.547844 0.680370
v 0.283748 3.590484 0.512134
v 0.366019 3.705260 0.247340
v 0.249569 3.624317 0.261322
v 0.375942 3.724530 0.175618
v 0.000000 3.542186 0.043390
v 0.310488 3.377777 0.246445
v 0.344194 3.480962 0.171767
v 0.181922 3.335325 0.260734
v 0.465589 3.737834 0.177078
v 0.409479 3.653659 0.149315
v 0.447723 3.576137 0.173450
v 0.064397 3.551290 0.392915
v 0.000000 3.548044 0.350202
v 0.115987 3.561704 0.322667
v 0.104300 3.257938 0.330777
v 0.000000 3.281573 0.295432
v 0.206362 3.589070 0.340429
v 0.231092 4.041812 0.492617
v 0.204042 4.044406 0.817620
v 0.682081 4.238410 0.680180
v 0.662596 4.216931 0.368557
v 0.337706 3.855677 0.741370
v 0.351744 3.871454 0.423790
v 0.317905 3.884884 0.440347
v 0.300217 3.870555 0.759713
v 0.438953 3.856363 0.383755
v 0.434320 3.838958 0.697018
v 0.359750 3.846929 0.730584
v 0.371642 3.863557 0.414054
v 0.481918 4.017751 0.156120
v 0.083570 3.662683 0.952582
v 0.000000 3.776771 0.858864
v 0.052315 3.653126 0.951085
v 0.104282 3.743094 0.943399
v 0.114802 3.706072 0.945671
v 0.057673 3.871203 0.934943
v 0.075095 3.828080 0.933070
v -0.000000 3.922560 0.945238
v 0.040318 3.906179 0.941023
v 0.000000 3.649848 0.953670
v 0.109164 3.681359 0.945993
v 0.090501 3.782297 0.941475
v -0.764972 4.183998 0.614730
v -0.799535 4.122340 0.570213
v -0.768617 4.112159 0.269294
v -0.737418 4.167814 0.309478
v -0.235589 3.938838 0.794729
v -0.215394 3.990071 0.807374
v -0.241339 3.992765 0.483368
v -0.259568 3.946520 0.471954
v -0.356852 4.272377 0.813060
v -0.515285 4.273699 0.755254
v -0.512037 4.248785 0.436322
v -0.369027 4.247590 0.488501
v -0.204812 4.092937 0.825183
v -0.223795 4.147162 0.829987
v -0.248922 4.134564 0.503780
v -0.231787 4.085618 0.499444
v -0.740427 3.931437 0.558158
v -0.683341 3.888761 0.589112
v -0.663733 3.901319 0.286353
v -0.715263 3.939840 0.258412
v -0.267082 4.218586 0.831959
v -0.287995 4.199037 0.505560
v -0.794969 4.017873 0.543928
v -0.775326 3.973544 0.544959
v -0.746764 3.977847 0.246498
v -0.764495 4.017861 0.245568
v -0.602693 3.855167 0.629661
v -0.518301 3.839712 0.663451
v -0.514759 3.857044 0.353457
v -0.590936 3.870995 0.322955
v -0.261347 3.899619 0.779968
v -0.282818 3.911119 0.458630
v -0.806286 4.067218 0.549479
v -0.774711 4.062404 0.250578
v -0.549028 3.679322 0.540735
v -0.427590 3.598910 0.620510
v -0.647933 3.736079 0.469521
v -0.579935 3.796168 0.312794
v -0.503276 3.739543 0.384135
v -0.383085 3.645909 0.447462
v -0.465732 3.308750 0.539393
v -0.593611 3.414721 0.462385
v -0.311995 3.224993 0.620652
v -0.279476 3.232352 0.447422
v -0.426921 3.319418 0.382904
v -0.531257 3.441943 0.306479
v -0.698383 3.716182 0.435343
v -0.704794 3.641327 0.426152
v -0.630966 3.691962 0.273692
v -0.640184 3.781333 0.287525
v -0.671585 3.533210 0.429902
v -0.615619 3.573893 0.282538
v -0.096595 3.505093 0.759099
v -0.198130 3.518960 0.725004
v -0.177594 3.557277 0.541168
v -0.088546 3.542016 0.584301
v -0.156449 3.173144 0.665891
v -0.143412 3.165677 0.498861
v -0.309543 3.547844 0.680370
v -0.283748 3.590484 0.512134
v -0.366019 3.705260 0.247340
v -0.249569 3.624317 0.261322
v -0.375942 3.724530 0.175618
v -0.310488 3.377777 0.246445
v -0.344194 3.480962 0.171767
v -0.181922 3.335325 0.260734
v -0.465589 3.737834 0.177078
v -0.409479 3.653659 0.149315
v -0.447723 3.576137 0.173450
v -0.064397 3.551290 0.392915
v -0.115987 3.561704 0.322667
v -0.104300 3.257938 0.330777
v -0.206362 3.589070 0.340429
v -0.204042 4.044406 0.817620
v -0.231092 4.041812 0.492617
v -0.682081 4.238410 0.680180
v -0.662596 4.216931 0.368557
v -0.337706 3.855677 0.741370
v -0.300217 3.870555 0.759713
v -0.317905 3.884884 0.440347
v -0.351744 3.871454 0.423790
v -0.434320 3.838959 0.697017
v -0.438953 3.856363 0.383755
v -0.359750 3.846929 0.730584
v -0.371642 3.863557 0.414054
v -0.481918 4.017751 0.156120
v -0.083570 3.662683 0.952582
v -0.052315 3.653126 0.951085
v -0.104282 3.743094 0.943399
v -0.114802 3.706072 0.945671
v -0.057673 3.871203 0.934943
v -0.075095 3.828080 0.933070
v -0.040318 3.906179 0.941023
v -0.109164 3.681359 0.945993
v -0.090501 3.782297 0.941475
v 0.447050 3.969687 0.551588
v 0.416321 3.973811 0.553112
v 0.421819 3.985499 0.536099
v 0.450580 3.982125 0.533238
v 0.390804 3.986753 0.554732
v 0.401557 3.992895 0.541830
v 0.443071 3.966959 0.573707
v 0.477428 3.974716 0.553211
v 0.475936 3.972146 0.573861
v 0.478511 3.986337 0.536040
v 0.497089 3.994298 0.541772
v 0.502965 3.988400 0.554882
v 0.449821 4.100566 0.552646
v 0.452730 4.085044 0.534223
v 0.423836 4.081329 0.536989
v 0.418925 4.095840 0.554083
v 0.413237 4.101860 0.574463
v 0.392863 4.082437 0.555470
v 0.385619 4.087451 0.574273
v 0.403289 4.074328 0.542535
v 0.479998 4.096651 0.554172
v 0.480506 4.082108 0.536924
v 0.504971 4.083941 0.555605
v 0.498787 4.075642 0.542467
v 0.371664 4.034042 0.552088
v 0.391222 4.032716 0.533889
v 0.394414 4.008852 0.536411
v 0.376060 4.008175 0.553396
v 0.368655 4.063893 0.574060
v 0.377187 4.060316 0.553792
v 0.395441 4.057172 0.536840
v 0.526622 4.038113 0.574460
v 0.525207 4.036211 0.552145
v 0.520258 4.062287 0.553888
v 0.521699 4.065958 0.574617
v 0.512088 4.034453 0.533572
v 0.507911 4.058753 0.536612
v 0.519167 4.010241 0.553502
v 0.506906 4.010494 0.536189
v 0.454244 4.032344 0.518945
v 0.486587 4.033134 0.522523
v 0.483125 4.007277 0.525789
v 0.453012 4.004577 0.522367
v 0.454177 4.060735 0.522943
v 0.484208 4.059505 0.526304
v 0.420602 4.032177 0.522788
v 0.422846 4.058635 0.526506
v 0.421753 4.006377 0.525988
v 0.439294 3.973642 0.595886
v 0.436367 3.989292 0.614417
v 0.408843 3.992163 0.611391
v 0.409229 3.977481 0.594190
v 0.390707 3.998514 0.605608
v 0.384389 3.990101 0.592549
v 0.470090 3.978360 0.594550
v 0.465027 3.992949 0.611871
v 0.496042 3.991696 0.593239
v 0.485460 3.999838 0.606377
v 0.446081 4.106990 0.574610
v 0.442138 4.104005 0.596514
v 0.472721 4.099863 0.595150
v 0.478723 4.102712 0.574697
v 0.438626 4.091438 0.614756
v 0.467114 4.088071 0.612213
v 0.498087 4.086964 0.593732
v 0.505737 4.089031 0.574706
v 0.487218 4.080760 0.606719
v 0.411895 4.099078 0.594800
v 0.410952 4.087344 0.611740
v 0.386487 4.085509 0.593059
v 0.392499 4.079526 0.605961
v 0.364422 4.037787 0.595665
v 0.377780 4.039569 0.613985
v 0.382877 4.063410 0.611379
v 0.370413 4.063731 0.594340
v 0.362530 4.035839 0.573856
v 0.367432 4.007936 0.573693
v 0.369267 4.011724 0.594055
v 0.381811 4.015366 0.611180
v 0.434908 4.041605 0.629372
v 0.403042 4.040864 0.625288
v 0.405308 4.014687 0.621767
v 0.434938 4.013473 0.625589
v 0.436176 4.069117 0.625734
v 0.406463 4.066512 0.621924
v 0.468072 4.041724 0.626036
v 0.467024 4.067303 0.622571
v 0.497214 4.041162 0.615187
v 0.494146 4.064869 0.612425
v 0.465880 4.015505 0.622418
v 0.493102 4.016883 0.612232
v 0.517010 4.039860 0.596735
v 0.511573 4.013707 0.595010
v 0.520518 4.010113 0.574263
v 0.503565 3.986583 0.574053
v 0.512683 4.065620 0.595285
v 0.410408 3.971182 0.573613
v 0.383383 3.984834 0.573602
v -0.447050 3.969687 0.551588
v -0.450580 3.982125 0.533238
v -0.421819 3.985498 0.536099
v -0.416321 3.973811 0.553112
v -0.401557 3.992895 0.541830
v -0.390804 3.986753 0.554732
v -0.443071 3.966959 0.573707
v -0.475936 3.972146 0.573861
v -0.477428 3.974716 0.553211
v -0.478511 3.986337 0.536040
v -0.502965 3.988400 0.554882
v -0.497089 3.994298 0.541772
v -0.449821 4.100566 0.552646
v -0.418925 4.095840 0.554083
v -0.423836 4.081329 0.536989
v -0.452730 4.085044 0.534223
v -0.413237 4.101860 0.574463
v -0.385619 4.087451 0.574273
v -0.392863 4.082437 0.555470
v -0.403289 4.074328 0.542535
v -0.480506 4.082108 0.536924
v -0.479998 4.096651 0.554172
v -0.498787 4.075642 0.542467
v -0.504971 4.083941 0.555605
v -0.371664 4.034041 0.552088
v -0.376060 4.008175 0.553396
v -0.394414 4.008852 0.536411
v -0.391222 4.032716 0.533889
v -0.368655 4.063893 0.574060
v -0.377187 4.060316 0.553792
v -0.395441 4.057172 0.536840
v -0.526622 4.038113 0.574460
v -0.521699 4.065958 0.574617
v -0.520258 4.062287 0.553888
v -0.525207 4.036211 0.552145
v -0.507911 4.058753 0.536612
v -0.512088 4.034453 0.533572
v -0.506906 4.010493 0.536189
v -0.519167 4.010240 0.553502
v -0.454244 4.032344 0.518945
v -0.453012 4.004576 0.522367
v -0.483125 4.007277 0.525789
v -0.486587 4.033134 0.522523
v -0.484208 4.059505 0.526304
v -0.454177 4.060735 0.522943
v -0.422846 4.058635 0.526506
v -0.420602 4.032177 0.522788
v -0.421753 4.006377 0.525988
v -0.439294 3.973642 0.595886
v -0.409229 3.977481 0.594190
v -0.408843 3.992163 0.611391
v -0.436367 3.989292 0.614417
v -0.384389 3.990101 0.592549
v -0.390707 3.998514 0.605608
v -0.465027 3.992949 0.611871
v -0.470090 3.978360 0.594550
v -0.485460 3.999838 0.606377
v -0.496042 3.991696 0.593239
v -0.446081 4.106990 0.574610
v -0.478723 4.102711 0.574697
v -0.472721 4.099863 0.595150
v -0.442138 4.104005 0.596514
v -0.467114 4.088071 0.612213
v -0.438626 4.091438 0.614756
v -0.505737 4.089031 0.574706
v -0.498087 4.086963 0.593732
v -0.487218 4.080759 0.606719
v -0.410952 4.087344 0.611740
v -0.411895 4.099078 0.594800
v -0.392499 4.079526 0.605961
v -0.386487 4.085508 0.593059
v -0.364422 4.037787 0.595665
v -0.370413 4.063731 0.594340
v -0.382877 4.063410 0.611379
v -0.377780 4.039569 0.613985
v -0.362530 4.035838 0.573856
v -0.369267 4.011724 0.594055
v -0.367432 4.007936 0.573693
v -0.381811 4.015365 0.611180
v -0.434908 4.041605 0.629372
v -0.434938 4.013473 0.625589
v -0.405308 4.014687 0.621767
v -0.403042 4.040864 0.625288
v -0.406463 4.066512 0.621924
v -0.436176 4.069116 0.625734
v -0.467024 4.067302 0.622571
v -0.468072 4.041724 0.626036
v -0.494146 4.064869 0.612425
v -0.497214 4.041162 0.615187
v -0.465880 4.015505 0.622418
v -0.493102 4.016883 0.612232
v -0.517010 4.039860 0.596735
v -0.511573 4.013707 0.595010
v -0.520518 4.010113 0.574263
v -0.503565 3.986583 0.574053
v -0.512683 4.065619 0.595285
v -0.410408 3.971182 0.573613
v -0.383383 3.984834 0.573602
vn 0.0908 -0.9947 -0.0477
vn -0.0469 -0.9976 -0.0512
vn -0.0697 -0.7324 -0.6773
vn 0.0262 -0.7684 -0.6395
vn -0.0338 0.9993 0.0129
vn -0.0714 0.7699 -0.6341
vn -0.0960 0.7564 -0.6471
vn -0.0874 0.9961 0.0126
vn 0.0369 0.9993 0.0105
vn 0.0022 0.7757 -0.6312
vn 0.0480 0.9976 0.0496
vn 0.0202 0.9984 0.0520
vn -0.0162 0.8081 -0.5888
vn 0.0414 0.8085 -0.5871
vn 0.9983 -0.0158 -0.0562
vn 0.6940 0.0910 -0.7142
vn 0.5374 0.5970 -0.5956
vn 0.7308 0.6817 -0.0351
vn 0.2079 0.1791 -0.9616
vn -0.0675 0.1429 -0.9874
vn 0.2474 0.7240 -0.6439
vn 0.1400 -0.0863 -0.9864
vn -0.3027 -0.0459 -0.9520
vn 0.5668 -0.4262 -0.7051
vn 0.2551 0.9669 -0.0017
vn -0.0868 0.0164 -0.9961
vn -0.0703 0.0095 -0.9975
vn -0.0725 -0.7456 -0.6625
vn -0.0244 -0.7457 -0.6658
vn -0.4269 0.9027 0.0535
vn -0.9521 -0.2992 0.0629
vn -0.3753 0.6875 -0.6217
vn -0.1973 0.7863 -0.5854
vn -0.1866 0.9812 0.0500
vn -0.0141 0.0222 -0.9997
vn 0.0494 -0.7537 -0.6553
vn -0.1178 0.7628 -0.6358
vn -0.0038 0.1529 -0.9882
vn -0.2070 0.7888 -0.5787
vn 0.2902 -0.5036 -0.8138
vn -0.5773 0.8164 0.0119
vn -0.4759 0.6771 -0.5613
vn -0.6014 0.4463 -0.6626
vn -0.8321 0.5545 0.0132
vn -0.3024 0.9531 0.0097
vn -0.1449 -0.9881 -0.0509
vn -0.1065 -0.7228 -0.6828
vn -0.0131 0.0669 -0.9977
vn -0.0730 0.0651 -0.9952
vn -0.0282 -0.0275 -0.9992
vn 0.2246 0.6438 -0.7315
vn -0.2144 -0.7503 -0.6254
vn -0.0964 0.0151 -0.9952
vn -0.0481 0.0032 -0.9988
vn 0.1979 -0.7302 -0.6539
vn -0.0925 0.8074 -0.5828
vn 0.0198 -0.0365 -0.9991
vn 0.3722 -0.6299 -0.6816
vn -0.0022 0.1323 -0.9912
vn -0.0840 0.1067 -0.9907
vn 0.4880 0.1714 -0.8558
vn -0.6947 0.0661 -0.7162
vn -0.0763 0.0990 -0.9922
vn -0.6178 -0.3310 -0.7133
vn -0.2053 0.3010 -0.9313
vn -0.1789 -0.1676 -0.9695
vn -0.4923 -0.6099 -0.6210
vn -0.0869 -0.1985 0.9762
vn -0.0031 -0.2095 0.9778
vn -0.1975 0.6665 0.7189
vn -0.1106 0.7005 0.7051
vn 0.0416 -0.8523 0.5214
vn 0.2221 -0.8183 0.5302
vn -0.0819 -0.1297 0.9882
vn -0.0661 -0.8230 0.5641
vn -0.0304 0.7139 0.6996
vn 0.3352 0.1248 0.9338
vn 0.0430 0.1103 0.9930
vn -0.1839 -0.1551 0.9706
vn 0.2575 -0.2066 0.9439
vn 0.3348 0.7022 0.6283
vn 0.0705 0.7562 0.6505
vn 0.7769 0.0495 0.6277
vn 0.6164 0.5734 0.5397
vn 0.6340 -0.4871 0.6007
vn -0.0166 -0.0060 0.9998
vn -0.0339 -0.0110 0.9994
vn -0.0001 -0.7562 0.6543
vn -0.0323 -0.7623 0.6464
vn -0.0245 0.7520 0.6587
vn -0.0689 0.7392 0.6700
vn -0.0178 -0.1332 0.9909
vn 0.0478 0.7138 0.6987
vn -0.1130 -0.8151 0.5682
vn -0.0464 -0.2587 0.9648
vn -0.2213 -0.8336 0.5061
vn 0.2776 0.4275 0.8603
vn -0.0161 -0.0061 0.9999
vn -0.1147 0.7459 0.6561
vn 0.0408 -0.7624 0.6459
vn -0.0395 0.0885 0.9953
vn 0.2008 -0.5923 0.7803
vn -0.2263 0.7677 0.5995
vn 0.0454 -0.9990 -0.0058
vn 0.3212 -0.9470 -0.0118
vn 0.1032 -0.2421 0.9648
vn -0.3485 0.5571 0.7538
vn 0.4146 -0.7168 0.5606
vn 0.5000 -0.8641 -0.0572
vn 0.7975 -0.6005 -0.0588
vn 0.2787 -0.9590 -0.0509
vn -0.5791 -0.8142 -0.0409
vn -0.3026 -0.9520 -0.0458
vn -0.4905 -0.7122 0.5022
vn -0.6205 -0.4851 0.6162
vn -0.8353 -0.5485 -0.0372
vn -0.9999 0.0079 -0.0112
vn -0.7199 -0.0950 0.6875
vn -0.0630 -0.2158 0.9744
vn 0.4197 -0.2391 0.8756
vn -0.1589 -0.1425 0.9770
vn -0.1065 -0.2349 0.9662
vn -0.6531 0.3114 0.6903
vn -0.2589 0.1899 0.9471
vn -0.5202 0.6175 0.5900
vn -0.1958 -0.3908 0.8994
vn -0.2044 0.9759 0.0769
vn -0.7355 0.6505 0.1895
vn -0.5207 0.4646 0.7163
vn -0.0775 0.6368 0.7671
vn -0.4002 0.6752 -0.6197
vn -0.7778 0.4941 -0.3884
vn 0.0555 0.9983 0.0178
vn -0.1246 0.6929 -0.7101
vn 0.2090 0.6529 0.7281
vn -0.9743 -0.0116 0.2249
vn -0.8707 0.0110 -0.4917
vn -0.5661 -0.0230 0.8240
vn 0.1422 0.9736 0.1784
vn 0.1742 0.9838 0.0421
vn 0.0310 0.9979 0.0560
vn 0.0190 0.9779 0.2081
vn 0.4769 0.8434 0.2476
vn 0.4914 0.8706 0.0254
vn 0.0995 0.8264 0.5543
vn 0.2829 0.7979 0.5323
vn -0.0323 0.8235 0.5664
vn 0.2452 0.9691 -0.0272
vn 0.4082 0.6354 0.6555
vn 0.0873 0.6740 -0.7335
vn 0.7161 0.6826 -0.1456
vn 0.4317 0.5476 -0.7168
vn 0.7083 0.5149 0.4830
vn 0.0540 0.4622 0.8851
vn -0.0856 0.4797 0.8733
vn 0.4571 0.4457 0.7697
vn -0.8340 0.3860 0.3943
vn -0.5078 0.8177 0.2711
vn -0.5284 0.8486 0.0267
vn -0.8932 0.4372 0.1050
vn -0.5197 0.3797 0.7653
vn -0.3254 0.7449 0.5824
vn 0.2569 0.9660 -0.0301
vn 0.0133 0.9995 0.0277
vn 0.1758 0.6521 0.7375
vn 0.4386 0.6316 0.6392
vn 0.1217 0.6698 -0.7325
vn -0.1588 0.6922 -0.7040
vn 0.7545 0.6377 -0.1554
vn 0.5614 0.4832 -0.6719
vn 0.8043 0.4547 0.3827
vn 0.4389 -0.0209 0.8983
vn 0.8816 -0.0084 0.4720
vn -0.0015 0.0270 -0.9996
vn -0.2261 0.0243 -0.9738
vn 0.9743 0.0132 -0.2248
vn -0.2382 0.9675 0.0844
vn -0.7531 0.6290 0.1931
vn -0.5585 0.4426 0.7016
vn -0.1094 0.6298 0.7690
vn -0.4298 0.6678 -0.6077
vn -0.8055 0.4709 -0.3598
vn -0.8058 0.4220 -0.4155
vn -0.5724 0.4590 -0.6794
vn -0.6269 0.0504 -0.7774
vn -0.8793 0.0733 -0.4706
vn -0.4807 0.8076 -0.3417
vn -0.3791 0.7826 -0.4938
vn -0.8726 0.4424 -0.2069
vn -0.5151 0.8398 -0.1715
vn 0.0950 0.9796 -0.1772
vn 0.0595 0.8832 -0.4653
vn -0.0708 0.8699 -0.4881
vn -0.0106 0.9660 -0.2583
vn 0.4706 0.8630 -0.1838
vn 0.3346 0.8704 -0.3612
vn 0.1629 0.9824 -0.0917
vn 0.4845 0.8739 -0.0392
vn 0.0139 0.9891 -0.1466
vn -0.2123 0.9769 0.0241
vn -0.7552 0.6528 0.0594
vn -0.6260 0.4766 0.6172
vn -0.1958 0.6509 0.7335
vn -0.2969 0.6629 -0.6873
vn -0.7065 0.4859 -0.5146
vn 0.0538 0.9985 0.0056
vn -0.0107 0.6793 -0.7338
vn 0.0938 0.6667 0.7394
vn 0.2527 -0.0053 0.9675
vn 0.3022 0.6481 0.6990
vn 0.0857 -0.0063 0.9963
vn 0.7439 -0.0069 0.6682
vn 0.6254 0.5246 0.5776
vn 0.2481 0.9687 -0.0085
vn 0.2018 0.6602 -0.7235
vn 0.7311 0.6808 -0.0456
vn 0.5388 0.5349 -0.6508
vn 0.2600 0.9656 -0.0094
vn 0.0105 0.9999 0.0087
vn 0.0594 0.6660 0.7435
vn 0.3347 0.6441 0.6878
vn 0.2355 0.6561 -0.7170
vn -0.0454 0.6786 -0.7331
vn 0.7704 0.6358 -0.0486
vn 0.6597 0.4716 -0.5851
vn 0.7358 0.4627 0.4945
vn 0.2929 -0.0050 0.9561
vn 0.7970 0.0009 0.6039
vn 0.9975 0.0107 -0.0704
vn -0.9975 -0.0107 0.0704
vn -0.7731 0.6313 0.0605
vn -0.7384 0.4631 -0.4902
vn -0.7970 -0.0010 -0.6039
vn -0.7040 -0.0113 0.7101
vn -0.6610 0.4543 0.5972
vn -0.2929 0.0050 -0.9561
vn -0.3280 0.6557 -0.6800
vn -0.0708 0.0076 -0.9975
vn -0.1550 -0.0100 0.9879
vn -0.2277 0.6439 0.7305
vn -0.2469 0.9687 0.0264
vn -0.2120 0.9769 -0.0285
vn -0.7543 0.6527 -0.0704
vn -0.7132 0.4867 0.5044
vn -0.3059 0.6640 0.6823
vn -0.1861 0.6498 -0.7370
vn -0.6177 0.4757 -0.6262
vn 0.0539 0.9985 -0.0066
vn 0.1035 0.6656 -0.7391
vn -0.0204 0.6804 0.7325
vn 0.9965 0.0018 0.0836
vn 0.7527 -0.0079 -0.6584
vn 0.6329 0.5238 -0.5702
vn 0.7304 0.6809 0.0540
vn 0.5302 0.5359 0.6570
vn 0.6322 0.0058 0.7748
vn 0.2480 0.9687 0.0101
vn 0.1922 0.6614 0.7250
vn 0.3114 0.6470 -0.6960
vn 0.2599 0.9656 0.0112
vn 0.0107 0.9999 -0.0103
vn -0.0550 0.6798 0.7313
vn 0.2261 0.6572 0.7190
vn 0.3438 0.6430 -0.6843
vn 0.0692 0.6649 -0.7437
vn 0.7697 0.6358 0.0577
vn 0.7422 0.4619 -0.4856
vn 0.6520 0.4725 0.5930
vn 0.9965 0.0108 0.0835
vn 0.8049 0.0001 -0.5934
vn 0.6946 0.0123 0.7193
vn -0.1420 -0.0114 -0.9898
vn -0.6946 -0.0123 -0.7192
vn -0.6531 0.4534 -0.6066
vn -0.2180 0.6427 -0.7344
vn -0.3055 0.0064 0.9522
vn -0.3370 0.6568 0.6746
vn -0.7448 0.4639 0.4797
vn -0.8049 -0.0001 0.5934
vn -0.0840 0.0090 0.9964
vn -0.2465 0.9686 -0.0313
vn -0.7723 0.6312 -0.0717
vn -0.2015 0.9755 -0.0882
vn -0.7284 0.6497 -0.2176
vn -0.7907 0.4956 0.3593
vn -0.4214 0.6777 0.6026
vn -0.0509 0.6337 -0.7719
vn -0.4955 0.4617 -0.7357
vn 0.0562 0.9982 -0.0205
vn 0.2340 0.6499 -0.7231
vn -0.1491 0.6959 0.7025
vn -0.0778 0.0305 0.9965
vn 0.4849 0.0224 0.8743
vn 0.4069 0.5505 0.7290
vn 0.0620 0.6771 0.7333
vn 0.2442 0.9692 0.0312
vn 0.4305 0.6327 -0.6437
vn 0.7108 0.6833 0.1671
vn 0.7244 0.5130 -0.4606
vn 0.2557 0.9661 0.0345
vn 0.0143 0.9994 -0.0318
vn -0.1831 0.6951 0.6952
vn 0.0964 0.6728 0.7335
vn 0.4603 0.6290 -0.6264
vn 0.2011 0.6490 -0.7337
vn 0.7488 0.6384 0.1784
vn 0.8169 0.4532 -0.3568
vn 0.5380 0.4859 0.6888
vn 0.0558 -0.0297 -0.9980
vn -0.5373 -0.0262 -0.8430
vn 0.2740 -0.0266 -0.9614
vn -0.2351 0.9671 -0.0969
vn -0.7459 0.6282 -0.2216
vn -0.8174 0.4722 0.3298
vn -0.4506 0.6702 0.5897
vn -0.0827 0.6266 -0.7749
vn -0.5339 0.4398 -0.7222
vn 0.0007 1.0000 -0.0039
vn 0.0016 0.8062 -0.5916
vn -0.4916 0.6406 -0.5899
vn -0.6871 0.7169 -0.1180
vn 0.6887 0.7159 -0.1149
vn 0.4946 0.6400 -0.5880
vn 0.0002 0.9575 0.2884
vn 0.7270 0.6549 0.2063
vn -0.7268 0.6563 0.2027
vn 0.0016 0.2911 -0.9567
vn -0.6264 0.2227 -0.7470
vn 0.9736 -0.0665 0.2183
vn 0.9998 -0.0052 0.0212
vn 0.6984 0.5572 0.4492
vn 0.5606 0.2966 0.7731
vn 0.6741 -0.2155 0.7065
vn -0.9747 -0.0646 0.2138
vn -0.6772 -0.2144 0.7039
vn -0.5630 0.2977 0.7710
vn -0.6993 0.5586 0.4460
vn -0.0002 0.8618 0.5073
vn -0.0013 0.4139 0.9103
vn -0.0003 0.8550 0.5187
vn 0.0003 0.9715 0.2369
vn -0.7276 0.6669 0.1607
vn -0.6895 0.5441 0.4781
vn 0.6884 0.5428 0.4811
vn 0.7281 0.6655 0.1643
vn -0.0014 0.3511 0.9363
vn 0.4773 0.1943 0.8570
vn -0.4800 0.1952 0.8553
vn -0.9634 -0.0770 0.2569
vn -1.0000 0.0010 -0.0025
vn -0.6104 -0.2243 0.7596
vn -0.0016 -0.2908 0.9568
vn 0.0016 0.2908 -0.9568
vn -0.6072 0.2253 -0.7619
vn -0.4677 0.6262 -0.6238
vn 0.0016 0.7885 -0.6150
vn 0.9693 0.0720 -0.2353
vn 0.0007 0.9991 -0.0429
vn -0.6804 0.7169 -0.1523
vn 0.6821 0.7158 -0.1493
vn 0.4708 0.6257 -0.6220
vn -0.8942 0.4448 -0.0510
vn -0.5269 0.8464 -0.0773
vn 0.1817 0.9833 -0.0103
vn 0.0227 0.9991 -0.0359
vn 0.4929 0.8701 -0.0016
vn -0.1496 0.9864 -0.0674
vn -0.1500 0.9766 -0.1542
vn -0.1340 0.9907 0.0255
vn -0.1426 0.9500 -0.2777
vn -0.1844 0.8326 -0.5222
vn -0.2047 0.4184 0.8849
vn -0.1650 0.7930 0.5865
vn -0.1270 0.9707 0.2041
vn 0.0003 -0.8550 -0.5187
vn 0.6895 -0.5441 -0.4781
vn 0.7276 -0.6669 -0.1607
vn -0.0003 -0.9715 -0.2369
vn -0.7281 -0.6655 -0.1643
vn -0.6884 -0.5428 -0.4811
vn -0.4773 -0.1943 -0.8570
vn 0.0013 -0.3511 -0.9363
vn 0.4800 -0.1952 -0.8553
vn -0.9680 0.0739 -0.2397
vn -0.6933 -0.5485 -0.4674
vn -0.7290 -0.6645 -0.1646
vn -0.9999 -0.0032 0.0163
vn -0.0007 -0.9991 0.0429
vn 0.6804 -0.7169 0.1523
vn 0.4677 -0.6262 0.6238
vn -0.0016 -0.7885 0.6150
vn -0.4708 -0.6256 0.6220
vn -0.6821 -0.7158 0.1493
vn -0.2661 0.5433 -0.7962
vn -0.3251 0.1021 -0.9401
vn -0.1118 0.6128 -0.7823
vn -0.1078 0.1443 -0.9836
vn -0.0006 -0.9993 -0.0368
vn 0.6966 -0.7134 0.0768
vn 0.5581 -0.6768 0.4801
vn -0.0015 -0.8482 0.5297
vn -0.5609 -0.6761 0.4778
vn -0.6981 -0.7122 0.0736
vn -0.0002 -0.9689 -0.2473
vn 0.7285 -0.6658 -0.1609
vn 0.8623 0.5064 0.0018
vn 0.8723 0.4862 -0.0531
vn 0.9918 0.1278 0.0049
vn 0.9905 0.0983 -0.0964
vn 0.8734 0.4813 0.0735
vn 0.8731 0.4182 -0.2505
vn 0.5979 0.4451 -0.6666
vn 0.0990 0.5318 -0.8411
vn 0.1572 0.0506 -0.9863
vn 0.6333 -0.0632 -0.7713
vn 0.8229 0.4264 0.3755
vn 0.0003 -0.8594 -0.5113
vn 0.6943 -0.5499 -0.4643
vn -0.4993 -0.2203 -0.8379
vn 0.0013 -0.3696 -0.9292
vn 0.5020 -0.2213 -0.8361
vn -0.0000 -0.9994 -0.0358
vn -0.2914 -0.9530 -0.0827
vn -0.1948 -0.9613 -0.1948
vn -0.0000 -0.9501 -0.3121
vn -0.9861 0.0582 -0.1555
vn -0.7137 0.0317 -0.6997
vn -0.7114 0.0318 -0.7021
vn -0.9857 0.0562 -0.1587
vn -0.9961 0.0416 -0.0776
vn -0.7138 -0.0032 -0.7003
vn -0.9769 0.2081 0.0477
vn -0.7553 0.5784 0.3081
vn -0.9983 0.0575 -0.0000
vn -0.9718 0.2359 -0.0000
vn -0.9989 -0.0469 -0.0000
vn -0.7130 -0.0269 0.7007
vn -0.6797 0.2830 0.6767
vn -0.6797 0.2830 -0.6767
vn -0.7130 -0.0269 -0.7007
vn -0.6401 0.7683 -0.0000
vn -0.4966 0.7119 -0.4966
vn -0.4966 0.7119 0.4966
vn -0.0000 0.2826 0.9592
vn -0.6502 0.3531 0.6727
vn -0.6945 0.0312 0.7188
vn -0.0000 0.0029 1.0000
vn -0.9298 0.3278 0.1674
vn -0.9837 0.0561 0.1708
vn -0.5618 0.8016 0.2045
vn -0.4332 0.7813 0.4493
vn -0.9979 -0.0651 -0.0000
vn -0.7616 0.2059 0.6145
vn -0.7141 -0.0359 -0.6991
vn -0.0000 -0.0022 -1.0000
vn -0.0000 -0.0000 -1.0000
vn -0.8655 -0.4758 0.1568
vn -0.8687 -0.4953 -0.0000
vn -0.2732 -0.9619 -0.0000
vn -0.2925 -0.9520 0.0897
vn -0.6052 -0.4944 0.6240
vn -0.1918 -0.9582 0.2122
vn -0.0000 -0.4744 0.8803
vn -0.0000 0.0021 -1.0000
vn -0.0000 0.0031 -1.0000
vn -0.8664 -0.4774 -0.1464
vn -0.6165 -0.4985 -0.6095
vn -0.0000 1.0000 -0.0000
vn 0.7298 0.6836 -0.0000
vn 0.5717 0.4990 -0.6513
vn -0.0000 0.6604 -0.7509
vn -0.0000 0.6604 0.7509
vn 0.5717 0.4990 0.6513
vn 0.9893 0.1459 -0.0000
vn 0.9997 -0.0258 -0.0000
vn 0.6750 -0.0255 -0.7373
vn 0.6705 0.1639 -0.7236
vn 0.6705 0.1639 0.7236
vn 0.6750 -0.0255 0.7373
vn -0.0000 0.1278 0.9918
vn -0.0000 -0.0224 0.9997
vn -0.0000 0.1278 -0.9918
vn -0.0000 -0.0224 -0.9997
vn -0.6438 0.2089 -0.7361
vn 0.0528 0.2110 -0.9761
vn 0.0713 -0.1315 -0.9887
vn -0.5669 -0.1258 -0.8141
vn -0.6569 0.4709 -0.5888
vn -0.0557 0.5139 -0.8561
vn 0.0302 0.2111 -0.9770
vn -0.6613 0.2067 -0.7211
vn -0.0494 -0.5732 0.8179
vn 0.5887 -0.4639 0.6620
vn 0.6489 -0.1617 0.7435
vn -0.0586 -0.2752 0.9596
vn -0.7496 0.0820 -0.6568
vn -0.0845 0.1440 -0.9860
vn -0.0562 -0.1711 -0.9836
vn -0.6496 -0.2595 -0.7146
vn -0.7227 0.3647 -0.5871
vn -0.1355 0.4574 -0.8789
vn -0.0804 0.1436 -0.9864
vn -0.7469 0.0819 -0.6598
vn -0.9101 -0.4031 0.0962
vn -0.5127 -0.5097 0.6909
vn -0.5668 -0.1134 0.8160
vn -0.9853 -0.0124 0.1705
vn 0.1559 -0.4725 0.8675
vn 0.7319 -0.3888 0.5596
vn 0.7497 -0.1030 0.6538
vn 0.0844 -0.1459 0.9857
vn -0.8649 0.0853 -0.4947
vn -0.2688 0.1453 -0.9522
vn -0.2234 -0.1730 -0.9592
vn -0.7662 -0.2612 -0.5871
vn -0.8347 0.3427 -0.4312
vn -0.3177 0.4474 -0.8360
vn -0.2674 0.1450 -0.9526
vn -0.8641 0.0849 -0.4961
vn -0.5878 0.8070 -0.0573
vn -0.2924 0.7659 0.5726
vn 0.3429 0.8857 0.3131
vn 0.0299 0.9429 -0.3318
vn 0.3220 -0.4757 0.8185
vn 0.8373 -0.3679 0.4045
vn 0.8649 -0.0859 0.4946
vn 0.2676 -0.1434 0.9528
vn -0.0349 -0.2774 0.9601
vn 0.6651 -0.1598 0.7294
vn 0.5864 0.2046 0.7838
vn -0.0402 0.0686 0.9968
vn 0.9370 -0.2612 -0.2319
vn 0.9853 0.0074 -0.1705
vn 0.0803 -0.1455 0.9861
vn 0.7470 -0.1029 0.6568
vn 0.6499 0.2562 0.7155
vn 0.0349 0.1944 0.9803
vn 0.9544 -0.2845 -0.0907
vn 0.9998 -0.0104 -0.0196
vn -0.6782 -0.1239 0.7244
vn -0.6130 -0.4982 0.6132
vn 0.2660 -0.1430 0.9533
vn 0.8641 -0.0856 0.4960
vn 0.7595 0.2895 0.5825
vn 0.1970 0.2105 0.9575
vn -0.7600 -0.1841 0.6233
vn -0.7271 -0.5018 0.4685
vn 0.3365 0.9103 0.2413
vn -0.2427 0.7686 0.5918
vn 0.9875 0.0076 -0.1573
vn 0.9005 0.4132 -0.1351
vn -0.1871 -0.9540 0.2340
vn 0.9181 0.3758 0.1264
vn 0.3371 0.8377 0.4297
vn 0.2754 -0.7420 -0.6112
vn 0.6686 -0.1957 -0.7174
vn -0.6893 0.1920 0.6985
vn 0.8664 -0.4774 -0.1464
vn 0.2914 -0.9530 -0.0827
vn 0.1948 -0.9613 -0.1948
vn 0.6165 -0.4985 -0.6095
vn 0.7114 0.0318 -0.7021
vn 0.9857 0.0562 -0.1587
vn 0.9983 0.0575 -0.0000
vn 0.8687 -0.4954 -0.0000
vn 0.1978 -0.7340 -0.6497
vn 0.5661 -0.1797 -0.8045
vn -0.6394 0.7682 0.0322
vn -0.9472 0.2472 0.2040
vn -0.5891 0.1904 0.7853
vn 0.2732 -0.9619 -0.0000
vn -0.9946 0.0299 -0.0997
vn -0.9947 0.0330 -0.0970
vn 0.9948 -0.0206 0.1000
vn 0.9946 -0.0176 0.1024
vn -0.9996 -0.0253 0.0142
vn -0.9996 -0.0258 0.0065
vn -0.5795 -0.1134 0.8070
vn 0.5776 0.1096 -0.8089
vn 0.5666 0.1097 -0.8167
vn 0.0511 -0.9695 0.2396
vn 0.6081 -0.7867 -0.1062
vn 0.9298 0.3278 0.1674
vn 0.5618 0.8016 0.2045
vn 0.4332 0.7813 0.4493
vn 0.6502 0.3531 0.6727
vn 0.6945 0.0312 0.7188
vn 0.9837 0.0561 0.1707
vn -0.6836 -0.1233 0.7193
vn -0.3304 0.7257 0.6035
vn -0.0157 -0.9624 0.2713
vn 0.5836 -0.8120 0.0063
vn -0.7406 0.1324 0.6588
vn -0.7586 -0.1886 0.6236
vn -0.3389 -0.8682 -0.3625
vn -0.9637 0.2594 0.0636
vn 0.9769 0.2081 0.0477
vn 0.7553 0.5784 0.3081
vn 0.4578 -0.8882 0.0384
vn 0.9999 -0.0098 -0.0126
vn 0.9241 0.3819 0.0151
vn 0.6202 0.4677 -0.6297
vn 0.6831 0.0973 -0.7238
vn 0.9979 -0.0651 -0.0000
vn 0.7141 -0.0359 -0.6991
vn 0.7130 -0.0269 -0.7007
vn 0.9989 -0.0469 -0.0000
vn -0.9878 -0.0125 0.1552
vn 0.7130 -0.0269 0.7007
vn 0.7616 0.2059 0.6145
vn 0.9961 0.0416 -0.0776
vn -0.0869 0.9406 -0.3282
vn 0.7138 -0.0032 -0.7003
vn -0.0000 0.3838 0.9234
vn -0.0000 -0.0031 1.0000
vn 0.9430 -0.3309 0.0342
vn -0.0000 0.9164 0.4002
vn -0.0000 -0.9993 0.0384
vn 0.2925 -0.9520 0.0897
vn 0.1918 -0.9582 0.2122
vn -0.0000 -0.9442 0.3295
vn 0.2101 -0.9642 0.1615
vn 0.1093 -0.9873 0.1152
vn 0.0673 -0.9945 -0.0804
vn 0.1486 -0.9880 -0.0423
vn 0.3284 -0.8719 0.3633
vn 0.2143 -0.9254 0.3125
vn 0.4053 -0.8795 0.2495
vn 0.4368 -0.8098 0.3916
vn 0.3380 -0.9407 0.0287
vn 0.0594 -0.9721 -0.2270
vn -0.0067 -0.9531 -0.3026
vn 0.2363 -0.9442 -0.2293
vn -0.0477 -0.9047 -0.4234
vn 0.1084 -0.9190 -0.3790
vn -0.1262 -0.8753 -0.4668
vn 0.2491 0.9570 -0.1490
vn 0.1436 0.9775 -0.1545
vn 0.1441 0.9896 0.0049
vn 0.2478 0.9688 0.0097
vn 0.2691 0.8969 -0.3511
vn 0.1595 0.9112 -0.3799
vn 0.4106 0.8992 -0.1509
vn 0.3790 0.8695 -0.3168
vn 0.4230 0.9060 0.0149
vn 0.2505 0.9547 0.1605
vn 0.1586 0.9743 0.1598
vn 0.4127 0.8946 0.1711
vn 0.2719 0.8940 0.3562
vn 0.3847 0.8637 0.3257
vn 0.1894 0.9076 0.3748
vn 0.3588 0.7124 0.6031
vn 0.2355 0.7250 0.6472
vn 0.2860 0.4733 0.8332
vn 0.4582 0.4550 0.7635
vn 0.5466 0.6889 0.4761
vn 0.6608 0.4613 0.5921
vn 0.4673 0.3171 0.8253
vn 0.3420 0.3037 0.8893
vn 0.7031 0.3403 0.6244
vn 0.3683 -0.1144 0.9226
vn 0.5600 -0.0315 0.8279
vn 0.3885 -0.1424 0.9104
vn 0.8673 0.3136 0.3866
vn 0.9137 0.4036 0.0480
vn 0.8136 0.5802 0.0368
vn 0.7718 0.5576 0.3057
vn 0.8898 0.2424 0.3867
vn 0.9661 0.2514 0.0583
vn 0.6433 0.7242 0.2482
vn 0.6563 0.7540 0.0278
vn 0.6176 0.7590 -0.2062
vn 0.7847 0.5591 -0.2678
vn 0.5084 0.7320 -0.4535
vn 0.6362 0.4963 -0.5908
vn 0.8756 0.3607 -0.3213
vn 0.6718 0.2966 -0.6787
vn 0.9049 0.2245 -0.3615
vn 0.6935 0.1505 -0.7046
vn -0.0945 -0.7961 -0.5978
vn -0.1934 -0.7813 -0.5934
vn -0.1879 -0.7205 -0.6675
vn -0.0398 -0.6834 -0.7290
vn 0.1918 -0.8330 -0.5189
vn 0.3658 -0.6371 -0.6784
vn 0.0837 -0.6261 -0.7752
vn -0.1122 -0.7261 -0.6783
vn 0.5218 -0.4929 -0.6963
vn 0.1931 -0.6462 -0.7383
vn 0.5915 -0.4089 -0.6950
vn 0.0032 -0.7796 -0.6263
vn 0.3682 -0.1186 -0.9222
vn 0.1628 -0.1204 -0.9793
vn 0.1634 -0.0664 -0.9843
vn 0.3694 -0.0655 -0.9269
vn 0.3650 -0.1760 -0.9142
vn 0.1612 -0.1794 -0.9705
vn 0.6809 -0.1207 -0.7224
vn 0.6748 -0.1786 -0.7161
vn 0.6840 -0.0690 -0.7262
vn 0.3750 -0.0003 -0.9270
vn 0.1633 -0.0271 -0.9862
vn 0.6913 0.0213 -0.7223
vn 0.3810 0.1192 -0.9169
vn 0.1813 0.0131 -0.9833
vn 0.7260 -0.6261 0.2843
vn 0.8789 -0.4766 0.0165
vn 0.8477 -0.5303 0.0110
vn 0.7794 -0.5650 0.2706
vn 0.8348 -0.4342 0.3386
vn 0.8756 -0.4811 0.0422
vn 0.5761 -0.4627 0.6738
vn 0.6083 -0.2679 0.7471
vn 0.5608 -0.3083 0.7684
vn 0.8754 -0.3917 0.2835
vn 0.8881 -0.4595 0.0123
vn 0.6099 -0.2856 0.7392
vn 0.9245 -0.2385 0.2974
vn 0.6216 -0.2448 0.7441
vn 0.9582 -0.2857 -0.0177
vn 0.8499 -0.3780 -0.3671
vn 0.8569 -0.3932 -0.3332
vn 0.8900 -0.2336 -0.3916
vn 0.6511 -0.3270 -0.6850
vn 0.6182 -0.4585 -0.6385
vn 0.7963 -0.5128 -0.3209
vn 0.5862 -0.4941 -0.6420
vn 0.7876 -0.5326 -0.3098
vn 0.6832 -0.2791 -0.6748
vn 0.6914 -0.2494 0.6781
vn 0.5699 -0.4047 0.7151
vn 0.5601 -0.4913 0.6670
vn 0.6264 -0.5027 0.5957
vn 0.7786 -0.1736 0.6030
vn 0.8174 -0.1402 0.5587
vn 0.7203 0.0716 0.6900
vn 0.7939 0.1984 0.5748
vn 0.5878 0.8054 -0.0768
vn 0.7058 0.5618 0.4316
vn 0.6306 0.6164 0.4715
vn 0.6215 0.7395 0.2586
vn 0.5491 0.7292 0.4084
vn 0.5811 0.6713 0.4601
vn -0.1804 0.7034 -0.6875
vn 0.4638 0.7453 0.4791
vn 0.8820 0.3922 0.2612
vn 0.8325 0.4994 -0.2400
vn 0.6960 0.6774 -0.2381
vn 0.7778 0.5730 0.2580
vn 0.9119 -0.1312 0.3889
vn 0.9988 -0.0309 0.0380
vn 0.9959 0.0873 0.0242
vn 0.9196 -0.0589 0.3883
vn 0.8997 -0.1915 0.3922
vn 0.9800 -0.1916 0.0545
vn 0.8340 0.1966 0.5156
vn 0.8323 -0.1662 0.5288
vn 0.9179 0.1603 0.3629
vn 0.9810 0.1936 0.0105
vn 0.9208 0.2584 0.2921
vn 0.9391 0.3437 0.0043
vn 0.9335 0.0186 -0.3581
vn 0.9272 -0.0471 -0.3715
vn 0.9026 0.2518 -0.3490
vn 0.7344 -0.0231 -0.6783
vn 0.7458 0.0710 -0.6623
vn 0.7147 -0.1189 -0.6893
vn 0.9218 -0.0692 -0.3815
vn 0.6707 -0.2519 -0.6976
vn 0.8899 -0.2475 -0.3831
vn 0.4985 0.2080 -0.8416
vn 0.2252 0.3040 -0.9257
vn 0.1876 0.3260 -0.9266
vn 0.4398 0.2917 -0.8494
vn 0.5225 0.0076 -0.8526
vn 0.2583 0.0052 -0.9660
vn 0.7515 0.1271 -0.6474
vn 0.7304 0.1335 -0.6699
vn 0.4443 0.1460 -0.8839
vn 0.2199 0.1434 -0.9649
vn 0.7246 0.0343 -0.6884
vn 0.4449 -0.0082 -0.8955
vn 0.2218 -0.0006 -0.9751
vn 0.3758 -0.3621 -0.8530
vn 0.2206 -0.1357 -0.9659
vn 0.1909 -0.2216 -0.9563
vn 0.3377 -0.4659 -0.8179
vn 0.3612 -0.2754 -0.8909
vn 0.1638 -0.2195 -0.9618
vn 0.5115 0.0904 0.8545
vn 0.5158 0.2085 0.8309
vn 0.5313 0.2571 0.8073
vn 0.4403 0.0633 0.8956
vn 0.4653 0.3285 0.8219
vn 0.7442 0.0380 0.6669
vn 0.7406 0.3015 0.6005
vn 0.5989 0.4418 0.6680
vn 0.3612 0.7932 0.4902
vn 0.8009 0.1209 0.5865
vn 0.9068 0.2741 0.3202
vn 0.9094 0.4155 0.0189
vn 0.9992 0.0358 0.0194
vn 0.9055 0.2719 0.3257
vn 0.9283 -0.0092 0.3718
vn 0.8843 -0.4657 0.0328
vn 0.9041 -0.2564 -0.3420
vn 0.9358 0.0799 -0.3433
vn 0.8855 0.3138 -0.3428
vn 0.6113 -0.7042 0.3610
vn 0.5851 -0.8075 0.0750
vn 0.8014 -0.5912 0.0909
vn 0.7382 -0.5252 0.4234
vn 0.5688 -0.6559 0.4962
vn 0.6645 -0.5002 0.5552
vn 0.8279 -0.3772 0.4151
vn 0.9227 -0.3773 0.0787
vn 0.7493 -0.3824 0.5406
vn 0.8395 -0.4009 -0.3668
vn 0.7224 -0.6061 -0.3327
vn 0.4829 -0.8355 -0.2622
vn 0.4623 -0.7301 0.5032
vn 0.5611 -0.5837 0.5870
vn 0.4067 -0.6757 0.6148
vn 0.3365 -0.8107 0.4791
vn 0.3083 -0.5977 -0.7401
vn 0.0671 -0.7893 -0.6104
vn 0.1486 -0.6538 -0.7419
vn 0.4237 -0.4038 -0.8108
vn 0.4962 -0.1806 -0.8492
vn 0.2249 -0.3475 -0.9103
vn 0.3981 0.2045 -0.8943
vn 0.2120 0.0930 -0.9728
vn 0.2266 0.3932 -0.8911
vn 0.4193 0.4304 -0.7993
vn 0.3415 0.7246 -0.5986
vn 0.1951 0.7177 -0.6685
vn 0.9456 -0.1224 0.3013
vn 0.9918 -0.1261 -0.0184
vn 0.9995 -0.0290 -0.0076
vn 0.9499 0.0065 0.3124
vn 0.6650 -0.2037 0.7185
vn 0.6811 -0.1390 0.7189
vn 0.9227 0.1759 0.3430
vn 0.9937 0.1114 0.0102
vn 0.6549 0.0020 0.7557
vn 0.9173 0.0826 -0.3896
vn 0.9144 -0.0688 -0.3990
vn 0.9076 -0.1254 -0.4006
vn 0.9451 0.2011 0.2575
vn 0.9227 0.3120 -0.2263
vn 0.3197 0.2758 0.9065
vn 0.3510 0.0696 0.9338
vn 0.7629 -0.2923 0.5767
vn 0.7270 -0.1429 0.6716
vn 0.9773 -0.0172 0.2112
vn 0.9064 -0.1710 0.3863
vn 0.4961 0.5519 0.6703
vn 0.6376 0.6952 0.3319
vn 0.5692 0.7250 0.3879
vn 0.8128 0.3551 0.4618
vn 0.7507 0.4793 0.4546
vn 0.0394 0.7243 -0.6884
vn 0.0689 0.3725 -0.9255
vn -0.0000 0.3851 -0.9229
vn -0.0000 0.7344 -0.6787
vn 0.0076 0.9217 -0.3878
vn -0.0000 0.9280 -0.3726
vn 0.0970 0.0943 -0.9908
vn -0.0000 0.1237 -0.9923
vn 0.1175 -0.0012 -0.9931
vn -0.0000 0.0035 -1.0000
vn 0.0503 -0.4431 -0.8950
vn 0.0169 -0.7410 -0.6713
vn -0.0000 -0.7439 -0.6682
vn -0.0000 -0.4192 -0.9079
vn 0.0700 -0.0585 -0.9958
vn -0.0000 -0.0596 -0.9982
vn -0.0205 -0.8150 -0.5792
vn -0.0000 -0.8326 -0.5538
vn -0.0489 -0.8143 -0.5783
vn -0.0000 -0.8264 -0.5630
vn 0.1791 -0.8456 0.5028
vn 0.2153 -0.7062 0.6745
vn -0.0000 -0.7119 0.7022
vn -0.0000 -0.8561 0.5169
vn 0.1063 -0.9508 0.2910
vn -0.0000 -0.9580 0.2867
vn 0.4922 -0.2634 0.8297
vn 0.4795 -0.0549 0.8758
vn 0.9502 0.0306 0.3101
vn 0.9842 0.1369 -0.1119
vn 0.5019 0.6974 0.5116
vn 0.5256 0.6992 0.4847
vn 0.1851 0.3811 0.9058
vn 0.1513 0.3583 0.9212
vn 0.1142 -0.2202 -0.9687
vn 0.1153 -0.2086 -0.9712
vn -0.0000 -0.2051 -0.9787
vn -0.0000 -0.2167 -0.9762
vn 0.1144 -0.1830 -0.9764
vn -0.0000 -0.1804 -0.9836
vn 0.1176 -0.1368 -0.9836
vn -0.0000 -0.1328 -0.9911
vn 0.1192 0.0001 -0.9929
vn -0.0000 0.0007 -1.0000
vn 0.1168 0.1451 -0.9825
vn 0.0983 0.2762 -0.9560
vn -0.0000 0.2234 -0.9747
vn -0.0000 0.1424 -0.9898
vn 0.0730 0.2281 -0.9709
vn -0.0000 0.1607 -0.9870
vn 0.2366 -0.5097 0.8271
vn -0.0000 -0.5241 0.8516
vn -0.0000 -0.6654 0.7465
vn 0.2237 -0.6106 0.7597
vn 0.4546 0.0105 0.8906
vn 0.6531 0.0442 0.7560
vn 0.3585 -0.5599 0.7470
vn 0.3632 -0.5091 0.7803
vn 0.1171 -0.0277 -0.9927
vn 0.1163 -0.0678 -0.9909
vn -0.0000 -0.0670 -0.9978
vn -0.0000 -0.0273 -0.9996
vn 0.1153 -0.1229 -0.9857
vn -0.0000 -0.1216 -0.9926
vn -0.0839 -0.7939 -0.6022
vn -0.1140 -0.7737 -0.6232
vn -0.0000 -0.7950 -0.6066
vn -0.0000 -0.8007 -0.5990
vn -0.1248 -0.8041 -0.5813
vn -0.0000 -0.8192 -0.5735
vn -0.0876 -0.8522 -0.5158
vn -0.0000 -0.8449 -0.5349
vn 0.1707 0.4645 0.8689
vn -0.0000 0.4724 0.8814
vn -0.0000 0.3751 0.9270
vn 0.1254 0.7298 0.6721
vn -0.0000 0.7298 0.6837
vn 0.0921 0.9168 0.3887
vn -0.0000 0.9193 0.3936
vn 0.0681 0.9850 0.1585
vn 0.0559 0.9984 -0.0021
vn -0.0000 1.0000 -0.0097
vn -0.0000 0.9875 0.1578
vn 0.0135 0.9879 -0.1546
vn -0.0000 0.9882 -0.1534
vn -0.0155 -0.9327 -0.3604
vn 0.0237 -0.9951 -0.0959
vn -0.0000 -0.9951 -0.0988
vn -0.0000 -0.9289 -0.3703
vn 0.0435 -0.9943 0.0974
vn -0.0000 -0.9957 0.0929
vn 0.4679 -0.4573 0.7563
vn 0.4552 -0.5141 0.7270
vn 0.8406 0.1730 0.5132
vn 0.5606 0.6878 0.4612
vn 0.3665 0.0218 0.9301
vn 0.6354 0.6284 0.4488
vn 0.0221 0.6742 -0.7382
vn 0.1392 -0.9266 0.3492
vn -0.0000 -0.9286 0.3712
vn 0.2371 -0.9180 0.3179
vn -0.0032 -0.9651 -0.2619
vn 0.0385 -0.9586 -0.2821
vn -0.0000 -0.9666 -0.2562
vn 0.1283 0.4925 0.8608
vn 0.2339 0.4936 0.8377
vn -0.0000 0.4976 0.8674
vn -0.2079 0.9354 -0.2860
vn -0.0000 0.9484 -0.3171
vn -0.3796 0.9032 -0.2002
vn 0.3383 -0.8952 0.2900
vn 0.4394 -0.8722 0.2151
vn 0.0995 -0.9417 -0.3214
vn 0.1518 -0.9098 -0.3863
vn -0.0072 0.2289 0.9734
vn -0.0858 0.0516 0.9950
vn 0.1468 0.4123 0.8991
vn -0.8360 0.5270 0.1531
vn -0.6378 0.7664 0.0762
vn -0.9894 0.1349 0.0535
vn -0.2516 0.2883 0.9239
vn -0.5581 -0.2526 -0.7904
vn -0.8523 -0.4370 -0.2873
vn -0.2717 -0.8054 -0.5268
vn 0.2689 0.5127 0.8154
vn -0.4943 0.8664 -0.0701
vn 0.4393 -0.8956 0.0707
vn 0.0875 -0.8704 -0.4846
vn 0.4810 -0.3421 0.8072
vn 0.3514 -0.4140 0.8397
vn 0.6738 0.0741 0.7352
vn 0.6600 -0.1328 0.7394
vn 0.2023 0.2285 0.9523
vn 0.2089 0.1259 0.9698
vn 0.3224 0.0813 0.9431
vn 0.2114 -0.3411 0.9159
vn -0.0000 -0.2561 0.9667
vn 0.7903 0.1422 0.5960
vn 0.5748 -0.2050 0.7922
vn -0.0000 0.2533 0.9674
vn -0.0000 0.1108 0.9938
vn -0.0000 0.3556 0.9346
vn 0.2461 0.7644 0.5959
vn 0.2626 0.8739 0.4090
vn 0.8854 -0.2113 0.4141
vn 0.7970 -0.3812 0.4685
vn 0.7521 0.4178 0.5097
vn 0.8284 0.2691 0.4913
vn 0.2496 0.5972 0.7623
vn 0.6439 -0.5736 0.5063
vn 0.5208 0.6702 0.5287
vn 0.0824 -0.1320 0.9878
vn 0.1564 -0.2539 0.9545
vn 0.3498 -0.2566 0.9010
vn 0.1671 -0.1370 0.9764
vn -0.0000 -0.1006 0.9949
vn -0.0000 -0.2080 0.9781
vn 0.5899 0.0882 0.8026
vn 0.2555 0.0621 0.9648
vn 0.4219 0.0322 0.9061
vn 0.4467 0.1263 0.8857
vn 0.3180 0.1515 0.9359
vn 0.5110 0.2248 0.8296
vn 0.5078 0.2510 0.8241
vn 0.5069 0.2056 0.8372
vn 0.5099 -0.0794 0.8566
vn 0.4868 0.2069 0.8487
vn 0.3089 0.1550 0.9384
vn 0.1994 0.1284 0.9715
vn 0.2274 0.0432 0.9728
vn -0.0000 0.1326 0.9912
vn 0.0210 0.1940 0.9808
vn 0.3164 0.1357 0.9389
vn 1.0000 -0.0000 -0.0000
vn 0.1270 -0.2443 0.9613
vn 0.2030 -0.0471 0.9780
vn 0.1937 -0.0138 0.9810
vn -0.0000 -0.0523 0.9986
vn -0.0000 -0.0721 0.9974
vn 0.1594 0.0195 0.9870
vn -0.0000 -0.0213 0.9998
vn 0.2023 0.0506 0.9780
vn -0.0000 0.0550 0.9985
vn 0.3508 0.1883 0.9173
vn 0.5032 0.2366 0.8311
vn 0.3893 0.1517 0.9085
vn -0.4564 -0.1504 0.8770
vn -0.4745 -0.1186 0.8722
vn 0.3581 0.1628 0.9194
vn 0.1830 0.0465 0.9820
vn -0.0000 0.1053 0.9944
vn -0.2498 -0.9679 0.0283
vn -0.7438 -0.6507 0.1526
vn -0.7818 -0.4707 -0.4090
vn -0.4262 -0.6329 -0.6464
vn -0.1074 -0.6713 0.7334
vn -0.5298 -0.5003 0.6848
vn -0.0218 -0.9994 -0.0257
vn 0.1585 -0.6914 0.7049
vn -0.1765 -0.6512 -0.7381
vn 0.9743 0.0042 -0.2252
vn 0.6878 -0.7033 -0.1797
vn 0.4008 -0.5239 -0.7516
vn 0.5148 0.0191 -0.8571
vn 0.1643 -0.9841 -0.0679
vn 0.0328 -0.6422 -0.7658
vn 0.3595 -0.6811 0.6379
vn 0.6851 -0.5569 0.4696
vn 0.2382 -0.9675 -0.0844
vn -0.0133 -0.9995 -0.0277
vn -0.1758 -0.6521 -0.7375
vn 0.1094 -0.6298 -0.7690
vn 0.4298 -0.6678 0.6077
vn 0.1588 -0.6922 0.7040
vn 0.7531 -0.6290 -0.1931
vn 0.8055 -0.4708 0.3598
vn 0.5585 -0.4426 -0.7016
vn 0.7386 -0.5572 0.3793
vn 0.7927 -0.6045 0.0785
vn 0.9337 -0.3377 0.1188
vn 0.8317 -0.3270 0.4488
vn 0.2821 -0.9194 0.2742
vn 0.3106 -0.9488 0.0574
vn 0.3653 -0.5287 0.7661
vn 0.0795 -0.8315 0.5498
vn 0.4102 -0.4012 0.8190
vn 0.2165 -0.9754 -0.0419
vn 0.0079 -0.9966 -0.0822
vn -0.0104 -0.9994 0.0341
vn 0.1446 -0.9652 0.2179
vn 0.0867 -0.9183 -0.3863
vn -0.0515 -0.8674 -0.4949
vn 0.1802 -0.9827 -0.0428
vn 0.0968 -0.9561 -0.2766
vn 0.1173 -0.9749 0.1895
vn -0.7887 -0.5878 0.1803
vn -0.5995 -0.7984 -0.0554
vn -0.3229 -0.9139 -0.2459
vn -0.6292 -0.7772 0.0029
vn -0.8415 -0.3974 0.3660
vn -0.8235 -0.5627 0.0723
vn -0.5903 -0.3259 0.7384
vn -0.5340 -0.2595 0.8047
vn -0.5309 -0.6447 0.5500
vn 0.8426 -0.2316 0.4862
vn 0.9751 -0.1625 0.1510
vn 0.4166 -0.3620 0.8339
vn 0.0192 -0.5315 0.8469
vn -0.0641 -0.5532 0.8306
vn 0.0034 -0.8585 0.5128
vn -0.0334 -0.8652 0.5003
vn 0.0466 -0.4634 0.8849
vn -0.0684 -0.4679 0.8812
vn -0.9743 -0.0132 0.2248
vn -0.7545 -0.6377 0.1554
vn -0.5614 -0.4832 0.6719
vn -0.5845 -0.0245 0.8110
vn -0.2310 -0.5508 -0.8020
vn -0.1158 -0.6085 -0.7851
vn -0.1684 -0.6150 -0.7703
vn -0.2520 -0.5777 -0.7763
vn -0.0831 -0.5760 -0.8132
vn -0.5467 -0.5377 -0.6419
vn -0.5593 -0.4796 -0.6761
vn -0.5247 -0.6362 -0.5657
vn 0.1612 -0.3666 -0.9163
vn 0.1332 -0.3957 -0.9087
vn -0.0849 -0.4171 -0.9049
vn 0.6385 -0.2599 -0.7244
vn 0.6504 -0.2202 -0.7270
vn -0.4210 0.0222 -0.9068
vn -0.2115 0.0256 -0.9770
vn -0.2569 -0.9660 0.0301
vn -0.8043 -0.4547 -0.3827
vn -0.4386 -0.6316 -0.6392
vn -0.1217 -0.6698 0.7325
vn 0.9365 -0.1624 -0.3108
vn 0.9289 -0.2501 -0.2732
vn 0.9825 -0.1533 -0.1062
vn 0.9394 -0.3338 -0.0783
vn -0.6734 -0.6720 -0.3082
vn -0.5821 -0.7927 -0.1809
vn -0.7731 -0.5017 -0.3880
vn -0.5748 -0.8131 -0.0918
vn -0.7958 -0.5810 -0.1706
vn -0.2993 -0.9527 0.0519
vn 0.2332 -0.9642 0.1264
vn 0.0136 -0.9910 0.1329
vn 0.1165 -0.9283 0.3532
vn 0.1921 -0.9594 -0.2067
vn 0.0120 -0.9992 -0.0387
vn 0.2039 -0.9674 0.1505
vn 0.1723 -0.9777 -0.1199
vn 0.1224 -0.9494 0.2893
vn 0.8186 -0.5329 -0.2142
vn 0.5488 -0.4918 -0.6760
vn 0.3569 -0.9202 -0.1606
vn 0.2383 -0.8949 -0.3774
vn 0.7946 -0.6055 -0.0440
vn 0.3263 -0.9451 -0.0180
vn -0.2528 -0.9675 0.0089
vn -0.7594 -0.6488 0.0478
vn -0.7095 -0.4792 -0.5167
vn -0.3213 -0.6455 -0.6929
vn -0.2215 -0.6575 0.7201
vn -0.6306 -0.4884 0.6031
vn -0.0193 -0.9998 -0.0080
vn 0.0449 -0.6778 0.7339
vn -0.0600 -0.6652 -0.7443
vn 0.9975 0.0017 -0.0705
vn 0.7065 -0.7055 -0.0563
vn 0.5130 -0.5369 -0.6697
vn 0.6424 0.0046 -0.7664
vn 0.1136 0.0097 -0.9935
vn 0.1514 -0.6564 -0.7391
vn -0.0559 0.0089 -0.9984
vn 0.1713 -0.9850 -0.0213
vn 0.2538 -0.6685 0.6990
vn 0.6020 -0.5473 0.5814
vn 0.2469 -0.9687 -0.0264
vn -0.0105 -0.9999 -0.0087
vn -0.0594 -0.6660 -0.7435
vn 0.2277 -0.6439 -0.7305
vn 0.3280 -0.6558 0.6800
vn 0.0454 -0.6786 0.7331
vn 0.7731 -0.6314 -0.0605
vn 0.7384 -0.4631 0.4902
vn 0.6610 -0.4543 -0.5972
vn 0.1550 0.0100 -0.9879
vn 0.7040 0.0113 -0.7101
vn -0.2739 0.0062 -0.9617
vn -0.2600 -0.9656 0.0094
vn -0.7704 -0.6358 0.0486
vn -0.7358 -0.4627 -0.4945
vn -0.3348 -0.6441 -0.6878
vn -0.2355 -0.6561 0.7170
vn -0.6597 -0.4716 0.5851
vn -0.2527 -0.9675 -0.0105
vn -0.7587 -0.6489 -0.0567
vn -0.6227 -0.4894 -0.6106
vn -0.2120 -0.6587 -0.7219
vn -0.3304 -0.6444 0.6896
vn -0.7162 -0.4784 0.5081
vn -0.0194 -0.9998 0.0095
vn -0.0698 -0.6640 0.7445
vn 0.0546 -0.6789 -0.7322
vn 0.2654 -0.0067 -0.9641
vn 0.2630 -0.6696 -0.6946
vn 0.0989 -0.0077 -0.9951
vn 0.1004 0.0112 0.9949
vn -0.0690 0.0103 0.9976
vn 0.1416 -0.6552 0.7421
vn 0.1710 -0.9849 0.0252
vn 0.7057 -0.7054 0.0668
vn 0.5041 -0.5359 0.6773
vn 0.6097 -0.5481 -0.5726
vn 0.2465 -0.9686 0.0313
vn -0.0106 -0.9999 0.0103
vn 0.0550 -0.6798 -0.7314
vn 0.3370 -0.6568 -0.6746
vn 0.2180 -0.6427 0.7344
vn -0.0692 -0.6649 0.7437
vn 0.7723 -0.6312 0.0717
vn 0.6531 -0.4534 0.6066
vn 0.7448 -0.4639 -0.4797
vn 0.3055 -0.0064 -0.9522
vn 0.0840 -0.0090 -0.9964
vn -0.1223 -0.0103 -0.9924
vn -0.6782 -0.0104 -0.7348
vn -0.2599 -0.9656 -0.0112
vn -0.7697 -0.6358 -0.0577
vn -0.6520 -0.4725 -0.5930
vn -0.2261 -0.6572 -0.7190
vn -0.3438 -0.6430 0.6843
vn -0.7422 -0.4619 0.4856
vn -0.2488 -0.9680 -0.0325
vn -0.7382 -0.6514 -0.1752
vn -0.5060 -0.5031 -0.7006
vn -0.0821 -0.6743 -0.7339
vn -0.4481 -0.6303 0.6340
vn -0.7954 -0.4691 0.3839
vn -0.0228 -0.9993 0.0295
vn -0.2018 -0.6481 0.7343
vn 0.1828 -0.6943 -0.6961
vn 0.9660 0.0052 0.2586
vn 0.6812 -0.7025 0.2063
vn 0.7009 -0.5587 -0.4433
vn 0.8574 -0.0197 -0.5144
vn 0.4323 -0.0248 -0.9014
vn 0.3814 -0.6837 -0.6222
vn 0.1618 -0.9837 0.0780
vn 0.0063 -0.6391 0.7691
vn 0.3745 -0.5209 0.7671
vn 0.2351 -0.9671 0.0969
vn -0.0143 -0.9994 0.0318
vn 0.1831 -0.6951 -0.6952
vn 0.4506 -0.6702 -0.5897
vn 0.0827 -0.6267 0.7749
vn -0.2011 -0.6490 0.7337
vn 0.7459 -0.6281 0.2217
vn 0.5339 -0.4398 0.7222
vn 0.8174 -0.4722 -0.3298
vn 0.4696 -0.0243 -0.8825
vn 0.2596 -0.0279 -0.9653
vn 0.9660 0.0141 0.2581
vn 0.5563 0.0277 0.8305
vn -0.4520 0.0255 0.8917
vn -0.2451 0.0292 0.9691
vn -0.4696 0.0243 0.8825
vn -0.8973 0.0101 0.4414
vn -0.8169 -0.4532 0.3568
vn -0.4603 -0.6290 0.6264
vn -0.2596 0.0279 0.9653
vn -0.2557 -0.9661 -0.0345
vn -0.7488 -0.6384 -0.1784
vn -0.5380 -0.4859 -0.6888
vn -0.0964 -0.6728 -0.7335
vn 0.9875 -0.1576 0.0043
vn 0.9330 -0.3598 0.0039
vn -0.5275 -0.8472 -0.0626
vn -0.2021 -0.9743 -0.0998
vn -0.7941 -0.6063 -0.0415
vn -0.0613 -0.9910 -0.1191
vn -0.0299 -0.9743 0.2234
vn -0.0654 -0.9971 -0.0393
vn -0.0462 -0.9172 -0.3957
vn 0.7860 -0.6182 0.0043
vn 0.3195 -0.9476 0.0055
vn -0.0503 -0.9987 0.0003
vn -0.0595 -0.9980 -0.0222
vn -0.0561 -0.9969 0.0559
vn -0.0641 -0.9934 -0.0955
vn 0.0072 -0.8833 -0.4687
vn -0.2936 -0.4048 -0.8660
vn -0.6023 -0.3074 -0.7367
vn 0.0717 -0.4916 -0.8679
vn -0.1545 -0.3846 0.9101
vn -0.0903 -0.6402 0.7629
vn -0.1817 -0.3760 0.9086
vn -0.0785 -0.9815 0.1748
vn -0.0223 -0.9954 0.0934
vn -0.0126 -0.9749 -0.2222
vn -0.1894 -0.9819 0.0051
vn -0.1548 -0.9706 -0.1844
vn -0.0171 -0.9598 0.2802
vn -0.1293 -0.9714 0.1994
vn -0.0724 -0.9963 -0.0467
vn -0.1059 -0.9403 -0.3234
vn -0.2594 -0.9643 -0.0532
vn -0.2194 -0.9426 -0.2517
vn -0.0252 -0.9733 0.2282
vn -0.1898 -0.9696 0.1547
vn 0.0106 -0.8709 -0.4913
vn -0.2367 -0.9049 -0.3538
vn -0.0009 -0.9140 0.4057
vn -0.2514 -0.9424 0.2204
vn -0.0250 -0.8655 0.5003
vn -0.2922 -0.9041 0.3116
vn -0.1216 -0.7767 -0.6181
vn -0.3888 -0.8114 -0.4364
vn -0.4148 -0.9076 -0.0650
vn -0.4830 -0.8732 -0.0653
vn -0.2036 -0.3163 0.9266
vn -0.5144 -0.2203 0.8287
vn -0.2317 0.0390 0.9720
vn -0.5305 0.0149 0.8476
vn -0.0807 -0.3765 0.9229
vn -0.9747 -0.2213 -0.0309
vn -0.9505 -0.2134 -0.2260
vn -0.9940 0.1035 -0.0340
vn -0.9677 0.1001 -0.2312
vn -0.9636 -0.2118 0.1629
vn -0.8593 -0.2212 -0.4611
vn -0.8574 -0.1805 0.4819
vn -0.8658 0.0361 0.4990
vn 0.0472 -0.4015 0.9147
vn 0.4372 -0.0493 0.8980
vn 0.0487 0.0095 0.9988
vn -0.0000 -1.0000 -0.0000
vn 0.8655 -0.4758 0.1568
vn 0.6052 -0.4944 0.6240
vn 0.9861 0.0582 -0.1555
vn 0.7137 0.0317 -0.6997
vn -0.0000 0.9866 0.1632
vn -0.0000 0.8009 0.5988
vn 0.9718 0.2359 -0.0000
vn 0.6797 0.2830 -0.6767
vn 0.4966 0.7119 -0.4966
vn 0.6401 0.7683 -0.0000
vn 0.4966 0.7119 0.4966
vn 0.6797 0.2830 0.6767
vn -0.3878 -0.8160 -0.4287
vn -0.9332 -0.3119 -0.1786
vn -0.3787 -0.8691 -0.3182
vn -0.0295 -0.9994 -0.0155
vn 0.0113 -0.9999 -0.0096
vn 0.2912 0.9558 0.0397
vn -0.0401 0.9980 0.0493
vn -0.1553 0.9878 0.0104
vn 0.9999 -0.0024 -0.0101
vn 0.8391 -0.0177 0.5436
vn -0.0433 0.0268 -0.9987
vn 0.4009 -0.0214 0.9159
vn 0.2406 -0.0230 0.9703
vn -0.0991 0.0522 0.9937
vn -0.9822 0.0811 0.1696
vn 0.2261 -0.0243 0.9738
vn 0.5845 0.0245 -0.8110
vn -0.8816 0.0084 -0.4720
vn 0.0213 -0.0260 0.9994
vn -0.4389 0.0209 -0.8983
vn 0.0015 -0.0270 0.9996
vn -0.9975 -0.0091 0.0704
vn -0.7832 0.0013 -0.6217
vn -0.6879 -0.0094 0.7258
vn 0.0708 -0.0076 0.9975
vn -0.1354 -0.0089 0.9907
vn -0.9965 -0.0092 -0.0835
vn -0.7913 0.0022 0.6114
vn 0.1420 0.0114 0.9898
vn -0.9965 -0.0108 -0.0835
vn -0.2866 0.0075 0.9580
vn -0.9660 -0.0125 -0.2582
vn -0.8871 0.0128 0.4614
vn -0.0360 0.0308 0.9989
vn 0.8973 -0.0101 -0.4414
vn -0.9660 -0.0141 -0.2581
vn -0.5562 -0.0277 -0.8306
vn 0.0360 -0.0308 -0.9989
vn 0.6296 0.2216 -0.7446
vn -0.0017 -0.2928 0.9562
vn 0.9620 -0.0788 0.2613
vn 1.0000 -0.0010 0.0025
vn 0.6072 -0.2253 0.7619
vn 0.6105 0.2243 -0.7596
vn 0.9634 0.0770 -0.2569
vn -0.9620 0.0788 -0.2613
vn 0.9862 0.0884 0.1397
vn 0.9500 -0.0042 -0.3123
vn 0.8690 -0.0090 0.4947
vn -0.0000 -0.4845 -0.8748
vn -0.0000 0.7683 -0.6401
vn -0.0000 0.7683 0.6401
vn -0.0000 0.2438 0.9698
vn -0.0000 0.2438 -0.9698
vn -0.0000 -0.0031 -1.0000
vn 0.2505 -0.7432 -0.6204
vn 0.7480 -0.2047 -0.6313
vn 0.7591 0.1302 -0.6379
vn -0.9537 0.3002 0.0188
vn 0.7581 0.1337 -0.6383
vn 0.6785 0.4943 -0.5434
vn -0.5617 0.8261 -0.0446
vn 0.0682 0.9716 -0.2266
vn -0.9135 -0.4054 -0.0350
vn 0.4945 0.4895 -0.7183
vn 0.6780 0.0981 -0.7284
vn 0.3896 0.8586 0.3332
vn 0.4814 0.8149 0.3229
vn -0.4995 0.4644 0.7313
vn -0.3125 0.6227 0.7173
vn 0.8753 0.1512 0.4594
vn 0.0222 0.6110 0.7913
vn 0.1253 -0.8736 0.4703
vn -0.0061 -0.8621 0.5066
vn 0.5572 0.6839 0.4710
vn -0.2506 -0.8123 0.5266
vn -0.5425 -0.5626 0.6239
vn -0.6582 -0.1564 0.7364
vn -0.6256 0.1807 0.7589
vn 0.3946 -0.7741 0.4951
vn 0.9027 0.0047 0.4303
vn -0.0684 0.5024 0.8620
vn -0.0000 0.5667 0.8239
vn -0.1543 0.4244 0.8922
vn -0.2843 0.3068 0.9083
vn -0.4196 0.1173 0.9001
vn -0.4789 -0.0856 0.8737
vn -0.1601 -0.2432 0.9567
vn -0.4157 -0.2047 0.8862
vn -0.0908 -0.9947 -0.0477
vn -0.0262 -0.7684 -0.6395
vn 0.0697 -0.7324 -0.6773
vn 0.0469 -0.9976 -0.0512
vn 0.0338 0.9993 0.0129
vn 0.0874 0.9961 0.0126
vn 0.0960 0.7564 -0.6471
vn 0.0714 0.7699 -0.6341
vn -0.0022 0.7757 -0.6312
vn -0.0369 0.9993 0.0105
vn -0.0480 0.9976 0.0496
vn -0.0414 0.8085 -0.5871
vn 0.0162 0.8081 -0.5888
vn -0.0202 0.9984 0.0520
vn -0.9983 -0.0158 -0.0562
vn -0.7308 0.6817 -0.0351
vn -0.5374 0.5970 -0.5956
vn -0.6940 0.0910 -0.7142
vn -0.2079 0.1791 -0.9616
vn -0.2474 0.7240 -0.6439
vn 0.0675 0.1429 -0.9874
vn 0.3027 -0.0459 -0.9520
vn -0.1400 -0.0863 -0.9864
vn -0.5668 -0.4262 -0.7051
vn -0.2551 0.9669 -0.0017
vn 0.0868 0.0164 -0.9961
vn 0.0703 0.0095 -0.9975
vn 0.0244 -0.7457 -0.6658
vn 0.0725 -0.7456 -0.6625
vn 0.4269 0.9027 0.0535
vn 0.3753 0.6875 -0.6217
vn 0.9521 -0.2992 0.0629
vn 0.1866 0.9812 0.0500
vn 0.1973 0.7863 -0.5854
vn 0.0141 0.0222 -0.9997
vn -0.0494 -0.7537 -0.6553
vn 0.1178 0.7628 -0.6358
vn 0.2070 0.7888 -0.5787
vn 0.0038 0.1529 -0.9882
vn -0.2902 -0.5036 -0.8138
vn 0.5773 0.8164 0.0119
vn 0.8321 0.5545 0.0132
vn 0.6014 0.4463 -0.6626
vn 0.4759 0.6771 -0.5613
vn 0.3024 0.9531 0.0097
vn 0.1449 -0.9881 -0.0509
vn 0.1065 -0.7228 -0.6828
vn 0.0131 0.0669 -0.9977
vn 0.0730 0.0651 -0.9952
vn -0.2246 0.6438 -0.7315
vn 0.0282 -0.0275 -0.9992
vn 0.2144 -0.7503 -0.6254
vn 0.0964 0.0151 -0.9952
vn -0.1979 -0.7302 -0.6539
vn 0.0481 0.0032 -0.9988
vn 0.0925 0.8074 -0.5828
vn -0.0198 -0.0365 -0.9991
vn -0.3722 -0.6299 -0.6816
vn 0.0022 0.1323 -0.9912
vn -0.4880 0.1714 -0.8558
vn 0.0840 0.1067 -0.9907
vn 0.6947 0.0661 -0.7162
vn 0.6178 -0.3310 -0.7133
vn 0.0763 0.0990 -0.9922
vn 0.2053 0.3010 -0.9313
vn 0.1789 -0.1676 -0.9695
vn 0.4923 -0.6099 -0.6210
vn 0.0869 -0.1985 0.9762
vn 0.1106 0.7005 0.7051
vn 0.1975 0.6665 0.7189
vn 0.0031 -0.2095 0.9778
vn -0.2221 -0.8183 0.5302
vn -0.0416 -0.8523 0.5214
vn 0.0661 -0.8230 0.5641
vn 0.0819 -0.1297 0.9882
vn 0.0304 0.7139 0.6996
vn -0.3352 0.1248 0.9338
vn -0.2575 -0.2066 0.9439
vn 0.1839 -0.1551 0.9706
vn -0.0430 0.1103 0.9930
vn -0.0705 0.7562 0.6505
vn -0.3348 0.7022 0.6283
vn -0.6164 0.5734 0.5397
vn -0.7769 0.0495 0.6277
vn -0.6340 -0.4871 0.6007
vn 0.0166 -0.0060 0.9998
vn 0.0323 -0.7623 0.6464
vn 0.0001 -0.7562 0.6543
vn 0.0339 -0.0110 0.9994
vn 0.0689 0.7392 0.6700
vn 0.0245 0.7520 0.6587
vn 0.0178 -0.1332 0.9909
vn -0.0478 0.7138 0.6987
vn 0.1130 -0.8151 0.5682
vn 0.2213 -0.8336 0.5061
vn 0.0464 -0.2587 0.9648
vn -0.2776 0.4275 0.8603
vn 0.0161 -0.0061 0.9999
vn 0.1147 0.7459 0.6561
vn -0.0408 -0.7624 0.6459
vn -0.2008 -0.5923 0.7803
vn 0.0395 0.0885 0.9953
vn 0.2263 0.7677 0.5995
vn -0.0454 -0.9990 -0.0058
vn -0.3212 -0.9470 -0.0118
vn -0.1032 -0.2421 0.9648
vn 0.3485 0.5571 0.7538
vn -0.4146 -0.7168 0.5606
vn -0.5000 -0.8641 -0.0572
vn -0.7975 -0.6005 -0.0588
vn -0.2787 -0.9590 -0.0509
vn 0.5791 -0.8142 -0.0409
vn 0.4905 -0.7122 0.5022
vn 0.3026 -0.9520 -0.0458
vn 0.8353 -0.5485 -0.0372
vn 0.6205 -0.4851 0.6162
vn 0.9999 0.0079 -0.0112
vn 0.7199 -0.0950 0.6875
vn 0.0630 -0.2158 0.9744
vn 0.1589 -0.1425 0.9770
vn -0.4197 -0.2391 0.8756
vn 0.1065 -0.2349 0.9662
vn 0.6531 0.3114 0.6903
vn 0.2589 0.1899 0.9471
vn 0.5202 0.6175 0.5900
vn 0.1958 -0.3908 0.8994
vn 0.2044 0.9759 0.0769
vn 0.0775 0.6368 0.7671
vn 0.5207 0.4646 0.7163
vn 0.7355 0.6505 0.1895
vn 0.7778 0.4941 -0.3884
vn 0.4002 0.6752 -0.6197
vn 0.1246 0.6929 -0.7101
vn -0.0555 0.9983 0.0178
vn -0.2090 0.6529 0.7281
vn 0.9743 -0.0116 0.2249
vn 0.8707 0.0110 -0.4917
vn 0.5661 -0.0230 0.8240
vn -0.1422 0.9736 0.1784
vn -0.0190 0.9779 0.2081
vn -0.0310 0.9979 0.0560
vn -0.1742 0.9838 0.0421
vn -0.4914 0.8706 0.0254
vn -0.4769 0.8434 0.2476
vn -0.2829 0.7979 0.5323
vn -0.0995 0.8264 0.5543
vn 0.0323 0.8235 0.5664
vn -0.2452 0.9691 -0.0272
vn -0.4082 0.6354 0.6555
vn -0.0873 0.6740 -0.7335
vn -0.4317 0.5476 -0.7168
vn -0.7161 0.6826 -0.1456
vn -0.7083 0.5149 0.4830
vn -0.0540 0.4622 0.8851
vn 0.0856 0.4797 0.8733
vn -0.4571 0.4457 0.7697
vn 0.8340 0.3860 0.3943
vn 0.8932 0.4372 0.1050
vn 0.5284 0.8486 0.0267
vn 0.5078 0.8177 0.2711
vn 0.3254 0.7449 0.5824
vn 0.5197 0.3797 0.7653
vn -0.2569 0.9660 -0.0301
vn -0.4386 0.6316 0.6392
vn -0.1758 0.6521 0.7375
vn -0.0133 0.9995 0.0277
vn 0.1588 0.6922 -0.7040
vn -0.1217 0.6698 -0.7325
vn -0.5614 0.4832 -0.6719
vn -0.7545 0.6377 -0.1554
vn -0.8043 0.4547 0.3827
vn -0.4389 -0.0209 0.8983
vn -0.8816 -0.0084 0.4720
vn 0.0015 0.0270 -0.9996
vn 0.2261 0.0243 -0.9738
vn -0.9743 0.0132 -0.2248
vn 0.2382 0.9675 0.0844
vn 0.1094 0.6298 0.7690
vn 0.5585 0.4426 0.7016
vn 0.7531 0.6290 0.1931
vn 0.8055 0.4709 -0.3598
vn 0.4298 0.6678 -0.6077
vn 0.8058 0.4220 -0.4155
vn 0.8793 0.0733 -0.4706
vn 0.6269 0.0504 -0.7774
vn 0.5724 0.4590 -0.6794
vn 0.3791 0.7826 -0.4938
vn 0.4807 0.8076 -0.3417
vn 0.5151 0.8398 -0.1715
vn 0.8726 0.4424 -0.2069
vn -0.0950 0.9796 -0.1772
vn 0.0106 0.9660 -0.2583
vn 0.0708 0.8699 -0.4881
vn -0.0595 0.8832 -0.4653
vn -0.3346 0.8704 -0.3612
vn -0.4706 0.8630 -0.1838
vn -0.4845 0.8739 -0.0392
vn -0.1629 0.9824 -0.0917
vn -0.0139 0.9891 -0.1466
vn 0.2123 0.9769 0.0241
vn 0.1958 0.6509 0.7335
vn 0.6260 0.4766 0.6172
vn 0.7552 0.6528 0.0594
vn 0.7065 0.4859 -0.5146
vn 0.2969 0.6629 -0.6873
vn 0.0107 0.6793 -0.7338
vn -0.0538 0.9985 0.0056
vn -0.0938 0.6667 0.7394
vn -0.2527 -0.0053 0.9675
vn -0.0857 -0.0063 0.9963
vn -0.3022 0.6481 0.6990
vn -0.6254 0.5246 0.5776
vn -0.7439 -0.0069 0.6682
vn -0.2481 0.9687 -0.0085
vn -0.2018 0.6602 -0.7235
vn -0.5388 0.5349 -0.6508
vn -0.7311 0.6808 -0.0456
vn -0.2600 0.9656 -0.0094
vn -0.3347 0.6441 0.6878
vn -0.0594 0.6660 0.7435
vn -0.0105 0.9999 0.0087
vn 0.0454 0.6786 -0.7331
vn -0.2355 0.6561 -0.7170
vn -0.6597 0.4716 -0.5851
vn -0.7704 0.6358 -0.0486
vn -0.7358 0.4627 0.4945
vn -0.2929 -0.0050 0.9561
vn -0.7970 0.0009 0.6039
vn -0.9975 0.0107 -0.0704
vn 0.9975 -0.0107 0.0704
vn 0.7970 -0.0010 -0.6039
vn 0.7384 0.4631 -0.4902
vn 0.7731 0.6313 0.0605
vn 0.6610 0.4543 0.5972
vn 0.7040 -0.0113 0.7101
vn 0.2929 0.0050 -0.9561
vn 0.3280 0.6557 -0.6800
vn 0.0708 0.0076 -0.9975
vn 0.1550 -0.0100 0.9879
vn 0.2277 0.6439 0.7305
vn 0.2469 0.9687 0.0264
vn 0.2120 0.9769 -0.0285
vn 0.3059 0.6640 0.6823
vn 0.7132 0.4867 0.5044
vn 0.7543 0.6527 -0.0704
vn 0.6177 0.4757 -0.6262
vn 0.1861 0.6498 -0.7370
vn -0.1035 0.6656 -0.7391
vn -0.0539 0.9985 -0.0066
vn 0.0204 0.6804 0.7325
vn -0.9965 0.0018 0.0836
vn -0.7304 0.6809 0.0540
vn -0.6329 0.5238 -0.5702
vn -0.7527 -0.0079 -0.6584
vn -0.6322 0.0058 0.7748
vn -0.5302 0.5359 0.6570
vn -0.2480 0.9687 0.0101
vn -0.1922 0.6614 0.7250
vn -0.3114 0.6470 -0.6960
vn -0.2599 0.9656 0.0112
vn -0.2261 0.6572 0.7190
vn 0.0550 0.6798 0.7313
vn -0.0107 0.9999 -0.0103
vn -0.0692 0.6649 -0.7437
vn -0.3438 0.6430 -0.6843
vn -0.7422 0.4619 -0.4856
vn -0.7697 0.6358 0.0577
vn -0.6520 0.4725 0.5930
vn -0.9965 0.0108 0.0835
vn -0.8049 0.0001 -0.5934
vn -0.6946 0.0123 0.7192
vn 0.1420 -0.0114 -0.9898
vn 0.2180 0.6427 -0.7344
vn 0.6531 0.4534 -0.6066
vn 0.6946 -0.0123 -0.7192
vn 0.3055 0.0064 0.9522
vn 0.8049 -0.0001 0.5934
vn 0.7448 0.4639 0.4797
vn 0.3370 0.6568 0.6746
vn 0.0840 0.0090 0.9964
vn 0.2465 0.9686 -0.0313
vn 0.7723 0.6312 -0.0717
vn 0.2015 0.9755 -0.0882
vn 0.4214 0.6777 0.6026
vn 0.7907 0.4956 0.3593
vn 0.7284 0.6497 -0.2176
vn 0.4955 0.4617 -0.7357
vn 0.0509 0.6337 -0.7719
vn -0.2340 0.6499 -0.7231
vn -0.0562 0.9982 -0.0205
vn 0.1491 0.6959 0.7025
vn 0.0778 0.0305 0.9965
vn -0.0620 0.6771 0.7333
vn -0.4069 0.5505 0.7290
vn -0.4849 0.0224 0.8743
vn -0.2442 0.9692 0.0312
vn -0.4305 0.6327 -0.6437
vn -0.7244 0.5130 -0.4606
vn -0.7108 0.6833 0.1671
vn -0.2557 0.9661 0.0345
vn -0.0964 0.6728 0.7335
vn 0.1831 0.6951 0.6952
vn -0.0143 0.9994 -0.0318
vn -0.2011 0.6490 -0.7337
vn -0.4603 0.6290 -0.6264
vn -0.8169 0.4532 -0.3568
vn -0.7488 0.6384 0.1784
vn -0.5380 0.4859 0.6888
vn -0.0558 -0.0297 -0.9980
vn 0.5373 -0.0262 -0.8430
vn -0.2740 -0.0266 -0.9614
vn 0.2351 0.9671 -0.0969
vn 0.4506 0.6702 0.5897
vn 0.8174 0.4722 0.3298
vn 0.7459 0.6282 -0.2216
vn 0.5339 0.4398 -0.7222
vn 0.0827 0.6266 -0.7749
vn -0.0007 1.0000 -0.0039
vn 0.6871 0.7169 -0.1180
vn 0.4916 0.6406 -0.5899
vn -0.0016 0.8062 -0.5916
vn -0.4946 0.6400 -0.5880
vn -0.6887 0.7159 -0.1149
vn -0.7270 0.6549 0.2063
vn -0.0002 0.9575 0.2884
vn 0.7268 0.6563 0.2027
vn -0.0016 0.2911 -0.9567
vn 0.6264 0.2227 -0.7470
vn -0.9736 -0.0665 0.2183
vn -0.6984 0.5572 0.4492
vn -0.9998 -0.0052 0.0212
vn -0.6741 -0.2155 0.7065
vn -0.5606 0.2966 0.7731
vn 0.9747 -0.0646 0.2138
vn 0.6993 0.5586 0.4460
vn 0.5630 0.2977 0.7710
vn 0.6772 -0.2144 0.7039
vn 0.0002 0.8618 0.5073
vn 0.0013 0.4139 0.9103
vn 0.0003 0.8550 0.5187
vn 0.6895 0.5441 0.4781
vn 0.7276 0.6669 0.1607
vn -0.0003 0.9715 0.2369
vn -0.7281 0.6655 0.1643
vn -0.6884 0.5428 0.4811
vn -0.4773 0.1943 0.8570
vn 0.0014 0.3511 0.9363
vn 0.4800 0.1952 0.8553
vn 0.9634 -0.0770 0.2569
vn 1.0000 0.0010 -0.0025
vn 0.6104 -0.2243 0.7596
vn 0.0016 -0.2908 0.9568
vn -0.0016 0.2908 -0.9568
vn -0.0016 0.7885 -0.6150
vn 0.4677 0.6262 -0.6238
vn 0.6072 0.2253 -0.7619
vn -0.9693 0.0720 -0.2353
vn -0.0007 0.9991 -0.0429
vn 0.6804 0.7169 -0.1523
vn -0.4708 0.6257 -0.6220
vn -0.6821 0.7158 -0.1493
vn 0.8942 0.4448 -0.0510
vn 0.5269 0.8464 -0.0774
vn -0.1817 0.9833 -0.0103
vn -0.0227 0.9991 -0.0359
vn -0.4929 0.8701 -0.0016
vn 0.1496 0.9864 -0.0674
vn 0.1500 0.9766 -0.1542
vn 0.1340 0.9907 0.0255
vn 0.1426 0.9500 -0.2777
vn 0.1844 0.8326 -0.5222
vn 0.2047 0.4184 0.8849
vn 0.1650 0.7930 0.5865
vn 0.1270 0.9707 0.2041
vn -0.0003 -0.8550 -0.5187
vn 0.0003 -0.9715 -0.2369
vn -0.7276 -0.6669 -0.1607
vn -0.6895 -0.5441 -0.4781
vn 0.6884 -0.5428 -0.4811
vn 0.7281 -0.6655 -0.1643
vn -0.0013 -0.3511 -0.9363
vn 0.4773 -0.1943 -0.8570
vn -0.4800 -0.1952 -0.8553
vn 0.9680 0.0739 -0.2397
vn 0.9999 -0.0032 0.0163
vn 0.7290 -0.6645 -0.1646
vn 0.6933 -0.5485 -0.4674
vn 0.0007 -0.9991 0.0429
vn 0.0016 -0.7885 0.6150
vn -0.4677 -0.6262 0.6238
vn -0.6804 -0.7169 0.1523
vn 0.6821 -0.7158 0.1493
vn 0.4708 -0.6256 0.6220
vn 0.2661 0.5433 -0.7962
vn 0.3251 0.1021 -0.9401
vn 0.1078 0.1443 -0.9836
vn 0.1118 0.6128 -0.7823
vn 0.0006 -0.9993 -0.0368
vn 0.0015 -0.8482 0.5297
vn -0.5581 -0.6768 0.4801
vn -0.6966 -0.7134 0.0768
vn 0.6981 -0.7122 0.0736
vn 0.5609 -0.6761 0.4778
vn 0.0002 -0.9689 -0.2473
vn -0.7285 -0.6658 -0.1609
vn -0.8623 0.5064 0.0018
vn -0.8723 0.4862 -0.0531
vn -0.9905 0.0983 -0.0964
vn -0.9918 0.1278 0.0049
vn -0.8734 0.4813 0.0735
vn -0.8731 0.4182 -0.2505
vn -0.5979 0.4451 -0.6666
vn -0.0990 0.5318 -0.8411
vn -0.1572 0.0506 -0.9863
vn -0.6333 -0.0632 -0.7713
vn -0.8229 0.4264 0.3755
vn -0.0003 -0.8594 -0.5113
vn -0.6943 -0.5499 -0.4643
vn -0.0013 -0.3696 -0.9292
vn 0.4993 -0.2203 -0.8379
vn -0.5020 -0.2213 -0.8361
vn 0.9837 0.0561 0.1708
vn 0.8687 -0.4953 -0.0000
vn -0.5717 0.4990 -0.6513
vn -0.7298 0.6836 -0.0000
vn -0.5717 0.4990 0.6513
vn -0.9893 0.1459 -0.0000
vn -0.6705 0.1639 -0.7236
vn -0.6750 -0.0255 -0.7373
vn -0.9997 -0.0258 -0.0000
vn -0.6705 0.1639 0.7236
vn -0.6750 -0.0255 0.7373
vn 0.6438 0.2089 -0.7361
vn 0.5669 -0.1258 -0.8141
vn -0.0713 -0.1315 -0.9887
vn -0.0528 0.2110 -0.9761
vn 0.6569 0.4709 -0.5888
vn 0.6613 0.2067 -0.7211
vn -0.0302 0.2111 -0.9770
vn 0.0557 0.5139 -0.8561
vn 0.0494 -0.5732 0.8179
vn 0.0586 -0.2752 0.9596
vn -0.6489 -0.1617 0.7435
vn -0.5887 -0.4639 0.6620
vn 0.7496 0.0820 -0.6568
vn 0.6496 -0.2595 -0.7146
vn 0.0562 -0.1711 -0.9836
vn 0.0845 0.1440 -0.9860
vn 0.7227 0.3647 -0.5871
vn 0.7469 0.0819 -0.6598
vn 0.0804 0.1436 -0.9864
vn 0.1355 0.4574 -0.8789
vn 0.9101 -0.4031 0.0962
vn 0.9853 -0.0124 0.1705
vn 0.5668 -0.1134 0.8160
vn 0.5127 -0.5097 0.6909
vn -0.1559 -0.4725 0.8675
vn -0.0844 -0.1459 0.9857
vn -0.7497 -0.1030 0.6538
vn -0.7319 -0.3888 0.5596
vn 0.8649 0.0853 -0.4947
vn 0.7662 -0.2612 -0.5871
vn 0.2234 -0.1730 -0.9592
vn 0.2688 0.1453 -0.9522
vn 0.8347 0.3427 -0.4312
vn 0.8641 0.0849 -0.4961
vn 0.2674 0.1450 -0.9526
vn 0.3177 0.4474 -0.8360
vn 0.5878 0.8070 -0.0573
vn -0.0299 0.9429 -0.3319
vn -0.3429 0.8857 0.3130
vn 0.2924 0.7659 0.5726
vn -0.3220 -0.4757 0.8185
vn -0.2676 -0.1434 0.9528
vn -0.8649 -0.0859 0.4946
vn -0.8373 -0.3679 0.4045
vn 0.0349 -0.2774 0.9601
vn 0.0402 0.0686 0.9968
vn -0.5864 0.2046 0.7838
vn -0.6651 -0.1598 0.7294
vn -0.9370 -0.2612 -0.2319
vn -0.9853 0.0074 -0.1706
vn -0.0803 -0.1455 0.9861
vn -0.0349 0.1944 0.9803
vn -0.6499 0.2562 0.7155
vn -0.7470 -0.1029 0.6568
vn -0.9544 -0.2845 -0.0907
vn -0.9998 -0.0104 -0.0196
vn 0.6130 -0.4982 0.6132
vn 0.6782 -0.1239 0.7244
vn -0.2660 -0.1430 0.9533
vn -0.1970 0.2105 0.9575
vn -0.7595 0.2895 0.5825
vn -0.8641 -0.0856 0.4960
vn 0.7271 -0.5018 0.4685
vn 0.7600 -0.1841 0.6233
vn 0.2427 0.7686 0.5918
vn -0.3365 0.9103 0.2413
vn -0.9875 0.0076 -0.1573
vn -0.9005 0.4133 -0.1351
vn 0.1871 -0.9540 0.2340
vn -0.3371 0.8377 0.4297
vn -0.9181 0.3758 0.1264
vn -0.2754 -0.7420 -0.6112
vn -0.6686 -0.1957 -0.7174
vn 0.6893 0.1920 0.6985
vn -0.8687 -0.4954 -0.0000
vn -0.1978 -0.7340 -0.6497
vn -0.5661 -0.1797 -0.8045
vn 0.6394 0.7682 0.0322
vn 0.9472 0.2472 0.2040
vn 0.5891 0.1904 0.7853
vn 0.9946 0.0299 -0.0997
vn 0.9947 0.0330 -0.0970
vn -0.9948 -0.0206 0.1000
vn -0.9946 -0.0176 0.1024
vn 0.9996 -0.0253 0.0142
vn 0.9996 -0.0258 0.0065
vn 0.5795 -0.1134 0.8070
vn -0.5666 0.1097 -0.8167
vn -0.5776 0.1096 -0.8089
vn -0.0511 -0.9695 0.2396
vn -0.6081 -0.7867 -0.1062
vn -0.9837 0.0561 0.1707
vn 0.6836 -0.1233 0.7193
vn 0.3304 0.7256 0.6035
vn 0.0157 -0.9624 0.2713
vn -0.5836 -0.8120 0.0063
vn 0.7586 -0.1886 0.6236
vn 0.7406 0.1324 0.6588
vn 0.3389 -0.8682 -0.3625
vn 0.9637 0.2594 0.0636
vn -0.4578 -0.8882 0.0384
vn -0.9999 -0.0098 -0.0126
vn -0.9241 0.3819 0.0151
vn -0.6831 0.0973 -0.7238
vn -0.6202 0.4677 -0.6297
vn 0.9878 -0.0125 0.1552
vn 0.0869 0.9406 -0.3282
vn -0.9430 -0.3309 0.0342
vn -0.2101 -0.9643 0.1615
vn -0.1486 -0.9880 -0.0423
vn -0.0673 -0.9945 -0.0804
vn -0.1093 -0.9873 0.1152
vn -0.2143 -0.9254 0.3125
vn -0.3284 -0.8719 0.3633
vn -0.4368 -0.8098 0.3916
vn -0.4053 -0.8795 0.2495
vn -0.3380 -0.9407 0.0287
vn -0.0594 -0.9721 -0.2270
vn 0.0067 -0.9531 -0.3026
vn -0.2363 -0.9442 -0.2293
vn -0.1084 -0.9190 -0.3790
vn 0.0477 -0.9047 -0.4234
vn 0.1262 -0.8753 -0.4668
vn -0.2491 0.9570 -0.1490
vn -0.2478 0.9688 0.0097
vn -0.1441 0.9896 0.0049
vn -0.1436 0.9775 -0.1545
vn -0.1595 0.9112 -0.3799
vn -0.2691 0.8969 -0.3511
vn -0.3790 0.8695 -0.3168
vn -0.4106 0.8992 -0.1509
vn -0.4230 0.9060 0.0149
vn -0.2505 0.9547 0.1605
vn -0.1586 0.9743 0.1598
vn -0.4127 0.8946 0.1711
vn -0.3847 0.8637 0.3257
vn -0.2719 0.8940 0.3562
vn -0.1894 0.9076 0.3748
vn -0.3588 0.7124 0.6031
vn -0.4582 0.4550 0.7635
vn -0.2860 0.4733 0.8332
vn -0.2355 0.7250 0.6472
vn -0.5466 0.6889 0.4761
vn -0.6608 0.4613 0.5921
vn -0.4673 0.3171 0.8253
vn -0.3420 0.3037 0.8893
vn -0.7031 0.3403 0.6244
vn -0.5600 -0.0315 0.8279
vn -0.3683 -0.1144 0.9226
vn -0.3885 -0.1424 0.9104
vn -0.8673 0.3136 0.3866
vn -0.7718 0.5576 0.3057
vn -0.8136 0.5802 0.0368
vn -0.9137 0.4036 0.0480
vn -0.9661 0.2514 0.0583
vn -0.8898 0.2424 0.3867
vn -0.6433 0.7242 0.2482
vn -0.6563 0.7540 0.0278
vn -0.6176 0.7590 -0.2062
vn -0.7847 0.5591 -0.2678
vn -0.5084 0.7320 -0.4535
vn -0.6362 0.4963 -0.5908
vn -0.8756 0.3607 -0.3213
vn -0.6718 0.2966 -0.6787
vn -0.6935 0.1505 -0.7046
vn -0.9049 0.2245 -0.3615
vn 0.0945 -0.7961 -0.5978
vn 0.0398 -0.6834 -0.7290
vn 0.1879 -0.7205 -0.6675
vn 0.1934 -0.7813 -0.5934
vn -0.1918 -0.8330 -0.5189
vn -0.3658 -0.6371 -0.6784
vn -0.0837 -0.6261 -0.7752
vn 0.1122 -0.7261 -0.6783
vn -0.5218 -0.4929 -0.6963
vn -0.5915 -0.4089 -0.6950
vn -0.1931 -0.6462 -0.7383
vn -0.0032 -0.7796 -0.6263
vn -0.3682 -0.1186 -0.9222
vn -0.3694 -0.0655 -0.9269
vn -0.1634 -0.0664 -0.9843
vn -0.1628 -0.1204 -0.9793
vn -0.1612 -0.1794 -0.9705
vn -0.3650 -0.1760 -0.9142
vn -0.6748 -0.1786 -0.7161
vn -0.6809 -0.1207 -0.7224
vn -0.6840 -0.0690 -0.7262
vn -0.3750 -0.0003 -0.9270
vn -0.1633 -0.0271 -0.9862
vn -0.6913 0.0213 -0.7223
vn -0.3810 0.1192 -0.9169
vn -0.1813 0.0131 -0.9833
vn -0.7260 -0.6261 0.2843
vn -0.7794 -0.5650 0.2706
vn -0.8477 -0.5303 0.0110
vn -0.8789 -0.4766 0.0165
vn -0.8756 -0.4811 0.0422
vn -0.8348 -0.4342 0.3386
vn -0.6083 -0.2679 0.7471
vn -0.5761 -0.4627 0.6738
vn -0.5608 -0.3083 0.7684
vn -0.8754 -0.3917 0.2835
vn -0.8881 -0.4595 0.0123
vn -0.6099 -0.2856 0.7392
vn -0.6216 -0.2448 0.7441
vn -0.9245 -0.2385 0.2974
vn -0.9582 -0.2857 -0.0177
vn -0.8499 -0.3780 -0.3671
vn -0.8569 -0.3932 -0.3332
vn -0.8900 -0.2336 -0.3916
vn -0.6511 -0.3270 -0.6850
vn -0.6182 -0.4585 -0.6385
vn -0.7963 -0.5128 -0.3209
vn -0.5862 -0.4941 -0.6420
vn -0.6832 -0.2791 -0.6748
vn -0.7876 -0.5326 -0.3098
vn -0.6914 -0.2494 0.6781
vn -0.6264 -0.5027 0.5957
vn -0.5601 -0.4913 0.6670
vn -0.5699 -0.4047 0.7151
vn -0.7203 0.0716 0.6900
vn -0.8174 -0.1402 0.5587
vn -0.7786 -0.1736 0.6030
vn -0.7939 0.1984 0.5748
vn -0.5878 0.8054 -0.0768
vn -0.6215 0.7395 0.2586
vn -0.6306 0.6164 0.4715
vn -0.7058 0.5618 0.4316
vn -0.5491 0.7292 0.4084
vn -0.4638 0.7453 0.4791
vn 0.1804 0.7034 -0.6875
vn -0.5811 0.6713 0.4601
vn -0.8820 0.3922 0.2612
vn -0.7778 0.5730 0.2580
vn -0.6960 0.6774 -0.2381
vn -0.8325 0.4994 -0.2400
vn -0.9119 -0.1312 0.3889
vn -0.9196 -0.0589 0.3883
vn -0.9959 0.0873 0.0242
vn -0.9988 -0.0309 0.0380
vn -0.9800 -0.1916 0.0545
vn -0.8997 -0.1915 0.3922
vn -0.8323 -0.1662 0.5288
vn -0.8340 0.1966 0.5156
vn -0.9179 0.1603 0.3629
vn -0.9810 0.1936 0.0105
vn -0.9208 0.2584 0.2921
vn -0.9391 0.3437 0.0043
vn -0.9335 0.0186 -0.3581
vn -0.9272 -0.0471 -0.3715
vn -0.9027 0.2518 -0.3490
vn -0.7458 0.0710 -0.6623
vn -0.7344 -0.0231 -0.6783
vn -0.7147 -0.1189 -0.6893
vn -0.9218 -0.0692 -0.3815
vn -0.6707 -0.2519 -0.6976
vn -0.8899 -0.2475 -0.3831
vn -0.4985 0.2080 -0.8416
vn -0.4398 0.2917 -0.8494
vn -0.1876 0.3260 -0.9266
vn -0.2252 0.3040 -0.9257
vn -0.2583 0.0052 -0.9660
vn -0.5225 0.0076 -0.8526
vn -0.7515 0.1271 -0.6474
vn -0.7304 0.1335 -0.6699
vn -0.4443 0.1460 -0.8839
vn -0.2199 0.1434 -0.9649
vn -0.7246 0.0343 -0.6884
vn -0.4449 -0.0082 -0.8955
vn -0.2218 -0.0006 -0.9751
vn -0.3758 -0.3621 -0.8530
vn -0.3377 -0.4659 -0.8179
vn -0.1909 -0.2216 -0.9563
vn -0.2206 -0.1357 -0.9659
vn -0.3612 -0.2754 -0.8909
vn -0.1639 -0.2195 -0.9618
vn -0.5115 0.0904 0.8545
vn -0.5313 0.2571 0.8073
vn -0.5158 0.2085 0.8309
vn -0.4653 0.3285 0.8219
vn -0.4403 0.0633 0.8956
vn -0.7442 0.0380 0.6669
vn -0.7406 0.3015 0.6005
vn -0.5989 0.4418 0.6680
vn -0.3612 0.7932 0.4902
vn -0.8009 0.1209 0.5865
vn -0.9068 0.2741 0.3202
vn -0.9055 0.2719 0.3257
vn -0.9992 0.0358 0.0194
vn -0.9094 0.4155 0.0189
vn -0.9283 -0.0092 0.3718
vn -0.8843 -0.4657 0.0328
vn -0.9041 -0.2563 -0.3420
vn -0.9358 0.0799 -0.3433
vn -0.8855 0.3138 -0.3428
vn -0.6113 -0.7042 0.3610
vn -0.7382 -0.5252 0.4234
vn -0.8014 -0.5912 0.0909
vn -0.5851 -0.8075 0.0750
vn -0.5688 -0.6559 0.4962
vn -0.6645 -0.5002 0.5552
vn -0.8279 -0.3772 0.4151
vn -0.9227 -0.3773 0.0787
vn -0.7493 -0.3824 0.5406
vn -0.8395 -0.4009 -0.3668
vn -0.7224 -0.6061 -0.3327
vn -0.4829 -0.8355 -0.2622
vn -0.4623 -0.7301 0.5032
vn -0.3365 -0.8107 0.4791
vn -0.4067 -0.6757 0.6148
vn -0.5611 -0.5837 0.5870
vn -0.3083 -0.5977 -0.7401
vn -0.4237 -0.4038 -0.8108
vn -0.1486 -0.6538 -0.7419
vn -0.0671 -0.7893 -0.6104
vn -0.4962 -0.1806 -0.8492
vn -0.2249 -0.3475 -0.9103
vn -0.3981 0.2045 -0.8943
vn -0.4193 0.4304 -0.7993
vn -0.2266 0.3932 -0.8911
vn -0.2120 0.0930 -0.9728
vn -0.3415 0.7246 -0.5986
vn -0.1951 0.7177 -0.6685
vn -0.9456 -0.1224 0.3013
vn -0.9499 0.0065 0.3124
vn -0.9995 -0.0290 -0.0076
vn -0.9918 -0.1261 -0.0184
vn -0.6650 -0.2037 0.7185
vn -0.6811 -0.1390 0.7189
vn -0.9227 0.1759 0.3430
vn -0.9937 0.1114 0.0102
vn -0.6549 0.0020 0.7557
vn -0.9173 0.0826 -0.3896
vn -0.9144 -0.0688 -0.3990
vn -0.9076 -0.1254 -0.4006
vn -0.9451 0.2011 0.2575
vn -0.9227 0.3120 -0.2263
vn -0.3510 0.0696 0.9338
vn -0.3197 0.2758 0.9065
vn -0.7629 -0.2923 0.5767
vn -0.9064 -0.1710 0.3863
vn -0.9773 -0.0172 0.2112
vn -0.7270 -0.1429 0.6716
vn -0.4961 0.5519 0.6703
vn -0.5692 0.7250 0.3879
vn -0.6376 0.6952 0.3319
vn -0.7507 0.4793 0.4547
vn -0.8128 0.3551 0.4618
vn -0.0394 0.7243 -0.6884
vn -0.0689 0.3725 -0.9255
vn -0.0076 0.9217 -0.3878
vn -0.0970 0.0943 -0.9908
vn -0.1175 -0.0012 -0.9931
vn -0.0503 -0.4431 -0.8950
vn -0.0169 -0.7410 -0.6713
vn -0.0700 -0.0585 -0.9958
vn 0.0205 -0.8150 -0.5792
vn 0.0489 -0.8143 -0.5783
vn -0.1791 -0.8456 0.5028
vn -0.2153 -0.7062 0.6745
vn -0.1063 -0.9508 0.2910
vn -0.4922 -0.2634 0.8297
vn -0.4795 -0.0549 0.8758
vn -0.9502 0.0306 0.3101
vn -0.9842 0.1369 -0.1119
vn -0.5256 0.6992 0.4847
vn -0.5019 0.6974 0.5116
vn -0.1851 0.3811 0.9058
vn -0.1513 0.3584 0.9212
vn -0.1142 -0.2202 -0.9687
vn -0.1153 -0.2086 -0.9712
vn -0.1144 -0.1830 -0.9764
vn -0.1176 -0.1368 -0.9836
vn -0.1192 0.0001 -0.9929
vn -0.1168 0.1451 -0.9825
vn -0.0983 0.2762 -0.9560
vn -0.0730 0.2281 -0.9709
vn -0.2366 -0.5097 0.8271
vn -0.2237 -0.6106 0.7597
vn -0.6531 0.0442 0.7560
vn -0.4546 0.0105 0.8906
vn -0.3632 -0.5091 0.7803
vn -0.3585 -0.5599 0.7470
vn -0.1171 -0.0277 -0.9927
vn -0.1163 -0.0678 -0.9909
vn -0.1153 -0.1229 -0.9857
vn 0.0839 -0.7939 -0.6022
vn 0.1140 -0.7737 -0.6232
vn 0.1248 -0.8041 -0.5813
vn 0.0876 -0.8522 -0.5158
vn -0.1707 0.4645 0.8689
vn -0.1254 0.7297 0.6721
vn -0.0921 0.9168 0.3887
vn -0.0681 0.9850 0.1585
vn -0.0559 0.9984 -0.0021
vn -0.0135 0.9879 -0.1546
vn 0.0155 -0.9327 -0.3604
vn -0.0237 -0.9951 -0.0959
vn -0.0435 -0.9943 0.0974
vn -0.4679 -0.4573 0.7563
vn -0.4552 -0.5141 0.7270
vn -0.8406 0.1730 0.5132
vn -0.5606 0.6878 0.4612
vn -0.3665 0.0218 0.9301
vn -0.0222 0.6742 -0.7382
vn -0.6354 0.6284 0.4488
vn -0.1392 -0.9266 0.3492
vn -0.2371 -0.9180 0.3179
vn -0.0385 -0.9586 -0.2821
vn 0.0032 -0.9651 -0.2619
vn -0.1283 0.4925 0.8608
vn -0.2340 0.4936 0.8377
vn 0.2079 0.9354 -0.2860
vn 0.3796 0.9032 -0.2002
vn -0.3383 -0.8952 0.2900
vn -0.4394 -0.8722 0.2151
vn -0.1518 -0.9098 -0.3863
vn -0.0995 -0.9417 -0.3214
vn 0.0072 0.2289 0.9734
vn 0.0858 0.0516 0.9950
vn -0.1468 0.4123 0.8991
vn 0.6378 0.7664 0.0762
vn 0.8360 0.5270 0.1531
vn 0.9894 0.1349 0.0535
vn 0.2516 0.2883 0.9239
vn 0.5581 -0.2526 -0.7904
vn 0.8523 -0.4370 -0.2873
vn 0.2717 -0.8054 -0.5268
vn -0.2689 0.5127 0.8154
vn 0.4943 0.8664 -0.0701
vn -0.4393 -0.8956 0.0707
vn -0.0875 -0.8704 -0.4846
vn -0.3514 -0.4140 0.8397
vn -0.4810 -0.3421 0.8072
vn -0.6600 -0.1328 0.7394
vn -0.6738 0.0741 0.7352
vn -0.2023 0.2285 0.9523
vn -0.3224 0.0813 0.9431
vn -0.2089 0.1259 0.9698
vn -0.2114 -0.3411 0.9160
vn -0.7903 0.1422 0.5960
vn -0.5748 -0.2050 0.7922
vn -0.2626 0.8739 0.4090
vn -0.2461 0.7644 0.5959
vn -0.7970 -0.3812 0.4685
vn -0.8854 -0.2113 0.4141
vn -0.8284 0.2691 0.4913
vn -0.7521 0.4178 0.5097
vn -0.2496 0.5972 0.7623
vn -0.6439 -0.5736 0.5063
vn -0.5208 0.6702 0.5287
vn -0.0824 -0.1320 0.9878
vn -0.1671 -0.1370 0.9764
vn -0.3498 -0.2566 0.9010
vn -0.1564 -0.2539 0.9545
vn -0.5899 0.0882 0.8026
vn -0.2555 0.0621 0.9648
vn -0.4219 0.0322 0.9061
vn -0.3180 0.1515 0.9359
vn -0.4467 0.1263 0.8857
vn -0.5068 0.2056 0.8372
vn -0.5078 0.2510 0.8241
vn -0.5110 0.2248 0.8296
vn -0.5099 -0.0794 0.8566
vn -0.3089 0.1550 0.9384
vn -0.4868 0.2069 0.8487
vn -0.1994 0.1284 0.9715
vn -0.2274 0.0432 0.9728
vn -0.3164 0.1357 0.9389
vn -0.2030 -0.0471 0.9780
vn -0.1937 -0.0138 0.9810
vn -0.1594 0.0195 0.9870
vn -0.2023 0.0506 0.9780
vn -0.3508 0.1883 0.9173
vn -0.3893 0.1518 0.9085
vn -0.5032 0.2366 0.8311
vn 0.4745 -0.1186 0.8722
vn 0.4564 -0.1504 0.8770
vn -0.3581 0.1628 0.9194
vn -0.1830 0.0465 0.9820
vn 0.2498 -0.9679 0.0283
vn 0.4262 -0.6329 -0.6464
vn 0.7818 -0.4707 -0.4090
vn 0.7438 -0.6507 0.1526
vn 0.5298 -0.5003 0.6848
vn 0.1074 -0.6713 0.7334
vn -0.1585 -0.6914 0.7049
vn 0.0218 -0.9994 -0.0257
vn 0.1765 -0.6512 -0.7381
vn -0.9743 0.0042 -0.2252
vn -0.5148 0.0191 -0.8571
vn -0.4008 -0.5239 -0.7516
vn -0.6878 -0.7033 -0.1797
vn -0.1643 -0.9841 -0.0679
vn -0.0328 -0.6422 -0.7658
vn -0.3595 -0.6811 0.6379
vn -0.6851 -0.5569 0.4696
vn -0.2382 -0.9675 -0.0844
vn -0.1094 -0.6298 -0.7690
vn 0.1758 -0.6521 -0.7375
vn 0.0133 -0.9995 -0.0277
vn -0.1588 -0.6922 0.7040
vn -0.4298 -0.6678 0.6077
vn -0.8055 -0.4708 0.3598
vn -0.7531 -0.6290 -0.1931
vn -0.5585 -0.4426 -0.7016
vn -0.7386 -0.5572 0.3793
vn -0.8317 -0.3270 0.4488
vn -0.9337 -0.3377 0.1188
vn -0.7927 -0.6045 0.0785
vn -0.3106 -0.9488 0.0574
vn -0.2821 -0.9194 0.2742
vn -0.0795 -0.8315 0.5498
vn -0.3653 -0.5287 0.7661
vn -0.4102 -0.4012 0.8190
vn -0.2165 -0.9754 -0.0419
vn -0.1446 -0.9652 0.2179
vn 0.0104 -0.9994 0.0341
vn -0.0079 -0.9966 -0.0822
vn 0.0515 -0.8674 -0.4949
vn -0.0867 -0.9183 -0.3863
vn -0.0968 -0.9561 -0.2766
vn -0.1802 -0.9827 -0.0428
vn -0.1173 -0.9749 0.1895
vn 0.7887 -0.5878 0.1803
vn 0.6292 -0.7772 0.0029
vn 0.3229 -0.9139 -0.2459
vn 0.5995 -0.7984 -0.0554
vn 0.8235 -0.5627 0.0723
vn 0.8415 -0.3974 0.3660
vn 0.5340 -0.2595 0.8047
vn 0.5903 -0.3259 0.7384
vn 0.5309 -0.6447 0.5500
vn -0.8426 -0.2316 0.4862
vn -0.9751 -0.1626 0.1510
vn -0.4166 -0.3620 0.8339
vn -0.0192 -0.5315 0.8469
vn 0.0334 -0.8652 0.5003
vn -0.0034 -0.8585 0.5128
vn 0.0641 -0.5532 0.8306
vn 0.0684 -0.4679 0.8812
vn -0.0466 -0.4634 0.8849
vn 0.9743 -0.0132 0.2248
vn 0.5845 -0.0245 0.8110
vn 0.5614 -0.4832 0.6719
vn 0.7545 -0.6377 0.1554
vn 0.2310 -0.5508 -0.8020
vn 0.1684 -0.6150 -0.7703
vn 0.1158 -0.6085 -0.7851
vn 0.0831 -0.5760 -0.8132
vn 0.2520 -0.5777 -0.7763
vn 0.5593 -0.4796 -0.6761
vn 0.5467 -0.5377 -0.6419
vn 0.5247 -0.6362 -0.5657
vn -0.1612 -0.3666 -0.9163
vn 0.0849 -0.4171 -0.9049
vn -0.1332 -0.3957 -0.9087
vn -0.6504 -0.2202 -0.7270
vn -0.6385 -0.2599 -0.7244
vn 0.4210 0.0222 -0.9068
vn 0.2115 0.0256 -0.9770
vn 0.2569 -0.9660 0.0301
vn 0.4386 -0.6316 -0.6392
vn 0.8043 -0.4547 -0.3827
vn 0.1217 -0.6698 0.7325
vn -0.9365 -0.1624 -0.3108
vn -0.9289 -0.2501 -0.2732
vn -0.9394 -0.3338 -0.0783
vn -0.9825 -0.1533 -0.1062
vn 0.6734 -0.6720 -0.3082
vn 0.5821 -0.7927 -0.1809
vn 0.7731 -0.5017 -0.3880
vn 0.7958 -0.5810 -0.1706
vn 0.5748 -0.8131 -0.0918
vn 0.2993 -0.9527 0.0519
vn -0.2332 -0.9642 0.1263
vn -0.1165 -0.9283 0.3532
vn -0.0136 -0.9910 0.1329
vn -0.0120 -0.9992 -0.0387
vn -0.1921 -0.9594 -0.2067
vn -0.1723 -0.9777 -0.1199
vn -0.2039 -0.9674 0.1505
vn -0.1224 -0.9494 0.2893
vn -0.8186 -0.5329 -0.2142
vn -0.5488 -0.4918 -0.6760
vn -0.2383 -0.8949 -0.3774
vn -0.3569 -0.9202 -0.1606
vn -0.3263 -0.9451 -0.0180
vn -0.7946 -0.6055 -0.0440
vn 0.2528 -0.9675 0.0089
vn 0.3213 -0.6455 -0.6929
vn 0.7095 -0.4792 -0.5167
vn 0.7594 -0.6488 0.0478
vn 0.6306 -0.4884 0.6031
vn 0.2215 -0.6575 0.7201
vn -0.0449 -0.6778 0.7339
vn 0.0193 -0.9998 -0.0080
vn 0.0600 -0.6652 -0.7443
vn -0.9975 0.0017 -0.0705
vn -0.6424 0.0046 -0.7664
vn -0.5130 -0.5369 -0.6697
vn -0.7065 -0.7055 -0.0563
vn -0.1136 0.0097 -0.9935
vn 0.0559 0.0089 -0.9984
vn -0.1514 -0.6564 -0.7391
vn -0.1713 -0.9850 -0.0213
vn -0.2538 -0.6685 0.6990
vn -0.6020 -0.5473 0.5814
vn -0.2469 -0.9687 -0.0264
vn -0.2277 -0.6439 -0.7305
vn 0.0594 -0.6660 -0.7435
vn 0.0105 -0.9999 -0.0087
vn -0.0454 -0.6786 0.7331
vn -0.3280 -0.6558 0.6800
vn -0.7384 -0.4631 0.4902
vn -0.7731 -0.6314 -0.0605
vn -0.6610 -0.4543 -0.5972
vn -0.1550 0.0100 -0.9879
vn -0.7040 0.0113 -0.7101
vn 0.2739 0.0062 -0.9617
vn 0.2600 -0.9656 0.0094
vn 0.3348 -0.6441 -0.6878
vn 0.7358 -0.4627 -0.4945
vn 0.7704 -0.6358 0.0486
vn 0.6597 -0.4716 0.5851
vn 0.2355 -0.6561 0.7170
vn 0.2527 -0.9675 -0.0105
vn 0.2120 -0.6587 -0.7219
vn 0.6227 -0.4894 -0.6106
vn 0.7587 -0.6489 -0.0567
vn 0.7162 -0.4784 0.5081
vn 0.3304 -0.6444 0.6896
vn 0.0698 -0.6640 0.7445
vn 0.0194 -0.9998 0.0095
vn -0.0546 -0.6789 -0.7322
vn -0.2654 -0.0067 -0.9641
vn -0.0989 -0.0077 -0.9951
vn -0.2630 -0.6696 -0.6946
vn -0.1004 0.0112 0.9949
vn -0.1416 -0.6552 0.7421
vn 0.0690 0.0103 0.9976
vn -0.1710 -0.9849 0.0252
vn -0.5041 -0.5359 0.6773
vn -0.7057 -0.7054 0.0667
vn -0.6097 -0.5481 -0.5726
vn -0.2465 -0.9686 0.0313
vn -0.3370 -0.6568 -0.6746
vn -0.0550 -0.6798 -0.7314
vn 0.0106 -0.9999 0.0103
vn 0.0692 -0.6649 0.7437
vn -0.2180 -0.6427 0.7344
vn -0.6531 -0.4534 0.6066
vn -0.7723 -0.6312 0.0717
vn -0.7448 -0.4639 -0.4797
vn -0.3055 -0.0064 -0.9522
vn -0.0840 -0.0090 -0.9964
vn 0.1223 -0.0103 -0.9924
vn 0.6782 -0.0104 -0.7348
vn 0.2599 -0.9656 -0.0112
vn 0.2261 -0.6572 -0.7190
vn 0.6520 -0.4725 -0.5930
vn 0.7697 -0.6358 -0.0577
vn 0.7422 -0.4619 0.4856
vn 0.3438 -0.6430 0.6843
vn 0.2488 -0.9680 -0.0325
vn 0.0821 -0.6743 -0.7339
vn 0.5061 -0.5031 -0.7006
vn 0.7382 -0.6514 -0.1752
vn 0.7954 -0.4691 0.3839
vn 0.4481 -0.6303 0.6340
vn 0.2018 -0.6481 0.7343
vn 0.0228 -0.9993 0.0295
vn -0.1828 -0.6943 -0.6961
vn -0.9660 0.0052 0.2586
vn -0.8574 -0.0197 -0.5144
vn -0.7009 -0.5587 -0.4433
vn -0.6812 -0.7025 0.2063
vn -0.4323 -0.0248 -0.9014
vn -0.3814 -0.6837 -0.6222
vn -0.1618 -0.9837 0.0780
vn -0.0063 -0.6391 0.7691
vn -0.3745 -0.5209 0.7671
vn -0.2351 -0.9671 0.0969
vn -0.4506 -0.6702 -0.5897
vn -0.1831 -0.6951 -0.6952
vn 0.0143 -0.9994 0.0318
vn 0.2011 -0.6490 0.7337
vn -0.0827 -0.6267 0.7749
vn -0.5339 -0.4398 0.7222
vn -0.7459 -0.6281 0.2217
vn -0.8174 -0.4722 -0.3298
vn -0.4696 -0.0243 -0.8825
vn -0.2596 -0.0279 -0.9653
vn -0.9660 0.0141 0.2581
vn -0.5563 0.0277 0.8305
vn 0.4520 0.0255 0.8917
vn 0.2451 0.0292 0.9691
vn 0.4696 0.0243 0.8825
vn 0.4603 -0.6290 0.6264
vn 0.8169 -0.4532 0.3568
vn 0.8973 0.0101 0.4414
vn 0.2596 0.0279 0.9653
vn 0.2557 -0.9661 -0.0345
vn 0.0964 -0.6728 -0.7335
vn 0.5380 -0.4859 -0.6888
vn 0.7488 -0.6384 -0.1784
vn -0.9875 -0.1576 0.0043
vn -0.9330 -0.3598 0.0039
vn 0.5275 -0.8472 -0.0626
vn 0.2021 -0.9743 -0.0998
vn 0.7941 -0.6063 -0.0415
vn 0.0613 -0.9910 -0.1191
vn 0.0654 -0.9971 -0.0393
vn 0.0299 -0.9743 0.2234
vn 0.0462 -0.9172 -0.3957
vn -0.7860 -0.6182 0.0043
vn -0.3195 -0.9476 0.0055
vn 0.0503 -0.9987 0.0003
vn 0.0595 -0.9980 -0.0222
vn 0.0561 -0.9969 0.0559
vn 0.0641 -0.9934 -0.0955
vn -0.0072 -0.8833 -0.4687
vn 0.2936 -0.4048 -0.8660
vn 0.6023 -0.3074 -0.7367
vn -0.0717 -0.4916 -0.8679
vn 0.1545 -0.3846 0.9101
vn 0.0903 -0.6402 0.7629
vn 0.1817 -0.3760 0.9086
vn 0.0785 -0.9815 0.1748
vn 0.0223 -0.9954 0.0934
vn 0.0126 -0.9749 -0.2222
vn 0.1548 -0.9706 -0.1844
vn 0.1894 -0.9819 0.0051
vn 0.1293 -0.9714 0.1994
vn 0.0171 -0.9598 0.2802
vn 0.0724 -0.9963 -0.0467
vn 0.1059 -0.9403 -0.3234
vn 0.2194 -0.9426 -0.2517
vn 0.2594 -0.9643 -0.0532
vn 0.1898 -0.9696 0.1547
vn 0.0252 -0.9733 0.2282
vn -0.0106 -0.8709 -0.4913
vn 0.2367 -0.9049 -0.3538
vn 0.0009 -0.9140 0.4057
vn 0.2514 -0.9424 0.2204
vn 0.0250 -0.8655 0.5003
vn 0.2922 -0.9041 0.3116
vn 0.1216 -0.7767 -0.6181
vn 0.3888 -0.8114 -0.4364
vn 0.4148 -0.9076 -0.0650
vn 0.4830 -0.8732 -0.0653
vn 0.2036 -0.3163 0.9266
vn 0.5144 -0.2203 0.8287
vn 0.5305 0.0149 0.8476
vn 0.2317 0.0390 0.9720
vn 0.0807 -0.3765 0.9229
vn 0.9747 -0.2213 -0.0309
vn 0.9505 -0.2134 -0.2260
vn 0.9677 0.1001 -0.2312
vn 0.9940 0.1035 -0.0340
vn 0.9636 -0.2118 0.1629
vn 0.8593 -0.2212 -0.4611
vn 0.8574 -0.1805 0.4819
vn 0.8658 0.0361 0.4990
vn -0.0472 -0.4015 0.9147
vn -0.0487 0.0095 0.9988
vn -0.4372 -0.0493 0.8980
vn 0.3878 -0.8160 -0.4287
vn 0.9332 -0.3119 -0.1786
vn 0.3787 -0.8691 -0.3182
vn 0.0295 -0.9994 -0.0155
vn -0.0113 -0.9999 -0.0096
vn -0.2912 0.9558 0.0397
vn 0.0401 0.9980 0.0493
vn 0.1553 0.9878 0.0104
vn -0.9999 -0.0024 -0.0101
vn -0.8391 -0.0177 0.5436
vn 0.0433 0.0268 -0.9987
vn -0.4009 -0.0214 0.9159
vn -0.2406 -0.0230 0.9703
vn 0.0991 0.0522 0.9937
vn 0.9822 0.0811 0.1696
vn -0.2261 -0.0243 0.9738
vn -0.5845 0.0245 -0.8110
vn 0.8816 0.0084 -0.4720
vn -0.0213 -0.0260 0.9994
vn 0.4389 0.0209 -0.8983
vn -0.0015 -0.0270 0.9996
vn 0.9975 -0.0091 0.0704
vn 0.7832 0.0013 -0.6217
vn 0.6878 -0.0094 0.7258
vn -0.0708 -0.0076 0.9975
vn 0.1354 -0.0089 0.9907
vn 0.9965 -0.0092 -0.0835
vn 0.7913 0.0022 0.6114
vn -0.1420 0.0114 0.9898
vn 0.9965 -0.0108 -0.0835
vn 0.2866 0.0075 0.9580
vn 0.9660 -0.0125 -0.2582
vn 0.8871 0.0128 0.4614
vn 0.0360 0.0308 0.9989
vn -0.8973 -0.0101 -0.4414
vn 0.9660 -0.0141 -0.2581
vn 0.5562 -0.0277 -0.8306
vn -0.0360 -0.0308 -0.9989
vn -0.6296 0.2216 -0.7446
vn 0.0017 -0.2928 0.9562
vn -0.9620 -0.0788 0.2613
vn -1.0000 -0.0010 0.0025
vn -0.6072 -0.2253 0.7619
vn -0.6105 0.2243 -0.7596
vn -0.9634 0.0770 -0.2569
vn 0.9620 0.0788 -0.2613
vn -0.9862 0.0884 0.1397
vn -0.9500 -0.0042 -0.3123
vn -0.8690 -0.0090 0.4947
vn -0.2505 -0.7432 -0.6204
vn -0.7591 0.1302 -0.6379
vn -0.7480 -0.2047 -0.6314
vn 0.9537 0.3002 0.0188
vn -0.6785 0.4943 -0.5434
vn -0.7581 0.1337 -0.6383
vn 0.5617 0.8261 -0.0445
vn -0.0682 0.9716 -0.2267
vn 0.9135 -0.4054 -0.0350
vn -0.4945 0.4895 -0.7183
vn -0.6780 0.0981 -0.7284
vn -0.4814 0.8149 0.3229
vn -0.3896 0.8586 0.3332
vn 0.3125 0.6227 0.7173
vn 0.4995 0.4644 0.7313
vn -0.8753 0.1512 0.4594
vn -0.0222 0.6110 0.7913
vn 0.0061 -0.8621 0.5066
vn -0.1253 -0.8736 0.4703
vn -0.5572 0.6839 0.4710
vn 0.5425 -0.5626 0.6239
vn 0.2506 -0.8123 0.5266
vn 0.6256 0.1807 0.7589
vn 0.6582 -0.1564 0.7364
vn -0.3946 -0.7741 0.4951
vn -0.9027 0.0047 0.4303
vn 0.0684 0.5024 0.8620
vn 0.1543 0.4244 0.8922
vn 0.2843 0.3068 0.9083
vn 0.4195 0.1173 0.9001
vn 0.4789 -0.0856 0.8737
vn 0.1601 -0.2432 0.9567
vn 0.4157 -0.2047 0.8862
vn 0.8141 -0.5742 -0.0870
vn 0.8191 -0.5731 0.0256
vn 0.1798 -0.9837 0.0013
vn 0.1883 -0.9819 -0.0203
vn -0.0000 -1.0000 -0.0010
vn -0.0000 -1.0000 -0.0005
vn -0.1798 -0.9837 0.0013
vn -0.1883 -0.9819 -0.0203
vn -0.1977 -0.9800 -0.0223
vn -0.0000 -1.0000 -0.0004
vn 0.1977 -0.9800 -0.0223
vn -0.0000 0.9289 0.3704
vn -0.0000 0.9966 0.0827
vn -0.5777 0.8127 0.0758
vn -0.5318 0.7255 0.4368
vn 0.5318 0.7255 0.4368
vn 0.5777 0.8127 0.0758
vn -0.0000 0.6042 0.7968
vn 0.3212 0.5575 0.7655
vn -0.3212 0.5575 0.7655
vn -0.0000 0.1508 0.9886
vn -0.4900 0.2181 0.8440
vn -0.4966 -0.0000 0.8680
vn -0.0000 -0.0000 1.0000
vn 0.4900 0.2181 0.8440
vn 0.4966 -0.0000 0.8680
vn -0.8779 0.2412 0.4137
vn -0.9630 0.2648 0.0503
vn -0.9993 -0.0000 0.0384
vn -0.9134 -0.0000 0.4071
vn 0.8779 0.2412 0.4137
vn 0.9630 0.2648 0.0503
vn 0.9134 -0.0000 0.4071
vn 0.9993 -0.0000 0.0384
vn -0.0000 -0.4664 0.8846
vn -0.4321 -0.5184 0.7379
vn -0.0000 0.3970 -0.9178
vn -0.0000 0.9780 -0.2086
vn 0.5672 0.7794 -0.2662
vn 0.2445 0.4336 -0.8673
vn -0.2445 0.4336 -0.8673
vn -0.5672 0.7794 -0.2662
vn -0.0000 -0.6463 -0.7630
vn 0.2913 -0.4547 -0.8417
vn -0.2913 -0.4547 -0.8417
vn 0.5125 -0.0119 -0.8586
vn 0.9166 0.1488 -0.3711
vn 0.6005 0.3447 -0.7215
vn 0.0172 0.0459 -0.9988
vn -0.4506 0.0015 -0.8927
vn -0.2989 0.4698 -0.8306
vn -0.5125 -0.0119 -0.8586
vn -0.9166 0.1488 -0.3711
vn -0.0172 0.0459 -0.9988
vn -0.6005 0.3448 -0.7215
vn 0.4506 0.0015 -0.8927
vn 0.2989 0.4698 -0.8306
vn -0.0000 -0.7065 -0.7078
vn -0.3288 -0.5101 -0.7948
vn 0.3288 -0.5101 -0.7948
vn -0.0000 -0.7141 -0.7001
vn 0.3086 -0.5479 -0.7775
vn -0.3086 -0.5480 -0.7775
vn -0.5188 0.0025 -0.8549
vn -0.3374 0.5283 -0.7792
vn -0.5312 0.0054 -0.8472
vn -0.3134 0.5722 -0.7579
vn 0.5188 0.0025 -0.8549
vn 0.3374 0.5283 -0.7792
vn 0.5313 0.0054 -0.8472
vn 0.3135 0.5721 -0.7579
vn -0.8498 -0.0000 -0.5271
vn -0.9719 -0.0000 -0.2354
vn -0.2705 0.9606 -0.0645
vn -0.2928 0.8981 -0.3283
vn -0.1264 0.7711 -0.6240
vn -0.3652 -0.0000 -0.9309
vn 0.9869 -0.0000 -0.1612
vn 0.9719 -0.0000 -0.2354
vn 0.2705 0.9606 -0.0645
vn 0.2327 0.9719 -0.0357
vn -0.0000 0.9918 -0.1280
vn -0.0000 1.0000 -0.0027
vn 0.2928 0.8981 -0.3283
vn -0.0000 0.7659 -0.6429
vn 0.1264 0.7711 -0.6240
vn -0.0000 1.0000 -0.0019
vn -0.2327 0.9719 -0.0357
vn -0.0000 1.0000 -0.0012
vn 0.2123 0.9768 -0.0267
vn -0.2123 0.9768 -0.0267
vn -0.0000 0.9964 -0.0851
vn -0.0000 0.8095 -0.5872
vn 0.1525 0.9134 -0.3775
vn -0.1525 0.9134 -0.3775
vn -0.0000 0.5803 -0.8144
vn -0.0000 0.6712 -0.7412
vn -0.0000 0.7337 -0.6794
vn -0.0000 0.7416 -0.6708
vn 0.9582 0.2589 -0.1217
vn 0.5789 0.8093 -0.0999
vn 0.9865 0.0098 -0.1635
vn -0.9582 0.2589 -0.1217
vn -0.9865 0.0098 -0.1635
vn -0.5789 0.8093 -0.0999
vn -0.0000 0.9975 -0.0713
vn 0.9982 0.0557 -0.0209
vn 0.9064 -0.4215 -0.0279
vn 0.5897 -0.4025 -0.7001
vn 0.6430 0.0224 -0.7655
vn 0.6689 0.1287 -0.7321
vn 0.9647 0.2634 -0.0016
vn 0.6485 0.1772 0.7403
vn 0.6603 0.0270 0.7505
vn 0.6076 -0.4121 0.6790
vn -0.0000 0.0037 1.0000
vn -0.0000 -0.3928 0.9196
vn -0.0000 0.0927 0.9957
vn -0.0000 0.0009 -1.0000
vn -0.0000 0.0032 -1.0000
vn -0.0000 -0.3766 -0.9264
vn -0.0000 0.2082 0.9781
vn 0.5974 0.3470 0.7229
vn 0.4544 0.6090 0.6501
vn -0.0000 0.5541 0.8325
vn -0.0000 0.0027 -1.0000
vn 0.6611 0.2342 -0.7128
vn -0.0000 -0.0082 -1.0000
vn 0.5871 0.0304 -0.8089
vn 0.8809 0.4732 -0.0062
vn 0.9794 0.1657 -0.1158
vn -0.0000 -0.1070 0.9943
vn 0.8391 -0.4036 0.3646
vn 0.5946 -0.6524 0.4699
vn -0.0000 -0.7244 0.6893
vn -0.0000 0.0675 -0.9977
vn 0.5506 -0.1172 -0.8265
vn -0.0000 0.1761 -0.9844
vn 0.6539 -0.0851 -0.7518
vn 0.8339 -0.4926 -0.2491
vn 0.8835 -0.4426 -0.1535
vn -0.0000 -0.1299 0.9915
vn 0.6905 -0.0680 0.7201
vn 0.5052 0.5773 0.6415
vn -0.0000 0.5524 0.8336
vn -0.0000 0.2953 -0.9554
vn 0.6755 0.2466 -0.6949
vn -0.0000 0.7452 -0.6669
vn 0.5173 0.7492 -0.4137
vn 0.9963 0.0828 -0.0219
vn 0.7382 0.6670 0.1009
vn -0.0000 0.9593 0.2824
vn 0.0666 0.9639 0.2577
vn -0.2227 0.9742 0.0355
vn -0.0000 0.9999 -0.0114
vn -0.0000 0.9886 0.1508
vn 0.0498 0.9852 0.1642
vn -0.0000 0.6494 0.7604
vn -0.2487 0.7743 0.5818
vn 0.0539 0.9689 0.2416
vn -0.3125 0.8955 0.3168
vn -0.0000 0.9699 0.2433
vn -0.3588 0.9019 0.2406
vn -0.2843 0.7868 0.5478
vn -0.0000 0.7827 0.6224
vn -0.0000 0.9845 -0.1753
vn -0.2949 0.9504 -0.0984
vn -0.0000 0.9774 -0.2116
vn -0.2937 0.9527 -0.0786
vn -0.0000 0.5394 0.8420
vn -0.3527 0.6427 0.6801
vn -0.4568 0.8484 0.2674
vn -0.0000 -0.7408 0.6718
vn 0.3649 -0.7938 0.4865
vn 0.3535 -0.7844 -0.5096
vn -0.0000 -0.7311 -0.6823
vn 0.5670 -0.8236 -0.0162
vn -0.9869 -0.0000 -0.1612
vn -0.2327 -0.9719 -0.0357
vn -0.2123 -0.9768 -0.0267
vn -0.9905 -0.0000 -0.1377
vn -0.0000 -1.0000 -0.0019
vn -0.2705 -0.9606 -0.0645
vn -0.0000 -1.0000 -0.0027
vn 0.2705 -0.9606 -0.0645
vn 0.2327 -0.9719 -0.0357
vn 0.2123 -0.9768 -0.0267
vn -0.0000 -1.0000 -0.0012
vn -0.0000 -0.9918 -0.1280
vn -0.2928 -0.8981 -0.3283
vn -0.1264 -0.7711 -0.6240
vn -0.0000 -0.7659 -0.6429
vn 0.1264 -0.7711 -0.6240
vn 0.2928 -0.8981 -0.3283
vn -0.2054 -0.9784 -0.0213
vn 0.2054 -0.9784 -0.0213
vn 0.9373 -0.1522 -0.3134
vn 0.9905 -0.0000 -0.1377
vn -0.7765 -0.5372 0.3293
vn -0.8191 -0.5731 0.0256
vn -0.1880 -0.9761 0.1088
vn -0.0000 -0.9992 0.0403
vn 0.1880 -0.9761 0.1088
vn 0.0946 -0.9601 0.2632
vn -0.0000 -0.9407 0.3392
vn -0.0946 -0.9601 0.2632
vn 0.7765 -0.5372 0.3293
vn 0.4321 -0.5184 0.7379
vn 0.8959 -0.3909 -0.2111
vn -0.8141 -0.5742 -0.0870
vn -0.8959 -0.3909 -0.2111
vn 0.3652 -0.0000 -0.9309
vn -0.9373 -0.1522 -0.3134
vn 0.8498 -0.0000 -0.5271
vn -0.6005 0.3447 -0.7215
vn 0.6005 0.3448 -0.7215
vn -0.3086 -0.5479 -0.7775
vn 0.3086 -0.5480 -0.7775
vn 0.5312 0.0054 -0.8472
vn 0.3134 0.5722 -0.7579
vn -0.3135 0.5721 -0.7579
vn -0.5313 0.0054 -0.8472
vn -0.9982 0.0557 -0.0209
vn -0.6430 0.0224 -0.7655
vn -0.5897 -0.4025 -0.7001
vn -0.9064 -0.4215 -0.0279
vn -0.9647 0.2634 -0.0016
vn -0.6689 0.1287 -0.7321
vn -0.6603 0.0270 0.7505
vn -0.6485 0.1772 0.7403
vn -0.6076 -0.4121 0.6790
vn -0.5974 0.3470 0.7229
vn -0.4544 0.6090 0.6501
vn -0.6611 0.2342 -0.7128
vn -0.5871 0.0304 -0.8089
vn -0.8809 0.4732 -0.0062
vn -0.9794 0.1657 -0.1158
vn -0.8391 -0.4036 0.3646
vn -0.5946 -0.6524 0.4699
vn -0.5506 -0.1172 -0.8265
vn -0.6539 -0.0851 -0.7518
vn -0.8339 -0.4926 -0.2491
vn -0.8835 -0.4426 -0.1535
vn -0.6905 -0.0680 0.7201
vn -0.5052 0.5773 0.6415
vn -0.6755 0.2466 -0.6949
vn -0.5173 0.7492 -0.4137
vn -0.9963 0.0828 -0.0219
vn -0.7382 0.6670 0.1009
vn -0.0666 0.9639 0.2577
vn 0.2227 0.9742 0.0355
vn -0.0498 0.9852 0.1642
vn 0.2487 0.7743 0.5818
vn -0.0539 0.9689 0.2416
vn 0.3125 0.8955 0.3168
vn 0.2843 0.7868 0.5478
vn 0.3588 0.9019 0.2406
vn 0.2949 0.9504 -0.0984
vn 0.2937 0.9527 -0.0786
vn 0.3527 0.6427 0.6801
vn 0.4568 0.8484 0.2674
vn -0.3649 -0.7938 0.4865
vn -0.3535 -0.7844 -0.5096
vn -0.5670 -0.8236 -0.0162
vn -0.5600 -0.1389 -0.8167
vn 0.8232 0.0333 -0.5668
vn 0.7486 -0.5274 -0.4017
vn -0.2652 -0.7369 -0.6218
vn -0.5842 -0.0485 -0.8102
vn -0.5776 -0.1653 -0.7994
vn 0.8402 -0.0871 -0.5353
vn 0.8575 -0.0137 -0.5143
vn -0.6278 0.0921 -0.7729
vn -0.1382 0.3759 -0.9163
vn 0.7960 0.1450 -0.5877
vn 0.7650 -0.4031 -0.5024
vn 0.5666 0.1335 0.8131
vn 0.5393 0.0379 0.8413
vn -0.5912 -0.1786 -0.7865
vn 0.7998 -0.1401 -0.5837
vn -0.3868 0.3182 -0.8656
vn 0.2692 0.4015 -0.8754
vn 0.3721 -0.2767 -0.8860
vn -0.3075 -0.3631 -0.8795
vn -0.2714 -0.3983 0.8762
vn 0.3881 -0.3147 0.8662
vn 0.3060 0.3664 0.8787
vn -0.3714 0.2800 0.8853
vn -0.3533 0.2727 -0.8949
vn 0.3130 0.3099 -0.8978
vn 0.3532 -0.3728 -0.8581
vn -0.3189 -0.4103 -0.8544
vn -0.3130 -0.3099 0.8978
vn 0.3533 -0.2727 0.8949
vn 0.3189 0.4103 0.8544
vn -0.3532 0.3728 0.8580
vn -0.3441 0.2397 -0.9078
vn 0.3271 0.2575 -0.9092
vn 0.3434 -0.4236 -0.8382
vn -0.3249 -0.4413 -0.8365
vn -0.3271 -0.2575 0.9092
vn 0.3441 -0.2397 0.9078
vn 0.3249 0.4413 0.8365
vn -0.3434 0.4236 0.8382
vn -0.3308 0.2379 -0.9132
vn 0.3440 0.2259 -0.9114
vn 0.3246 -0.4541 -0.8297
vn -0.3404 -0.4420 -0.8299
vn -0.3423 -0.2305 0.9109
vn 0.3289 -0.2425 0.9127
vn 0.3424 0.4376 0.8314
vn -0.3268 0.4497 0.8313
vn -0.3293 0.1685 -0.9291
vn 0.3560 0.1278 -0.9257
vn 0.3045 -0.5420 -0.7832
vn -0.3568 -0.5029 -0.7873
vn -0.3560 -0.1278 0.9257
vn 0.3293 -0.1685 0.9291
vn 0.3568 0.5029 0.7873
vn -0.3045 0.5420 0.7832
vn 0.9139 -0.2206 -0.3409
vn 0.4555 -0.8358 -0.3066
vn -0.4525 0.8377 0.3059
vn -0.9119 0.2298 0.3401
vn 0.2072 0.8984 -0.3873
vn 0.8074 0.4600 -0.3695
vn -0.3836 0.8812 0.2762
vn -0.8910 0.3171 0.3248
vn 0.8790 -0.3585 -0.3142
vn 0.3569 -0.8977 -0.2585
vn -0.3569 0.8977 0.2585
vn -0.8790 0.3585 0.3142
vn -0.3170 0.9143 0.2521
vn -0.8648 0.3960 0.3089
vn -0.8631 0.3207 -0.3902
vn -0.2932 0.8374 -0.4613
vn -0.2791 0.9352 0.2182
vn -0.8401 0.4628 0.2829
vn -0.8121 -0.4516 0.3695
vn 0.2223 0.9280 0.2992
vn 0.2886 0.9178 0.2726
vn -0.3114 -0.9149 -0.2568
vn -0.3130 -0.8494 0.4250
vn 0.3583 -0.8320 0.4235
vn -0.3202 0.8439 -0.4305
vn 0.3574 0.8297 -0.4287
vn 0.3547 0.9001 0.2529
vn -0.3824 -0.8970 -0.2218
vn 0.2791 -0.9352 -0.2182
vn -0.8990 -0.2161 0.3808
vn 0.3824 0.8970 0.2218
vn -0.3262 0.0775 0.9421
vn -0.3252 0.1051 0.9398
vn -0.3174 0.0931 0.9437
vn -0.3246 0.0794 0.9425
vn 0.2024 -0.1833 -0.9620
vn 0.0959 -0.1373 -0.9859
vn 0.1042 -0.2091 -0.9723
vn 0.2001 -0.1840 -0.9623
vn 0.4475 -0.8792 -0.1639
vn 0.4703 -0.8193 -0.3279
vn 0.8402 -0.2858 -0.4609
vn 0.9454 -0.3085 -0.1049
vn 0.8848 -0.3588 0.2975
vn 0.4263 -0.9010 -0.0809
vn 0.3634 -0.9152 -0.1740
vn 0.4203 -0.8941 -0.1549
vn 0.4167 -0.5509 0.7231
vn -0.0190 -0.7686 0.6394
vn -0.5994 -0.7963 -0.0815
vn -0.1128 -0.7852 -0.6088
vn 0.1442 0.4107 -0.9003
vn 0.0607 0.4923 -0.8683
vn 0.5540 -0.8268 -0.0978
vn 0.4869 -0.8589 -0.1588
vn -0.7073 -0.1759 -0.6847
vn -0.3682 -0.5350 -0.7604
vn 0.2061 -0.8068 -0.5537
vn 0.8403 0.5416 0.0248
vn 0.7640 0.5209 -0.3808
vn 0.7453 0.4516 0.4905
vn 0.3704 0.9192 0.1337
vn 0.3039 0.8264 0.4740
vn 0.3396 0.9320 -0.1267
vn -0.4679 0.1265 0.8747
vn 0.0664 0.3302 0.9416
vn -0.9991 0.0422 0.0075
vn -0.4365 0.6793 0.5899
vn -0.7095 0.6901 0.1424
vn -0.1065 0.6990 0.7072
vn -0.7747 0.3777 -0.5072
vn -0.7293 0.0399 -0.6830
vn -0.7682 0.6395 -0.0283
vn -0.8798 0.4141 -0.2332
vn -0.6266 0.7789 0.0269
vn -0.4313 0.8522 0.2963
vn 0.4544 0.3563 0.8165
vn 0.6925 -0.4189 0.5873
vn 0.0586 0.7123 0.6995
vn -0.0816 0.9955 0.0482
vn -0.0766 0.9969 0.0192
vn 0.1800 0.8413 -0.5097
vn 0.0715 0.7975 -0.5991
vn -0.1940 0.8386 0.5091
vn -0.2970 0.8615 0.4118
vn -0.0642 0.9972 0.0373
vn -0.3734 0.8739 0.3113
vn 0.2816 0.8989 -0.3357
vn -0.0492 0.9934 0.1039
vn -0.3848 0.8764 0.2897
vn -0.0428 0.9753 0.2165
vn -0.3725 0.8806 0.2930
vn -0.1127 0.9118 0.3949
vn -0.2905 0.8425 0.4536
vn -0.7454 0.5901 0.3102
vn -0.9258 0.3039 0.2246
vn -0.7651 0.4715 0.4386
vn -0.8963 0.1000 0.4320
vn 0.6092 0.4209 -0.6721
vn 0.6527 -0.2316 -0.7214
vn 0.4214 -0.1891 -0.8869
vn 0.4035 0.2764 -0.8722
vn -0.3029 0.3188 0.8981
vn -0.5245 0.0953 0.8460
vn -0.4920 0.3774 0.7845
vn 0.1806 0.1552 -0.9712
vn -0.7068 0.4142 0.5735
vn -0.7891 0.0718 0.6101
vn -0.9173 0.3361 -0.2135
vn -0.7871 0.0377 0.6156
vn -0.5128 0.0996 0.8527
vn -0.9118 0.0010 0.4106
vn 0.3354 -0.9295 -0.1534
vn 0.4986 -0.6455 -0.5785
vn 0.4129 -0.3528 -0.8397
vn -0.9647 0.2127 0.1551
vn 0.5611 -0.7690 -0.3062
vn 0.6749 -0.3434 -0.6531
vn -0.9759 0.1727 0.1334
vn -0.9596 0.1860 -0.2111
vn -0.9216 -0.0162 0.3879
vn 0.0590 0.6786 -0.7322
vn -0.1020 0.9917 0.0786
vn -0.2043 0.7904 0.5775
vn -0.3221 0.1782 0.9298
vn 0.1241 0.0433 -0.9913
vn -0.2886 -0.9178 -0.2726
vn 0.3836 -0.8812 -0.2762
vn 0.3812 -0.8300 0.4073
vn -0.2852 -0.8662 0.4103
vn 0.8650 -0.3254 0.3820
vn 0.8599 -0.4079 -0.3070
vn 0.8816 0.2823 -0.3783
vn 0.8775 0.3650 0.3110
vn 0.8631 -0.3207 0.3902
vn 0.8401 -0.4628 -0.2829
vn 0.8990 0.2161 -0.3808
vn 0.8858 0.3604 0.2924
vn -0.8534 -0.4145 -0.3160
vn -0.8477 -0.3736 0.3767
vn 0.3154 -0.8459 0.4300
vn 0.3123 -0.9161 -0.2514
vn -0.2109 -0.8974 0.3877
vn 0.4499 -0.8088 0.3788
vn 0.9078 -0.2338 0.3482
vn 0.8329 0.4512 0.3204
vn 0.8876 -0.2767 0.3683
vn 0.8534 0.4145 0.3160
vn -0.8629 -0.3325 0.3806
vn 0.8811 -0.2863 0.3765
vn 0.3114 0.9149 0.2568
vn 0.8603 0.4046 0.3100
vn -0.3530 -0.8319 0.4283
vn -0.8773 -0.2945 0.3789
vn -0.3923 -0.7977 0.4580
vn 0.2931 -0.8374 0.4613
vn -0.8876 0.2767 -0.3683
vn -0.8730 -0.3771 -0.3092
vn -0.8697 0.3133 -0.3815
vn -0.8371 -0.4427 -0.3212
vn -0.2262 -0.9268 -0.2999
vn 0.8477 0.3736 -0.3767
vn 0.2852 0.8662 -0.4103
vn 0.3923 0.7977 -0.4580
vn 0.4841 0.4292 0.7625
vn 0.7458 0.6127 0.2614
vn -0.2532 0.9660 -0.0517
vn -0.7213 0.5660 0.3993
vn 0.5430 -0.5341 0.6479
vn -0.5145 -0.7507 0.4144
vn 0.5268 -0.0934 0.8448
vn -0.8039 -0.2147 0.5546
vn -0.8116 -0.0213 0.5838
vn -0.8171 0.0663 0.5727
vn -0.8010 0.1257 0.5854
vn 0.5778 0.1557 0.8012
vn -0.9053 0.2431 -0.3483
vn -0.4470 0.8105 -0.3786
vn 0.8910 -0.3171 -0.3248
vn -0.3812 0.8300 -0.4073
vn -0.8603 -0.4046 -0.3100
vn -0.8811 0.2863 -0.3765
vn -0.3583 0.8320 -0.4235
vn 0.3130 0.8494 -0.4250
vn 0.8629 0.3325 -0.3806
vn -0.3503 -0.9021 -0.2521
vn -0.8858 -0.3604 -0.2924
vn 0.4192 -0.7971 -0.4346
vn 0.4210 0.2190 -0.8802
vn -0.7872 -0.0132 0.6166
vn -0.5204 -0.0907 0.8491
vn -0.3019 -0.2418 0.9221
vn -0.8047 0.2147 -0.5534
vn -0.5364 0.3341 -0.7750
vn -0.2641 -0.4638 0.8456
vn 0.5600 -0.1389 -0.8167
vn 0.2652 -0.7369 -0.6218
vn -0.7486 -0.5274 -0.4017
vn -0.8232 0.0333 -0.5668
vn 0.5842 -0.0485 -0.8102
vn -0.8575 -0.0137 -0.5143
vn -0.8402 -0.0871 -0.5353
vn 0.5776 -0.1653 -0.7994
vn 0.6278 0.0921 -0.7729
vn -0.7650 -0.4031 -0.5024
vn -0.7960 0.1450 -0.5877
vn 0.1382 0.3758 -0.9163
vn -0.5393 0.0379 0.8413
vn -0.5666 0.1335 0.8131
vn 0.5912 -0.1786 -0.7865
vn -0.7998 -0.1401 -0.5837
vn 0.3868 0.3182 -0.8656
vn 0.3075 -0.3631 -0.8795
vn -0.3721 -0.2767 -0.8860
vn -0.2692 0.4015 -0.8754
vn 0.2714 -0.3983 0.8762
vn 0.3714 0.2800 0.8853
vn -0.3060 0.3664 0.8787
vn -0.3881 -0.3147 0.8662
vn 0.3533 0.2727 -0.8949
vn 0.3189 -0.4103 -0.8544
vn -0.3532 -0.3728 -0.8581
vn -0.3130 0.3099 -0.8978
vn 0.3130 -0.3099 0.8978
vn 0.3532 0.3728 0.8580
vn -0.3189 0.4103 0.8544
vn -0.3533 -0.2727 0.8949
vn 0.3441 0.2397 -0.9078
vn 0.3249 -0.4413 -0.8365
vn -0.3434 -0.4236 -0.8382
vn -0.3271 0.2575 -0.9092
vn 0.3271 -0.2575 0.9092
vn 0.3434 0.4236 0.8382
vn -0.3249 0.4413 0.8365
vn -0.3441 -0.2397 0.9078
vn 0.3308 0.2379 -0.9132
vn 0.3404 -0.4420 -0.8299
vn -0.3246 -0.4541 -0.8297
vn -0.3440 0.2259 -0.9114
vn 0.3423 -0.2305 0.9109
vn 0.3268 0.4497 0.8313
vn -0.3424 0.4376 0.8314
vn -0.3289 -0.2425 0.9127
vn 0.3293 0.1685 -0.9291
vn 0.3568 -0.5029 -0.7873
vn -0.3045 -0.5420 -0.7832
vn -0.3560 0.1278 -0.9257
vn 0.3560 -0.1278 0.9257
vn 0.3045 0.5420 0.7833
vn -0.3568 0.5029 0.7873
vn -0.3293 -0.1685 0.9291
vn -0.9139 -0.2206 -0.3409
vn -0.4555 -0.8358 -0.3066
vn 0.4525 0.8377 0.3059
vn 0.9119 0.2298 0.3401
vn -0.8074 0.4600 -0.3695
vn -0.2072 0.8984 -0.3873
vn 0.3836 0.8812 0.2762
vn 0.8910 0.3171 0.3248
vn -0.8790 -0.3585 -0.3142
vn -0.3569 -0.8977 -0.2585
vn 0.3569 0.8977 0.2585
vn 0.8790 0.3585 0.3142
vn 0.3170 0.9143 0.2521
vn 0.8648 0.3960 0.3089
vn 0.8631 0.3207 -0.3902
vn 0.2932 0.8374 -0.4613
vn 0.2791 0.9352 0.2182
vn 0.8401 0.4628 0.2829
vn 0.8121 -0.4516 0.3695
vn -0.2223 0.9280 0.2992
vn -0.2886 0.9178 0.2726
vn 0.3114 -0.9149 -0.2568
vn -0.3583 -0.8320 0.4235
vn 0.3130 -0.8494 0.4250
vn -0.3574 0.8297 -0.4287
vn 0.3202 0.8439 -0.4305
vn -0.3547 0.9001 0.2529
vn 0.3824 -0.8970 -0.2218
vn -0.2791 -0.9352 -0.2182
vn 0.8990 -0.2161 0.3808
vn -0.3824 0.8970 0.2218
vn 0.3262 0.0775 0.9421
vn 0.3246 0.0794 0.9425
vn 0.3174 0.0931 0.9437
vn 0.3252 0.1051 0.9398
vn -0.2024 -0.1833 -0.9620
vn -0.2001 -0.1840 -0.9623
vn -0.1042 -0.2091 -0.9723
vn -0.0959 -0.1373 -0.9859
vn -0.4475 -0.8792 -0.1639
vn -0.9454 -0.3085 -0.1049
vn -0.8401 -0.2858 -0.4609
vn -0.4703 -0.8193 -0.3279
vn -0.4263 -0.9010 -0.0809
vn -0.8848 -0.3588 0.2975
vn -0.3634 -0.9152 -0.1740
vn 0.0190 -0.7686 0.6394
vn -0.4167 -0.5509 0.7231
vn -0.4203 -0.8941 -0.1549
vn 0.1128 -0.7852 -0.6088
vn 0.5994 -0.7963 -0.0815
vn -0.0607 0.4923 -0.8683
vn -0.1442 0.4107 -0.9003
vn -0.4869 -0.8589 -0.1588
vn -0.5540 -0.8268 -0.0978
vn 0.7073 -0.1759 -0.6847
vn -0.2061 -0.8068 -0.5537
vn 0.3682 -0.5350 -0.7604
vn -0.8403 0.5416 0.0248
vn -0.7640 0.5209 -0.3808
vn -0.7453 0.4516 0.4905
vn -0.3039 0.8264 0.4740
vn -0.3704 0.9192 0.1337
vn -0.3396 0.9320 -0.1267
vn 0.4679 0.1265 0.8747
vn -0.0664 0.3302 0.9416
vn 0.9991 0.0422 0.0075
vn 0.7095 0.6901 0.1424
vn 0.4365 0.6793 0.5899
vn 0.1065 0.6990 0.7072
vn 0.7747 0.3777 -0.5072
vn 0.7293 0.0399 -0.6830
vn 0.8798 0.4141 -0.2332
vn 0.7682 0.6395 -0.0283
vn 0.4313 0.8522 0.2963
vn 0.6266 0.7789 0.0269
vn -0.4544 0.3563 0.8165
vn -0.6925 -0.4189 0.5873
vn -0.0586 0.7123 0.6995
vn 0.0816 0.9955 0.0482
vn -0.0715 0.7975 -0.5991
vn -0.1800 0.8413 -0.5097
vn 0.0766 0.9969 0.0192
vn 0.2970 0.8615 0.4118
vn 0.1940 0.8386 0.5091
vn 0.0642 0.9972 0.0373
vn 0.3734 0.8739 0.3113
vn -0.2816 0.8989 -0.3357
vn 0.0492 0.9934 0.1039
vn 0.3848 0.8764 0.2897
vn 0.0428 0.9753 0.2165
vn 0.3725 0.8806 0.2930
vn 0.1127 0.9118 0.3949
vn 0.2905 0.8425 0.4536
vn 0.7454 0.5901 0.3102
vn 0.9258 0.3039 0.2246
vn 0.8963 0.1000 0.4320
vn 0.7651 0.4715 0.4386
vn -0.6092 0.4209 -0.6721
vn -0.4035 0.2764 -0.8722
vn -0.4214 -0.1891 -0.8869
vn -0.6527 -0.2316 -0.7214
vn 0.3029 0.3188 0.8981
vn 0.4921 0.3774 0.7845
vn 0.5245 0.0953 0.8460
vn -0.1806 0.1552 -0.9712
vn 0.7067 0.4142 0.5735
vn 0.7891 0.0718 0.6101
vn 0.9173 0.3361 -0.2135
vn 0.7871 0.0377 0.6156
vn 0.5128 0.0996 0.8527
vn 0.9118 0.0010 0.4106
vn -0.3354 -0.9295 -0.1534
vn -0.4986 -0.6455 -0.5785
vn -0.4129 -0.3528 -0.8397
vn 0.9647 0.2127 0.1551
vn -0.6749 -0.3434 -0.6531
vn -0.5611 -0.7690 -0.3062
vn 0.9596 0.1860 -0.2111
vn 0.9759 0.1727 0.1334
vn 0.9216 -0.0162 0.3879
vn 0.1020 0.9917 0.0786
vn -0.0590 0.6786 -0.7322
vn 0.2043 0.7904 0.5775
vn 0.3221 0.1782 0.9298
vn -0.1241 0.0433 -0.9913
vn 0.2886 -0.9178 -0.2726
vn 0.2852 -0.8662 0.4103
vn -0.3812 -0.8300 0.4073
vn -0.3836 -0.8812 -0.2762
vn -0.8650 -0.3254 0.3820
vn -0.8775 0.3650 0.3110
vn -0.8816 0.2823 -0.3783
vn -0.8599 -0.4079 -0.3070
vn -0.8631 -0.3207 0.3902
vn -0.8858 0.3604 0.2924
vn -0.8990 0.2161 -0.3808
vn -0.8401 -0.4628 -0.2829
vn 0.8534 -0.4145 -0.3160
vn 0.8477 -0.3736 0.3767
vn -0.3123 -0.9161 -0.2514
vn -0.3154 -0.8459 0.4300
vn 0.2109 -0.8974 0.3877
vn -0.4499 -0.8088 0.3788
vn -0.9078 -0.2338 0.3482
vn -0.8329 0.4512 0.3204
vn -0.8876 -0.2767 0.3683
vn -0.8534 0.4145 0.3160
vn 0.8629 -0.3325 0.3806
vn -0.8811 -0.2863 0.3765
vn -0.3114 0.9149 0.2568
vn -0.8603 0.4046 0.3100
vn 0.3530 -0.8319 0.4283
vn 0.8773 -0.2945 0.3789
vn 0.3923 -0.7977 0.4580
vn -0.2931 -0.8374 0.4613
vn 0.8876 0.2767 -0.3683
vn 0.8730 -0.3771 -0.3092
vn 0.8697 0.3133 -0.3815
vn 0.8371 -0.4427 -0.3212
vn 0.2262 -0.9268 -0.2999
vn -0.2852 0.8662 -0.4103
vn -0.8477 0.3736 -0.3766
vn -0.3923 0.7977 -0.4580
vn -0.4841 0.4292 0.7625
vn 0.7213 0.5660 0.3993
vn 0.2532 0.9660 -0.0517
vn -0.7458 0.6127 0.2614
vn 0.5145 -0.7507 0.4144
vn -0.5430 -0.5341 0.6479
vn -0.5268 -0.0934 0.8448
vn 0.8039 -0.2147 0.5546
vn 0.8116 -0.0213 0.5838
vn 0.8171 0.0663 0.5727
vn 0.8010 0.1257 0.5854
vn -0.5778 0.1557 0.8012
vn 0.9053 0.2431 -0.3483
vn 0.4470 0.8105 -0.3786
vn -0.8910 -0.3171 -0.3248
vn 0.3812 0.8300 -0.4073
vn 0.8603 -0.4046 -0.3100
vn 0.8811 0.2863 -0.3765
vn 0.3583 0.8320 -0.4235
vn -0.8629 0.3325 -0.3806
vn -0.3130 0.8494 -0.4250
vn 0.3503 -0.9021 -0.2521
vn 0.8858 -0.3604 -0.2924
vn -0.4192 -0.7971 -0.4346
vn -0.4210 0.2190 -0.8802
vn 0.7872 -0.0132 0.6166
vn 0.5204 -0.0907 0.8491
vn 0.3019 -0.2419 0.9221
vn 0.8048 0.2147 -0.5534
vn 0.5364 0.3341 -0.7750
vn 0.2641 -0.4638 0.8456
vn -0.9825 -0.1862 -0.0000
vn -0.9711 -0.2386 -0.0000
vn -0.7045 -0.3071 -0.6398
vn -0.7157 -0.1634 -0.6791
vn -0.6907 -0.2675 -0.6719
vn -0.9536 -0.3011 -0.0000
vn -0.6907 -0.2675 0.6719
vn -0.7157 -0.1634 0.6791
vn -0.7045 -0.3071 0.6398
vn -0.0904 -0.5554 0.8267
vn -0.0000 -0.5713 0.8207
vn -0.0000 -0.8971 0.4419
vn -0.5558 -0.7588 0.3396
vn -0.3618 -0.7559 0.5456
vn 0.0533 -0.4565 0.8881
vn 0.1650 -0.0760 0.9834
vn 0.0539 -0.1176 0.9916
vn -0.0000 -0.1168 0.9932
vn 0.3289 -0.2599 0.9079
vn 0.2092 -0.4620 0.8618
vn 0.7618 -0.2307 0.6054
vn 0.8187 -0.0712 0.5698
vn 0.7990 0.2855 0.5292
vn 0.4038 0.0824 0.9111
vn 0.9999 0.0070 -0.0122
vn 0.9983 -0.0584 -0.0048
vn 0.7502 -0.2070 -0.6280
vn 0.7759 -0.0699 -0.6270
vn 0.7639 0.2589 -0.5911
vn 0.9441 0.3295 0.0047
vn 0.2228 -0.1212 -0.9673
vn -0.0683 -0.2560 -0.9642
vn 0.0016 0.1179 -0.9930
vn 0.2392 0.1528 -0.9589
vn 0.1649 -0.3399 -0.9259
vn -0.4389 -0.6188 -0.6515
vn -0.0780 -0.3743 -0.9240
vn -0.0000 -0.3118 -0.9501
vn -0.0000 0.1317 -0.9913
vn 0.0030 0.1196 -0.9928
vn -0.5585 -0.6796 -0.4757
vn -0.0000 -0.8090 -0.5878
vn -0.8036 -0.5952 -0.0071
vn -0.0000 -0.9999 -0.0147
vn -0.8587 -0.5124 -0.0035
vn 0.9904 0.1380 -0.0000
vn 0.9954 0.0961 -0.0000
vn 0.7548 -0.0410 0.6547
vn 0.7246 0.0789 0.6846
vn 0.7223 -0.0297 0.6910
vn 0.9995 0.0308 -0.0000
vn 0.7223 -0.0297 -0.6910
vn 0.7246 0.0789 -0.6846
vn 0.7548 -0.0410 -0.6547
vn 0.0061 -0.0558 0.9984
vn 0.0397 -0.2655 0.9633
vn 0.0039 -0.1497 0.9887
vn 0.0061 -0.0558 -0.9984
vn 0.0397 -0.2655 -0.9633
vn 0.0039 -0.1497 -0.9887
vn 0.1019 -0.4663 -0.8787
vn 0.7501 -0.2262 -0.6215
vn -0.5652 -0.6371 -0.5241
vn 0.1137 -0.5120 0.8514
vn -0.5554 -0.6630 0.5019
vn 0.7504 -0.2325 0.6187
vn 0.9999 -0.0110 0.0028
vn -0.9229 -0.3851 -0.0000
vn 0.0519 0.7110 0.7013
vn -0.0000 0.7273 0.6864
vn 0.1319 0.7261 0.6748
vn 0.0128 0.9977 0.0671
vn 0.0051 0.9976 0.0684
vn -0.0000 0.9976 0.0690
vn 0.0024 0.8308 -0.5566
vn 0.0012 0.8274 -0.5616
vn -0.0000 0.8334 -0.5526
vn -0.0000 0.9970 0.0769
vn 0.4954 0.8669 0.0558
vn 0.4394 0.8289 0.3463
vn 0.4463 0.8304 -0.3334
vn 0.0038 0.9967 0.0808
vn 0.0051 0.9966 0.0819
vn 0.0079 0.9971 0.0755
vn 0.2525 0.7555 0.6045
vn 0.0134 0.9976 0.0680
vn 0.1286 0.8081 -0.5749
vn 0.0010 0.9970 0.0777
vn -0.4588 -0.8885 -0.0000
vn -0.3706 -0.8496 0.3753
vn -0.3706 -0.8496 -0.3753
vn 0.2936 -0.9126 0.2845
vn 0.4449 -0.8956 -0.0000
vn 0.2936 -0.9126 -0.2845
vn 0.6044 -0.7967 -0.0000
vn 0.4785 -0.7762 -0.4105
vn 0.4785 -0.7762 0.4105
vn -0.3133 -0.9065 -0.2829
vn -0.4620 -0.8869 -0.0000
vn -0.3133 -0.9065 0.2829
vn 0.0232 -0.8351 0.5497
vn -0.0108 -0.9050 -0.4252
vn 0.0232 -0.8351 -0.5497
vn -0.0108 -0.9050 0.4252
vn 0.5041 -0.8637 -0.0000
vn 0.3382 -0.8830 -0.3254
vn 0.3382 -0.8830 0.3254
vn -0.5194 -0.8545 -0.0000
vn -0.3564 -0.8765 0.3236
vn -0.3564 -0.8765 -0.3236
vn -0.0103 -0.8756 -0.4830
vn -0.0103 -0.8756 0.4830
vn -0.0087 -1.0000 -0.0000
vn 0.9825 -0.1862 -0.0000
vn 0.7157 -0.1634 -0.6791
vn 0.7045 -0.3071 -0.6398
vn 0.9711 -0.2386 -0.0000
vn 0.9536 -0.3011 -0.0000
vn 0.6907 -0.2675 -0.6719
vn 0.7157 -0.1634 0.6791
vn 0.6907 -0.2675 0.6719
vn 0.7045 -0.3071 0.6398
vn 0.0904 -0.5554 0.8267
vn 0.5558 -0.7588 0.3396
vn -0.0533 -0.4565 0.8881
vn 0.3618 -0.7559 0.5456
vn -0.0539 -0.1176 0.9916
vn -0.1650 -0.0760 0.9834
vn -0.3289 -0.2599 0.9079
vn -0.2092 -0.4620 0.8618
vn -0.8187 -0.0712 0.5698
vn -0.7618 -0.2307 0.6054
vn -0.4038 0.0824 0.9111
vn -0.7990 0.2855 0.5292
vn -0.9999 0.0070 -0.0122
vn -0.9983 -0.0584 -0.0048
vn -0.7759 -0.0699 -0.6270
vn -0.7502 -0.2070 -0.6280
vn -0.9441 0.3295 0.0047
vn -0.7639 0.2589 -0.5911
vn -0.2228 -0.1212 -0.9673
vn -0.2392 0.1528 -0.9589
vn -0.0016 0.1179 -0.9930
vn 0.0683 -0.2560 -0.9642
vn -0.1649 -0.3399 -0.9259
vn 0.4389 -0.6188 -0.6515
vn 0.0780 -0.3743 -0.9240
vn -0.0030 0.1196 -0.9928
vn 0.5585 -0.6796 -0.4757
vn 0.8036 -0.5952 -0.0071
vn 0.8587 -0.5124 -0.0035
vn -0.9904 0.1380 -0.0000
vn -0.7246 0.0789 0.6846
vn -0.7548 -0.0410 0.6547
vn -0.9954 0.0961 -0.0000
vn -0.9995 0.0308 -0.0000
vn -0.7223 -0.0297 0.6910
vn -0.7246 0.0789 -0.6846
vn -0.7223 -0.0297 -0.6910
vn -0.7548 -0.0410 -0.6547
vn -0.0061 -0.0558 0.9984
vn -0.0397 -0.2655 0.9633
vn -0.0039 -0.1497 0.9887
vn -0.0061 -0.0558 -0.9984
vn -0.0397 -0.2655 -0.9633
vn -0.0039 -0.1497 -0.9887
vn -0.1019 -0.4663 -0.8787
vn -0.7501 -0.2262 -0.6215
vn 0.5652 -0.6371 -0.5241
vn -0.1137 -0.5120 0.8514
vn 0.5554 -0.6630 0.5019
vn -0.7504 -0.2325 0.6187
vn -0.9999 -0.0110 0.0028
vn 0.9229 -0.3851 -0.0000
vn -0.0519 0.7110 0.7013
vn -0.1319 0.7261 0.6748
vn -0.0051 0.9976 0.0684
vn -0.0128 0.9977 0.0671
vn -0.0024 0.8308 -0.5566
vn -0.0012 0.8274 -0.5616
vn -0.4954 0.8669 0.0558
vn -0.4394 0.8289 0.3463
vn -0.4463 0.8304 -0.3334
vn -0.0051 0.9966 0.0819
vn -0.0038 0.9967 0.0808
vn -0.0079 0.9971 0.0755
vn -0.2525 0.7555 0.6045
vn -0.0134 0.9976 0.0680
vn -0.1286 0.8081 -0.5749
vn -0.0010 0.9970 0.0777
vn 0.4588 -0.8885 -0.0000
vn 0.3706 -0.8496 0.3753
vn 0.3706 -0.8496 -0.3753
vn -0.4449 -0.8956 -0.0000
vn -0.2936 -0.9126 0.2845
vn -0.2936 -0.9126 -0.2845
vn -0.6044 -0.7967 -0.0000
vn -0.4785 -0.7762 -0.4105
vn -0.4785 -0.7762 0.4105
vn 0.4620 -0.8869 -0.0000
vn 0.3133 -0.9065 -0.2829
vn 0.3133 -0.9065 0.2829
vn -0.0232 -0.8351 0.5497
vn 0.0108 -0.9050 -0.4252
vn -0.0232 -0.8351 -0.5497
vn 0.0108 -0.9050 0.4252
vn -0.5041 -0.8637 -0.0000
vn -0.3382 -0.8830 -0.3254
vn -0.3382 -0.8830 0.3254
vn 0.5194 -0.8545 -0.0000
vn 0.3564 -0.8765 0.3236
vn 0.3564 -0.8765 -0.3236
vn 0.0103 -0.8756 -0.4830
vn 0.0103 -0.8756 0.4830
vn 0.0087 -1.0000 -0.0000
vn 0.0176 -0.9842 -0.1763
vn -0.0000 -0.9829 -0.1842
vn -0.0000 -0.8131 -0.5822
vn 0.1151 -0.8222 -0.5575
vn -0.0809 -0.9592 0.2710
vn -0.0000 -0.9582 0.2861
vn 0.0368 -0.9838 -0.1753
vn -0.1495 -0.9777 0.1474
vn 0.2547 -0.7932 -0.5532
vn -0.0024 -0.9941 -0.1087
vn -0.0109 -0.9916 -0.1286
vn 0.3290 -0.9443 -0.0032
vn 0.3633 -0.8948 0.2596
vn -0.1814 -0.9434 -0.2777
vn -0.2354 -0.9484 -0.2125
vn -0.0003 -0.9885 0.1510
vn -0.1955 -0.9794 -0.0502
vn 0.2131 -0.8730 0.4387
vn -0.2371 -0.0277 0.9711
vn -0.0000 0.0184 0.9998
vn -0.0000 0.0031 1.0000
vn -0.2188 -0.0118 0.9757
vn -0.5158 -0.0747 0.8535
vn -0.5033 -0.1291 0.8544
vn -0.3279 -0.0799 0.9413
vn -0.5217 -0.0512 0.8516
vn 0.2036 -0.3883 -0.8988
vn -0.0000 -0.3140 -0.9494
vn -0.0000 0.1326 -0.9912
vn 0.1781 0.2005 -0.9634
vn 0.4436 -0.3887 -0.8075
vn 0.4611 0.1667 -0.8716
vn -0.8046 -0.0975 0.5858
vn -0.8297 -0.0728 0.5534
vn -0.7735 -0.1145 0.6233
vn -0.9456 -0.0763 0.3163
vn -0.9331 -0.0705 0.3526
vn -0.9565 -0.0617 0.2851
vn 0.6364 -0.3848 -0.6685
vn 0.7257 0.1681 -0.6671
vn 0.3173 -0.8450 -0.4304
vn 0.7976 -0.4541 -0.3970
vn 0.3340 -0.8997 -0.2811
vn 0.9125 0.0773 -0.4018
vn -0.0175 -0.9937 -0.1111
vn 0.0010 -0.9921 -0.1253
vn 0.2959 -0.9453 -0.1373
vn -0.2681 -0.9590 -0.0917
vn -0.2433 -0.9696 -0.0266
vn 0.0229 -0.9883 -0.1508
vn -0.1937 -0.9803 0.0380
vn -0.9974 -0.0602 0.0395
vn -0.9982 -0.0543 0.0271
vn -0.9970 -0.0581 0.0506
vn -0.9191 -0.0551 -0.3902
vn -0.9023 -0.1017 -0.4189
vn -0.9197 -0.0524 -0.3892
vn 0.8765 -0.4638 -0.1288
vn 0.9976 0.0127 -0.0683
vn 0.8878 -0.3859 0.2506
vn 0.9419 0.0631 0.3300
vn -0.3048 0.1846 0.9343
vn -0.9569 0.1079 0.2696
vn -0.9589 0.0790 0.2727
vn -0.2235 0.1140 0.9680
vn -0.3597 0.3397 0.8690
vn -0.9464 0.2073 0.2479
vn 0.2789 0.1723 0.9447
vn 0.1760 0.3450 0.9220
vn 0.3475 -0.1279 0.9289
vn -0.8477 -0.0460 -0.5285
vn -0.8501 -0.0618 -0.5230
vn -0.8225 -0.1078 -0.5585
vn 0.8054 -0.1456 0.5745
vn 0.7185 0.1754 0.6730
vn 0.3345 -0.6486 0.6837
vn 0.7729 -0.0626 0.6315
vn 0.9284 0.0331 0.3702
vn 0.9548 0.0882 0.2839
vn 0.8753 -0.2164 0.4326
vn -0.7530 -0.6251 -0.2054
vn -0.6202 -0.6518 0.4366
vn -0.8306 -0.1531 0.5354
vn -0.9748 -0.0301 -0.2210
vn -0.6719 -0.5125 -0.5347
vn -0.7093 -0.5780 -0.4034
vn -0.8515 0.0145 -0.5242
vn -0.9090 -0.0231 -0.4162
vn -0.0014 -0.9037 0.4281
vn 0.9938 0.0910 -0.0637
vn 0.8926 0.2417 -0.3807
vn 0.9050 0.1736 -0.3885
vn 0.9760 0.2019 -0.0813
vn -0.7992 -0.5983 -0.0569
vn -0.7638 -0.6208 0.1767
vn -0.9979 -0.0651 0.0055
vn -0.9553 -0.0926 0.2808
vn 0.7184 0.2577 -0.6461
vn 0.4640 0.3374 -0.8191
vn 0.4879 0.1253 -0.8639
vn 0.7387 0.1820 -0.6490
vn -0.6837 -0.5932 0.4251
vn -0.4381 -0.5183 0.7345
vn -0.8311 -0.0659 0.5522
vn -0.5112 -0.0963 0.8540
vn 0.1943 0.3051 -0.9323
vn -0.0000 0.1313 -0.9913
vn -0.0000 0.0724 -0.9974
vn 0.2157 0.0997 -0.9714
vn -0.1827 -0.4509 0.8736
vn -0.0000 -0.4467 0.8947
vn -0.2051 -0.0958 0.9740
vn -0.0000 -0.0926 0.9957
vn 0.2252 0.0227 -0.9740
vn 0.2225 -0.0281 -0.9745
vn -0.0000 -0.0265 -0.9996
vn -0.0000 0.0658 -0.9978
vn 0.4580 0.0561 -0.8872
vn 0.4598 -0.0139 -0.8879
vn 0.1872 0.2039 -0.9609
vn 0.4411 0.2105 -0.8724
vn 0.6339 0.0779 -0.7695
vn 0.6681 0.2547 -0.6991
vn 0.6761 -0.0043 -0.7368
vn 0.5395 0.0801 -0.8382
vn 0.6887 -0.3443 -0.6380
vn 0.5280 0.6801 -0.5086
vn 0.0491 -0.9955 -0.0806
vn 0.6372 -0.7614 -0.1194
vn 0.1338 -0.6929 -0.7085
vn 0.2474 -0.7445 0.6200
vn 0.7885 -0.4120 0.4566
vn -0.0319 -0.9971 -0.0684
vn 0.0234 -0.7333 0.6795
vn -0.0622 -0.6910 -0.7201
vn 0.6795 0.1454 0.7192
vn 0.6408 0.0907 0.7624
vn 0.4876 0.6842 0.5423
vn 0.6139 0.3285 0.7178
vn 0.7672 -0.0292 0.6407
vn -0.8535 -0.0942 -0.5125
vn -0.9218 -0.0598 -0.3831
vn -0.9234 -0.0787 -0.3758
vn -0.8563 -0.1068 -0.5053
vn -0.9488 0.0512 0.3116
vn -0.9401 -0.0092 0.3407
vn -0.1484 0.0773 0.9859
vn -0.1247 0.0045 0.9922
vn 0.3572 -0.2427 0.9019
vn 0.4229 -0.0393 0.9053
vn -0.9985 -0.0491 0.0260
vn -0.9589 -0.0422 0.2805
vn -0.9571 -0.0487 0.2855
vn -0.9973 -0.0670 0.0285
vn -0.8371 -0.0350 0.5460
vn -0.5232 -0.0182 0.8520
vn -0.5163 0.0015 0.8564
vn -0.8337 -0.0218 0.5518
vn -0.2119 -0.0002 0.9773
vn -0.0000 0.0058 1.0000
vn -0.0000 0.0117 0.9999
vn -0.2088 0.0100 0.9779
vn -0.0107 -0.9974 -0.0708
vn -0.0459 -0.6866 -0.7255
vn 0.0348 -0.7316 0.6808
vn -0.0069 -0.9973 -0.0738
vn 0.0365 -0.7326 0.6797
vn -0.0429 -0.6841 -0.7281
vn 0.0061 0.9991 0.0420
vn 0.0905 0.9951 0.0403
vn 0.1572 0.7293 0.6659
vn 0.1466 0.7525 -0.6421
vn -0.0020 0.9997 0.0225
vn -0.0310 0.7204 -0.6928
vn 0.0343 0.7009 0.7124
vn 0.2489 0.0252 0.9682
vn 0.0576 -0.0038 0.9983
vn 0.1264 0.0243 -0.9917
vn -0.0592 -0.0051 -0.9982
vn 0.6321 -0.7667 -0.1125
vn 0.5801 -0.5360 -0.6133
vn 0.6489 -0.5888 0.4820
vn 0.8234 0.5656 -0.0459
vn 0.8419 0.3265 -0.4296
vn 0.8664 0.3757 0.3289
vn 0.0010 0.9999 0.0160
vn 0.0412 0.6984 0.7145
vn -0.0387 0.7170 -0.6960
vn 0.0026 0.9998 0.0186
vn -0.0393 0.7185 -0.6944
vn 0.0430 0.6958 0.7169
vn 0.0574 -0.0041 0.9983
vn 0.0573 -0.0057 0.9983
vn -0.0576 -0.0007 -0.9983
vn -0.0572 0.0022 -0.9984
vn 0.4564 0.8893 0.0296
vn 0.4709 0.6149 0.6326
vn 0.4442 0.6357 -0.6313
vn 0.6601 0.7495 -0.0488
vn 0.6810 0.5307 0.5046
vn 0.5844 0.5515 -0.5953
vn 0.8008 -0.5887 -0.1101
vn 0.8639 -0.4201 0.2780
vn 0.8167 -0.3644 -0.4475
vn 0.7107 -0.0226 0.7031
vn 0.7789 -0.0269 -0.6266
vn 0.5853 -0.0077 -0.8108
vn 0.8503 -0.0220 0.5258
vn 0.9986 -0.0136 -0.0521
vn 0.4173 -0.0071 -0.9088
vn 0.4174 -0.6203 -0.6641
vn 0.4774 -0.0118 0.8786
vn 0.4720 -0.6543 0.5909
vn 0.4365 -0.8979 -0.0568
vn -0.7509 -0.1032 0.6523
vn -0.9240 -0.0210 0.3817
vn -0.4533 -0.2682 0.8501
vn 0.1228 0.5777 -0.8069
vn 0.3481 0.5366 -0.7687
vn -0.2955 -0.3763 0.8781
vn 0.6532 0.3432 -0.6749
vn 0.8544 0.2031 -0.4783
vn -0.9947 0.0638 0.0810
vn -0.8498 -0.1904 -0.4915
vn 0.2548 0.8026 0.5393
vn 0.8374 0.3882 0.3849
vn -0.0960 0.7814 0.6166
vn -0.3447 -0.6195 -0.7052
vn -0.2312 -0.8105 -0.5382
vn -0.4526 0.8256 0.3370
vn 0.9227 0.3551 -0.1500
vn -0.2064 -0.1038 0.9729
vn -0.0000 -0.1035 0.9946
vn -0.2074 -0.0369 0.9776
vn -0.0000 -0.0369 0.9993
vn -0.5093 -0.1027 0.8544
vn -0.5120 -0.0370 0.8582
vn -0.2083 -0.0111 0.9780
vn -0.0000 -0.0097 1.0000
vn -0.5158 -0.0180 0.8565
vn -0.8289 -0.0412 0.5579
vn -0.8282 -0.0398 0.5591
vn -0.9550 -0.0224 0.2958
vn -0.9548 -0.0460 0.2938
vn -0.8319 -0.0394 0.5535
vn -0.9554 -0.0649 0.2881
vn -0.9994 -0.0056 0.0328
vn -0.9983 -0.0475 0.0333
vn -0.9159 0.0308 -0.4003
vn -0.9255 -0.0227 -0.3781
vn -0.9964 -0.0796 0.0293
vn -0.9245 -0.0713 -0.3745
vn 0.9438 -0.2096 0.2555
vn 0.3568 -0.5333 0.7670
vn -0.8470 -0.0074 0.5316
vn -0.9829 0.0409 -0.1793
vn 0.9808 -0.1278 0.1476
vn 0.1262 0.1463 -0.9812
vn -0.0955 -0.0363 -0.9948
vn 0.9981 0.0233 -0.0566
vn -0.1082 -0.0472 0.9930
vn -0.9206 -0.0772 0.3828
vn -0.9704 0.0616 0.2337
vn -0.0592 0.2276 0.9719
vn 0.3141 -0.0514 0.9480
vn 0.4643 0.0498 0.8843
vn -0.8559 0.0441 -0.5153
vn -0.8621 0.0230 -0.5063
vn -0.8620 -0.0556 -0.5038
vn 0.2270 -0.0743 -0.9711
vn -0.0000 -0.0459 -0.9989
vn 0.2204 -0.0687 -0.9730
vn -0.0000 -0.0493 -0.9988
vn 0.4466 -0.0521 -0.8932
vn 0.4889 -0.0215 -0.8721
vn 0.2081 0.0226 -0.9778
vn -0.0000 0.0094 -1.0000
vn 0.3390 0.0395 -0.9399
vn 0.7153 -0.1380 -0.6850
vn 0.7523 -0.1783 -0.6342
vn 0.8777 -0.2458 -0.4114
vn 0.9063 -0.1531 -0.3940
vn 0.9332 0.3550 -0.0557
vn 0.9021 0.2426 -0.3570
vn 0.9547 0.1962 0.2237
vn 0.8449 0.5341 -0.0301
vn 0.9126 0.3766 0.1590
vn 0.8934 0.3249 -0.3103
vn 0.9353 -0.3389 -0.1022
vn 0.9824 -0.1613 -0.0938
vn 0.9345 -0.2692 0.2327
vn 0.9737 -0.0924 0.2083
vn 0.7677 0.5289 0.3617
vn 0.8091 -0.3288 0.4871
vn 0.5947 0.3882 0.7041
vn 0.9652 0.2092 0.1570
vn 0.5996 0.7515 0.2752
vn 0.8980 0.4285 0.1004
vn 0.5597 0.6304 0.5379
vn 0.7749 -0.2450 0.5827
vn 0.8031 -0.4386 0.4033
vn 0.6446 -0.4068 0.6473
vn 0.9046 -0.1917 0.3807
vn 0.7394 -0.2549 0.6231
vn 0.7692 0.3804 -0.5134
vn 0.7156 0.2441 -0.6545
vn 0.7460 -0.0313 -0.6652
vn 0.8215 0.0567 -0.5673
vn 0.7383 0.4560 -0.4970
vn 0.6434 0.4826 -0.5943
vn 0.8604 0.4470 -0.2449
vn 0.9118 0.2773 -0.3028
vn 0.8342 0.5508 -0.0282
vn 0.9560 0.2875 -0.0585
vn 0.8590 0.5045 0.0870
vn 0.8330 0.4034 0.3785
vn 0.7212 0.1622 0.6735
vn 0.9959 0.0311 -0.0849
vn 0.9241 -0.0767 -0.3743
vn 0.7303 0.3930 -0.5588
vn 0.6616 0.2351 -0.7120
vn 0.7922 -0.1537 -0.5905
vn 0.6901 0.0619 -0.7211
vn 0.5816 0.0481 0.8121
vn 0.6335 0.1158 -0.7650
vn 0.0177 0.2350 0.9718
vn 0.4217 0.2412 0.8740
vn 0.9608 0.1522 0.2316
vn 0.0225 -0.6091 0.7927
vn 0.3983 -0.2982 0.8674
vn 0.4240 -0.0270 0.9053
vn -0.0444 -0.2703 0.9617
vn -0.0769 -0.1152 0.9904
vn -0.6189 0.1951 0.7609
vn 0.1374 -0.5441 -0.8277
vn 0.5455 0.1460 0.8253
vn 0.3991 0.7896 0.4661
vn 0.1652 -0.5656 -0.8080
vn 0.4991 -0.8616 0.0919
vn 0.6591 -0.5897 0.4667
vn 0.8353 0.2467 0.4913
vn 0.5778 0.7834 0.2290
vn 0.4355 0.3483 -0.8301
vn 0.5170 -0.1077 -0.8492
vn 0.2849 0.8087 -0.5146
vn 0.5672 -0.1014 0.8173
vn 0.2914 0.6561 -0.6961
vn 0.8608 -0.1572 0.4840
vn -0.3428 -0.1251 0.9311
vn 0.0536 0.2609 -0.9639
vn -0.0000 0.5203 -0.8540
vn -0.0000 -0.6212 0.7837
vn -0.0176 -0.9842 -0.1763
vn -0.1151 -0.8222 -0.5575
vn 0.0809 -0.9592 0.2710
vn 0.1495 -0.9777 0.1474
vn -0.0368 -0.9838 -0.1753
vn -0.2547 -0.7932 -0.5532
vn 0.0024 -0.9941 -0.1087
vn -0.3633 -0.8948 0.2596
vn -0.3290 -0.9443 -0.0032
vn 0.0109 -0.9916 -0.1286
vn 0.2354 -0.9484 -0.2125
vn 0.1814 -0.9434 -0.2777
vn 0.1955 -0.9794 -0.0502
vn 0.0003 -0.9885 0.1510
vn -0.2131 -0.8730 0.4387
vn 0.2371 -0.0277 0.9711
vn 0.2188 -0.0118 0.9757
vn 0.3279 -0.0799 0.9413
vn 0.5033 -0.1291 0.8544
vn 0.5158 -0.0747 0.8535
vn 0.5217 -0.0512 0.8516
vn -0.2036 -0.3883 -0.8988
vn -0.1781 0.2005 -0.9634
vn -0.4436 -0.3887 -0.8075
vn -0.4611 0.1667 -0.8716
vn 0.8046 -0.0975 0.5858
vn 0.8297 -0.0728 0.5534
vn 0.7735 -0.1145 0.6233
vn 0.9331 -0.0705 0.3526
vn 0.9456 -0.0763 0.3163
vn 0.9565 -0.0617 0.2851
vn -0.6364 -0.3848 -0.6685
vn -0.7257 0.1681 -0.6671
vn -0.3173 -0.8450 -0.4304
vn -0.3340 -0.8997 -0.2811
vn -0.7976 -0.4541 -0.3970
vn -0.9125 0.0773 -0.4018
vn 0.0175 -0.9937 -0.1111
vn -0.2959 -0.9453 -0.1373
vn -0.0010 -0.9921 -0.1253
vn 0.2433 -0.9696 -0.0266
vn 0.2681 -0.9590 -0.0917
vn -0.0229 -0.9883 -0.1508
vn 0.1937 -0.9803 0.0380
vn 0.9974 -0.0602 0.0395
vn 0.9982 -0.0543 0.0271
vn 0.9970 -0.0581 0.0506
vn 0.9023 -0.1017 -0.4189
vn 0.9191 -0.0551 -0.3902
vn 0.9197 -0.0524 -0.3892
vn -0.8765 -0.4638 -0.1288
vn -0.9976 0.0127 -0.0683
vn -0.8878 -0.3859 0.2506
vn -0.9419 0.0631 0.3300
vn 0.3048 0.1846 0.9343
vn 0.2235 0.1140 0.9680
vn 0.9589 0.0790 0.2727
vn 0.9569 0.1079 0.2696
vn 0.9464 0.2073 0.2479
vn 0.3597 0.3397 0.8690
vn -0.1760 0.3450 0.9220
vn -0.2789 0.1723 0.9447
vn -0.3475 -0.1279 0.9289
vn 0.8477 -0.0460 -0.5285
vn 0.8501 -0.0618 -0.5230
vn 0.8225 -0.1078 -0.5585
vn -0.8054 -0.1456 0.5745
vn -0.7185 0.1754 0.6730
vn -0.3345 -0.6486 0.6837
vn -0.7729 -0.0626 0.6315
vn -0.8753 -0.2164 0.4326
vn -0.9548 0.0882 0.2839
vn -0.9284 0.0331 0.3702
vn 0.7530 -0.6251 -0.2054
vn 0.9748 -0.0301 -0.2210
vn 0.8306 -0.1531 0.5354
vn 0.6202 -0.6518 0.4366
vn 0.6719 -0.5125 -0.5347
vn 0.7093 -0.5780 -0.4034
vn 0.9090 -0.0231 -0.4162
vn 0.8515 0.0145 -0.5242
vn 0.0014 -0.9037 0.4281
vn -0.9938 0.0910 -0.0637
vn -0.9760 0.2019 -0.0813
vn -0.9050 0.1736 -0.3885
vn -0.8926 0.2417 -0.3807
vn 0.7992 -0.5983 -0.0569
vn 0.7638 -0.6208 0.1767
vn 0.9553 -0.0926 0.2808
vn 0.9979 -0.0651 0.0055
vn -0.7184 0.2577 -0.6461
vn -0.7387 0.1820 -0.6490
vn -0.4879 0.1253 -0.8639
vn -0.4640 0.3374 -0.8191
vn 0.6837 -0.5932 0.4251
vn 0.4381 -0.5183 0.7345
vn 0.5112 -0.0963 0.8540
vn 0.8311 -0.0659 0.5522
vn -0.1943 0.3051 -0.9323
vn -0.2157 0.0997 -0.9714
vn 0.1827 -0.4509 0.8736
vn 0.2051 -0.0958 0.9740
vn -0.2252 0.0227 -0.9740
vn -0.2225 -0.0281 -0.9745
vn -0.4598 -0.0139 -0.8879
vn -0.4580 0.0561 -0.8872
vn -0.4411 0.2105 -0.8724
vn -0.1872 0.2039 -0.9609
vn -0.6339 0.0779 -0.7695
vn -0.6681 0.2547 -0.6991
vn -0.6761 -0.0043 -0.7368
vn -0.6887 -0.3443 -0.6380
vn -0.5395 0.0801 -0.8382
vn -0.5280 0.6801 -0.5086
vn -0.0491 -0.9955 -0.0806
vn -0.1338 -0.6929 -0.7085
vn -0.6372 -0.7614 -0.1194
vn -0.7885 -0.4120 0.4566
vn -0.2474 -0.7445 0.6200
vn -0.0234 -0.7333 0.6795
vn 0.0319 -0.9971 -0.0684
vn 0.0622 -0.6910 -0.7201
vn -0.6795 0.1455 0.7192
vn -0.6139 0.3285 0.7178
vn -0.4876 0.6842 0.5423
vn -0.6408 0.0907 0.7624
vn -0.7672 -0.0292 0.6407
vn 0.8535 -0.0942 -0.5125
vn 0.8563 -0.1068 -0.5053
vn 0.9234 -0.0787 -0.3758
vn 0.9218 -0.0598 -0.3831
vn 0.9488 0.0512 0.3116
vn 0.9401 -0.0092 0.3407
vn 0.1484 0.0773 0.9859
vn 0.1247 0.0045 0.9922
vn -0.3572 -0.2427 0.9019
vn -0.4229 -0.0393 0.9053
vn 0.9985 -0.0491 0.0260
vn 0.9973 -0.0670 0.0285
vn 0.9571 -0.0487 0.2855
vn 0.9589 -0.0422 0.2805
vn 0.8371 -0.0350 0.5460
vn 0.8337 -0.0218 0.5518
vn 0.5163 0.0015 0.8564
vn 0.5232 -0.0182 0.8520
vn 0.2119 -0.0002 0.9773
vn 0.2088 0.0100 0.9779
vn 0.0107 -0.9974 -0.0708
vn 0.0459 -0.6866 -0.7255
vn -0.0348 -0.7316 0.6808
vn -0.0365 -0.7326 0.6797
vn 0.0069 -0.9973 -0.0738
vn 0.0429 -0.6841 -0.7281
vn -0.0061 0.9991 0.0420
vn -0.1572 0.7293 0.6659
vn -0.0905 0.9951 0.0403
vn -0.1466 0.7525 -0.6421
vn 0.0310 0.7204 -0.6928
vn 0.0020 0.9997 0.0225
vn -0.0343 0.7009 0.7124
vn -0.2489 0.0252 0.9682
vn -0.0576 -0.0038 0.9983
vn -0.1264 0.0243 -0.9917
vn 0.0592 -0.0051 -0.9982
vn -0.6321 -0.7667 -0.1125
vn -0.5801 -0.5360 -0.6133
vn -0.6489 -0.5888 0.4820
vn -0.8419 0.3265 -0.4296
vn -0.8234 0.5656 -0.0459
vn -0.8664 0.3757 0.3289
vn -0.0010 0.9999 0.0160
vn -0.0412 0.6984 0.7145
vn 0.0387 0.7170 -0.6960
vn 0.0393 0.7185 -0.6944
vn -0.0026 0.9998 0.0186
vn -0.0430 0.6958 0.7169
vn -0.0574 -0.0041 0.9983
vn -0.0573 -0.0057 0.9983
vn 0.0576 -0.0007 -0.9983
vn 0.0572 0.0022 -0.9984
vn -0.4564 0.8893 0.0296
vn -0.4709 0.6149 0.6326
vn -0.4442 0.6357 -0.6313
vn -0.6601 0.7495 -0.0488
vn -0.6810 0.5307 0.5046
vn -0.5844 0.5515 -0.5953
vn -0.8639 -0.4201 0.2780
vn -0.8008 -0.5887 -0.1101
vn -0.8167 -0.3644 -0.4475
vn -0.7107 -0.0226 0.7031
vn -0.7789 -0.0269 -0.6266
vn -0.5853 -0.0077 -0.8108
vn -0.8503 -0.0220 0.5258
vn -0.4173 -0.0071 -0.9088
vn -0.9986 -0.0136 -0.0521
vn -0.4174 -0.6203 -0.6641
vn -0.4774 -0.0118 0.8786
vn -0.4720 -0.6543 0.5909
vn -0.4365 -0.8979 -0.0568
vn 0.7509 -0.1032 0.6523
vn 0.9240 -0.0210 0.3817
vn 0.4533 -0.2682 0.8501
vn -0.1228 0.5777 -0.8069
vn -0.3481 0.5366 -0.7687
vn 0.2955 -0.3763 0.8781
vn -0.6532 0.3432 -0.6749
vn -0.8544 0.2031 -0.4783
vn 0.9947 0.0638 0.0810
vn 0.8498 -0.1904 -0.4915
vn -0.2548 0.8026 0.5393
vn -0.8374 0.3882 0.3849
vn 0.0960 0.7814 0.6166
vn 0.3447 -0.6195 -0.7052
vn 0.2312 -0.8105 -0.5382
vn 0.4526 0.8256 0.3370
vn -0.9227 0.3551 -0.1500
vn 0.2064 -0.1038 0.9729
vn 0.2074 -0.0369 0.9776
vn 0.5120 -0.0370 0.8582
vn 0.5093 -0.1027 0.8544
vn 0.2083 -0.0111 0.9780
vn 0.5158 -0.0180 0.8565
vn 0.8289 -0.0412 0.5579
vn 0.8282 -0.0398 0.5591
vn 0.9548 -0.0460 0.2938
vn 0.9550 -0.0224 0.2958
vn 0.8319 -0.0394 0.5535
vn 0.9554 -0.0649 0.2881
vn 0.9994 -0.0056 0.0328
vn 0.9983 -0.0475 0.0333
vn 0.9255 -0.0227 -0.3781
vn 0.9159 0.0308 -0.4003
vn 0.9964 -0.0796 0.0293
vn 0.9245 -0.0713 -0.3745
vn -0.3568 -0.5333 0.7670
vn -0.9438 -0.2096 0.2555
vn 0.9829 0.0409 -0.1793
vn 0.8470 -0.0074 0.5316
vn -0.9808 -0.1278 0.1476
vn -0.9981 0.0233 -0.0566
vn 0.0955 -0.0363 -0.9948
vn -0.1262 0.1463 -0.9812
vn 0.1082 -0.0472 0.9930
vn 0.0592 0.2276 0.9719
vn 0.9704 0.0616 0.2337
vn 0.9206 -0.0772 0.3828
vn -0.3141 -0.0514 0.9480
vn -0.4643 0.0498 0.8843
vn 0.8559 0.0441 -0.5153
vn 0.8621 0.0230 -0.5063
vn 0.8620 -0.0556 -0.5038
vn -0.2270 -0.0743 -0.9711
vn -0.2204 -0.0687 -0.9730
vn -0.4889 -0.0215 -0.8721
vn -0.4466 -0.0521 -0.8932
vn -0.2081 0.0226 -0.9778
vn -0.3390 0.0395 -0.9399
vn -0.7153 -0.1380 -0.6850
vn -0.7523 -0.1783 -0.6342
vn -0.9063 -0.1531 -0.3940
vn -0.8777 -0.2458 -0.4114
vn -0.9332 0.3550 -0.0557
vn -0.9021 0.2426 -0.3570
vn -0.9547 0.1962 0.2237
vn -0.9126 0.3766 0.1590
vn -0.8449 0.5341 -0.0301
vn -0.8934 0.3249 -0.3103
vn -0.9353 -0.3389 -0.1022
vn -0.9824 -0.1613 -0.0938
vn -0.9737 -0.0924 0.2083
vn -0.9345 -0.2692 0.2327
vn -0.7677 0.5289 0.3617
vn -0.5947 0.3882 0.7041
vn -0.8091 -0.3288 0.4871
vn -0.9652 0.2092 0.1570
vn -0.8980 0.4284 0.1004
vn -0.5996 0.7515 0.2752
vn -0.5597 0.6304 0.5379
vn -0.7749 -0.2450 0.5827
vn -0.8031 -0.4386 0.4033
vn -0.6446 -0.4068 0.6473
vn -0.7394 -0.2549 0.6231
vn -0.9046 -0.1917 0.3807
vn -0.7692 0.3804 -0.5134
vn -0.8215 0.0567 -0.5673
vn -0.7460 -0.0313 -0.6652
vn -0.7156 0.2441 -0.6545
vn -0.6434 0.4826 -0.5943
vn -0.7383 0.4560 -0.4970
vn -0.8604 0.4470 -0.2449
vn -0.9118 0.2773 -0.3028
vn -0.8342 0.5508 -0.0282
vn -0.9560 0.2875 -0.0585
vn -0.8590 0.5045 0.0870
vn -0.8330 0.4034 0.3785
vn -0.7212 0.1622 0.6735
vn -0.9959 0.0311 -0.0849
vn -0.9241 -0.0767 -0.3743
vn -0.7303 0.3930 -0.5588
vn -0.6616 0.2351 -0.7120
vn -0.7922 -0.1537 -0.5905
vn -0.6901 0.0619 -0.7211
vn -0.5816 0.0481 0.8121
vn -0.6335 0.1158 -0.7650
vn -0.4217 0.2412 0.8740
vn -0.0177 0.2350 0.9718
vn -0.9608 0.1522 0.2316
vn -0.0225 -0.6091 0.7927
vn -0.3983 -0.2982 0.8674
vn -0.4240 -0.0270 0.9053
vn 0.0444 -0.2703 0.9617
vn 0.0769 -0.1152 0.9904
vn 0.6189 0.1951 0.7609
vn -0.1374 -0.5441 -0.8277
vn -0.3991 0.7896 0.4661
vn -0.5455 0.1460 0.8253
vn -0.6591 -0.5897 0.4667
vn -0.4991 -0.8616 0.0919
vn -0.1652 -0.5656 -0.8080
vn -0.5778 0.7834 0.2290
vn -0.8353 0.2467 0.4913
vn -0.5170 -0.1077 -0.8492
vn -0.4355 0.3483 -0.8301
vn -0.2849 0.8087 -0.5146
vn -0.5672 -0.1014 0.8173
vn -0.2914 0.6561 -0.6961
vn -0.8608 -0.1572 0.4840
vn 0.3428 -0.1251 0.9310
vn -0.0536 0.2609 -0.9639
vn -0.7401 -0.6724 -0.0083
vn -0.4573 -0.7673 0.4496
vn -0.6709 -0.4841 0.5618
vn -0.9505 -0.3107 -0.0061
vn 0.8948 0.4349 0.1006
vn 0.8723 0.3525 0.3389
vn 0.9174 0.2017 0.3430
vn 0.9585 0.2645 0.1061
vn 0.2725 -0.9606 0.0553
vn 0.3328 -0.8812 0.3359
vn 0.0414 -0.9344 0.3539
vn -0.0942 -0.9952 0.0282
vn 0.9757 -0.1889 0.1108
vn 0.9168 -0.2033 0.3438
vn 0.8407 -0.4164 0.3462
vn 0.8961 -0.4312 0.1052
vn -0.6932 0.7207 -0.0077
vn -0.4823 0.7142 0.5074
vn -0.3012 0.8601 0.4117
vn -0.5023 0.8647 -0.0052
vn 0.7014 -0.7069 0.0915
vn 0.6816 -0.6522 0.3317
vn -0.9494 0.3140 -0.0118
vn -0.7494 0.2125 0.6271
vn -0.6543 0.4688 0.5934
vn -0.8525 0.5227 -0.0084
vn -0.2875 0.9578 0.0052
vn -0.1255 0.9246 0.3598
vn 0.0419 0.9379 0.3443
vn -0.0912 0.9956 0.0192
vn 0.7439 0.6626 0.0872
vn 0.7601 0.5558 0.3367
vn -0.7697 -0.1066 0.6294
vn -0.9988 0.0491 -0.0061
vn 0.1960 -0.8555 -0.4793
vn 0.2430 -0.8898 -0.3863
vn -0.2215 -0.8719 -0.4368
vn 0.3742 -0.8600 -0.3468
vn 0.0549 -0.9975 -0.0443
vn 0.4054 -0.8647 -0.2965
vn -0.5207 0.8509 0.0698
vn -0.6799 0.6940 0.2368
vn -0.4155 0.9078 -0.0581
vn -0.4284 0.8085 0.4035
vn -0.3355 0.8788 0.3394
vn -0.5535 0.6068 0.5705
vn -0.8626 -0.5034 -0.0499
vn -0.9705 0.0647 0.2322
vn -0.6438 -0.6391 0.4209
vn -0.7351 0.0373 0.6769
vn -0.8496 0.4350 0.2983
vn -0.7028 0.3226 0.6340
vn 0.0192 -0.9681 -0.2497
vn -0.0000 -0.9706 -0.2406
vn 0.0826 -0.9593 -0.2700
vn 0.0679 -0.9870 -0.1455
vn 0.1763 -0.9717 -0.1575
vn -0.0000 -0.9918 -0.1275
vn -0.2262 0.9605 -0.1618
vn -0.0000 0.9843 -0.1763
vn -0.1932 0.9534 0.2319
vn -0.0000 0.9693 0.2460
vn 0.1712 -0.9329 -0.3169
vn 0.2915 -0.9300 -0.2237
vn 0.4992 -0.8408 -0.2093
vn 0.4522 -0.8671 -0.2089
vn 0.2787 -0.8436 0.4590
vn -0.0000 -0.2534 0.9674
vn -0.2359 0.6956 0.6786
vn -0.3007 0.4729 0.8282
vn -0.1596 0.7244 0.6706
vn -0.1886 -0.5772 0.7945
vn -0.2690 -0.0761 0.9601
vn -0.4093 0.2522 0.8769
vn 0.0997 -0.9934 -0.0569
vn -0.0000 -0.9997 -0.0244
vn 0.2398 -0.9677 -0.0775
vn -0.1157 0.8015 0.5867
vn -0.0000 0.7632 0.6461
vn 0.3406 -0.9245 -0.1712
vn 0.9375 0.0307 0.3466
vn 0.9911 0.0756 0.1098
vn -0.3943 -0.9190 0.0044
vn -0.1851 -0.9108 0.3689
vn 0.3928 0.9177 0.0585
vn 0.4869 0.8029 0.3440
vn 0.5797 0.7402 0.3406
vn 0.5084 0.8586 0.0666
vn 0.1894 0.9212 0.3400
vn 0.0596 0.9977 0.0307
vn 0.2543 0.9661 0.0449
vn 0.3690 0.8656 0.3386
vn 0.2878 0.0114 0.9576
vn -0.3148 0.7373 0.5977
vn -0.1444 0.7775 0.6121
vn -0.8206 -0.2294 0.5234
vn -0.8218 -0.0073 0.5697
vn -0.7259 -0.3941 0.5638
vn -0.8006 -0.2640 0.5380
vn -0.0000 -0.7808 0.6248
vn -0.5061 -0.6204 0.5991
vn -0.0000 0.8054 0.5927
vn -0.6067 0.4756 0.6369
vn -0.8288 -0.2342 0.5082
vn 0.7401 -0.6724 -0.0083
vn 0.9505 -0.3107 -0.0061
vn 0.6709 -0.4841 0.5618
vn 0.4573 -0.7673 0.4496
vn -0.8948 0.4349 0.1006
vn -0.9585 0.2645 0.1061
vn -0.9174 0.2017 0.3430
vn -0.8723 0.3525 0.3389
vn -0.2725 -0.9606 0.0553
vn 0.0942 -0.9952 0.0282
vn -0.0414 -0.9344 0.3539
vn -0.3328 -0.8812 0.3359
vn -0.9757 -0.1889 0.1108
vn -0.8961 -0.4312 0.1052
vn -0.8407 -0.4164 0.3462
vn -0.9168 -0.2033 0.3438
vn 0.6932 0.7207 -0.0077
vn 0.5023 0.8647 -0.0052
vn 0.3012 0.8601 0.4117
vn 0.4823 0.7142 0.5074
vn -0.7014 -0.7069 0.0915
vn -0.6816 -0.6522 0.3317
vn 0.9494 0.3140 -0.0118
vn 0.8525 0.5227 -0.0084
vn 0.6543 0.4689 0.5934
vn 0.7494 0.2125 0.6271
vn 0.2875 0.9578 0.0052
vn 0.0912 0.9956 0.0192
vn -0.0419 0.9379 0.3443
vn 0.1255 0.9246 0.3598
vn -0.7439 0.6626 0.0872
vn -0.7601 0.5558 0.3367
vn 0.9988 0.0491 -0.0061
vn 0.7697 -0.1066 0.6294
vn -0.1960 -0.8555 -0.4793
vn -0.2430 -0.8898 -0.3863
vn 0.2215 -0.8719 -0.4368
vn -0.0549 -0.9975 -0.0443
vn -0.3742 -0.8600 -0.3468
vn -0.4054 -0.8647 -0.2965
vn 0.5207 0.8509 0.0698
vn 0.6799 0.6940 0.2368
vn 0.4155 0.9078 -0.0581
vn 0.3355 0.8788 0.3394
vn 0.4284 0.8085 0.4035
vn 0.5535 0.6068 0.5705
vn 0.8626 -0.5034 -0.0499
vn 0.9705 0.0647 0.2322
vn 0.7351 0.0373 0.6769
vn 0.6438 -0.6391 0.4209
vn 0.8496 0.4350 0.2983
vn 0.7028 0.3226 0.6340
vn -0.0192 -0.9681 -0.2497
vn -0.0826 -0.9593 -0.2700
vn -0.1763 -0.9717 -0.1575
vn -0.0679 -0.9870 -0.1455
vn 0.2262 0.9605 -0.1618
vn 0.1932 0.9534 0.2319
vn -0.1712 -0.9329 -0.3169
vn -0.2915 -0.9300 -0.2237
vn -0.4992 -0.8408 -0.2093
vn -0.4522 -0.8671 -0.2089
vn -0.2787 -0.8436 0.4590
vn 0.2359 0.6956 0.6786
vn 0.3007 0.4729 0.8282
vn 0.1596 0.7244 0.6706
vn 0.1886 -0.5772 0.7945
vn 0.2690 -0.0761 0.9601
vn 0.4093 0.2522 0.8769
vn -0.0997 -0.9934 -0.0569
vn -0.2398 -0.9677 -0.0775
vn 0.1157 0.8015 0.5867
vn -0.3406 -0.9245 -0.1712
vn -0.9911 0.0756 0.1098
vn -0.9375 0.0307 0.3466
vn 0.3943 -0.9190 0.0044
vn 0.1851 -0.9108 0.3689
vn -0.3928 0.9177 0.0585
vn -0.5084 0.8586 0.0666
vn -0.5797 0.7402 0.3406
vn -0.4869 0.8029 0.3440
vn -0.0596 0.9977 0.0307
vn -0.1894 0.9212 0.3400
vn -0.2543 0.9661 0.0449
vn -0.3690 0.8656 0.3386
vn -0.2878 0.0114 0.9576
vn 0.3148 0.7373 0.5977
vn 0.1444 0.7775 0.6121
vn 0.8206 -0.2294 0.5234
vn 0.8218 -0.0073 0.5697
vn 0.7259 -0.3941 0.5638
vn 0.8006 -0.2640 0.5380
vn 0.5061 -0.6204 0.5991
vn 0.6067 0.4756 0.6369
vn 0.8288 -0.2342 0.5082
vn 0.0111 -0.9356 -0.3529
vn -0.2831 -0.8692 -0.4053
vn -0.2625 -0.6080 -0.7493
vn 0.0145 -0.6596 -0.7515
vn -0.5658 -0.6729 -0.4766
vn -0.4365 -0.5367 -0.7221
vn 0.0117 -0.9963 0.0846
vn 0.3210 -0.8938 -0.3130
vn 0.3159 -0.9395 0.1325
vn 0.3056 -0.6490 -0.6967
vn 0.5000 -0.6038 -0.6208
vn 0.6268 -0.7202 -0.2974
vn -0.0101 0.8804 -0.4742
vn -0.0041 0.6094 -0.7928
vn -0.2533 0.5692 -0.7822
vn -0.2801 0.8148 -0.5075
vn -0.3157 0.9408 -0.1235
vn -0.5380 0.6423 -0.5460
vn -0.6496 0.7447 -0.1528
vn -0.4143 0.5153 -0.7502
vn 0.2878 0.8508 -0.4396
vn 0.2697 0.6029 -0.7509
vn 0.6070 0.6828 -0.4067
vn 0.4774 0.5586 -0.6782
vn -0.8213 0.0210 -0.5701
vn -0.5320 0.0156 -0.8466
vn -0.5069 -0.2989 -0.8085
vn -0.7721 -0.3396 -0.5372
vn -0.8990 0.4050 -0.1670
vn -0.7449 0.3499 -0.5680
vn -0.4895 0.3077 -0.8159
vn 0.9858 -0.0176 0.1672
vn 0.9424 -0.0120 -0.3343
vn 0.8545 0.3728 -0.3618
vn 0.9161 0.3830 0.1189
vn 0.6386 -0.0083 -0.7695
vn 0.5769 0.3404 -0.7425
vn 0.8630 -0.4066 -0.2999
vn 0.5967 -0.3642 -0.7151
vn 0.0005 0.0074 -1.0000
vn 0.2671 -0.0002 -0.9637
vn 0.2791 -0.3179 -0.9061
vn 0.0087 -0.2895 -0.9571
vn -0.0016 0.2879 -0.9577
vn 0.2566 0.3038 -0.9175
vn -0.2405 0.0112 -0.9706
vn -0.2385 0.2859 -0.9281
vn -0.2462 -0.2782 -0.9284
vn 0.0088 -0.8783 0.4781
vn -0.0024 -0.6079 0.7940
vn -0.2782 -0.5965 0.7529
vn -0.2893 -0.8463 0.4474
vn -0.4814 -0.5492 0.6831
vn -0.6061 -0.6759 0.4193
vn 0.2789 -0.8143 0.5090
vn 0.2492 -0.5712 0.7820
vn 0.5379 -0.6382 0.5508
vn 0.4238 -0.5148 0.7452
vn -0.0106 0.9972 -0.0746
vn -0.0114 0.9322 0.3617
vn 0.2812 0.8667 0.4120
vn 0.3038 0.9526 -0.0138
vn -0.0199 0.6592 0.7517
vn 0.2568 0.6110 0.7488
vn 0.5627 0.6720 0.4814
vn 0.6596 0.7497 0.0539
vn 0.4317 0.5412 0.7216
vn -0.3202 0.8900 0.3247
vn -0.3084 0.6448 0.6994
vn -0.6244 0.7159 0.3124
vn -0.4986 0.5970 0.6284
vn -0.9364 0.0142 0.3507
vn -0.6370 0.0123 0.7707
vn -0.5949 0.3605 0.7184
vn -0.8585 0.4034 0.3166
vn -0.9883 0.0187 -0.1516
vn -0.9182 -0.3822 -0.1040
vn -0.8507 -0.3658 0.3775
vn -0.5789 -0.3298 0.7457
vn -0.0150 0.0001 0.9999
vn -0.2804 0.0066 0.9599
vn -0.2700 -0.2955 0.9164
vn -0.0107 -0.2842 0.9587
vn -0.0204 0.2965 0.9548
vn -0.2880 0.3195 0.9027
vn 0.2317 -0.0051 0.9728
vn 0.2375 0.2873 0.9279
vn 0.5297 -0.0123 0.8481
vn 0.5029 0.3051 0.8087
vn 0.2312 -0.2860 0.9299
vn 0.4902 -0.3141 0.8130
vn 0.8185 -0.0198 0.5742
vn 0.7407 -0.3518 0.5724
vn 0.8967 -0.4044 0.1799
vn 0.6486 -0.7436 0.1623
vn 0.7686 0.3404 0.5417
vn -0.3031 -0.9526 0.0245
vn -0.6605 -0.7496 -0.0418
vn -0.0111 -0.9356 -0.3529
vn -0.0145 -0.6596 -0.7515
vn 0.2625 -0.6080 -0.7493
vn 0.2831 -0.8693 -0.4053
vn 0.4365 -0.5367 -0.7221
vn 0.5658 -0.6729 -0.4766
vn -0.0117 -0.9963 0.0846
vn -0.3159 -0.9395 0.1325
vn -0.3210 -0.8938 -0.3130
vn -0.3056 -0.6490 -0.6967
vn -0.6268 -0.7202 -0.2974
vn -0.5000 -0.6038 -0.6208
vn 0.0101 0.8804 -0.4742
vn 0.2801 0.8148 -0.5075
vn 0.2533 0.5692 -0.7822
vn 0.0041 0.6094 -0.7928
vn 0.3157 0.9408 -0.1235
vn 0.6496 0.7447 -0.1527
vn 0.5380 0.6423 -0.5460
vn 0.4143 0.5153 -0.7502
vn -0.2697 0.6029 -0.7509
vn -0.2878 0.8508 -0.4396
vn -0.4774 0.5586 -0.6782
vn -0.6070 0.6827 -0.4067
vn 0.8213 0.0210 -0.5701
vn 0.7721 -0.3396 -0.5372
vn 0.5069 -0.2989 -0.8085
vn 0.5320 0.0156 -0.8466
vn 0.8990 0.4050 -0.1670
vn 0.7449 0.3499 -0.5680
vn 0.4895 0.3077 -0.8159
vn -0.9858 -0.0176 0.1672
vn -0.9161 0.3830 0.1189
vn -0.8545 0.3728 -0.3618
vn -0.9424 -0.0120 -0.3343
vn -0.5769 0.3404 -0.7425
vn -0.6386 -0.0083 -0.7695
vn -0.5967 -0.3642 -0.7151
vn -0.8630 -0.4066 -0.2998
vn -0.0005 0.0074 -1.0000
vn -0.0087 -0.2895 -0.9571
vn -0.2791 -0.3179 -0.9061
vn -0.2671 -0.0002 -0.9637
vn -0.2566 0.3038 -0.9175
vn 0.0016 0.2879 -0.9577
vn 0.2385 0.2860 -0.9281
vn 0.2405 0.0112 -0.9706
vn 0.2462 -0.2782 -0.9284
vn -0.0088 -0.8783 0.4781
vn 0.2893 -0.8463 0.4474
vn 0.2782 -0.5965 0.7529
vn 0.0024 -0.6079 0.7940
vn 0.6060 -0.6759 0.4193
vn 0.4814 -0.5492 0.6831
vn -0.2492 -0.5712 0.7820
vn -0.2789 -0.8143 0.5090
vn -0.4238 -0.5148 0.7452
vn -0.5379 -0.6382 0.5508
vn 0.0106 0.9972 -0.0746
vn -0.3038 0.9526 -0.0138
vn -0.2812 0.8667 0.4120
vn 0.0114 0.9322 0.3617
vn -0.2568 0.6110 0.7488
vn 0.0198 0.6592 0.7517
vn -0.6596 0.7497 0.0539
vn -0.5627 0.6720 0.4814
vn -0.4317 0.5412 0.7216
vn 0.3084 0.6448 0.6994
vn 0.3202 0.8900 0.3247
vn 0.4986 0.5970 0.6284
vn 0.6244 0.7159 0.3124
vn 0.9364 0.0142 0.3507
vn 0.8585 0.4034 0.3166
vn 0.5949 0.3604 0.7184
vn 0.6370 0.0123 0.7707
vn 0.9883 0.0187 -0.1516
vn 0.8507 -0.3658 0.3775
vn 0.9182 -0.3822 -0.1040
vn 0.5789 -0.3298 0.7457
vn 0.0150 0.0001 0.9999
vn 0.0107 -0.2842 0.9587
vn 0.2700 -0.2955 0.9164
vn 0.2804 0.0066 0.9599
vn 0.2880 0.3195 0.9027
vn 0.0204 0.2965 0.9548
vn -0.2375 0.2873 0.9279
vn -0.2316 -0.0051 0.9728
vn -0.5029 0.3051 0.8087
vn -0.5297 -0.0123 0.8481
vn -0.2312 -0.2860 0.9299
vn -0.4902 -0.3141 0.8130
vn -0.8185 -0.0197 0.5742
vn -0.7407 -0.3518 0.5724
vn -0.8967 -0.4044 0.1799
vn -0.6486 -0.7436 0.1623
vn -0.7686 0.3404 0.5417
vn 0.3031 -0.9526 0.0245
vn 0.6605 -0.7496 -0.0419
vt 0.061166 0.996037
vt 0.061926 0.988949
vt 0.081967 0.989300
vt 0.088352 0.931464
vt 0.087345 0.939970
vt 0.064275 0.939204
vt 0.110596 0.935378
vt 0.108314 0.944477
vt 0.061911 0.969291
vt 0.061800 0.976156
vt 0.045941 0.974282
vt 0.141766 0.960142
vt 0.134097 0.959369
vt 0.132801 0.952763
vt 0.107228 0.952659
vt 0.124628 0.949218
vt 0.119296 0.965850
vt 0.104553 0.961742
vt 0.123615 0.956876
vt 0.129678 0.968786
vt 0.128400 0.941398
vt 0.138995 0.949931
vt 0.064608 0.946574
vt 0.086747 0.947522
vt 0.086097 0.954703
vt 0.064982 0.953711
vt 0.093867 0.963822
vt 0.096931 0.970967
vt 0.091041 0.966042
vt 0.084434 0.976113
vt 0.046092 0.954044
vt 0.043995 0.948116
vt 0.041827 0.941789
vt 0.027618 0.951672
vt 0.023569 0.947055
vt 0.030418 0.957541
vt 0.008002 0.948018
vt 0.012925 0.952613
vt 0.008647 0.957512
vt 0.020279 0.940649
vt 0.040468 0.984595
vt 0.043392 0.979349
vt 0.061981 0.982471
vt 0.027095 0.974193
vt 0.030240 0.969382
vt 0.022481 0.977488
vt 0.091883 0.980580
vt 0.099995 0.985409
vt 0.077803 0.983084
vt 0.073678 0.977049
vt 0.117289 0.977880
vt 0.107032 0.973919
vt 0.016743 0.958494
vt 0.027541 0.963183
vt 0.016530 0.962383
vt 0.007234 0.961542
vt 0.016736 0.966212
vt 0.008468 0.965615
vt 0.017454 0.954365
vt 0.017134 0.970138
vt 0.012336 0.970780
vt 0.927894 0.945630
vt 0.942305 0.948241
vt 0.934856 0.952426
vt 0.931867 0.939167
vt 0.950159 0.943066
vt 0.911465 0.946162
vt 0.911381 0.939551
vt 0.923722 0.951475
vt 0.911292 0.952380
vt 0.957757 0.975725
vt 0.954955 0.966558
vt 0.969272 0.962591
vt 0.974869 0.979227
vt 0.958843 0.984058
vt 0.973702 0.971507
vt 0.983934 0.968902
vt 0.982876 0.975580
vt 0.979350 0.959578
vt 0.937434 0.980781
vt 0.915065 0.982050
vt 0.915164 0.974876
vt 0.937899 0.988528
vt 0.914545 0.989496
vt 0.936554 0.973540
vt 0.895014 0.954242
vt 0.892453 0.949352
vt 0.889602 0.943937
vt 0.876017 0.954694
vt 0.871456 0.951130
vt 0.879268 0.959375
vt 0.893981 0.980784
vt 0.895870 0.974697
vt 0.877250 0.977529
vt 0.879627 0.971552
vt 0.891663 0.987131
vt 0.873156 0.982025
vt 0.885549 0.966979
vt 0.957313 0.954759
vt 0.967269 0.950544
vt 0.947366 0.957458
vt 0.973871 0.944179
vt 0.986898 0.956059
vt 0.954762 0.934933
vt 0.867750 0.945648
vt 0.861217 0.957991
vt 0.856086 0.954204
vt 0.857527 0.963411
vt 0.850906 0.962013
vt 0.856629 0.967664
vt 0.876581 0.965469
vt 0.866424 0.970885
vt 0.865739 0.962909
vt 0.865872 0.966887
vt 0.858331 0.971665
vt 0.867269 0.974945
vt 0.862672 0.976491
vt 0.865982 0.958870
vt 0.830700 0.699590
vt 0.826078 0.696365
vt 0.829138 0.691989
vt 0.826412 0.703923
vt 0.822801 0.700170
vt 0.837798 0.704270
vt 0.833265 0.710076
vt 0.834275 0.694311
vt 0.842475 0.698422
vt 0.817346 0.689902
vt 0.826439 0.683367
vt 0.944439 0.244098
vt 0.924829 0.242935
vt 0.926380 0.234829
vt 0.945862 0.236100
vt 0.960577 0.236060
vt 0.960336 0.244026
vt 0.947331 0.228791
vt 0.957710 0.230687
vt 0.927827 0.226866
vt 0.846202 0.709846
vt 0.842568 0.715444
vt 0.852631 0.714270
vt 0.849186 0.718339
vt 0.850951 0.705204
vt 0.855658 0.710156
vt 0.928816 0.218309
vt 0.948963 0.221232
vt 0.962794 0.227018
vt 0.885929 0.228432
vt 0.893564 0.232028
vt 0.891092 0.238538
vt 0.893334 0.222440
vt 0.897773 0.227143
vt 0.442209 0.972525
vt 0.435715 0.970792
vt 0.438143 0.964242
vt 0.440669 0.978381
vt 0.433384 0.977252
vt 0.447399 0.973824
vt 0.445984 0.978986
vt 0.445193 0.967029
vt 0.449468 0.969400
vt 0.452732 0.958918
vt 0.458048 0.966649
vt 0.429698 0.988472
vt 0.457851 0.977172
vt 0.429279 0.969091
vt 0.424283 0.967851
vt 0.425628 0.962693
vt 0.426466 0.974446
vt 0.422361 0.972147
vt 0.430823 0.963214
vt 0.886954 0.274719
vt 0.882124 0.280317
vt 0.873538 0.267837
vt 0.880668 0.263879
vt 0.889139 0.262371
vt 0.892002 0.270690
vt 0.878690 0.252646
vt 0.888490 0.252413
vt 0.939919 0.272875
vt 0.938388 0.284366
vt 0.919284 0.281019
vt 0.954294 0.276113
vt 0.949131 0.283763
vt 0.941804 0.260695
vt 0.957747 0.262980
vt 0.920876 0.269567
vt 0.922393 0.258337
vt 0.779706 0.699444
vt 0.775166 0.696072
vt 0.778125 0.691798
vt 0.775498 0.703893
vt 0.771871 0.699951
vt 0.786746 0.704372
vt 0.782339 0.710315
vt 0.783115 0.694197
vt 0.791205 0.698520
vt 0.799569 0.705538
vt 0.798404 0.689268
vt 0.808861 0.700196
vt 0.812748 0.711888
vt 0.804310 0.710652
vt 0.794979 0.710283
vt 0.791673 0.716006
vt 0.801397 0.714868
vt 0.798142 0.718922
vt 0.956064 0.158066
vt 0.950579 0.154066
vt 0.954877 0.148716
vt 0.952762 0.163192
vt 0.946434 0.159478
vt 0.960206 0.161258
vt 0.957368 0.165408
vt 0.960369 0.153872
vt 0.963588 0.157641
vt 0.970129 0.149038
vt 0.972269 0.158187
vt 0.968517 0.167708
vt 0.932049 0.139945
vt 0.940929 0.146859
vt 0.937519 0.150618
vt 0.941514 0.133519
vt 0.943885 0.142575
vt 0.930874 0.160683
vt 0.928161 0.150551
vt 0.940935 0.154277
vt 0.952116 0.133519
vt 0.948465 0.145009
vt 0.945056 0.150037
vt 0.935578 0.572537
vt 0.929986 0.571758
vt 0.930344 0.566702
vt 0.934353 0.578681
vt 0.929108 0.576889
vt 0.944041 0.573935
vt 0.943157 0.581275
vt 0.935669 0.566436
vt 0.945022 0.566650
vt 0.972121 0.578158
vt 0.968018 0.586780
vt 0.961053 0.581781
vt 0.961867 0.576712
vt 0.962313 0.571497
vt 0.954094 0.575575
vt 0.954087 0.582151
vt 0.955563 0.569093
vt 0.955614 0.116604
vt 0.950339 0.112335
vt 0.954477 0.106918
vt 0.952693 0.121861
vt 0.946298 0.117888
vt 0.959764 0.119784
vt 0.957157 0.123993
vt 0.959697 0.112075
vt 0.963031 0.115957
vt 0.968144 0.126142
vt 0.959935 0.132242
vt 0.930907 0.119159
vt 0.928161 0.108908
vt 0.937521 0.108843
vt 0.951613 0.091577
vt 0.948041 0.102952
vt 0.943632 0.100600
vt 0.962096 0.097890
vt 0.945028 0.108037
vt 0.940895 0.104866
vt 0.941060 0.112647
vt 0.935419 0.611287
vt 0.929894 0.610101
vt 0.930095 0.605327
vt 0.934272 0.617490
vt 0.928976 0.615467
vt 0.943673 0.612833
vt 0.942984 0.620315
vt 0.935156 0.605070
vt 0.944384 0.605445
vt 0.960402 0.598918
vt 0.969503 0.607704
vt 0.961604 0.610647
vt 0.953560 0.614700
vt 0.953781 0.621388
vt 0.961268 0.616029
vt 0.960606 0.621125
vt 0.954800 0.608094
vt 0.339490 0.957050
vt 0.335117 0.962123
vt 0.329498 0.958157
vt 0.345098 0.959858
vt 0.340874 0.966118
vt 0.343038 0.953060
vt 0.347272 0.955508
vt 0.334861 0.953125
vt 0.338911 0.949616
vt 0.928499 0.627813
vt 0.921060 0.619711
vt 0.330772 0.967138
vt 0.327349 0.970981
vt 0.323316 0.968552
vt 0.335425 0.971096
vt 0.331423 0.974474
vt 0.325393 0.964354
vt 0.946555 0.707703
vt 0.949956 0.710178
vt 0.946475 0.715475
vt 0.951012 0.701969
vt 0.953937 0.705252
vt 0.942022 0.704403
vt 0.946865 0.697853
vt 0.942447 0.713695
vt 0.937254 0.711010
vt 0.959117 0.716857
vt 0.947337 0.724727
vt 0.943408 0.683233
vt 0.953613 0.688120
vt 0.940993 0.694027
vt 0.935810 0.691861
vt 0.922266 0.712189
vt 0.919238 0.702760
vt 0.928165 0.702331
vt 0.931811 0.706596
vt 0.936919 0.700689
vt 0.932114 0.697191
vt 0.523605 0.969825
vt 0.516440 0.972462
vt 0.515108 0.967788
vt 0.528783 0.962803
vt 0.530784 0.967232
vt 0.522124 0.965786
vt 0.520693 0.961880
vt 0.526468 0.959274
vt 0.514600 0.963604
vt 0.503935 0.967439
vt 0.506221 0.960166
vt 0.516809 0.951249
vt 0.530568 0.988850
vt 0.515721 0.988411
vt 0.520696 0.980269
vt 0.525172 0.974102
vt 0.526526 0.977795
vt 0.531865 0.971820
vt 0.532574 0.975933
vt 0.518579 0.976664
vt 0.879354 0.243471
vt 0.889350 0.244887
vt 0.881929 0.235673
vt 0.923600 0.250148
vt 0.943209 0.251689
vt 0.959494 0.252534
vt 0.904448 0.247553
vt 0.903504 0.255025
vt 0.905712 0.241018
vt 0.902765 0.265245
vt 0.901724 0.275532
vt 0.908473 0.218347
vt 0.908485 0.226586
vt 0.907299 0.233651
vt 0.168808 0.956306
vt 0.164375 0.958298
vt 0.161777 0.951119
vt 0.159136 0.943957
vt 0.163813 0.942635
vt 0.165821 0.949650
vt 0.168003 0.942133
vt 0.169729 0.948229
vt 0.172336 0.953999
vt 0.977615 0.429618
vt 0.975874 0.440562
vt 0.969913 0.441764
vt 0.157496 0.952675
vt 0.159783 0.959369
vt 0.155662 0.960072
vt 0.153799 0.954018
vt 0.151327 0.948193
vt 0.154930 0.946086
vt 0.899599 0.283955
vt 0.896877 0.290540
vt 0.917726 0.290239
vt 0.916244 0.297097
vt 0.966030 0.451660
vt 0.968153 0.458869
vt 0.962860 0.459340
vt 0.960969 0.453253
vt 0.959016 0.447192
vt 0.963614 0.444545
vt 0.972239 0.449704
vt 0.974911 0.457534
vt 0.969749 0.253396
vt 0.967160 0.266076
vt 0.977758 0.254463
vt 0.974247 0.269507
vt 0.961080 0.280200
vt 0.952344 0.289355
vt 0.937030 0.299546
vt 0.937615 0.292697
vt 0.954463 0.295830
vt 0.969917 0.242630
vt 0.968083 0.233610
vt 0.980483 0.455100
vt 0.977433 0.448068
vt 0.980421 0.440420
vt 0.981859 0.446672
vt 0.984282 0.452608
vt 0.766750 0.435851
vt 0.792712 0.445746
vt 0.782802 0.457260
vt 0.815580 0.465261
vt 0.798851 0.479913
vt 0.791498 0.469021
vt 0.826620 0.476720
vt 0.808332 0.492233
vt 0.834193 0.443974
vt 0.850675 0.454127
vt 0.806239 0.455772
vt 0.822354 0.435368
vt 0.842995 0.497298
vt 0.862621 0.485086
vt 0.868922 0.502714
vt 0.839372 0.522960
vt 0.826390 0.511393
vt 0.852990 0.511541
vt 0.860782 0.522990
vt 0.849260 0.531805
vt 0.873415 0.515520
vt 0.853913 0.406848
vt 0.844277 0.402136
vt 0.854164 0.378729
vt 0.846248 0.421754
vt 0.859401 0.426307
vt 0.863511 0.411790
vt 0.836111 0.416249
vt 0.855829 0.470447
vt 0.816806 0.501616
vt 0.834720 0.486340
vt 0.795840 0.520224
vt 0.786941 0.509277
vt 0.830075 0.412207
vt 0.815677 0.430307
vt 0.808289 0.424423
vt 0.838307 0.399673
vt 0.824501 0.406077
vt 0.832950 0.395607
vt 0.844945 0.375399
vt 0.776353 0.495023
vt 0.767887 0.481024
vt 0.800356 0.450281
vt 0.787772 0.462746
vt 0.079540 0.930490
vt 0.083587 0.882904
vt 0.107822 0.883320
vt 0.037689 0.912089
vt 0.059631 0.879221
vt 0.092691 0.775881
vt 0.132565 0.782715
vt 0.117655 0.849199
vt 0.086899 0.843971
vt 0.055702 0.843929
vt 0.052235 0.775881
vt 0.007236 0.857170
vt 0.000487 0.780673
vt 0.163187 0.870435
vt 0.123897 0.919421
vt 0.897134 0.313583
vt 0.882567 0.328906
vt 0.875212 0.318714
vt 0.909981 0.329707
vt 0.897114 0.345491
vt 0.888625 0.336113
vt 0.929544 0.387848
vt 0.929086 0.400303
vt 0.908458 0.393038
vt 0.390238 0.844597
vt 0.375143 0.862317
vt 0.369060 0.852820
vt 0.402703 0.861568
vt 0.388162 0.878668
vt 0.380897 0.870041
vt 0.943497 0.634393
vt 0.933870 0.640082
vt 0.933017 0.638896
vt 0.404002 0.799170
vt 0.397619 0.808934
vt 0.383444 0.789677
vt 0.949748 0.013193
vt 0.938165 0.028228
vt 0.933059 0.020155
vt 0.960905 0.029079
vt 0.950095 0.043234
vt 0.943927 0.035964
vt 0.363906 0.809701
vt 0.365121 0.809448
vt 0.378136 0.827569
vt 0.953735 0.653883
vt 0.948017 0.662286
vt 0.937156 0.645992
vt 0.927272 0.409908
vt 0.922800 0.421876
vt 0.905381 0.413682
vt 0.958197 0.657654
vt 0.952498 0.667405
vt 0.391004 0.816284
vt 0.381849 0.823409
vt 0.369756 0.806179
vt 0.945020 0.639647
vt 0.408523 0.802750
vt 0.402168 0.814000
vt 0.392633 0.782526
vt 0.379683 0.783853
vt 0.941454 0.669580
vt 0.933710 0.675817
vt 0.924800 0.661913
vt 0.912437 0.382272
vt 0.902002 0.390392
vt 0.930268 0.679921
vt 0.920392 0.665329
vt 0.945034 0.675303
vt 0.935501 0.680972
vt 0.907280 0.379244
vt 0.912952 0.376660
vt 0.927187 0.425342
vt 0.921959 0.427491
vt 0.364274 0.848509
vt 0.363906 0.856500
vt 0.365110 0.802402
vt 0.275343 0.846807
vt 0.282489 0.841522
vt 0.293513 0.851974
vt 0.289123 0.857935
vt 0.286050 0.864554
vt 0.270045 0.852865
vt 0.251949 0.834195
vt 0.258081 0.828485
vt 0.928242 0.015687
vt 0.928161 0.023726
vt 0.965842 0.033705
vt 0.965967 0.025688
vt 0.920441 0.658104
vt 0.264835 0.821883
vt 0.907774 0.316328
vt 0.903286 0.320618
vt 0.935636 0.401738
vt 0.400490 0.847706
vt 0.396208 0.852051
vt 0.926192 0.648035
vt 0.940021 0.040941
vt 0.933989 0.032934
vt 0.958424 0.650286
vt 0.226801 0.823067
vt 0.214176 0.828927
vt 0.208618 0.814900
vt 0.217668 0.809014
vt 0.226777 0.803351
vt 0.933522 0.412464
vt 0.376727 0.796668
vt 0.903363 0.419042
vt 0.408426 0.795388
vt 0.906446 0.402390
vt 0.899574 0.412921
vt 0.382588 0.836113
vt 0.407608 0.858224
vt 0.236329 0.816565
vt 0.241042 0.843955
vt 0.225671 0.855723
vt 0.930998 0.382531
vt 0.394643 0.821964
vt 0.383670 0.828525
vt 0.384959 0.884062
vt 0.376536 0.874977
vt 0.244802 0.886156
vt 0.264170 0.899542
vt 0.255623 0.910238
vt 0.372111 0.791421
vt 0.955578 0.020848
vt 0.237678 0.897895
vt 0.216918 0.887731
vt 0.930543 0.653348
vt 0.899645 0.400782
vt 0.222194 0.872480
vt 0.251888 0.875767
vt 0.953603 0.048698
vt 0.271651 0.889350
vt 0.187592 0.881685
vt 0.934915 0.387829
vt 0.948648 0.635399
vt 0.190855 0.866328
vt 0.190779 0.854225
vt 0.390709 0.777168
vt 0.396149 0.778233
vt 0.257805 0.780345
vt 0.246850 0.805271
vt 0.237386 0.795709
vt 0.146262 0.445058
vt 0.137095 0.420775
vt 0.168517 0.417583
vt 0.119685 0.449305
vt 0.107640 0.429743
vt 0.153692 0.467775
vt 0.132063 0.465859
vt 0.173335 0.444382
vt 0.177994 0.467680
vt 0.189598 0.417518
vt 0.192780 0.441493
vt 0.198409 0.463240
vt 0.210522 0.442996
vt 0.209455 0.457362
vt 0.208311 0.422260
vt 0.321898 0.652130
vt 0.345967 0.667828
vt 0.313810 0.700508
vt 0.339327 0.628841
vt 0.365488 0.635404
vt 0.301329 0.636454
vt 0.318125 0.624083
vt 0.295154 0.676439
vt 0.278296 0.654237
vt 0.266823 0.697104
vt 0.256497 0.672357
vt 0.239277 0.708950
vt 0.239803 0.686150
vt 0.276337 0.724859
vt 0.239677 0.736737
vt 0.216991 0.704846
vt 0.210890 0.734767
vt 0.189670 0.723838
vt 0.227084 0.677272
vt 0.200202 0.693825
vt 0.214099 0.665604
vt 0.172951 0.713114
vt 0.186036 0.683583
vt 0.201213 0.656079
vt 0.169100 0.671429
vt 0.179760 0.648032
vt 0.153251 0.692477
vt 0.246309 0.611246
vt 0.254985 0.622608
vt 0.233389 0.642199
vt 0.214898 0.620424
vt 0.239128 0.600912
vt 0.223453 0.631037
vt 0.265363 0.636908
vt 0.244480 0.655698
vt 0.288893 0.620771
vt 0.312985 0.610140
vt 0.279226 0.606487
vt 0.305259 0.595364
vt 0.272308 0.595431
vt 0.299796 0.583051
vt 0.266663 0.585577
vt 0.293831 0.572086
vt 0.222491 0.448705
vt 0.222837 0.427738
vt 0.236352 0.434529
vt 0.217248 0.464579
vt 0.232313 0.456686
vt 0.223817 0.473229
vt 0.249879 0.441188
vt 0.242172 0.463992
vt 0.228041 0.481089
vt 0.250123 0.470759
vt 0.234006 0.487798
vt 0.263638 0.447767
vt 0.310819 0.531778
vt 0.342205 0.511616
vt 0.346734 0.519884
vt 0.307714 0.525936
vt 0.338335 0.504976
vt 0.281828 0.548382
vt 0.279058 0.543181
vt 0.314451 0.538916
vt 0.285024 0.554591
vt 0.352176 0.530864
vt 0.318773 0.548140
vt 0.288882 0.562458
vt 0.323807 0.559854
vt 0.358268 0.545350
vt 0.214396 0.562160
vt 0.217830 0.566598
vt 0.191287 0.582716
vt 0.184242 0.578719
vt 0.177084 0.574774
vt 0.211199 0.558332
vt 0.151168 0.605169
vt 0.136914 0.606318
vt 0.160121 0.606776
vt 0.196107 0.586710
vt 0.168296 0.608936
vt 0.199900 0.591027
vt 0.173993 0.612516
vt 0.221138 0.571046
vt 0.225012 0.575030
vt 0.245172 0.550219
vt 0.248916 0.554961
vt 0.251766 0.559531
vt 0.276563 0.538509
vt 0.274028 0.533336
vt 0.243164 0.545988
vt 0.271749 0.527063
vt 0.240919 0.540598
vt 0.269054 0.522642
vt 0.072433 0.614006
vt 0.067029 0.609213
vt 0.084150 0.593870
vt 0.122588 0.566124
vt 0.129464 0.571731
vt 0.104907 0.596398
vt 0.090650 0.597168
vt 0.114744 0.562660
vt 0.094090 0.658826
vt 0.088719 0.659596
vt 0.088955 0.650692
vt 0.098872 0.632208
vt 0.092446 0.632055
vt 0.094721 0.627909
vt 0.098842 0.671889
vt 0.095024 0.674410
vt 0.093709 0.666752
vt 0.163878 0.535155
vt 0.194052 0.521498
vt 0.196224 0.526864
vt 0.162483 0.527167
vt 0.191511 0.514700
vt 0.126666 0.552120
vt 0.127033 0.541093
vt 0.165715 0.541153
vt 0.198544 0.531665
vt 0.167759 0.546211
vt 0.170703 0.551107
vt 0.201227 0.536848
vt 0.223101 0.512254
vt 0.226228 0.517115
vt 0.229918 0.521978
vt 0.251146 0.501421
vt 0.255985 0.505844
vt 0.245976 0.497205
vt 0.219355 0.507084
vt 0.240189 0.492880
vt 0.215341 0.500971
vt 0.307535 0.472571
vt 0.316999 0.474839
vt 0.290481 0.495272
vt 0.283685 0.491162
vt 0.279599 0.487646
vt 0.301225 0.469397
vt 0.259758 0.509529
vt 0.264362 0.514230
vt 0.294012 0.499358
vt 0.266909 0.518382
vt 0.297003 0.503517
vt 0.320804 0.479313
vt 0.324376 0.483836
vt 0.299774 0.507800
vt 0.327788 0.488531
vt 0.331175 0.493531
vt 0.302111 0.515369
vt 0.334685 0.498993
vt 0.304828 0.520656
vt 0.116594 0.615399
vt 0.106188 0.628982
vt 0.101167 0.626565
vt 0.117923 0.621310
vt 0.108594 0.632717
vt 0.135153 0.597773
vt 0.113935 0.610105
vt 0.134563 0.588380
vt 0.103959 0.620133
vt 0.112149 0.605253
vt 0.132793 0.580616
vt 0.170196 0.558202
vt 0.203351 0.542586
vt 0.205781 0.548647
vt 0.171066 0.565490
vt 0.208420 0.553865
vt 0.173085 0.570816
vt 0.239241 0.535944
vt 0.237257 0.531525
vt 0.234311 0.526908
vt 0.155801 0.485690
vt 0.181793 0.483194
vt 0.185176 0.495228
vt 0.124374 0.479898
vt 0.156027 0.502225
vt 0.114525 0.502693
vt 0.188341 0.505686
vt 0.123810 0.525384
vt 0.159076 0.516195
vt 0.210966 0.493762
vt 0.207200 0.486043
vt 0.202783 0.476278
vt 0.103972 0.462390
vt 0.095800 0.475822
vt 0.083815 0.455419
vt 0.091433 0.443580
vt 0.276364 0.455878
vt 0.287805 0.461200
vt 0.267424 0.479831
vt 0.259062 0.476001
vt 0.274208 0.483521
vt 0.295609 0.465388
vt 0.330837 0.573175
vt 0.364069 0.564284
vt 0.366687 0.584842
vt 0.335179 0.589090
vt 0.340616 0.607291
vt 0.369873 0.607945
vt 0.203824 0.596285
vt 0.228416 0.579874
vt 0.231434 0.584903
vt 0.178790 0.617136
vt 0.207247 0.602215
vt 0.181873 0.623839
vt 0.235155 0.591735
vt 0.210409 0.610060
vt 0.182705 0.633774
vt 0.261649 0.577150
vt 0.257777 0.570197
vt 0.254630 0.564476
vt 0.102087 0.679573
vt 0.099335 0.682279
vt 0.158640 0.721384
vt 0.145279 0.714070
vt 0.120551 0.698072
vt 0.120373 0.703297
vt 0.110165 0.696343
vt 0.100643 0.644313
vt 0.095370 0.649934
vt 0.096223 0.644189
vt 0.091370 0.675885
vt 0.089230 0.667909
vt 0.394040 0.610009
vt 0.393146 0.582021
vt 0.413147 0.580457
vt 0.386882 0.642601
vt 0.412009 0.612456
vt 0.402497 0.649316
vt 0.390090 0.557595
vt 0.407509 0.553004
vt 0.382746 0.535882
vt 0.399294 0.529791
vt 0.308469 0.439689
vt 0.322578 0.423555
vt 0.331113 0.431676
vt 0.314398 0.447156
vt 0.319481 0.452645
vt 0.336826 0.437758
vt 0.307396 0.410723
vt 0.292910 0.431003
vt 0.275256 0.425409
vt 0.287932 0.397839
vt 0.080542 0.427991
vt 0.072122 0.437936
vt 0.059251 0.420790
vt 0.098188 0.414979
vt 0.070397 0.413039
vt 0.090876 0.401966
vt 0.135887 0.700646
vt 0.132788 0.708113
vt 0.106703 0.686843
vt 0.104484 0.689950
vt 0.097300 0.620470
vt 0.104141 0.611267
vt 0.166528 0.742153
vt 0.152843 0.737668
vt 0.354778 0.485013
vt 0.350759 0.479285
vt 0.363143 0.470320
vt 0.359028 0.491355
vt 0.367538 0.476162
vt 0.372230 0.482629
vt 0.358983 0.464916
vt 0.346899 0.474021
vt 0.343099 0.469072
vt 0.354964 0.459747
vt 0.335132 0.459284
vt 0.346683 0.449337
vt 0.350911 0.454609
vt 0.339231 0.464200
vt 0.341927 0.443545
vt 0.326506 0.456163
vt 0.028557 0.640684
vt 0.014542 0.647630
vt 0.012367 0.642715
vt 0.117549 0.708869
vt 0.108670 0.699412
vt 0.025645 0.636118
vt 0.038656 0.628509
vt 0.375384 0.519586
vt 0.368900 0.507469
vt 0.383405 0.499466
vt 0.390808 0.512264
vt 0.377344 0.490045
vt 0.363564 0.498484
vt 0.239046 0.407479
vt 0.245204 0.381353
vt 0.266026 0.387932
vt 0.256370 0.414013
vt 0.221692 0.401985
vt 0.224081 0.377152
vt 0.204255 0.398032
vt 0.203963 0.375399
vt 0.181722 0.749058
vt 0.174700 0.769605
vt 0.203862 0.774908
vt 0.206592 0.757445
vt 0.240147 0.758285
vt 0.241333 0.774907
vt 0.283456 0.746369
vt 0.328623 0.719937
vt 0.340222 0.734706
vt 0.289550 0.763097
vt 0.379667 0.692897
vt 0.365334 0.681872
vt 0.164500 0.396589
vt 0.161128 0.378689
vt 0.185029 0.375707
vt 0.186871 0.396131
vt 0.130052 0.402919
vt 0.124667 0.388205
vt 0.042721 0.633526
vt 0.052386 0.619835
vt 0.095796 0.684806
vt 0.057337 0.625045
vt 0.097600 0.664994
vt 0.097380 0.637150
vt 0.127230 0.715340
vt 0.090214 0.642750
vt 0.091022 0.636747
vt 0.011410 0.640586
vt 0.024393 0.634008
vt 0.036959 0.626255
vt 0.022632 0.627938
vt 0.035517 0.620323
vt 0.009179 0.633955
vt 0.070016 0.441015
vt 0.056388 0.423044
vt 0.065460 0.445062
vt 0.051253 0.427403
vt 0.081855 0.459168
vt 0.077854 0.463153
vt 0.050292 0.617515
vt 0.064593 0.607189
vt 0.049136 0.611596
vt 0.063683 0.600844
vt 0.110705 0.544665
vt 0.109683 0.525656
vt 0.103977 0.503964
vt 0.102141 0.529711
vt 0.098551 0.508497
vt 0.100086 0.546829
vt 0.108440 0.559985
vt 0.094753 0.556060
vt 0.098993 0.575489
vt 0.091926 0.566410
vt 0.093566 0.480291
vt 0.089501 0.484610
vt 0.081630 0.592602
vt 0.080230 0.585358
vt 0.061934 0.629665
vt 0.046852 0.638615
vt 0.093408 0.609621
vt 0.086445 0.609463
vt 0.140817 0.732842
vt 0.130661 0.730762
vt 0.135923 0.718792
vt 0.031746 0.645725
vt 0.017285 0.652501
vt 0.101563 0.692805
vt 0.075768 0.619397
vt 0.129627 0.750585
vt 0.120499 0.745140
vt 0.140773 0.756353
vt 0.157281 0.763807
vt 0.112161 0.692760
vt 0.117739 0.626111
vt 0.109819 0.636992
vt 0.113817 0.689039
vt 0.121674 0.692791
vt 0.100931 0.663840
vt 0.102265 0.670208
vt 0.128961 0.617134
vt 0.134983 0.695052
vt 0.099054 0.650281
vt 0.034488 0.650503
vt 0.051142 0.643813
vt 0.044690 0.652055
vt 0.034703 0.655164
vt 0.022758 0.661394
vt 0.020097 0.657148
vt 0.082622 0.621306
vt 0.052368 0.652768
vt 0.058932 0.645297
vt 0.066204 0.648428
vt 0.057846 0.655083
vt 0.081740 0.642070
vt 0.074401 0.641514
vt 0.075554 0.635745
vt 0.068067 0.632586
vt 0.072295 0.651714
vt 0.063457 0.659854
vt 0.078067 0.698714
vt 0.083839 0.697342
vt 0.074760 0.713682
vt 0.080417 0.687901
vt 0.071358 0.711202
vt 0.068480 0.709645
vt 0.068176 0.708973
vt 0.110794 0.719547
vt 0.100285 0.731796
vt 0.091666 0.725736
vt 0.101785 0.710814
vt 0.094247 0.705905
vt 0.084589 0.720683
vt 0.110676 0.738914
vt 0.120563 0.726147
vt 0.080084 0.655233
vt 0.075467 0.671440
vt 0.069627 0.665387
vt 0.062796 0.684280
vt 0.057801 0.675670
vt 0.079254 0.678709
vt 0.089000 0.700889
vt 0.079378 0.716962
vt 0.098180 0.658588
vt 0.931721 0.319161
vt 0.926000 0.318466
vt 0.925648 0.313722
vt 0.930876 0.325375
vt 0.925553 0.323630
vt 0.940170 0.320007
vt 0.939741 0.327409
vt 0.930740 0.312808
vt 0.940054 0.312413
vt 0.968321 0.322463
vt 0.957785 0.321762
vt 0.957780 0.316243
vt 0.950839 0.314326
vt 0.950670 0.327564
vt 0.950313 0.321068
vt 0.957365 0.326908
vt 0.959688 0.396149
vt 0.963709 0.390438
vt 0.968705 0.395886
vt 0.961918 0.405841
vt 0.955686 0.401730
vt 0.964736 0.400488
vt 0.968589 0.403903
vt 0.966138 0.407921
vt 0.972077 0.399872
vt 0.937643 0.907933
vt 0.940553 0.901867
vt 0.946980 0.905573
vt 0.932050 0.904285
vt 0.933446 0.897991
vt 0.932206 0.912013
vt 0.928515 0.908264
vt 0.941869 0.912894
vt 0.934052 0.917808
vt 0.905395 0.863172
vt 0.912729 0.864272
vt 0.906226 0.873446
vt 0.903951 0.856743
vt 0.912102 0.853687
vt 0.900035 0.862851
vt 0.899905 0.858890
vt 0.900330 0.869027
vt 0.897638 0.866520
vt 0.867323 0.879513
vt 0.876319 0.878157
vt 0.870132 0.886153
vt 0.866050 0.887452
vt 0.862098 0.889488
vt 0.861404 0.881085
vt 0.868403 0.894892
vt 0.866180 0.897976
vt 0.870694 0.892760
vt 0.951189 0.908840
vt 0.944484 0.917254
vt 0.935079 0.922752
vt 0.898233 0.911296
vt 0.898878 0.905544
vt 0.918740 0.908143
vt 0.918303 0.914058
vt 0.918228 0.919619
vt 0.897499 0.916175
vt 0.941889 0.381524
vt 0.950569 0.388239
vt 0.947118 0.392330
vt 0.894983 0.846429
vt 0.913548 0.847296
vt 0.894384 0.841864
vt 0.913963 0.841847
vt 0.880927 0.850629
vt 0.879059 0.847031
vt 0.895449 0.850879
vt 0.883309 0.853692
vt 0.934593 0.842851
vt 0.933041 0.846992
vt 0.948860 0.852784
vt 0.945729 0.856277
vt 0.939376 0.300520
vt 0.954581 0.391780
vt 0.953043 0.384028
vt 0.950628 0.396367
vt 0.957419 0.386207
vt 0.956129 0.866364
vt 0.951576 0.868466
vt 0.958147 0.882755
vt 0.952784 0.883245
vt 0.877035 0.860280
vt 0.869785 0.855382
vt 0.873140 0.858213
vt 0.869396 0.866979
vt 0.864523 0.864968
vt 0.876721 0.869318
vt 0.906340 0.895597
vt 0.892297 0.898021
vt 0.898925 0.892266
vt 0.898485 0.884838
vt 0.905650 0.883910
vt 0.893491 0.890018
vt 0.894234 0.886030
vt 0.889918 0.893810
vt 0.941028 0.860208
vt 0.944656 0.870288
vt 0.937613 0.870325
vt 0.936568 0.862870
vt 0.944888 0.883369
vt 0.936389 0.882207
vt 0.914416 0.528758
vt 0.908626 0.528319
vt 0.908600 0.523338
vt 0.913311 0.535004
vt 0.908034 0.533334
vt 0.923022 0.529638
vt 0.922252 0.536995
vt 0.913907 0.522518
vt 0.923290 0.522179
vt 0.951167 0.532140
vt 0.940732 0.531303
vt 0.940876 0.525973
vt 0.938239 0.513156
vt 0.934073 0.524091
vt 0.948621 0.521902
vt 0.933312 0.537142
vt 0.933260 0.530661
vt 0.940138 0.536472
vt 0.949482 0.069857
vt 0.953538 0.064322
vt 0.958778 0.069557
vt 0.951773 0.079228
vt 0.945327 0.075261
vt 0.954803 0.074150
vt 0.958941 0.077315
vt 0.956192 0.081582
vt 0.962314 0.073352
vt 0.968933 0.063059
vt 0.971675 0.073299
vt 0.922884 0.510339
vt 0.944200 0.065593
vt 0.940045 0.062419
vt 0.942664 0.058215
vt 0.940102 0.070109
vt 0.936770 0.066233
vt 0.947137 0.060351
vt 0.913902 0.486673
vt 0.908301 0.485146
vt 0.909447 0.480221
vt 0.911300 0.492371
vt 0.906588 0.489819
vt 0.922300 0.488730
vt 0.920017 0.495842
vt 0.914985 0.480423
vt 0.924075 0.481548
vt 0.940507 0.475203
vt 0.934534 0.485122
vt 0.931052 0.509365
vt 0.915641 0.506855
vt 0.930816 0.497661
vt 0.932284 0.491198
vt 0.939538 0.493097
vt 0.937867 0.498173
vt 0.940727 0.488039
vt 0.385618 0.952818
vt 0.389780 0.947420
vt 0.395277 0.952610
vt 0.387718 0.961862
vt 0.381300 0.958159
vt 0.391145 0.956837
vt 0.395277 0.960009
vt 0.392308 0.964296
vt 0.398689 0.956260
vt 0.405339 0.946217
vt 0.912644 0.469976
vt 0.925863 0.469976
vt 0.380129 0.948828
vt 0.375984 0.945642
vt 0.378835 0.941496
vt 0.375808 0.953009
vt 0.372593 0.949249
vt 0.383448 0.943712
vt 0.914186 0.446161
vt 0.908579 0.444884
vt 0.909957 0.439861
vt 0.911049 0.451791
vt 0.906595 0.449214
vt 0.922396 0.448210
vt 0.919641 0.455313
vt 0.915565 0.440028
vt 0.924573 0.441110
vt 0.949676 0.455429
vt 0.939525 0.452489
vt 0.940906 0.447521
vt 0.941063 0.434856
vt 0.949450 0.445118
vt 0.934863 0.444651
vt 0.930413 0.457158
vt 0.932267 0.450624
vt 0.937610 0.457706
vt 0.481357 0.970656
vt 0.483717 0.964196
vt 0.490621 0.966953
vt 0.486214 0.978208
vt 0.478900 0.977219
vt 0.487786 0.972305
vt 0.492787 0.973514
vt 0.491428 0.978706
vt 0.494720 0.969221
vt 0.497760 0.958895
vt 0.502961 0.976874
vt 0.496654 0.986152
vt 0.914935 0.466268
vt 0.464334 0.982610
vt 0.459022 0.974943
vt 0.467599 0.972142
vt 0.471863 0.974479
vt 0.474881 0.988548
vt 0.474874 0.968977
vt 0.469685 0.967718
vt 0.471117 0.962537
vt 0.476444 0.963115
vt 0.956113 0.897268
vt 0.950826 0.895779
vt 0.868038 0.873379
vt 0.862023 0.873218
vt 0.877021 0.873872
vt 0.890416 0.875510
vt 0.890162 0.872736
vt 0.890763 0.878379
vt 0.906328 0.879244
vt 0.934860 0.891128
vt 0.943080 0.893931
vt 0.922371 0.885568
vt 0.923423 0.878308
vt 0.921565 0.891968
vt 0.926017 0.867675
vt 0.928916 0.858334
vt 0.878131 0.843365
vt 0.894459 0.837884
vt 0.914664 0.837656
vt 0.931024 0.852430
vt 0.879989 0.900127
vt 0.879106 0.903937
vt 0.878154 0.908115
vt 0.920068 0.900290
vt 0.889223 0.884093
vt 0.886415 0.887983
vt 0.879499 0.886403
vt 0.882967 0.883619
vt 0.883286 0.892295
vt 0.878179 0.889980
vt 0.894259 0.857792
vt 0.892998 0.862293
vt 0.886023 0.861688
vt 0.888331 0.858246
vt 0.891652 0.866725
vt 0.886170 0.865403
vt 0.880674 0.881363
vt 0.890465 0.881195
vt 0.882232 0.867072
vt 0.890656 0.869972
vt 0.873837 0.891160
vt 0.881252 0.896314
vt 0.885742 0.856090
vt 0.895092 0.854434
vt 0.874376 0.885870
vt 0.881116 0.861150
vt 0.863765 0.901748
vt 0.876921 0.912584
vt 0.874601 0.918051
vt 0.859734 0.906547
vt 0.857191 0.872829
vt 0.860610 0.862797
vt 0.850578 0.871899
vt 0.854969 0.859779
vt 0.867374 0.852190
vt 0.856487 0.882458
vt 0.852517 0.895378
vt 0.858247 0.892039
vt 0.896761 0.920928
vt 0.918085 0.924559
vt 0.936437 0.927809
vt 0.286572 0.799738
vt 0.232468 0.800297
vt 0.241925 0.811934
vt 0.261712 0.863250
vt 0.279837 0.876134
vt 0.187921 0.830293
vt 0.191000 0.805824
vt 0.229175 0.913076
vt 0.243878 0.923059
vt 0.234936 0.932858
vt 0.222581 0.925254
vt 0.209257 0.919101
vt 0.212432 0.905905
vt 0.906329 0.378409
vt 0.943261 0.633088
vt 0.083961 0.997277
vt 0.065160 0.960763
vt 0.036556 0.965839
vt 0.137361 0.972089
vt 0.081171 0.968803
vt 0.072249 0.969559
vt 0.047270 0.960482
vt 0.036711 0.961257
vt 0.040242 0.934569
vt 0.064115 0.931464
vt 0.033840 0.963194
vt 0.124283 0.983850
vt 0.105197 0.993149
vt 0.037941 0.990668
vt 0.018423 0.982580
vt 0.006886 0.974016
vt 0.001765 0.966223
vt 0.002148 0.955271
vt 0.933491 0.930988
vt 0.910633 0.932325
vt 0.938228 0.997285
vt 0.913665 0.997285
vt 0.960717 0.993312
vt 0.934857 0.966237
vt 0.944253 0.964285
vt 0.896609 0.960127
vt 0.885789 0.962302
vt 0.991523 0.967952
vt 0.989130 0.978326
vt 0.978610 0.987120
vt 0.930936 0.959431
vt 0.921806 0.958804
vt 0.911356 0.959211
vt 0.941171 0.962061
vt 0.914700 0.967806
vt 0.889517 0.994229
vt 0.869369 0.988179
vt 0.857210 0.980549
vt 0.851475 0.973058
vt 0.882761 0.964586
vt 0.887328 0.937649
vt 0.861040 0.720307
vt 0.852826 0.725903
vt 0.826613 0.719661
vt 0.840266 0.725903
vt 0.849665 0.689013
vt 0.860313 0.699805
vt 0.864233 0.711369
vt 0.929354 0.209984
vt 0.950596 0.213692
vt 0.966374 0.220833
vt 0.872973 0.231748
vt 0.879300 0.222091
vt 0.889806 0.214452
vt 0.442184 0.952932
vt 0.441617 0.990257
vt 0.451478 0.986313
vt 0.414121 0.964484
vt 0.420391 0.955257
vt 0.837428 0.682908
vt 0.816669 0.710228
vt 0.813722 0.700004
vt 0.419327 0.982511
vt 0.414121 0.974878
vt 0.430119 0.951249
vt 0.869918 0.254404
vt 0.766493 0.689533
vt 0.775413 0.683182
vt 0.809757 0.720909
vt 0.801889 0.726508
vt 0.775590 0.720000
vt 0.789395 0.726508
vt 0.962640 0.139692
vt 0.939688 0.169183
vt 0.950545 0.173844
vt 0.960033 0.173607
vt 0.786310 0.682908
vt 0.765635 0.710235
vt 0.762791 0.699709
vt 0.919238 0.570346
vt 0.923718 0.560534
vt 0.941819 0.592971
vt 0.957031 0.592503
vt 0.946923 0.555064
vt 0.961240 0.559963
vt 0.970284 0.568611
vt 0.969403 0.107166
vt 0.971634 0.116401
vt 0.939593 0.127731
vt 0.950560 0.132546
vt 0.931915 0.098081
vt 0.941140 0.091577
vt 0.933072 0.555064
vt 0.928714 0.588994
vt 0.921139 0.581133
vt 0.919238 0.608747
vt 0.923549 0.599206
vt 0.971577 0.617563
vt 0.967659 0.626286
vt 0.941523 0.632114
vt 0.956749 0.631855
vt 0.946198 0.593944
vt 0.320091 0.951024
vt 0.328893 0.942824
vt 0.339257 0.940486
vt 0.350630 0.973141
vt 0.355918 0.962254
vt 0.349753 0.944383
vt 0.355918 0.952926
vt 0.320900 0.979536
vt 0.314976 0.970987
vt 0.932545 0.593944
vt 0.341660 0.981348
vt 0.331368 0.983572
vt 0.314936 0.961796
vt 0.923292 0.690757
vt 0.933495 0.683233
vt 0.537103 0.955340
vt 0.541711 0.962692
vt 0.530657 0.951249
vt 0.938864 0.725006
vt 0.930045 0.720412
vt 0.960685 0.695104
vt 0.963011 0.703241
vt 0.543847 0.971018
vt 0.541630 0.978946
vt 0.508900 0.983778
vt 0.505156 0.976035
vt 0.870002 0.242528
vt 0.907583 0.209984
vt 0.164162 0.931464
vt 0.171444 0.933759
vt 0.176272 0.964628
vt 0.168910 0.969231
vt 0.988203 0.463051
vt 0.979837 0.468356
vt 0.984808 0.432680
vt 0.180363 0.944351
vt 0.180363 0.958194
vt 0.142739 0.958048
vt 0.143190 0.943207
vt 0.160577 0.971354
vt 0.152639 0.969121
vt 0.147825 0.936404
vt 0.155570 0.932675
vt 0.977589 0.240963
vt 0.957226 0.434576
vt 0.967724 0.430080
vt 0.968653 0.470701
vt 0.958709 0.467309
vt 0.966514 0.285255
vt 0.974111 0.229548
vt 0.950650 0.456511
vt 0.951038 0.443050
vt 0.992325 0.443363
vt 0.992325 0.456420
vt 0.784424 0.404590
vt 0.885237 0.449108
vt 0.885659 0.425009
vt 0.763769 0.472230
vt 0.762791 0.462618
vt 0.875875 0.545521
vt 0.847985 0.554090
vt 0.897418 0.499266
vt 0.894556 0.523078
vt 0.824997 0.547362
vt 0.806711 0.531972
vt 0.869021 0.387677
vt 0.880121 0.400977
vt 0.811082 0.382386
vt 0.835676 0.375399
vt 0.886385 0.461157
vt 0.891184 0.476105
vt 0.363906 0.801956
vt 0.931674 0.381494
vt 0.936117 0.387311
vt 0.936993 0.401819
vt 0.898392 0.413238
vt 0.919292 0.665571
vt 0.395519 0.823026
vt 0.383899 0.829961
vt 0.934782 0.412858
vt 0.928111 0.426353
vt 0.902515 0.419904
vt 0.900781 0.389988
vt 0.885307 0.300520
vt 0.892448 0.300520
vt 0.889181 0.305362
vt 0.870589 0.315062
vt 0.869918 0.322219
vt 0.914703 0.333698
vt 0.914895 0.325906
vt 0.900536 0.350513
vt 0.894148 0.350755
vt 0.379073 0.831090
vt 0.385338 0.830934
vt 0.407282 0.866007
vt 0.391257 0.884062
vt 0.940033 0.000618
vt 0.946001 0.000487
vt 0.943432 0.005911
vt 0.947555 0.048698
vt 0.303748 0.888891
vt 0.294656 0.904143
vt 0.884247 0.340959
vt 0.877950 0.333353
vt 0.310755 0.874107
vt 0.223409 0.776819
vt 0.232630 0.775881
vt 0.370559 0.866964
vt 0.959931 0.016346
vt 0.901303 0.308826
vt 0.394281 0.839925
vt 0.277283 0.928721
vt 0.953835 0.008396
vt 0.286910 0.915934
vt 0.103812 0.647199
vt 0.102686 0.650741
vt 0.164305 0.612489
vt 0.156448 0.610904
vt 0.105095 0.677284
vt 0.143857 0.611101
vt 0.165298 0.670067
vt 0.175307 0.648650
vt 0.101149 0.656823
vt 0.178083 0.635106
vt 0.177251 0.625724
vt 0.174351 0.619562
vt 0.169766 0.615507
vt 0.150605 0.688772
vt 0.109082 0.683939
vt 0.034144 0.660898
vt 0.025550 0.665723
vt 0.040052 0.659006
vt 0.046174 0.658791
vt 0.050234 0.661623
vt 0.053930 0.668283
vt 0.070472 0.699976
vt 0.067284 0.692749
vt 0.915869 0.317964
vt 0.918688 0.308894
vt 0.964565 0.332075
vt 0.954841 0.303195
vt 0.965450 0.311936
vt 0.953142 0.338897
vt 0.937664 0.338897
vt 0.959317 0.416293
vt 0.948529 0.411125
vt 0.978962 0.389686
vt 0.981171 0.399974
vt 0.977122 0.410368
vt 0.968557 0.416258
vt 0.955568 0.912149
vt 0.947335 0.921830
vt 0.950448 0.375399
vt 0.915436 0.833559
vt 0.936520 0.838876
vt 0.952315 0.849172
vt 0.925319 0.334433
vt 0.918279 0.327574
vt 0.926182 0.303176
vt 0.959830 0.375399
vt 0.970739 0.380699
vt 0.940305 0.402315
vt 0.937967 0.391955
vt 0.960891 0.864217
vt 0.963628 0.882671
vt 0.898392 0.527580
vt 0.901675 0.518381
vt 0.947170 0.541695
vt 0.935590 0.548497
vt 0.920033 0.548497
vt 0.948188 0.090604
vt 0.937697 0.084288
vt 0.967915 0.084104
vt 0.958676 0.090604
vt 0.931665 0.056059
vt 0.939892 0.049971
vt 0.907578 0.544049
vt 0.900550 0.537207
vt 0.909591 0.512678
vt 0.949283 0.049672
vt 0.960248 0.054489
vt 0.930386 0.075006
vt 0.928161 0.065780
vt 0.898417 0.482395
vt 0.903714 0.474055
vt 0.949646 0.495825
vt 0.943781 0.504621
vt 0.949113 0.485495
vt 0.384055 0.973354
vt 0.373527 0.967183
vt 0.408049 0.956333
vt 0.404154 0.966927
vt 0.394668 0.973354
vt 0.367674 0.939192
vt 0.376181 0.933301
vt 0.903914 0.500177
vt 0.898392 0.492154
vt 0.385678 0.933067
vt 0.396529 0.937724
vt 0.366039 0.957835
vt 0.363906 0.948700
vt 0.898885 0.441894
vt 0.904498 0.433664
vt 0.943328 0.464393
vt 0.930370 0.469002
vt 0.486928 0.990186
vt 0.502961 0.966473
vt 0.459225 0.964410
vt 0.465632 0.955229
vt 0.903459 0.459284
vt 0.898392 0.451392
vt 0.913464 0.429618
vt 0.926552 0.429618
vt 0.475483 0.951249
vt 0.487389 0.952976
vt 0.961327 0.898970
vt 0.876679 0.838791
vt 0.894326 0.833559
vt 0.895694 0.926519
vt 0.849753 0.883734
vt 0.863913 0.847915
vt 0.918188 0.930014
vt 0.378866 0.782800
vt 0.214574 0.781064
vt 0.200698 0.791469
vt 0.945924 0.676342
vt 0.935835 0.682260
vt 0.260648 0.945882
vt 0.238457 0.954901
vt 0.183733 0.905358
vt 0.409884 0.803099
vt 0.403273 0.814815
vt 0.396699 0.777112
vt 0.409568 0.794972
vt 0.209844 0.949197
vt 0.188989 0.928759
vt 0.313963 0.864942
vt 0.390411 0.775881
vt 0.959473 0.650046
vt 0.959473 0.658084
vt 0.929661 0.681006
vt 0.371087 0.790571
vt 0.307317 0.829052
vt 0.313963 0.855281
vt 0.919238 0.657643
vt 0.953627 0.668204
vt 0.949262 0.634375
vt 0.921916 0.428644
vt 0.377438 0.828606
vt 0.898392 0.400646
vt 0.925131 0.647165
vt 0.182759 0.796178
vt 0.912767 0.829128
vt 0.894002 0.832586
vt 0.892522 0.819302
vt 0.911134 0.816080
vt 0.887964 0.781559
vt 0.882843 0.743888
vt 0.901666 0.742306
vt 0.906515 0.779178
vt 0.916590 0.742355
vt 0.921065 0.777310
vt 0.925562 0.812263
vt 0.716781 0.288739
vt 0.710410 0.310443
vt 0.699485 0.306448
vt 0.713409 0.264221
vt 0.724566 0.267506
vt 0.705920 0.285159
vt 0.695637 0.281768
vt 0.702702 0.265677
vt 0.691743 0.298907
vt 0.680114 0.276649
vt 0.680372 0.306092
vt 0.659911 0.311968
vt 0.697836 0.253139
vt 0.661224 0.270419
vt 0.684888 0.236248
vt 0.690796 0.319857
vt 0.704846 0.326587
vt 0.695634 0.349486
vt 0.673757 0.335283
vt 0.729693 0.251224
vt 0.714400 0.248277
vt 0.709881 0.225749
vt 0.735904 0.227346
vt 0.646085 0.315363
vt 0.734175 0.294471
vt 0.741170 0.276620
vt 0.743418 0.278731
vt 0.732245 0.312630
vt 0.729181 0.312990
vt 0.736871 0.295359
vt 0.739265 0.296148
vt 0.735477 0.311276
vt 0.745211 0.281741
vt 0.751796 0.265709
vt 0.781191 0.259022
vt 0.774098 0.272608
vt 0.753165 0.269775
vt 0.754609 0.274791
vt 0.770207 0.279368
vt 0.734757 0.325631
vt 0.731238 0.328087
vt 0.753281 0.335802
vt 0.750910 0.350950
vt 0.738902 0.322455
vt 0.754171 0.328050
vt 0.749583 0.289749
vt 0.743752 0.307440
vt 0.745332 0.298144
vt 0.753074 0.300702
vt 0.753006 0.301112
vt 0.753267 0.300333
vt 0.755897 0.287008
vt 0.753544 0.300256
vt 0.762048 0.291393
vt 0.753760 0.300468
vt 0.747202 0.313400
vt 0.754760 0.313534
vt 0.753185 0.301339
vt 0.753488 0.301296
vt 0.843249 0.369497
vt 0.826476 0.371664
vt 0.829624 0.359689
vt 0.844887 0.358957
vt 0.851983 0.352841
vt 0.853533 0.359730
vt 0.854265 0.287239
vt 0.849686 0.298742
vt 0.824407 0.284769
vt 0.839161 0.329052
vt 0.861530 0.308396
vt 0.853014 0.333612
vt 0.858875 0.335541
vt 0.863605 0.317531
vt 0.813505 0.320605
vt 0.789998 0.312864
vt 0.798762 0.272923
vt 0.800984 0.355915
vt 0.773311 0.350208
vt 0.778654 0.309128
vt 0.787598 0.268544
vt 0.761726 0.347097
vt 0.780626 0.309777
vt 0.777312 0.308685
vt 0.772441 0.307080
vt 0.762073 0.303663
vt 0.753702 0.300906
vt 0.734454 0.272171
vt 0.759202 0.239105
vt 0.743207 0.258222
vt 0.721370 0.353891
vt 0.721135 0.312574
vt 0.719876 0.328999
vt 0.726755 0.292026
vt 0.600693 0.534168
vt 0.627863 0.504260
vt 0.667139 0.539777
vt 0.631040 0.578177
vt 0.596861 0.608275
vt 0.576950 0.560683
vt 0.539527 0.513493
vt 0.562090 0.489056
vt 0.588053 0.461728
vt 0.486724 0.422545
vt 0.518855 0.388653
vt 0.461655 0.456938
vt 0.691956 0.662033
vt 0.637731 0.694768
vt 0.748586 0.611412
vt 0.516668 0.533856
vt 0.444793 0.491223
vt 0.500906 0.549219
vt 0.574967 0.632555
vt 0.601349 0.710294
vt 0.581476 0.717246
vt 0.563030 0.647525
vt 0.559274 0.586095
vt 0.547520 0.606315
vt 0.433133 0.525804
vt 0.435562 0.515622
vt 0.503398 0.558152
vt 0.497577 0.565890
vt 0.428436 0.531858
vt 0.573518 0.719927
vt 0.556339 0.649633
vt 0.566449 0.721986
vt 0.549228 0.647980
vt 0.542745 0.609414
vt 0.535286 0.610119
vt 0.419975 0.548304
vt 0.490166 0.577338
vt 0.483659 0.588178
vt 0.548190 0.726608
vt 0.537123 0.651025
vt 0.529845 0.728294
vt 0.527202 0.655531
vt 0.525132 0.616283
vt 0.517049 0.624002
vt 0.414975 0.567021
vt 0.476844 0.600424
vt 0.471050 0.630540
vt 0.414121 0.612602
vt 0.521499 0.662542
vt 0.522425 0.727021
vt 0.506735 0.723597
vt 0.509036 0.672303
vt 0.510847 0.633816
vt 0.499113 0.648083
vt 0.456110 0.687003
vt 0.466959 0.692629
vt 0.455320 0.704555
vt 0.438554 0.687545
vt 0.451493 0.676729
vt 0.426968 0.664016
vt 0.459089 0.657074
vt 0.488077 0.686855
vt 0.482496 0.717719
vt 0.478462 0.667599
vt 0.537648 0.375399
vt 0.599376 0.440516
vt 0.689627 0.527895
vt 0.648302 0.483938
vt 0.952581 0.731868
vt 0.953636 0.742832
vt 0.931951 0.742175
vt 0.957126 0.772682
vt 0.976214 0.744701
vt 0.978784 0.769902
vt 0.982661 0.794936
vt 0.961287 0.802446
vt 0.940471 0.808558
vt 0.936115 0.775379
vt 0.990229 0.768433
vt 0.987834 0.747663
vt 0.992360 0.753453
vt 0.995044 0.767816
vt 0.996074 0.782390
vt 0.993157 0.789136
vt 0.927494 0.776485
vt 0.923138 0.742197
vt 0.931939 0.810762
vt 0.942170 0.820466
vt 0.862567 0.736587
vt 0.880920 0.730661
vt 0.869416 0.783939
vt 0.873674 0.819007
vt 0.862072 0.810080
vt 0.855629 0.785709
vt 0.855709 0.760501
vt 0.864680 0.748933
vt 0.858886 0.818550
vt 0.874747 0.831487
vt 0.927239 0.824717
vt 0.899950 0.729268
vt 0.915067 0.729881
vt 0.999513 0.767242
vt 0.999513 0.786720
vt 0.739748 0.210213
vt 0.706245 0.209984
vt 0.688529 0.365554
vt 0.661451 0.345795
vt 0.675798 0.225295
vt 0.794134 0.252101
vt 0.803985 0.257903
vt 0.757210 0.364214
vt 0.747858 0.366103
vt 0.768587 0.365399
vt 0.866471 0.298944
vt 0.868944 0.312909
vt 0.796621 0.369322
vt 0.828860 0.271394
vt 0.864338 0.337339
vt 0.721588 0.371664
vt 0.787740 0.245029
vt 0.769938 0.224955
vt 0.984644 0.804422
vt 0.963036 0.813321
vt 0.975736 0.735021
vt 0.994594 0.748395
vt 0.988214 0.739327
vt 0.995629 0.797105
vt 0.930587 0.730224
vt 0.921676 0.729917
vt 0.933625 0.823013
vt 0.849753 0.786463
vt 0.850487 0.753110
vt 0.761818 0.591070
vt 0.342426 0.789073
vt 0.333123 0.791349
vt 0.335780 0.784234
vt 0.346204 0.844590
vt 0.330788 0.844628
vt 0.330703 0.816464
vt 0.336505 0.931171
vt 0.332989 0.931457
vt 0.330758 0.922325
vt 0.316182 0.848762
vt 0.316417 0.821126
vt 0.345612 0.874233
vt 0.345145 0.921531
vt 0.331246 0.872558
vt 0.345776 0.814705
vt 0.955635 0.530849
vt 0.971486 0.513820
vt 0.986713 0.529142
vt 0.400558 0.909008
vt 0.386518 0.922889
vt 0.372260 0.908656
vt 0.762821 0.954633
vt 0.777810 0.969801
vt 0.761233 0.985111
vt 0.634029 0.960648
vt 0.654682 0.960373
vt 0.654120 0.979624
vt 0.869283 0.687657
vt 0.890512 0.687130
vt 0.890287 0.709808
vt 0.554828 0.959940
vt 0.575104 0.960043
vt 0.574569 0.979262
vt 0.815878 0.971418
vt 0.800591 0.986166
vt 0.785533 0.969566
vt 0.594224 0.960848
vt 0.614716 0.961187
vt 0.614053 0.980034
vt 0.722103 0.954489
vt 0.738622 0.969693
vt 0.723558 0.985078
vt 0.693649 0.961139
vt 0.694151 0.980238
vt 0.673143 0.979859
vt 0.989889 0.526228
vt 0.989878 0.531289
vt 0.369654 0.910667
vt 0.369246 0.906434
vt 0.968881 0.510536
vt 0.973608 0.510339
vt 0.633162 0.983120
vt 0.630064 0.980094
vt 0.633840 0.979625
vt 0.891001 0.682908
vt 0.894414 0.686459
vt 0.553160 0.982416
vt 0.550146 0.979200
vt 0.553964 0.978786
vt 0.592930 0.983760
vt 0.589853 0.980675
vt 0.593663 0.980078
vt 0.719223 0.951249
vt 0.724309 0.951269
vt 0.672399 0.983888
vt 0.669208 0.980572
vt 0.384621 0.893877
vt 0.654602 0.983195
vt 0.894414 0.710424
vt 0.554228 0.956244
vt 0.575831 0.956344
vt 0.800576 0.954545
vt 0.802925 0.951491
vt 0.819310 0.969072
vt 0.614693 0.983704
vt 0.706887 0.969642
vt 0.721007 0.988523
vt 0.669861 0.959694
vt 0.673736 0.960308
vt 0.810603 0.179776
vt 0.816458 0.168547
vt 0.848451 0.190840
vt 0.864174 0.059839
vt 0.921494 0.099113
vt 0.914421 0.109287
vt 0.701621 0.016161
vt 0.732540 0.011690
vt 0.728591 0.022316
vt 0.704889 0.027231
vt 0.683227 0.035916
vt 0.650548 0.100436
vt 0.648792 0.086730
vt 0.650690 0.091358
vt 0.653344 0.101284
vt 0.654544 0.102259
vt 0.654352 0.103555
vt 0.870829 0.054718
vt 0.927187 0.091608
vt 0.675702 0.031112
vt 0.666214 0.025902
vt 0.697563 0.000487
vt 0.659275 0.108779
vt 0.660882 0.110447
vt 0.655315 0.106705
vt 0.708625 0.035120
vt 0.688588 0.043001
vt 0.712728 0.046543
vt 0.692757 0.053779
vt 0.731197 0.032650
vt 0.736341 0.046255
vt 0.654455 0.091782
vt 0.654508 0.101036
vt 0.654963 0.102092
vt 0.657353 0.099546
vt 0.657133 0.101693
vt 0.659320 0.091455
vt 0.658895 0.106519
vt 0.661059 0.104408
vt 0.688089 0.099679
vt 0.683143 0.106618
vt 0.665429 0.100915
vt 0.694258 0.089660
vt 0.662082 0.064703
vt 0.653814 0.060218
vt 0.669259 0.074010
vt 0.802172 0.092410
vt 0.800855 0.068267
vt 0.843181 0.096391
vt 0.837932 0.117470
vt 0.831169 0.140326
vt 0.801051 0.119910
vt 0.771655 0.105883
vt 0.769997 0.077209
vt 0.765210 0.052451
vt 0.741467 0.069018
vt 0.743152 0.095698
vt 0.716326 0.086528
vt 0.716019 0.064942
vt 0.695123 0.070472
vt 0.670507 0.090132
vt 0.708210 0.111911
vt 0.740962 0.112235
vt 0.735631 0.124828
vt 0.713172 0.101020
vt 0.761400 0.037608
vt 0.761572 0.025396
vt 0.804691 0.040546
vt 0.800552 0.053677
vt 0.824542 0.154964
vt 0.789778 0.150457
vt 0.797064 0.136541
vt 0.855720 0.068984
vt 0.847465 0.082658
vt 0.769367 0.123156
vt 0.763333 0.136810
vt 0.680244 0.110893
vt 0.757732 0.147428
vt 0.730239 0.134218
vt 0.768750 0.016874
vt 0.812606 0.032184
vt 0.784313 0.161757
vt 0.703497 0.119649
vt 0.740267 0.000487
vt 0.699721 0.124381
vt 0.678499 0.113251
vt 0.726111 0.140336
vt 0.894692 0.134508
vt 0.881134 0.148722
vt 0.865373 0.165182
vt 0.857796 0.176434
vt 0.903330 0.123629
vt 0.630774 0.952134
vt 0.657971 0.951249
vt 0.655398 0.956504
vt 0.623831 0.958233
vt 0.622268 0.984041
vt 0.617737 0.980724
vt 0.702476 0.958534
vt 0.702476 0.984428
vt 0.697945 0.980954
vt 0.625703 0.956522
vt 0.633316 0.956797
vt 0.618536 0.960743
vt 0.615483 0.957536
vt 0.619210 0.952571
vt 0.386733 0.890299
vt 0.382311 0.890736
vt 0.403970 0.906483
vt 0.403975 0.911139
vt 0.384566 0.925595
vt 0.388936 0.925926
vt 0.630273 0.959950
vt 0.658527 0.959683
vt 0.657989 0.980252
vt 0.551142 0.959216
vt 0.578922 0.959467
vt 0.575036 0.983012
vt 0.578473 0.979998
vt 0.593763 0.957079
vt 0.590306 0.960134
vt 0.673293 0.956907
vt 0.694263 0.957808
vt 0.697403 0.960720
vt 0.694937 0.984171
vt 0.624804 0.982494
vt 0.584877 0.957070
vt 0.381349 0.885036
vt 0.388197 0.885036
vt 0.663428 0.983033
vt 0.658224 0.988819
vt 0.911902 0.704283
vt 0.918264 0.718763
vt 0.910632 0.719074
vt 0.330847 0.776416
vt 0.342809 0.775881
vt 0.319885 0.792704
vt 0.355203 0.789373
vt 0.329007 0.939512
vt 0.339815 0.938866
vt 0.360175 0.819005
vt 0.361138 0.848607
vt 0.362932 0.878653
vt 0.358593 0.928730
vt 0.314936 0.876034
vt 0.314936 0.927781
vt 0.971032 0.546124
vt 0.973147 0.549060
vt 0.968278 0.549304
vt 0.952140 0.533116
vt 0.952140 0.528188
vt 0.763543 0.988429
vt 0.758461 0.988426
vt 0.781140 0.967186
vt 0.780891 0.972084
vt 0.742850 0.972212
vt 0.743079 0.967534
vt 0.746221 0.970005
vt 0.760333 0.951249
vt 0.765200 0.951249
vt 0.890900 0.714114
vt 0.868420 0.714134
vt 0.865206 0.710742
vt 0.869034 0.710168
vt 0.865241 0.687130
vt 0.868560 0.683605
vt 0.782113 0.971984
vt 0.782113 0.966884
vt 0.802869 0.989478
vt 0.798173 0.989199
vt 0.798264 0.951249
vt 0.819269 0.974126
vt 0.703677 0.972165
vt 0.703449 0.967464
vt 0.725902 0.988523
vt 0.741597 0.967506
vt 0.741876 0.972402
vt 0.778179 0.011678
vt 0.820430 0.027957
vt 0.754011 0.154618
vt 0.781352 0.169848
vt 0.807339 0.187792
vt 0.650785 0.057885
vt 0.647573 0.055062
vt 0.646315 0.080628
vt 0.646085 0.098476
vt 0.842217 0.200956
vt 0.836902 0.209010
vt 0.409497 0.904252
vt 0.410104 0.911602
vt 0.391214 0.931411
vt 0.363906 0.911621
vt 0.364114 0.904540
vt 0.551736 0.951664
vt 0.578535 0.951249
vt 0.663428 0.955991
vt 0.629516 0.988006
vt 0.583903 0.955981
vt 0.583903 0.983062
vt 0.549387 0.987336
vt 0.546639 0.955841
vt 0.697876 0.953131
vt 0.590234 0.988856
vt 0.669818 0.989201
vt 0.664463 0.957077
vt 0.383398 0.932093
vt 0.544821 0.981650
vt 0.590195 0.951249
vt 0.584877 0.984165
vt 0.669730 0.951249
vt 0.664401 0.984291
vt 0.918264 0.557222
vt 0.916267 0.575530
vt 0.904175 0.571695
vt 0.916040 0.603252
vt 0.914796 0.629936
vt 0.900430 0.628936
vt 0.913424 0.656629
vt 0.898951 0.657219
vt 0.897430 0.704872
vt 0.901782 0.600660
vt 0.338986 0.782998
vt 0.697414 0.988971
vt 0.578595 0.988840
vt 0.617229 0.988246
vt 0.664762 0.771466
vt 0.698421 0.793422
vt 0.684617 0.802423
vt 0.676622 0.808510
vt 0.661881 0.799551
vt 0.645329 0.805911
vt 0.637687 0.798127
vt 0.624072 0.785508
vt 0.515296 0.755061
vt 0.507435 0.737791
vt 0.579447 0.729270
vt 0.582402 0.739021
vt 0.585623 0.764014
vt 0.531114 0.792267
vt 0.490897 0.823582
vt 0.461391 0.783304
vt 0.442766 0.757940
vt 0.587139 0.835814
vt 0.563353 0.856180
vt 0.618192 0.872536
vt 0.607906 0.893225
vt 0.599151 0.915984
vt 0.541783 0.882134
vt 0.661227 0.883232
vt 0.663299 0.905302
vt 0.701503 0.871523
vt 0.715248 0.892735
vt 0.729317 0.916380
vt 0.666216 0.929054
vt 0.753107 0.857962
vt 0.775172 0.806169
vt 0.811365 0.828176
vt 0.781169 0.882344
vt 0.727344 0.839101
vt 0.732748 0.782757
vt 0.792291 0.775809
vt 0.829805 0.793603
vt 0.824662 0.802807
vt 0.741110 0.764210
vt 0.786981 0.782577
vt 0.745607 0.758313
vt 0.671734 0.729268
vt 0.668725 0.747095
vt 0.660120 0.861757
vt 0.633861 0.853746
vt 0.643885 0.842022
vt 0.660053 0.847275
vt 0.649909 0.835475
vt 0.660134 0.838803
vt 0.670281 0.836002
vt 0.675890 0.842574
vt 0.685314 0.853871
vt 0.615517 0.825736
vt 0.632150 0.823908
vt 0.642256 0.823443
vt 0.687427 0.826301
vt 0.702339 0.829106
vt 0.678053 0.825067
vt 0.713856 0.832369
vt 0.693105 0.862069
vt 0.711192 0.788232
vt 0.601945 0.828666
vt 0.610403 0.775928
vt 0.625828 0.862733
vt 0.660450 0.872343
vt 0.666867 0.757413
vt 0.425080 0.773071
vt 0.444938 0.796993
vt 0.476936 0.835789
vt 0.466569 0.841569
vt 0.433958 0.804949
vt 0.414121 0.782956
vt 0.824905 0.835094
vt 0.837751 0.809555
vt 0.842520 0.799783
vt 0.848779 0.802827
vt 0.844314 0.812008
vt 0.832404 0.836223
vt 0.594240 0.925714
vt 0.667319 0.940087
vt 0.736202 0.925404
vt 0.742027 0.932802
vt 0.667156 0.950275
vt 0.588605 0.934133
vt 0.531966 0.891364
vt 0.522341 0.896593
vt 0.791970 0.889522
vt 0.800887 0.891512
vt 0.661653 0.802757
vt 0.647585 0.808231
vt 0.674324 0.810268
vt 0.671569 0.812197
vt 0.661402 0.806466
vt 0.650287 0.810771
vt 0.668934 0.834320
vt 0.651303 0.833851
vt 0.660133 0.836624
vt 0.652423 0.831827
vt 0.660137 0.834358
vt 0.667862 0.832263
vt 0.645026 0.823335
vt 0.647729 0.822780
vt 0.675434 0.824666
vt 0.672900 0.823843
vt 0.655749 0.816404
vt 0.665755 0.816925
vt 0.664621 0.827225
vt 0.655950 0.826939
vt 0.660941 0.814433
vt 0.660626 0.822143
vt 0.660891 0.822293
vt 0.660257 0.828558
vt 0.660421 0.821570
vt 0.660302 0.821549
vt 0.654022 0.822049
vt 0.660692 0.822071
vt 0.660560 0.821778
vt 0.666900 0.822507
vt 0.660345 0.821794
vt 0.660328 0.822029
vt 0.287220 0.299828
vt 0.287695 0.372682
vt 0.261875 0.374425
vt 0.311194 0.309116
vt 0.315310 0.369180
vt 0.282960 0.250439
vt 0.305623 0.263109
vt 0.264841 0.291289
vt 0.265084 0.240422
vt 0.299838 0.163127
vt 0.287271 0.159071
vt 0.296216 0.150872
vt 0.307693 0.153273
vt 0.318211 0.152495
vt 0.314451 0.164615
vt 0.312431 0.147378
vt 0.319408 0.147278
vt 0.304371 0.147089
vt 0.553815 0.254715
vt 0.572573 0.298754
vt 0.513747 0.324299
vt 0.537711 0.217735
vt 0.589826 0.200257
vt 0.495480 0.274384
vt 0.480320 0.235662
vt 0.248504 0.374426
vt 0.212481 0.367774
vt 0.227885 0.288626
vt 0.253987 0.288909
vt 0.254105 0.238077
vt 0.235602 0.237700
vt 0.520599 0.184699
vt 0.571763 0.164421
vt 0.500024 0.151427
vt 0.549035 0.127368
vt 0.465992 0.205535
vt 0.449522 0.176118
vt 0.244580 0.202100
vt 0.267554 0.209332
vt 0.259459 0.205689
vt 0.266506 0.184146
vt 0.273313 0.187823
vt 0.255869 0.181721
vt 0.293999 0.177440
vt 0.288239 0.196392
vt 0.312217 0.181927
vt 0.308314 0.204054
vt 0.280276 0.171178
vt 0.283215 0.219281
vt 0.305008 0.229887
vt 0.473224 0.116452
vt 0.519267 0.089042
vt 0.440781 0.086960
vt 0.481615 0.058135
vt 0.428391 0.145375
vt 0.404141 0.119579
vt 0.268227 0.165302
vt 0.275095 0.168336
vt 0.282535 0.158007
vt 0.276980 0.155169
vt 0.328045 0.059308
vt 0.364377 0.066299
vt 0.353032 0.093200
vt 0.326515 0.028447
vt 0.378320 0.025833
vt 0.287054 0.062518
vt 0.278622 0.038653
vt 0.325132 0.086653
vt 0.292544 0.086584
vt 0.395911 0.065883
vt 0.433685 0.028857
vt 0.374092 0.099243
vt 0.282556 0.150870
vt 0.290451 0.150615
vt 0.304096 0.145540
vt 0.274453 0.142156
vt 0.270392 0.148345
vt 0.262198 0.137768
vt 0.321560 0.143127
vt 0.323559 0.140478
vt 0.324878 0.142825
vt 0.322629 0.163352
vt 0.323362 0.149484
vt 0.328141 0.148648
vt 0.331265 0.162841
vt 0.322398 0.145102
vt 0.314406 0.144656
vt 0.248584 0.178114
vt 0.233673 0.169076
vt 0.248087 0.150556
vt 0.259952 0.159724
vt 0.320455 0.207394
vt 0.333368 0.182976
vt 0.334791 0.208863
vt 0.322086 0.182722
vt 0.235398 0.200558
vt 0.225139 0.233282
vt 0.201846 0.225050
vt 0.218842 0.192067
vt 0.319090 0.236055
vt 0.318421 0.269700
vt 0.334375 0.238104
vt 0.363741 0.267369
vt 0.197995 0.364579
vt 0.164244 0.353759
vt 0.185430 0.281392
vt 0.212950 0.286437
vt 0.323160 0.312902
vt 0.327253 0.367633
vt 0.371125 0.308133
vt 0.380159 0.361291
vt 0.085192 0.240526
vt 0.125360 0.258905
vt 0.095286 0.328500
vt 0.113242 0.191309
vt 0.149923 0.208081
vt 0.050929 0.222363
vt 0.080277 0.174686
vt 0.107433 0.134938
vt 0.138671 0.155000
vt 0.171776 0.173478
vt 0.161213 0.130253
vt 0.195047 0.145841
vt 0.139400 0.096945
vt 0.222662 0.128176
vt 0.197796 0.126524
vt 0.225379 0.104220
vt 0.242018 0.105648
vt 0.206257 0.107815
vt 0.209475 0.101805
vt 0.215266 0.118847
vt 0.199133 0.110894
vt 0.234129 0.074877
vt 0.207675 0.049434
vt 0.247025 0.040856
vt 0.268016 0.092728
vt 0.258418 0.067295
vt 0.363924 0.112254
vt 0.387469 0.133645
vt 0.377936 0.140910
vt 0.347026 0.104155
vt 0.357450 0.119926
vt 0.342866 0.111475
vt 0.323900 0.098012
vt 0.295483 0.097272
vt 0.323043 0.105512
vt 0.294825 0.105162
vt 0.406012 0.158709
vt 0.422365 0.188157
vt 0.407236 0.194121
vt 0.393523 0.165321
vt 0.435325 0.216501
vt 0.447062 0.245933
vt 0.428419 0.252038
vt 0.418212 0.222333
vt 0.476917 0.337521
vt 0.455413 0.343870
vt 0.440517 0.291718
vt 0.460468 0.285314
vt 0.199682 0.102122
vt 0.200966 0.101588
vt 0.201503 0.100494
vt 0.200101 0.100533
vt 0.200230 0.100255
vt 0.199779 0.100661
vt 0.167988 0.063873
vt 0.200814 0.071529
vt 0.168300 0.096380
vt 0.179851 0.078095
vt 0.191930 0.091458
vt 0.187581 0.098792
vt 0.199915 0.089339
vt 0.219149 0.084643
vt 0.207621 0.093882
vt 0.177366 0.117840
vt 0.190741 0.107519
vt 0.199797 0.100496
vt 0.200006 0.100410
vt 0.200088 0.100233
vt 0.199935 0.100344
vt 0.199995 0.100220
vt 0.199790 0.100403
vt 0.198418 0.098625
vt 0.197588 0.099967
vt 0.199505 0.099835
vt 0.199316 0.100120
vt 0.199857 0.098238
vt 0.199822 0.099758
vt 0.201296 0.099021
vt 0.200110 0.099945
vt 0.198255 0.101479
vt 0.199426 0.100491
vt 0.199799 0.100200
vt 0.199615 0.099960
vt 0.199489 0.100129
vt 0.199669 0.100036
vt 0.199589 0.100159
vt 0.199802 0.099923
vt 0.199801 0.100001
vt 0.199993 0.100032
vt 0.199939 0.100075
vt 0.199558 0.100379
vt 0.199630 0.100325
vt 0.566993 0.118273
vt 0.607357 0.191798
vt 0.068076 0.167908
vt 0.623040 0.226267
vt 0.605417 0.235228
vt 0.095251 0.127790
vt 0.125447 0.089872
vt 0.499799 0.050323
vt 0.537674 0.080073
vt 0.241913 0.028817
vt 0.274435 0.028207
vt 0.241644 0.026674
vt 0.278602 0.025549
vt 0.398988 0.004742
vt 0.450379 0.025364
vt 0.324069 0.012156
vt 0.160279 0.056230
vt 0.201115 0.035012
vt 0.390697 0.359282
vt 0.381145 0.306520
vt 0.419208 0.297648
vt 0.432840 0.350135
vt 0.373323 0.265892
vt 0.408483 0.257647
vt 0.444709 0.346898
vt 0.430356 0.294589
vt 0.418908 0.254738
vt 0.367495 0.235016
vt 0.399710 0.227649
vt 0.361884 0.207164
vt 0.390580 0.199728
vt 0.409451 0.224839
vt 0.399454 0.196741
vt 0.355487 0.179955
vt 0.379411 0.171871
vt 0.348076 0.158470
vt 0.366920 0.148880
vt 0.387037 0.168398
vt 0.372947 0.144560
vt 0.292671 0.147133
vt 0.304362 0.143803
vt 0.328292 0.133068
vt 0.331806 0.134669
vt 0.291910 0.141462
vt 0.289662 0.135658
vt 0.291123 0.134607
vt 0.322019 0.110334
vt 0.340620 0.115551
vt 0.338220 0.121132
vt 0.298639 0.110792
vt 0.320437 0.116095
vt 0.296011 0.115961
vt 0.339131 0.141855
vt 0.350362 0.129026
vt 0.354171 0.123896
vt 0.151983 0.270477
vt 0.127220 0.341406
vt 0.167612 0.276875
vt 0.145794 0.347780
vt 0.172891 0.218150
vt 0.188119 0.221559
vt 0.155123 0.350786
vt 0.176497 0.279504
vt 0.191847 0.232848
vt 0.191355 0.183216
vt 0.202023 0.186925
vt 0.208884 0.156601
vt 0.217480 0.160993
vt 0.229567 0.165037
vt 0.244223 0.147091
vt 0.259677 0.133603
vt 0.242558 0.145498
vt 0.258471 0.131890
vt 0.227557 0.162086
vt 0.231172 0.136384
vt 0.236247 0.140840
vt 0.251615 0.118192
vt 0.255501 0.124710
vt 0.273938 0.111674
vt 0.285117 0.111078
vt 0.271385 0.116251
vt 0.256817 0.127763
vt 0.270667 0.119575
vt 0.256997 0.129481
vt 0.278602 0.115250
vt 0.273020 0.104624
vt 0.276131 0.128341
vt 0.287048 0.117260
vt 0.273937 0.124630
vt 0.271609 0.122340
vt 0.279932 0.118612
vt 0.214568 0.181045
vt 0.206423 0.198939
vt 0.205910 0.196620
vt 0.215842 0.181910
vt 0.208769 0.197037
vt 0.226173 0.160889
vt 0.212700 0.181366
vt 0.224463 0.160901
vt 0.240306 0.143793
vt 0.257355 0.130831
vt 0.270941 0.120668
vt 0.279280 0.116850
vt 0.222104 0.161651
vt 0.239057 0.143015
vt 0.205788 0.206026
vt 0.216117 0.186091
vt 0.208966 0.184450
vt 0.200574 0.204916
vt 0.288935 0.112975
vt 0.200282 0.212447
vt 0.317910 0.122663
vt 0.300035 0.122606
vt 0.285889 0.129553
vt 0.314711 0.142288
vt 0.293487 0.141770
vt 0.303904 0.139699
vt 0.302618 0.132086
vt 0.315210 0.138291
vt 0.317239 0.129780
vt 0.329805 0.125646
vt 0.285479 0.132293
vt 0.283788 0.147020
vt 0.289697 0.148941
vt 0.285448 0.137745
vt 0.283604 0.137366
vt 0.285912 0.142191
vt 0.287577 0.143421
vt 0.287498 0.140983
vt 0.286200 0.139165
vt 0.291290 0.146599
vt 0.277225 0.130521
vt 0.277885 0.141940
vt 0.288031 0.142305
vt 0.284353 0.139612
vt 0.633277 0.271155
vt 0.050377 0.303405
vt 0.005579 0.272099
vt 0.038647 0.214911
vt 0.640608 0.266202
vt 0.589618 0.155522
vt 0.592695 0.151794
vt 0.610058 0.187207
vt 0.570812 0.115682
vt 0.035291 0.211345
vt 0.066135 0.164105
vt 0.626363 0.222001
vt 0.094631 0.124154
vt 0.124604 0.086606
vt 0.542445 0.078404
vt 0.504502 0.049974
vt 0.198599 0.034223
vt 0.452328 0.023509
vt 0.405936 0.000487
vt 0.330042 0.009324
vt 0.157941 0.053728
vt 0.003019 0.269993
vt 0.000487 0.268199
vt 0.645112 0.262599
vt 0.857756 0.627640
vt 0.859844 0.623542
vt 0.883779 0.639321
vt 0.799851 0.570545
vt 0.827208 0.597309
vt 0.823592 0.600283
vt 0.822774 0.628833
vt 0.837242 0.634560
vt 0.815952 0.670360
vt 0.779590 0.594006
vt 0.818448 0.607742
vt 0.817219 0.612775
vt 0.886773 0.605448
vt 0.860540 0.612417
vt 0.859503 0.608527
vt 0.817273 0.620448
vt 0.783041 0.645883
vt 0.861022 0.617808
vt 0.860919 0.615255
vt 0.887281 0.614344
vt 0.873909 0.577857
vt 0.856773 0.603687
vt 0.852191 0.599617
vt 0.807772 0.566272
vt 0.830793 0.595483
vt 0.860730 0.620480
vt 0.885747 0.629831
vt 0.894633 0.600435
vt 0.883694 0.592592
vt 0.061036 0.585111
vt 0.072832 0.568691
vt 0.075183 0.555979
vt 0.061885 0.558354
vt 0.065206 0.551395
vt 0.051218 0.569198
vt 0.078922 0.494437
vt 0.067706 0.472913
vt 0.064652 0.502894
vt 0.053512 0.484498
vt 0.085170 0.517006
vt 0.068666 0.520875
vt 0.080877 0.545768
vt 0.076874 0.550839
vt 0.067748 0.548707
vt 0.068848 0.543415
vt 0.085207 0.534771
vt 0.070927 0.535198
vt 0.005058 0.616746
vt 0.019023 0.612110
vt 0.032467 0.605091
vt 0.014774 0.591194
vt 0.026429 0.584627
vt 0.001923 0.592715
vt 0.054501 0.455524
vt 0.038410 0.439347
vt 0.041924 0.468382
vt 0.025159 0.457333
vt 0.046576 0.596488
vt 0.040136 0.578731
vt 0.047911 0.551685
vt 0.048515 0.546350
vt 0.033733 0.554718
vt 0.002179 0.530659
vt 0.046394 0.509283
vt 0.033185 0.500227
vt 0.046155 0.522428
vt 0.056020 0.545329
vt 0.050631 0.538688
vt 0.054877 0.532589
vt 0.009680 0.569757
vt 0.016274 0.561803
vt 0.000487 0.565212
vt 0.027820 0.485337
vt 0.012307 0.484911
vt 0.028283 0.562956
vt 0.791621 0.577478
vt 0.820528 0.603960
vt 0.852102 0.632587
vt 0.878247 0.653262
vt 0.824365 0.562703
vt 0.838345 0.594719
vt 0.834859 0.594686
vt 0.784533 0.585848
vt 0.775885 0.604938
vt 0.859609 0.568352
vt 0.846370 0.596622
vt 0.816880 0.563631
vt 0.860110 0.669970
vt 0.857485 0.681934
vt 0.783253 0.572167
vt 0.894604 0.633333
vt 0.806717 0.679334
vt 0.886946 0.621806
vt 0.896456 0.622526
vt 0.828474 0.562635
vt 0.840451 0.594838
vt 0.843477 0.563824
vt 0.847157 0.612951
vt 0.978056 0.681693
vt 0.963985 0.697765
vt 0.974205 0.679853
vt 0.980873 0.692388
vt 0.981538 0.687730
vt 0.976182 0.709679
vt 0.977635 0.703834
vt 0.970551 0.718672
vt 0.974867 0.714510
vt 0.967371 0.677542
vt 0.980659 0.684794
vt 0.979718 0.697703
vt 0.969730 0.669968
vt 0.986779 0.680263
vt 0.988146 0.684535
vt 0.978278 0.673187
vt 0.988146 0.691301
vt 0.982604 0.713820
vt 0.896148 0.612293
vt 0.774408 0.622922
vt 0.762791 0.622071
vt 0.810965 0.556672
vt 0.891153 0.646468
vt 0.770018 0.590294
vt 0.770922 0.649109
vt 0.876380 0.568205
vt 0.889343 0.584642
vt 0.824220 0.555064
vt 0.881623 0.664056
vt 0.800984 0.559695
vt 0.819399 0.555405
vt 0.840068 0.555064
vt 0.792248 0.564552
vt 0.858705 0.558615
vt 0.775521 0.581309
vt 0.985036 0.706305
vt 0.979833 0.719765
vt 0.986889 0.698295
vt 0.983129 0.676131
vt 0.765707 0.602222
vt 0.927653 0.360786
vt 0.923502 0.359523
vt 0.924986 0.357424
vt 0.920258 0.357072
vt 0.922358 0.356195
vt 0.931936 0.360892
vt 0.932056 0.363559
vt 0.928542 0.358328
vt 0.932051 0.358465
vt 0.934647 0.358149
vt 0.931452 0.342903
vt 0.931242 0.345843
vt 0.927447 0.345423
vt 0.925931 0.339870
vt 0.926971 0.342608
vt 0.922912 0.343803
vt 0.924472 0.345606
vt 0.935548 0.344345
vt 0.934677 0.346939
vt 0.938561 0.346918
vt 0.936961 0.348171
vt 0.922157 0.350824
vt 0.921976 0.353880
vt 0.918828 0.353685
vt 0.921118 0.341670
vt 0.920205 0.346569
vt 0.918930 0.350064
vt 0.923167 0.347810
vt 0.942460 0.354012
vt 0.939587 0.353770
vt 0.939798 0.350308
vt 0.937045 0.353507
vt 0.937316 0.350609
vt 0.938259 0.356986
vt 0.935993 0.356169
vt 0.935731 0.359628
vt 0.930060 0.352320
vt 0.933885 0.352995
vt 0.932942 0.355877
vt 0.929331 0.355521
vt 0.930735 0.349002
vt 0.934309 0.349917
vt 0.925992 0.351583
vt 0.926839 0.348433
vt 0.925559 0.354702
vt 0.939474 0.180837
vt 0.936045 0.181837
vt 0.935208 0.179224
vt 0.933738 0.183000
vt 0.939314 0.177882
vt 0.943771 0.177675
vt 0.943228 0.180495
vt 0.947774 0.178935
vt 0.946165 0.180719
vt 0.943857 0.198419
vt 0.942802 0.195747
vt 0.946950 0.194546
vt 0.941956 0.193270
vt 0.945489 0.192414
vt 0.948969 0.196525
vt 0.950200 0.192152
vt 0.948103 0.191236
vt 0.938534 0.195796
vt 0.938465 0.193373
vt 0.934770 0.194490
vt 0.935880 0.193031
vt 0.933560 0.188338
vt 0.934569 0.191035
vt 0.932275 0.191817
vt 0.928161 0.188743
vt 0.928350 0.184045
vt 0.930839 0.185072
vt 0.930987 0.188561
vt 0.933340 0.185421
vt 0.932148 0.181713
vt 0.940534 0.187272
vt 0.936739 0.187878
vt 0.936368 0.184805
vt 0.939921 0.183978
vt 0.941212 0.190457
vt 0.937629 0.190770
vt 0.944543 0.186608
vt 0.944937 0.189696
vt 0.948331 0.185919
vt 0.948484 0.188941
vt 0.943761 0.183490
vt 0.947392 0.182928
vt 0.951595 0.185213
vt 0.950397 0.181726
vt 0.949652 0.176802
vt 0.951652 0.188806
vt 0.926541 0.363463
vt 0.921448 0.361469
vt 0.917693 0.358073
vt 0.936934 0.361830
vt 0.931444 0.339870
vt 0.936589 0.341742
vt 0.940382 0.345071
vt 0.915869 0.353768
vt 0.915957 0.349154
vt 0.917798 0.344967
vt 0.942332 0.349305
vt 0.940617 0.358544
vt 0.934203 0.176594
vt 0.930359 0.179848
vt 0.939373 0.174818
vt 0.944879 0.174917
vt 0.938367 0.198419
vt 0.933545 0.196620
vt 0.929936 0.193289
vt 0.954661 0.184347
vt 0.954670 0.188943
vt 0.952776 0.193205
vt 0.952903 0.180148
vt 0.047271 0.968309
vt 0.896472 0.968132
vt 0.849753 0.967581
vt 0.912738 0.375399
vt 0.084876 0.962153
vt 0.000487 0.960681
vt 0.648903 0.266354
vt 0.414121 0.586431
vt 0.444815 0.696965
vt 0.909688 0.555064
vt 0.662823 0.788919
vt 0.670396 0.736778
vt 0.241414 0.144545
vt 0.974611 0.725006
s 1
usemtl Material_001
f 198/196/198 199/197/199 200/198/200
f 201/199/201 202/200/202 203/201/203
f 205/202/205 206/203/206 202/200/202
f 208/204/208 209/205/209 210/206/210
f 211/207/211 212/208/212 213/209/213
f 216/210/216 206/203/206 217/211/217
f 218/212/218 219/213/219 216/210/216
f 215/214/215 212/208/212 220/215/220
f 215/214/215 217/211/217 213/209/213
f 221/216/221 217/211/217 206/203/206
f 221/216/221 214/217/214 213/209/213
f 223/218/223 203/201/203 202/200/202
f 222/219/222 224/220/224 225/221/225
f 216/210/216 219/213/219 224/220/224
f 222/219/222 202/200/202 206/203/206
f 227/222/227 219/213/219 228/223/228
f 226/224/226 228/223/228 229/225/229
f 223/218/223 225/221/225 232/226/232
f 231/227/231 233/228/233 203/201/203
f 234/229/234 235/230/235 233/228/233
f 231/227/231 232/226/232 236/231/236
f 237/232/237 238/233/238 239/234/239
f 241/235/241 235/230/235 238/233/238
f 243/236/243 199/197/199 198/196/198
f 244/237/244 245/238/245 199/197/199
f 210/206/210 209/205/209 245/238/245
f 244/237/244 246/239/246 247/240/247
f 243/236/243 248/241/248 246/239/246
f 250/242/250 251/243/251 200/198/200
f 249/244/249 252/245/252 229/225/229
f 245/238/245 209/205/209 252/245/252
f 249/244/249 200/198/200 199/197/199
f 218/212/218 220/215/220 254/246/254
f 253/247/253 228/223/228 219/213/219
f 250/242/250 229/225/229 228/223/228
f 253/247/253 254/246/254 251/243/251
f 256/248/256 236/231/236 257/249/257
f 255/250/255 258/251/258 239/234/239
f 255/250/255 259/252/259 260/253/260
f 257/249/257 247/240/247 259/252/259
f 261/254/261 238/233/238 235/230/235
f 256/248/256 239/234/239 238/233/238
f 234/229/234 236/231/236 256/248/256
f 262/255/262 246/239/246 248/241/248
f 262/255/262 259/252/259 247/240/247
f 263/256/263 260/253/260 259/252/259
f 264/257/264 265/258/265 266/259/266
f 268/260/268 269/261/269 265/258/265
f 264/257/264 270/262/270 271/263/271
f 267/264/267 272/265/272 270/262/270
f 274/266/274 275/267/275 276/268/276
f 277/269/277 278/270/278 274/266/274
f 273/271/273 279/272/279 280/273/280
f 273/271/273 276/268/276 281/274/281
f 282/275/282 283/276/283 284/277/284
f 286/278/286 287/279/287 283/276/283
f 282/275/282 274/266/274 278/270/278
f 285/280/285 275/267/275 274/266/274
f 270/262/270 272/265/272 289/281/289
f 288/282/288 290/283/290 271/263/271
f 291/284/291 292/285/292 290/283/290
f 288/282/288 289/281/289 293/286/293
f 294/287/294 283/276/283 287/279/287
f 296/288/296 284/277/284 283/276/283
f 294/287/294 297/289/297 298/290/298
f 295/291/295 299/292/299 297/289/297
f 296/288/296 298/290/298 301/293/301
f 302/294/302 276/268/276 275/267/275
f 304/295/304 281/274/281 276/268/276
f 302/294/302 265/258/265 269/261/269
f 303/296/303 266/259/266 265/258/265
f 305/297/305 306/298/306 281/274/281
f 304/295/304 269/261/269 307/299/307
f 309/300/309 292/285/292 310/301/310
f 308/302/308 310/301/310 311/303/311
f 312/304/312 311/303/311 314/305/314
f 316/306/316 298/290/298 317/307/317
f 318/308/318 293/286/293 316/306/316
f 315/309/315 314/305/314 311/303/311
f 315/309/315 317/307/317 319/310/319
f 320/311/320 297/289/297 299/292/299
f 317/307/317 298/290/298 297/289/297
f 321/312/321 319/310/319 317/307/317
f 322/313/322 291/284/291 293/286/293
f 322/313/322 310/301/310 292/285/292
f 318/308/318 311/303/311 310/301/310
f 323/314/323 324/315/324 325/316/325
f 323/314/323 327/317/327 328/318/328
f 329/319/329 330/320/330 327/317/327
f 326/321/326 331/322/331 329/319/329
f 332/323/332 324/315/324 328/318/328
f 332/323/332 334/324/334 325/316/325
f 336/325/336 337/326/337 338/327/338
f 335/328/335 339/329/339 340/330/340
f 335/328/335 341/331/341 342/332/342
f 335/328/335 338/327/338 343/333/343
f 344/334/344 329/319/329 331/322/331
f 344/334/344 346/335/346 330/320/330
f 344/334/344 347/336/347 348/337/348
f 344/334/344 345/338/345 349/339/349
f 341/331/341 343/333/343 351/340/351
f 350/341/350 352/342/352 342/332/342
f 353/343/353 354/344/354 355/345/355
f 357/346/357 358/347/358 354/344/354
f 359/348/359 360/349/360 361/350/361
f 359/348/359 363/351/363 364/352/364
f 359/348/359 365/353/365 366/354/366
f 359/348/359 362/355/362 367/356/367
f 368/357/368 369/358/369 367/356/367
f 371/359/371 364/352/364 363/351/363
f 372/360/372 365/353/365 367/356/367
f 373/361/373 374/362/374 375/363/375
f 373/361/373 377/364/377 378/365/378
f 360/349/360 364/352/364 377/364/377
f 376/366/376 361/350/361 360/349/360
f 380/367/380 381/368/381 382/369/382
f 379/370/379 383/371/383 384/372/384
f 385/373/385 386/374/386 383/371/383
f 387/375/387 388/376/388 389/377/389
f 387/375/387 391/378/391 392/379/392
f 387/375/387 393/380/393 394/381/394
f 390/382/390 395/383/395 393/380/393
f 396/384/396 397/385/397 398/386/398
f 396/384/396 400/387/400 401/388/401
f 402/389/402 403/390/403 400/387/400
f 399/391/399 404/392/404 402/389/402
f 406/393/406 404/392/404 407/394/407
f 405/395/405 408/396/408 409/397/409
f 410/398/410 402/389/402 404/392/404
f 410/398/410 411/399/411 403/390/403
f 410/398/410 412/400/412 413/401/413
f 410/398/410 406/393/406 409/397/409
f 414/402/414 415/403/415 416/404/416
f 414/402/414 418/405/418 419/406/419
f 414/402/414 420/407/420 421/408/421
f 414/402/414 417/409/417 422/410/422
f 423/411/423 424/412/424 422/410/422
f 425/413/425 420/407/420 422/410/422
f 426/414/426 427/415/427 428/416/428
f 426/414/426 430/417/430 431/418/431
f 432/419/432 429/420/429 428/416/428
f 432/419/432 433/421/433 419/406/419
f 435/422/435 436/423/436 431/418/431
f 437/424/437 427/415/427 431/418/431
f 437/424/437 433/421/433 428/416/428
f 415/403/415 419/406/419 433/421/433
f 436/423/436 416/404/416 415/403/415
f 438/425/438 439/426/439 440/427/440
f 438/425/438 442/428/442 443/429/443
f 444/430/444 445/431/445 442/428/442
f 441/432/441 446/433/446 444/430/444
f 447/434/447 448/435/448 449/436/449
f 447/434/447 450/437/450 451/438/451
f 453/439/453 444/430/444 446/433/446
f 453/439/453 455/440/455 445/431/445
f 453/439/453 450/437/450 449/436/449
f 453/439/453 454/441/454 451/438/451
f 456/442/456 457/443/457 458/444/458
f 456/442/456 460/445/460 461/446/461
f 456/442/456 462/447/462 463/448/463
f 456/442/456 459/449/459 464/450/464
f 465/451/465 466/452/466 463/448/463
f 465/451/465 462/447/462 464/450/464
f 468/453/468 469/454/469 470/455/470
f 472/456/472 473/457/473 474/458/474
f 472/456/472 476/459/476 458/444/458
f 477/460/477 478/461/478 474/458/474
f 477/460/477 471/462/471 470/455/470
f 457/443/457 461/446/461 471/462/471
f 473/457/473 458/444/458 457/443/457
f 479/463/479 480/464/480 481/465/481
f 479/463/479 483/466/483 484/467/484
f 485/468/485 486/469/486 483/466/483
f 482/470/482 487/471/487 485/468/485
f 488/472/488 489/473/489 490/474/490
f 492/475/492 485/468/485 487/471/487
f 492/475/492 493/476/493 486/469/486
f 492/475/492 494/477/494 495/478/495
f 492/475/492 491/479/491 490/474/490
f 496/480/496 497/481/497 498/482/498
f 496/480/496 500/483/500 501/484/501
f 496/480/496 502/485/502 503/486/503
f 496/480/496 499/487/499 504/488/504
f 505/489/505 506/490/506 484/467/484
f 505/489/505 483/466/483 486/469/486
f 508/491/508 509/492/509 510/493/510
f 508/491/508 512/494/512 513/495/513
f 497/481/497 501/484/501 512/494/512
f 511/496/511 498/482/498 497/481/497
f 514/497/514 515/498/515 516/499/516
f 514/497/514 518/500/518 519/501/519
f 514/497/514 520/502/520 521/503/521
f 514/497/514 517/504/517 522/505/522
f 523/506/523 524/507/524 516/499/516
f 525/508/525 526/509/526 521/503/521
f 525/508/525 527/510/527 528/511/528
f 530/512/530 531/513/531 532/514/532
f 520/502/520 522/505/522 533/515/533
f 527/510/527 521/503/521 520/502/520
f 534/516/534 535/517/535 528/511/528
f 534/516/534 533/515/533 532/514/532
f 537/518/537 538/519/538 539/520/539
f 540/521/540 541/522/541 537/518/537
f 536/523/536 542/524/542 543/525/543
f 536/523/536 539/520/539 544/526/544
f 545/527/545 539/520/539 538/519/538
f 545/527/545 547/528/547 544/526/544
f 548/529/548 542/524/542 544/526/544
f 549/530/549 550/531/550 551/532/551
f 518/500/518 521/503/521 526/509/526
f 554/533/554 552/534/552 551/532/551
f 554/533/554 556/535/556 557/536/557
f 554/533/554 537/518/537 541/522/541
f 554/533/554 555/537/555 538/519/538
f 558/538/558 559/539/559 386/374/386
f 356/540/356 355/345/355 559/539/559
f 393/380/393 395/383/395 561/541/561
f 560/542/560 562/543/562 394/381/394
f 336/325/336 340/330/340 562/543/562
f 560/542/560 561/541/561 337/326/337
f 563/544/563 564/545/564 386/374/386
f 561/541/561 395/383/395 564/545/564
f 565/546/565 337/326/337 561/541/561
f 563/544/563 559/539/559 355/345/355
f 566/547/566 567/548/567 384/372/384
f 390/382/390 389/377/389 567/548/567
f 566/547/566 564/545/564 395/383/395
f 383/371/383 386/374/386 564/545/564
f 568/549/568 569/550/569 358/347/358
f 568/549/568 351/340/351 343/333/343
f 565/546/565 355/345/355 354/344/354
f 570/551/570 338/327/338 337/326/337
f 569/550/569 343/333/343 338/327/338
f 570/551/570 354/344/354 358/347/358
f 572/552/572 573/553/573 574/554/574
f 574/554/574 575/555/575 576/556/576
f 571/557/571 576/556/576 577/558/577
f 571/557/571 578/559/578 579/560/579
f 580/561/580 581/562/581 582/563/582
f 584/564/584 585/565/585 586/566/586
f 584/564/584 587/567/587 588/568/588
f 584/564/584 589/569/589 575/555/575
f 584/564/584 574/554/574 573/553/573
f 380/367/380 384/372/384 567/548/567
f 590/570/590 591/571/591 381/368/381
f 592/572/592 593/573/593 591/571/591
f 590/570/590 567/548/567 389/377/389
f 594/574/594 595/575/595 596/576/596
f 594/574/594 597/577/597 598/578/598
f 594/574/594 599/579/599 582/563/582
f 594/574/594 600/580/600 601/581/601
f 602/582/602 603/583/603 394/381/394
f 604/584/604 605/585/605 603/583/603
f 602/582/602 562/543/562 340/330/340
f 607/586/607 608/587/608 392/379/392
f 391/378/391 394/381/394 603/583/603
f 592/572/592 389/377/389 388/376/388
f 610/588/610 593/573/593 592/572/592
f 609/589/609 608/587/608 611/590/611
f 388/376/388 392/379/392 608/587/608
f 606/591/606 340/330/340 339/329/339
f 612/592/612 339/329/339 342/332/342
f 614/593/614 601/581/601 600/580/600
f 600/580/600 582/563/582 581/562/581
f 613/594/613 581/562/581 615/595/615
f 613/594/613 616/596/616 617/597/617
f 618/598/618 619/599/619 620/600/620
f 622/601/622 623/602/623 624/603/624
f 626/604/626 627/605/627 623/602/623
f 628/606/628 629/607/629 626/604/626
f 625/608/625 630/609/630 628/606/628
f 632/610/632 633/611/633 634/612/634
f 635/613/635 636/614/636 632/610/632
f 631/615/631 637/616/637 638/617/638
f 631/615/631 634/612/634 639/618/639
f 641/619/641 642/620/642 643/621/643
f 644/622/644 628/606/628 630/609/630
f 646/623/646 629/607/629 628/606/628
f 644/622/644 641/619/641 647/624/647
f 644/622/644 645/625/645 642/620/642
f 626/604/626 629/607/629 649/626/649
f 650/627/650 627/605/627 626/604/626
f 648/628/648 632/610/632 636/614/636
f 648/628/648 649/626/649 633/611/633
f 651/629/651 652/630/652 627/605/627
f 653/631/653 654/632/654 655/633/655
f 645/625/645 630/609/630 654/632/654
f 657/634/657 642/620/642 645/625/645
f 653/631/653 656/635/656 658/636/658
f 659/637/659 643/621/643 642/620/642
f 660/638/660 623/602/623 627/605/627
f 661/639/661 624/603/624 623/602/623
f 662/640/662 663/641/663 620/600/620
f 625/608/625 624/603/624 663/641/663
f 654/632/654 630/609/630 625/608/625
f 619/599/619 655/633/655 654/632/654
f 664/642/664 665/643/665 666/644/666
f 664/642/664 668/645/668 669/646/669
f 671/647/671 672/648/672 673/649/673
f 670/650/670 673/649/673 666/644/666
f 670/650/670 665/643/665 669/646/669
f 674/651/674 675/652/675 671/647/671
f 676/653/676 677/654/677 675/652/675
f 676/653/676 674/651/674 669/646/669
f 678/655/678 667/656/667 666/644/666
f 678/655/678 673/649/673 672/648/672
f 680/657/680 681/658/681 682/659/682
f 684/660/684 685/661/685 686/662/686
f 689/663/689 690/664/690 691/665/691
f 692/666/692 693/667/693 694/668/694
f 696/669/696 697/670/697 698/671/698
f 701/672/701 702/673/702 703/674/703
f 705/675/705 706/676/706 707/677/707
f 708/678/708 709/679/709 710/680/710
f 712/681/712 713/682/713 714/683/714
f 716/684/716 717/685/717 718/686/718
f 721/687/721 722/688/722 723/689/723
f 725/690/725 726/691/726 727/692/727
f 728/693/728 729/694/729 722/688/722
f 731/695/731 732/696/732 733/697/733
f 720/698/720 723/689/723 702/673/702
f 734/699/734 735/700/735 706/676/706
f 704/701/704 707/677/707 736/702/736
f 739/703/739 740/704/740 741/705/741
f 688/706/688 691/665/691 742/707/742
f 740/704/740 744/708/744 745/709/745
f 746/710/746 747/711/747 740/704/740
f 688/706/688 743/712/743 748/713/748
f 726/691/726 749/714/749 750/715/750
f 751/716/751 694/668/694 752/717/752
f 753/718/753 733/697/733 717/685/717
f 754/719/754 755/720/755 756/721/756
f 757/722/757 758/723/758 759/724/759
f 759/724/759 760/725/760 761/726/761
f 762/727/762 710/680/710 763/728/763
f 764/729/764 712/681/712 765/730/765
f 766/731/766 741/705/741 745/709/745
f 754/719/754 761/726/761 767/732/767
f 769/733/769 687/734/687 680/657/680
f 725/690/725 690/664/690 771/735/771
f 773/736/773 699/737/699 692/666/692
f 774/738/774 702/673/702 723/689/723
f 714/683/714 775/739/775 776/740/776
f 778/741/778 721/687/721 720/698/720
f 779/742/779 780/743/780 781/744/781
f 779/742/779 782/745/782 783/746/783
f 732/696/732 718/686/718 717/685/717
f 770/747/770 749/714/749 726/691/726
f 730/748/730 733/697/733 753/718/753
f 726/691/726 750/715/750 786/749/786
f 788/750/788 705/675/705 704/701/704
f 724/751/724 727/692/727 789/752/789
f 695/753/695 694/668/694 751/716/751
f 792/754/792 696/669/696 699/737/699
f 779/742/779 784/755/784 760/725/760
f 793/756/793 794/757/794 780/743/780
f 795/758/795 689/663/689 688/706/688
f 796/759/796 797/760/797 732/696/732
f 697/670/697 798/761/798 799/762/799
f 739/703/739 722/688/722 729/694/729
f 800/763/800 801/764/801 802/765/802
f 731/695/731 706/676/706 735/700/735
f 785/766/785 736/702/736 707/677/707
f 765/730/765 712/681/712 715/767/715
f 800/763/800 803/768/803 805/769/805
f 738/770/738 741/705/741 766/731/766
f 790/771/790 742/707/742 691/665/691
f 806/772/806 794/757/794 807/773/807
f 740/704/740 747/711/747 744/708/744
f 764/729/764 808/774/808 713/682/713
f 807/773/807 809/775/809 801/764/801
f 728/693/728 721/687/721 778/741/778
f 806/772/806 805/769/805 811/776/811
f 812/777/812 771/735/771 690/664/690
f 687/734/687 686/662/686 681/658/681
f 720/698/720 701/672/701 777/778/777
f 690/664/690 725/690/725 724/751/724
f 732/696/732 797/760/797 718/686/718
f 810/779/810 813/780/813 794/757/794
f 699/737/699 698/671/698 693/667/693
f 734/699/734 705/675/705 788/750/788
f 706/676/706 731/695/731 730/748/730
f 704/701/704 737/781/737 787/782/787
f 814/783/814 815/784/815 816/785/816
f 709/679/709 776/740/776 763/728/763
f 715/767/715 714/683/714 709/679/709
f 789/752/789 727/692/727 786/749/786
f 722/688/722 739/703/739 738/770/738
f 812/777/812 689/663/689 795/758/795
f 818/786/818 819/787/819 820/788/820
f 822/789/822 823/790/823 819/787/819
f 818/786/818 824/791/824 825/792/825
f 821/793/821 826/794/826 824/791/824
f 821/793/821 820/788/820 828/795/828
f 827/796/827 829/797/829 826/794/826
f 830/798/830 831/799/831 829/797/829
f 827/796/827 828/795/828 832/800/832
f 833/801/833 834/802/834 835/803/835
f 837/804/837 838/805/838 834/802/834
f 833/801/833 839/806/839 840/807/840
f 836/808/836 841/809/841 839/806/839
f 842/810/842 836/808/836 835/803/835
f 844/811/844 841/809/841 836/808/836
f 842/810/842 845/812/845 846/813/846
f 843/814/843 847/815/847 845/812/845
f 848/816/848 849/817/849 850/818/850
f 848/816/848 845/812/845 847/815/847
f 848/816/848 852/819/852 846/813/846
f 851/820/851 853/821/853 852/819/852
f 851/820/851 850/818/850 855/822/855
f 854/823/854 856/824/856 853/821/853
f 854/823/854 857/825/857 858/826/858
f 854/823/854 855/822/855 859/827/859
f 861/828/861 862/829/862 863/830/863
f 864/831/864 865/832/865 861/828/861
f 856/824/856 858/826/858 864/831/864
f 860/833/860 863/830/863 853/821/853
f 863/830/863 862/829/862 867/834/867
f 866/835/866 852/819/852 853/821/853
f 866/835/866 844/811/844 846/813/846
f 866/835/866 867/834/867 841/809/841
f 868/836/868 867/834/867 862/829/862
f 839/806/839 841/809/841 867/834/867
f 868/836/868 870/837/870 840/807/840
f 868/836/868 869/838/869 871/839/871
f 872/840/872 869/838/869 862/829/862
f 873/841/873 871/839/871 869/838/869
f 872/840/872 874/842/874 875/843/875
f 861/828/861 865/832/865 874/842/874
f 876/844/876 877/845/877 878/846/878
f 830/798/830 832/800/832 877/845/877
f 876/844/876 880/847/880 831/799/831
f 879/848/879 881/849/881 880/847/880
f 879/848/879 878/846/878 883/850/883
f 882/851/882 884/852/884 881/849/881
f 882/851/882 885/853/885 886/854/886
f 882/851/882 883/850/883 887/855/887
f 888/856/888 889/857/889 890/858/890
f 892/859/892 893/860/893 889/857/889
f 888/856/888 894/861/894 895/862/895
f 891/863/891 896/864/896 894/861/894
f 891/863/891 890/858/890 898/865/898
f 897/866/897 899/867/899 896/864/896
f 897/866/897 900/868/900 875/843/875
f 897/866/897 898/865/898 901/869/901
f 903/870/903 904/871/904 905/872/905
f 902/873/902 906/874/906 907/875/907
f 908/876/908 909/877/909 906/874/906
f 902/873/902 905/872/905 910/878/910
f 911/879/911 905/872/905 904/871/904
f 913/880/913 910/878/910 905/872/905
f 911/879/911 914/881/914 915/882/915
f 912/883/912 916/884/916 914/881/914
f 912/883/912 904/871/904 918/885/918
f 917/886/917 919/887/919 916/884/916
f 920/888/920 895/862/895 919/887/919
f 917/886/917 918/885/918 921/889/921
f 922/890/922 918/885/918 904/871/904
f 922/890/922 923/891/923 921/889/921
f 924/892/924 925/893/925 923/891/923
f 903/870/903 907/875/907 924/892/924
f 927/894/927 928/895/928 929/896/929
f 930/897/930 931/898/931 932/899/932
f 926/900/926 929/896/929 933/901/933
f 934/902/934 935/903/935 936/904/936
f 938/905/938 939/906/939 940/907/940
f 942/908/942 943/909/943 944/910/944
f 946/911/946 947/912/947 948/913/948
f 950/914/950 951/915/951 947/912/947
f 946/911/946 952/916/952 953/917/953
f 949/918/949 933/901/933 952/916/952
f 949/918/949 948/913/948 955/919/955
f 930/897/930 933/901/933 949/918/949
f 954/920/954 956/921/956 931/898/931
f 955/919/955 957/922/957 956/921/956
f 955/919/955 948/913/948 959/923/959
f 958/924/958 960/925/960 957/922/957
f 961/926/961 962/927/962 960/925/960
f 958/924/958 959/923/959 963/928/963
f 964/929/964 959/923/959 948/913/948
f 965/930/965 963/928/963 959/923/959
f 964/929/964 966/931/966 886/854/886
f 964/929/964 947/912/947 951/915/951
f 968/932/968 969/933/969 970/934/970
f 967/935/967 971/936/971 972/937/972
f 973/938/973 962/927/962 971/936/971
f 967/935/967 970/934/970 974/939/974
f 975/940/975 970/934/970 969/933/969
f 975/940/975 977/941/977 974/939/974
f 978/942/978 925/893/925 977/941/977
f 975/940/975 976/943/976 979/944/979
f 980/945/980 981/946/981 982/947/982
f 978/942/978 979/944/979 981/946/981
f 980/945/980 923/891/923 925/893/925
f 983/948/983 921/889/921 923/891/923
f 983/948/983 982/947/982 985/949/985
f 984/950/984 920/888/920 921/889/921
f 892/859/892 895/862/895 920/888/920
f 984/950/984 985/949/985 893/860/893
f 986/951/986 987/952/987 941/953/941
f 989/954/989 990/955/990 987/952/987
f 986/951/986 991/956/991 909/877/909
f 988/957/988 992/958/992 991/956/991
f 988/957/988 941/953/941 994/959/994
f 993/960/993 995/961/995 992/958/992
f 932/899/932 931/898/931 995/961/995
f 996/962/996 997/963/997 998/964/998
f 956/921/956 957/922/957 997/963/997
f 996/962/996 995/961/995 931/898/931
f 999/965/999 992/958/992 995/961/995
f 999/965/999 998/964/998 1001/966/1001
f 1000/967/1000 991/956/991 992/958/992
f 906/874/906 909/877/909 991/956/991
f 1001/966/1001 907/875/907 906/874/906
f 1002/968/1002 1001/966/1001 998/964/998
f 924/892/924 907/875/907 1001/966/1001
f 1002/968/1002 977/941/977 925/893/925
f 1003/969/1003 974/939/974 977/941/977
f 1003/969/1003 998/964/998 997/963/997
f 973/938/973 974/939/974 1003/969/1003
f 1004/970/1004 960/925/960 962/927/962
f 997/963/997 957/922/957 960/925/960
f 1005/971/1005 1006/972/1006 1007/973/1007
f 1005/971/1005 824/791/824 826/794/826
f 1005/971/1005 1009/974/1009 825/792/825
f 1008/975/1008 1010/976/1010 1009/974/1009
f 1008/975/1008 1007/973/1007 1012/977/1012
f 1013/978/1013 1010/976/1010 1008/975/1008
f 1011/979/1011 950/914/950 953/917/953
f 1011/979/1011 1012/977/1012 951/915/951
f 1014/980/1014 1012/977/1012 1007/973/1007
f 966/931/966 951/915/951 1012/977/1012
f 884/852/884 886/854/886 966/931/966
f 1015/981/1015 881/849/881 884/852/884
f 1016/982/1016 1015/981/1015 1007/973/1007
f 1016/982/1016 880/847/880 881/849/881
f 1016/982/1016 829/797/829 831/799/831
f 1006/972/1006 826/794/826 829/797/829
f 1017/983/1017 1018/984/1018 1019/985/1019
f 1009/974/1009 1010/976/1010 1018/984/1018
f 822/789/822 825/792/825 1009/974/1009
f 1017/983/1017 1020/986/1020 823/790/823
f 1022/987/1022 1023/988/1023 1024/989/1024
f 1021/990/1021 885/853/885 887/855/887
f 965/930/965 886/854/886 885/853/885
f 1021/990/1021 1024/989/1024 963/928/963
f 1025/991/1025 1024/989/1024 1023/988/1023
f 961/926/961 963/928/963 1024/989/1024
f 1025/991/1025 971/936/971 962/927/962
f 1026/992/1026 972/937/972 971/936/971
f 1027/993/1027 1028/994/1028 1029/995/1029
f 1027/993/1027 900/868/900 901/869/901
f 873/841/873 875/843/875 900/868/900
f 1027/993/1027 1030/996/1030 871/839/871
f 1031/997/1031 1030/996/1030 1029/995/1029
f 870/837/870 871/839/871 1030/996/1030
f 1031/997/1031 837/804/837 840/807/840
f 1031/997/1031 1032/998/1032 838/805/838
f 1033/999/1033 1034/1000/1034 1035/1001/1035
f 1033/999/1033 914/881/914 916/884/916
f 1037/1002/1037 915/882/915 914/881/914
f 1036/1003/1036 1038/1004/1038 1037/1002/1037
f 1036/1003/1036 1035/1001/1035 1040/1005/1040
f 1039/1006/1039 1041/1007/1041 1038/1004/1038
f 864/831/864 858/826/858 1041/1007/1041
f 1039/1006/1039 1040/1005/1040 865/832/865
f 1042/1008/1042 1040/1005/1040 1035/1001/1035
f 874/842/874 865/832/865 1040/1005/1040
f 899/867/899 875/843/875 874/842/874
f 1043/1009/1043 896/864/896 899/867/899
f 1044/1010/1044 1043/1009/1043 1035/1001/1035
f 1044/1010/1044 894/861/894 896/864/896
f 919/887/919 895/862/895 894/861/894
f 1034/1000/1034 916/884/916 919/887/919
f 1045/1011/1045 1046/1012/1046 943/909/943
f 855/822/855 1047/1013/1047 1048/1014/1048
f 1049/1015/1049 1050/1016/1050 1051/1017/1051
f 1053/1018/1053 937/1019/937 1054/1020/1054
f 943/909/943 1056/1021/1056 1057/1022/1057
f 1058/1023/1058 1059/1024/1059 1060/1025/1060
f 1032/998/1032 1029/995/1029 1059/1024/1059
f 1062/1026/1062 838/805/838 1032/998/1032
f 1061/1027/1061 1063/1028/1063 1062/1026/1062
f 1064/1029/1064 1065/1030/1065 1060/1025/1060
f 1064/1029/1064 1066/1031/1066 1067/1032/1067
f 1064/1029/1064 1028/994/1028 901/869/901
f 1059/1024/1059 1029/995/1029 1028/994/1028
f 1069/1033/1069 1070/1034/1070 1071/1035/1071
f 1026/992/1026 1023/988/1023 1069/1033/1069
f 1068/1036/1068 1072/1037/1072 972/937/972
f 1071/1035/1071 1073/1038/1073 1072/1037/1072
f 1075/1039/1075 1070/1034/1070 1069/1033/1069
f 1074/1040/1074 1076/1041/1076 1077/1042/1077
f 1022/987/1022 887/855/887 1076/1041/1076
f 1074/1040/1074 1069/1033/1069 1023/988/1023
f 1078/1043/1078 1079/1044/1079 1080/1045/1080
f 1020/986/1020 1019/985/1019 1079/1044/1079
f 1082/1046/1082 823/790/823 1020/986/1020
f 1078/1043/1078 1081/1047/1081 1083/1048/1083
f 1084/1049/1084 1085/1050/1085 1050/1016/1050
f 1086/1051/1086 1087/1052/1087 1046/1012/1046
f 994/959/994 1088/1053/1088 1089/1054/1089
f 1090/1055/1090 1091/1056/1091 1047/1013/1047
f 1092/1057/1092 1093/1058/1093 1094/1059/1094
f 1092/1057/1092 985/949/985 982/947/982
f 1096/1060/1096 893/860/893 985/949/985
f 1095/1061/1095 1097/1062/1097 1096/1060/1096
f 1099/1063/1099 1094/1059/1094 1093/1058/1093
f 1098/1064/1098 1100/1065/1100 1101/1066/1101
f 1098/1064/1098 981/946/981 979/944/979
f 1093/1058/1093 982/947/982 981/946/981
f 1103/1067/1103 1104/1068/1104 1105/1069/1105
f 976/943/976 969/933/969 1103/1067/1103
f 1100/1065/1100 979/944/979 976/943/976
f 1102/1070/1102 1105/1069/1105 1101/1066/1101
f 1107/1071/1107 1104/1068/1104 1103/1067/1103
f 1106/1072/1106 1072/1037/1072 1073/1038/1073
f 968/932/968 972/937/972 1072/1037/1072
f 1106/1072/1106 1103/1067/1103 969/933/969
f 1108/1073/1108 1109/1074/1109 1110/1075/1110
f 1050/1016/1050 1112/1076/1112 1113/1077/1113
f 1108/1073/1108 1111/1078/1111 1114/1079/1114
f 1048/1014/1048 1085/1050/1085 1084/1049/1084
f 1116/1080/1116 1117/1081/1117 1118/1082/1118
f 1116/1080/1116 898/865/898 890/858/890
f 1066/1031/1066 901/869/901 898/865/898
f 1119/1083/1119 1067/1032/1067 1066/1031/1066
f 1121/1084/1121 1118/1082/1118 1117/1081/1117
f 1120/1085/1120 1096/1060/1096 1097/1062/1097
f 1120/1085/1120 889/857/889 893/860/893
f 1117/1081/1117 890/858/890 889/857/889
f 1123/1086/1123 1124/1087/1124 1125/1088/1125
f 1122/1089/1122 883/850/883 878/846/878
f 1076/1041/1076 887/855/887 883/850/883
f 1122/1089/1122 1125/1088/1125 1077/1042/1077
f 1126/1090/1126 1127/1091/1127 1124/1087/1124
f 1128/1092/1128 1129/1093/1129 1127/1091/1127
f 1126/1090/1126 877/845/877 832/800/832
f 1123/1086/1123 878/846/878 877/845/877
f 1090/1055/1090 1130/1094/1130 1131/1095/1131
f 1090/1055/1090 855/822/855 850/818/850
f 1134/1096/1134 1131/1095/1131 1130/1094/1130
f 1133/1097/1133 1135/1098/1135 1136/1099/1136
f 849/817/849 847/815/847 1135/1098/1135
f 1130/1094/1130 850/818/850 849/817/849
f 1137/1100/1137 1138/1101/1138 1139/1102/1139
f 843/814/843 835/803/835 1138/1101/1138
f 1137/1100/1137 1135/1098/1135 847/815/847
f 1140/1103/1140 1136/1099/1136 1135/1098/1135
f 1142/1104/1142 1139/1102/1139 1138/1101/1138
f 1141/1105/1141 1062/1026/1062 1063/1028/1063
f 1141/1105/1141 834/802/834 838/805/838
f 1141/1105/1141 1138/1101/1138 835/803/835
f 1144/1106/1144 1145/1107/1145 1146/1108/1146
f 1143/1109/1143 828/795/828 820/788/820
f 1128/1092/1128 832/800/832 828/795/828
f 1143/1109/1143 1146/1108/1146 1129/1093/1129
f 1147/1110/1147 1148/1111/1148 1145/1107/1145
f 1082/1046/1082 1083/1048/1083 1148/1111/1148
f 1147/1110/1147 819/787/819 823/790/823
f 1144/1106/1144 820/788/820 819/787/819
f 1115/1112/1115 1114/1079/1114 1150/1113/1150
f 1046/1012/1046 1151/1114/1151 1056/1021/1056
f 1149/1115/1149 1150/1113/1150 928/895/928
f 945/1116/945 944/910/944 934/902/934
f 1055/1117/1055 987/952/987 990/955/990
f 938/905/938 941/953/941 987/952/987
f 1153/1118/1153 1112/1076/1112 1050/1016/1050
f 1054/1020/1054 1154/1119/1154 1155/1120/1155
f 1111/1078/1111 1110/1075/1110 1157/1121/1157
f 1156/1122/1156 1158/1123/1158 1114/1079/1114
f 1159/1124/1159 1160/1125/1160 1158/1123/1158
f 1156/1122/1156 1157/1121/1157 1161/1126/1161
f 1162/1127/1162 1079/1044/1079 1019/985/1019
f 1164/1128/1164 1080/1045/1080 1079/1044/1079
f 1162/1127/1162 1165/1129/1165 1166/1130/1166
f 1163/1131/1163 1167/1132/1167 1165/1129/1165
f 1168/1133/1168 1150/1113/1150 1114/1079/1114
f 1169/1134/1169 928/895/928 1150/1113/1150
f 1170/1135/1170 1171/1136/1171 1169/1134/1169
f 1168/1133/1168 1158/1123/1158 1160/1125/1160
f 1013/978/1013 953/917/953 1173/1137/1173
f 1172/1138/1172 1174/1139/1174 1010/976/1010
f 1172/1138/1172 1175/1140/1175 1176/1141/1176
f 1173/1137/1173 1177/1142/1177 1175/1140/1175
f 1178/1143/1178 952/916/952 933/901/933
f 1173/1137/1173 953/917/953 952/916/952
f 1178/1143/1178 1180/1144/1180 1177/1142/1177
f 1178/1143/1178 1179/1145/1179 1181/1146/1181
f 1018/984/1018 1010/976/1010 1174/1139/1174
f 1163/1131/1163 1019/985/1019 1018/984/1018
f 1182/1147/1182 1183/1148/1183 1167/1132/1167
f 1174/1139/1174 1176/1141/1176 1183/1148/1183
f 1184/1149/1184 929/896/929 928/895/928
f 1179/1145/1179 933/901/933 929/896/929
f 1185/1150/1185 1181/1146/1181 1179/1145/1179
f 1184/1149/1184 1169/1134/1169 1171/1136/1171
f 1149/1115/1149 1186/1151/1186 1187/1152/1187
f 1188/1153/1188 1189/1154/1189 926/900/926
f 1089/1054/1089 1188/1153/1188 932/899/932
f 1190/1155/1190 1191/1156/1191 1192/1157/1192
f 1108/1073/1108 1193/1158/1193 1194/1159/1194
f 1087/1052/1087 1195/1160/1195 1151/1114/1151
f 1192/1157/1192 1153/1118/1153 1085/1050/1085
f 1055/1117/1055 1155/1120/1155 939/906/939
f 1189/1154/1189 1196/1161/1196 927/894/927
f 1197/1162/1197 1198/1163/1198 1191/1156/1191
f 1196/1161/1196 1186/1151/1186 1149/1115/1149
f 944/910/944 1057/1022/1057 935/903/935
f 941/953/941 940/907/940 1088/1053/1088
f 1051/1017/1051 1113/1077/1113 1195/1160/1195
f 1115/1112/1115 1187/1152/1187 1193/1158/1193
f 1190/1155/1190 1048/1014/1048 1047/1013/1047
f 1199/1164/1199 1197/1162/1197 1190/1155/1190
f 937/1019/937 936/904/936 1154/1119/1154
f 1132/1165/1132 1199/1164/1199 1091/1056/1091
f 1052/1166/1052 1051/1017/1051 1087/1052/1087
f 1200/1167/1200 1201/1168/1201 990/955/990
f 1052/1166/1052 1202/1169/1202 1203/1170/1203
f 945/1116/945 1204/1171/1204 1205/1172/1205
f 1206/1173/1206 1200/1167/1200 989/954/989
f 1049/1015/1049 1203/1170/1203 1207/1174/1207
f 1053/1018/1053 1208/1175/1208 937/1019/937
f 937/1019/937 1208/1175/1208 934/902/934
f 1210/1176/1210 1211/1177/1211 1212/1178/1212
f 1209/1179/1209 1213/1180/1213 1214/1181/1214
f 1189/1154/1189 1188/1153/1188 1215/1182/1215
f 1216/1183/1216 1212/1178/1212 1211/1177/1211
f 1088/1053/1088 1215/1182/1215 1188/1153/1188
f 1217/1184/1217 1218/1185/1218 1219/1186/1219
f 1220/1187/1220 1221/1188/1221 1222/1189/1222
f 1222/1189/1222 1221/1188/1221 1218/1185/1218
f 1193/1158/1193 1210/1176/1210 1214/1181/1214
f 1187/1152/1187 1211/1177/1211 1210/1176/1210
f 1154/1119/1154 1220/1187/1220 939/906/939
f 1186/1151/1186 1223/1190/1223 1211/1177/1211
f 1196/1161/1196 1215/1182/1215 1223/1190/1223
f 1088/1053/1088 940/907/940 939/906/939
f 1222/1189/1222 1223/1190/1223 1215/1182/1215
f 1217/1184/1217 1211/1177/1211 1223/1190/1223
f 1218/1185/1218 1224/1191/1224 1225/1192/1225
f 1226/1193/1226 1227/1194/1227 1228/1195/1228
f 1230/1196/1230 1056/1021/1056 1227/1194/1227
f 1229/1197/1229 1231/1198/1231 1232/1199/1232
f 1234/1200/1234 1235/1201/1235 1236/1202/1236
f 1233/1203/1233 1113/1077/1113 1112/1076/1112
f 1237/1204/1237 1195/1160/1195 1113/1077/1113
f 1233/1203/1233 1236/1202/1236 1238/1205/1238
f 1240/1206/1240 1235/1201/1235 1234/1200/1234
f 1239/1207/1239 1191/1156/1191 1198/1163/1198
f 1153/1118/1153 1192/1157/1192 1191/1156/1191
f 1234/1200/1234 1112/1076/1112 1153/1118/1153
f 1242/1208/1242 935/903/935 1243/1209/1243
f 1241/1210/1241 1225/1192/1225 1224/1191/1224
f 1243/1209/1243 1244/1211/1244 1245/1212/1245
f 1246/1213/1246 1057/1022/1057 1056/1021/1056
f 1243/1209/1243 935/903/935 1057/1022/1057
f 1247/1214/1247 1248/1215/1248 1228/1195/1228
f 1237/1204/1237 1238/1205/1238 1248/1215/1248
f 1247/1214/1247 1151/1114/1151 1195/1160/1195
f 1227/1194/1227 1056/1021/1056 1151/1114/1151
f 1242/1208/1242 1224/1191/1224 1220/1187/1220
f 936/904/936 935/903/935 1242/1208/1242
f 1221/1188/1221 1220/1187/1220 1224/1191/1224
f 934/902/934 1208/1175/1208 1152/1216/1152
f 1249/1217/1249 1250/1218/1250 1251/1219/1251
f 1249/1217/1249 1253/1220/1253 1254/1221/1254
f 1249/1217/1249 1255/1222/1255 1256/1223/1256
f 1249/1217/1249 1252/1224/1252 1257/1225/1257
f 1258/1226/1258 1259/1227/1259 1260/1228/1260
f 1255/1222/1255 1257/1225/1257 1263/1229/1263
f 1264/1230/1264 1256/1223/1256 1255/1222/1255
f 1262/1231/1262 1259/1227/1259 1265/1232/1265
f 1262/1231/1262 1263/1229/1263 1260/1228/1260
f 1267/1233/1267 1268/1234/1268 1269/1235/1269
f 1270/1236/1270 1271/1237/1271 1267/1233/1267
f 1266/1238/1266 1272/1239/1272 1273/1240/1273
f 1266/1238/1266 1269/1235/1269 1274/1241/1274
f 1275/1242/1275 1276/1243/1276 1277/1244/1277
f 1279/1245/1279 1280/1246/1280 1276/1243/1276
f 1281/1247/1281 1282/1248/1282 1279/1245/1279
f 1278/1249/1278 1283/1250/1283 1281/1247/1281
f 1284/1251/1284 1285/1252/1285 1286/1253/1286
f 1288/1254/1288 1289/1255/1289 1285/1252/1285
f 1284/1251/1284 1290/1256/1290 1291/1257/1291
f 1287/1258/1287 1292/1259/1292 1290/1256/1290
f 1294/1260/1294 1295/1261/1295 1296/1262/1296
f 1293/1263/1293 1297/1264/1297 1298/1265/1298
f 1299/1266/1299 1300/1267/1300 1297/1264/1297
f 1293/1263/1293 1296/1262/1296 1301/1268/1301
f 1278/1249/1278 1277/1244/1277 1303/1269/1303
f 1302/1270/1302 1304/1271/1304 1283/1250/1283
f 1306/1272/1306 1307/1273/1307 1308/1274/1308
f 1305/1275/1305 1309/1276/1309 1310/1277/1310
f 1305/1275/1305 1281/1247/1281 1283/1250/1283
f 1305/1275/1305 1308/1274/1308 1282/1248/1282
f 1311/1278/1311 1312/1279/1312 1313/1280/1313
f 1315/1281/1315 1316/1282/1316 1289/1255/1289
f 1315/1281/1315 1318/1283/1318 1319/1284/1319
f 1315/1281/1315 1320/1285/1320 1321/1286/1321
f 1315/1281/1315 1317/1287/1317 1322/1288/1322
f 1323/1289/1323 1324/1290/1324 1319/1284/1319
f 1326/1291/1326 1327/1292/1327 1324/1290/1324
f 1329/1293/1329 1257/1225/1257 1252/1224/1252
f 1330/1294/1330 1312/1279/1312 1331/1295/1331
f 1330/1294/1330 1333/1296/1333 1313/1280/1313
f 1330/1294/1330 1267/1233/1267 1271/1237/1271
f 1330/1294/1330 1332/1297/1332 1268/1234/1268
f 1334/1298/1334 1335/1299/1335 1327/1292/1327
f 1336/1300/1336 1337/1301/1337 1335/1299/1335
f 1320/1285/1320 1322/1288/1322 1339/1302/1339
f 1340/1303/1340 1321/1286/1321 1320/1285/1320
f 1338/1304/1338 1341/1305/1341 1342/1306/1342
f 1339/1302/1339 1343/1307/1343 1341/1305/1341
f 1345/1308/1345 1307/1273/1307 1346/1309/1346
f 1344/1310/1344 1347/1311/1347 1348/1312/1348
f 1349/1313/1349 1350/1314/1350 1347/1311/1347
f 1344/1310/1344 1346/1309/1346 1351/1315/1351
f 1353/1316/1353 1327/1292/1327 1335/1299/1335
f 1352/1317/1352 1354/1318/1354 1355/1319/1355
f 1352/1317/1352 1356/1320/1356 1357/1321/1357
f 1352/1317/1352 1335/1299/1335 1337/1301/1337
f 1358/1322/1358 1359/1323/1359 1360/1324/1360
f 1358/1322/1358 1362/1325/1362 1363/1326/1363
f 1358/1322/1358 1364/1327/1364 1365/1328/1365
f 1358/1322/1358 1361/1329/1361 1366/1330/1366
f 1367/1331/1367 1368/1332/1368 1369/1333/1369
f 1371/1334/1371 1372/1335/1372 1366/1330/1366
f 1371/1334/1371 1370/1336/1370 1369/1333/1369
f 1364/1327/1364 1366/1330/1366 1372/1335/1372
f 1375/1337/1375 1365/1328/1365 1364/1327/1364
f 1374/1338/1374 1368/1332/1368 1376/1339/1376
f 1374/1338/1374 1372/1335/1372 1369/1333/1369
f 1378/1340/1378 1379/1341/1379 1380/1342/1380
f 1381/1343/1381 1382/1344/1382 1378/1340/1378
f 1377/1345/1377 1383/1346/1383 1384/1347/1384
f 1377/1345/1377 1380/1342/1380 1385/1348/1385
f 1386/1349/1386 1387/1350/1387 1385/1348/1385
f 1373/1351/1373 1366/1330/1366 1361/1329/1361
f 1389/1352/1389 1390/1353/1390 1391/1354/1391
f 1389/1352/1389 1393/1355/1393 1394/1356/1394
f 1389/1352/1389 1378/1340/1378 1382/1344/1382
f 1389/1352/1389 1392/1357/1392 1379/1341/1379
f 1395/1358/1395 1396/1359/1396 1397/1360/1397
f 1395/1358/1395 1399/1361/1399 1400/1362/1400
f 1395/1358/1395 1401/1363/1401 1402/1364/1402
f 1395/1358/1395 1398/1365/1398 1403/1366/1403
f 1404/1367/1404 1405/1368/1405 1403/1366/1403
f 1407/1369/1407 1408/1370/1408 1402/1364/1402
f 1401/1363/1401 1403/1366/1403 1405/1368/1405
f 1409/1371/1409 1402/1364/1402 1401/1363/1401
f 1410/1372/1410 1411/1373/1411 1412/1374/1412
f 1410/1372/1410 1405/1368/1405 1413/1375/1413
f 1415/1376/1415 1416/1377/1416 1417/1378/1417
f 1418/1379/1418 1419/1380/1419 1415/1376/1415
f 1414/1381/1414 1420/1382/1420 1421/1383/1421
f 1414/1381/1414 1417/1378/1417 1422/1384/1422
f 1423/1385/1423 1417/1378/1417 1416/1377/1416
f 1425/1386/1425 1398/1365/1398 1397/1360/1397
f 1406/1387/1406 1403/1366/1403 1398/1365/1398
f 1427/1388/1427 1428/1389/1428 1429/1390/1429
f 1427/1388/1427 1431/1391/1431 1432/1392/1432
f 1427/1388/1427 1415/1376/1415 1419/1380/1419
f 1427/1388/1427 1430/1393/1430 1416/1377/1416
f 1433/1394/1433 1434/1395/1434 1435/1396/1435
f 1433/1394/1433 1437/1397/1437 1438/1398/1438
f 1433/1394/1433 1439/1399/1439 1440/1400/1440
f 1433/1394/1433 1436/1401/1436 1441/1402/1441
f 1442/1403/1442 1443/1404/1443 1444/1405/1444
f 1446/1406/1446 1445/1407/1445 1444/1405/1444
f 1439/1399/1439 1441/1402/1441 1447/1408/1447
f 1449/1409/1449 1440/1400/1440 1439/1399/1439
f 1448/1410/1448 1443/1404/1443 1450/1411/1450
f 1448/1410/1448 1447/1408/1447 1444/1405/1444
f 1452/1412/1452 1453/1413/1453 1454/1414/1454
f 1455/1415/1455 1456/1416/1456 1452/1412/1452
f 1451/1417/1451 1457/1418/1457 1458/1419/1458
f 1451/1417/1451 1454/1414/1454 1459/1420/1459
f 1460/1421/1460 1454/1414/1454 1453/1413/1453
f 1462/1422/1462 1463/1423/1463 1458/1419/1458
f 1437/1397/1437 1440/1400/1440 1465/1424/1465
f 1466/1425/1466 1467/1426/1467 1468/1427/1468
f 1469/1428/1469 1456/1416/1456 1470/1429/1470
f 1471/1430/1471 1472/1431/1472 1473/1432/1473
f 1471/1430/1471 1469/1428/1469 1468/1427/1468
f 1471/1430/1471 1452/1412/1452 1456/1416/1456
f 1471/1430/1471 1474/1433/1474 1453/1413/1453
f 1475/1434/1475 1476/1435/1476 1337/1301/1337
f 1475/1434/1475 1303/1269/1303 1277/1244/1277
f 1477/1436/1477 1341/1305/1341 1343/1307/1343
f 1477/1436/1477 1479/1437/1479 1342/1306/1342
f 1294/1260/1294 1298/1265/1298 1479/1437/1479
f 1477/1436/1477 1478/1438/1478 1295/1261/1295
f 1480/1439/1480 1481/1440/1481 1286/1253/1286
f 1478/1438/1478 1343/1307/1343 1481/1440/1481
f 1483/1441/1483 1295/1261/1295 1478/1438/1478
f 1482/1442/1482 1348/1312/1348 1483/1441/1483
f 1356/1320/1356 1337/1301/1337 1476/1435/1476
f 1485/1443/1485 1357/1321/1357 1356/1320/1356
f 1484/1444/1484 1276/1243/1276 1280/1246/1280
f 1476/1435/1476 1277/1244/1277 1276/1243/1276
f 1486/1445/1486 1487/1446/1487 1357/1321/1357
f 1482/1442/1482 1286/1253/1286 1487/1446/1487
f 1486/1445/1486 1488/1447/1488 1348/1312/1348
f 1485/1443/1485 1280/1246/1280 1488/1447/1488
f 1489/1448/1489 1490/1449/1490 1355/1319/1355
f 1285/1252/1285 1289/1255/1289 1490/1449/1490
f 1487/1446/1487 1286/1253/1286 1285/1252/1285
f 1354/1318/1354 1357/1321/1357 1487/1446/1487
f 1318/1283/1318 1321/1286/1321 1492/1450/1492
f 1491/1451/1491 1325/1452/1325 1319/1284/1319
f 1493/1453/1493 1353/1316/1353 1355/1319/1355
f 1493/1453/1493 1324/1290/1324 1327/1292/1327
f 1316/1282/1316 1319/1284/1319 1324/1290/1324
f 1490/1449/1490 1289/1255/1289 1316/1282/1316
f 1299/1266/1299 1301/1268/1301 1495/1454/1495
f 1494/1455/1494 1496/1456/1496 1300/1267/1300
f 1306/1272/1306 1310/1277/1310 1496/1456/1496
f 1494/1455/1494 1495/1454/1495 1307/1273/1307
f 1497/1457/1497 1488/1447/1488 1280/1246/1280
f 1345/1308/1345 1348/1312/1348 1488/1447/1488
f 1308/1274/1308 1307/1273/1307 1345/1308/1345
f 1497/1457/1497 1279/1245/1279 1282/1248/1282
f 1499/1458/1499 1350/1314/1350 1349/1313/1349
f 1498/1459/1498 1500/1460/1500 1501/1461/1501
f 1502/1462/1502 1503/1463/1503 1500/1460/1500
f 1498/1459/1498 1349/1313/1349 1351/1315/1351
f 1505/1464/1505 1291/1257/1291 1290/1256/1290
f 1504/1465/1504 1506/1466/1506 1507/1467/1507
f 1508/1468/1508 1509/1469/1509 1506/1466/1506
f 1504/1465/1504 1290/1256/1290 1292/1259/1292
f 1483/1441/1483 1348/1312/1348 1347/1311/1347
f 1511/1470/1511 1295/1261/1295 1483/1441/1483
f 1510/1471/1510 1499/1458/1499 1501/1461/1501
f 1510/1471/1510 1347/1311/1347 1350/1314/1350
f 1481/1440/1481 1343/1307/1343 1513/1472/1513
f 1287/1258/1287 1286/1253/1286 1481/1440/1481
f 1512/1473/1512 1508/1468/1508 1292/1259/1292
f 1512/1473/1512 1513/1472/1513 1509/1469/1509
f 1495/1454/1495 1301/1268/1301 1515/1474/1515
f 1346/1309/1346 1307/1273/1307 1495/1454/1495
f 1514/1475/1514 1502/1462/1502 1351/1315/1351
f 1514/1475/1514 1515/1474/1515 1503/1463/1503
f 1317/1287/1317 1289/1255/1289 1288/1254/1288
f 1517/1476/1517 1322/1288/1322 1317/1287/1317
f 1516/1477/1516 1505/1464/1505 1507/1467/1507
f 1516/1477/1516 1288/1254/1288 1291/1257/1291
f 1518/1478/1518 1296/1262/1296 1295/1261/1295
f 1515/1474/1515 1301/1268/1301 1296/1262/1296
f 1518/1478/1518 1500/1460/1500 1503/1463/1503
f 1511/1470/1511 1501/1461/1501 1500/1460/1500
f 1519/1479/1519 1339/1302/1339 1322/1288/1322
f 1513/1472/1513 1343/1307/1343 1339/1302/1339
f 1519/1479/1519 1506/1466/1506 1509/1469/1509
f 1517/1476/1517 1507/1467/1507 1506/1466/1506
f 1521/1480/1521 1300/1267/1300 1496/1456/1496
f 1520/1481/1520 1522/1482/1522 1523/1483/1523
f 1520/1481/1520 1496/1456/1496 1310/1277/1310
f 1525/1484/1525 1526/1485/1526 1342/1306/1342
f 1525/1484/1525 1527/1486/1527 1528/1487/1528
f 1525/1484/1525 1479/1437/1479 1298/1265/1298
f 1530/1488/1530 1492/1450/1492 1321/1286/1321
f 1340/1303/1340 1342/1306/1342 1526/1485/1526
f 1529/1489/1529 1298/1265/1298 1297/1264/1297
f 1521/1480/1521 1523/1483/1523 1532/1490/1532
f 1531/1491/1531 1297/1264/1297 1300/1267/1300
f 1524/1492/1524 1310/1277/1310 1309/1276/1309
f 1533/1493/1533 1304/1271/1304 1534/1494/1534
f 1309/1276/1309 1283/1250/1283 1304/1271/1304
f 814/783/814 1536/1495/1536 767/732/767
f 784/755/784 783/746/783 1538/1496/1538
f 1537/1497/1537 1538/1496/1538 816/785/816
f 815/784/815 767/732/767 761/726/761
f 761/726/761 760/725/760 784/755/784
f 1539/1498/1539 759/724/759 758/723/758
f 1540/1499/1540 809/775/809 807/773/807
f 807/773/807 794/757/794 793/756/793
f 793/756/793 760/725/760 759/724/759
f 1541/1500/1541 1542/1501/1542 781/744/781
f 780/743/780 794/757/794 813/780/813
f 1543/1502/1543 1544/1503/1544 1545/1504/1545
f 1543/1502/1543 1546/1505/1546 1547/1506/1547
f 1548/1507/1548 805/769/805 803/768/803
f 803/768/803 802/765/802 1544/1503/1544
f 748/713/748 743/712/743 1550/1508/1550
f 777/778/777 701/672/701 700/1509/700
f 197/1510/197 200/198/200 251/243/251
f 1553/1511/1553 225/221/225 224/220/224
f 224/220/224 219/213/219 227/222/227
f 210/206/210 247/240/247 1554/1512/1554
f 306/1513/306 220/215/220 212/208/212
f 230/1514/230 229/225/229 252/245/252
f 1555/1515/1555 252/245/252 209/205/209
f 300/1516/300 232/226/232 225/221/225
f 301/1517/301 236/231/236 232/226/232
f 1556/1518/1556 204/1519/204 203/201/203
f 1556/1518/1556 233/228/233 235/230/235
f 1557/1520/1557 257/249/257 236/231/236
f 1557/1520/1557 1554/1512/1554 247/240/247
f 305/1521/305 254/246/254 220/215/220
f 307/1522/307 251/243/251 254/246/254
f 242/1523/242 309/1524/309 248/241/248
f 263/256/263 248/241/248 309/1524/309
f 308/1525/308 312/1526/312 260/253/260
f 258/251/258 260/253/260 312/1526/312
f 240/1527/240 239/234/239 258/251/258
f 197/1528/197 307/299/307 269/261/269
f 268/260/268 271/263/271 198/1529/198
f 201/1530/201 204/1531/204 287/279/287
f 286/278/286 278/270/278 205/1532/205
f 1552/1533/1552 285/280/285 284/277/284
f 227/1534/227 275/267/275 285/280/285
f 207/1535/207 289/281/289 272/265/272
f 1554/1536/1554 293/286/293 289/281/289
f 279/272/279 281/274/281 306/298/306
f 211/1537/211 214/1538/214 280/273/280
f 221/1539/221 205/1532/205 278/270/278
f 221/1539/221 277/269/277 280/273/280
f 267/264/267 266/259/266 230/1540/230
f 1555/1541/1555 208/1542/208 272/265/272
f 303/296/303 275/267/275 227/1534/227
f 226/1543/226 230/1540/230 266/259/266
f 1553/1544/1553 284/277/284 296/288/296
f 295/291/295 287/279/287 204/1531/204
f 1556/1545/1556 241/1546/241 299/292/299
f 237/1547/237 240/1548/240 319/310/319
f 321/312/321 299/292/299 241/1546/241
f 1557/1549/1557 316/306/316 293/286/293
f 301/293/301 298/290/298 316/306/316
f 198/1529/198 271/263/271 290/283/290
f 242/1550/242 290/283/290 292/285/292
f 314/305/314 319/310/319 240/1548/240
f 1258/1551/1258 1261/1552/1261 348/337/348
f 1258/1551/1258 347/336/347 349/339/349
f 1329/1553/1329 330/320/330 346/335/346
f 1559/1554/1559 346/335/346 348/337/348
f 345/338/345 331/322/331 1561/1555/1561
f 1560/1556/1560 1558/1557/1558 349/339/349
f 351/340/351 1562/1558/1562 1535/1559/1535
f 350/341/350 1535/1559/1535 1534/1560/1534
f 353/343/353 356/540/356 1563/1561/1563
f 1532/1562/1532 1523/1563/1523 357/346/357
f 362/355/362 361/350/361 1564/1564/1564
f 370/1565/370 363/351/363 366/354/366
f 372/360/372 1565/1566/1565 366/354/366
f 1311/1567/1311 374/362/374 378/365/378
f 1311/1567/1311 1314/1568/1314 375/363/375
f 1567/1569/1567 326/321/326 325/316/325
f 1567/1569/1567 1561/1555/1561 331/322/331
f 1328/1570/1328 333/1571/333 328/318/328
f 1328/1570/1328 327/317/327 330/320/330
f 1568/1572/1568 1566/1573/1566 378/365/378
f 1568/1572/1568 377/364/377 364/352/364
f 1569/1574/1569 376/366/376 375/363/375
f 1569/1574/1569 1564/1564/1564 361/350/361
f 379/370/379 382/369/382 1528/1575/1528
f 1570/1576/1570 397/385/397 401/388/401
f 1570/1576/1570 1572/1577/1572 398/386/398
f 1367/1578/1367 1370/1579/1370 413/401/413
f 1367/1578/1367 412/400/412 409/397/409
f 1373/1580/1373 403/390/403 411/399/411
f 1371/1581/1371 411/399/411 413/401/413
f 417/409/417 416/404/416 1573/1582/1573
f 434/1583/434 419/406/419 418/405/418
f 1386/1584/1386 418/405/418 421/408/421
f 425/413/425 1387/1585/1387 421/408/421
f 1574/1586/1574 399/391/399 398/386/398
f 1574/1586/1574 407/394/407 404/392/404
f 1388/1587/1388 1571/1588/1571 401/388/401
f 1388/1587/1388 400/387/400 403/390/403
f 435/422/435 1573/1582/1573 416/404/416
f 1575/1589/1575 439/426/439 443/429/443
f 1575/1589/1575 1576/1590/1576 440/427/440
f 1406/1591/1406 445/431/445 455/440/455
f 1404/1592/1404 455/440/455 449/436/449
f 454/441/454 446/433/446 1408/1593/1408
f 1407/1594/1407 452/1595/452 451/438/451
f 459/449/459 458/444/458 476/459/476
f 1577/1596/1577 467/1597/467 464/450/464
f 1424/1598/1424 461/446/461 460/445/460
f 1423/1599/1423 460/445/460 463/448/463
f 1578/1600/1578 478/461/478 470/455/470
f 1578/1600/1578 475/1601/475 474/458/474
f 1579/1602/1579 441/432/441 440/427/440
f 1579/1602/1579 1408/1593/1408 446/433/446
f 1425/1603/1425 1426/1604/1426 443/429/443
f 1425/1603/1425 442/428/442 445/431/445
f 468/453/468 471/462/471 461/446/461
f 1580/1605/1580 480/464/480 484/467/484
f 1580/1605/1580 1581/1606/1581 481/465/481
f 1442/1607/1442 1445/1608/1445 495/478/495
f 1442/1607/1442 494/477/494 490/474/490
f 507/1609/507 486/469/486 493/476/493
f 1446/1610/1446 493/476/493 495/478/495
f 491/479/491 487/471/487 1465/1611/1465
f 499/487/499 498/482/498 1470/1612/1470
f 1582/1613/1582 1463/1614/1463 504/488/504
f 1461/1615/1461 501/484/501 500/483/500
f 1460/1616/1460 500/483/500 503/486/503
f 1462/1617/1462 1583/1618/1583 503/486/503
f 1462/1617/1462 502/485/502 504/488/504
f 1584/1619/1584 509/492/509 513/495/513
f 1584/1619/1584 1467/1620/1467 510/493/510
f 1464/1621/1464 482/470/482 481/465/481
f 1464/1621/1464 1465/1611/1465 487/471/487
f 1586/1622/1586 1585/1623/1585 513/495/513
f 1586/1622/1586 512/494/512 501/484/501
f 1466/1624/1466 511/496/511 510/493/510
f 1466/1624/1466 1470/1612/1470 498/482/498
f 523/506/523 515/498/515 519/501/519
f 1588/1625/1588 529/1626/529 528/511/528
f 1588/1625/1588 535/517/535 532/514/532
f 530/512/530 533/515/533 522/505/522
f 1589/1627/1589 1590/1628/1590 541/522/541
f 1589/1627/1589 540/521/540 543/525/543
f 548/529/548 1591/1629/1591 543/525/543
f 549/530/549 552/534/552 557/536/557
f 580/1630/580 517/504/517 516/499/516
f 583/1631/583 522/505/522 517/504/517
f 553/1632/553 1587/1633/1587 519/501/519
f 1593/1634/1593 1592/1635/1592 557/536/557
f 556/535/556 541/522/541 1590/1628/1590
f 1594/1636/1594 555/537/555 551/532/551
f 546/1637/546 538/519/538 555/537/555
f 385/373/385 1528/1575/1528 1527/1638/1527
f 558/538/558 1527/1638/1527 1563/1561/1563
f 568/549/568 357/346/357 1523/1563/1523
f 1522/1639/1522 1562/1558/1562 351/340/351
f 1594/1640/1594 576/556/576 575/555/575
f 1594/1640/1594 550/1641/550 577/558/577
f 1593/1642/1593 1590/1643/1590 573/553/573
f 1593/1642/1593 572/552/572 579/560/579
f 553/1644/553 526/1645/526 601/581/601
f 553/1644/553 614/593/614 617/597/617
f 580/561/580 524/1646/524 615/595/615
f 549/1647/549 1592/1648/1592 579/560/579
f 549/1647/549 578/559/578 577/558/577
f 548/1649/548 547/1650/547 588/568/588
f 548/1649/548 587/567/587 586/566/586
f 1589/1651/1589 1591/1652/1591 586/566/586
f 585/565/585 573/553/573 1590/1643/1590
f 545/1653/545 589/569/589 588/568/588
f 546/1654/546 575/555/575 589/569/589
f 606/591/606 1595/1655/1595 604/584/604
f 530/1656/530 599/579/599 598/578/598
f 583/1657/583 582/563/582 599/579/599
f 525/1658/525 529/1659/529 596/576/596
f 595/575/595 601/581/601 526/1645/526
f 1596/1660/1596 611/590/611 608/587/608
f 607/586/607 603/583/603 605/585/605
f 612/592/612 1597/1661/1597 1595/1655/1595
f 352/342/352 1534/1560/1534 1597/1661/1597
f 1588/1662/1588 531/1663/531 598/578/598
f 1588/1662/1588 597/577/597 596/576/596
f 523/1664/523 1587/1665/1587 617/597/617
f 523/1664/523 616/596/616 615/595/615
f 618/598/618 1536/1666/1536 655/633/655
f 813/1667/813 629/607/629 646/623/646
f 1541/1668/1541 646/623/646 647/624/647
f 1598/1669/1598 663/641/663 624/603/624
f 1598/1669/1598 621/1670/621 620/600/620
f 1599/1671/664 1600/1672/1599 638/617/638
f 1599/1671/664 637/616/637 639/618/639
f 1602/1673/1601 634/612/634 633/611/633
f 1602/1673/1601 1601/1674/1600 639/618/639
f 1603/1675/1602 1604/1676/1603 636/614/636
f 1603/1675/1602 635/613/635 638/617/638
f 640/1677/640 1542/1678/1542 647/624/647
f 656/635/656 655/633/655 1536/1666/1536
f 814/1679/814 817/1680/817 658/636/658
f 650/627/650 636/614/636 1604/1676/1603
f 810/1681/810 649/626/649 629/607/629
f 811/1682/811 633/611/633 649/626/649
f 659/637/659 657/634/657 658/636/658
f 785/766/785 753/718/753 792/1683/792
f 1605/1684/1604 795/758/795 748/713/748
f 812/777/812 1606/1685/1605 1607/1686/1606
f 790/771/790 789/752/789 1608/1687/1607
f 764/1688/764 745/709/745 744/708/744
f 796/759/796 799/1689/799 798/1690/798
f 770/747/770 1609/1691/1608 1610/1692/1609
f 1611/1693/1610 786/749/786 750/715/750
f 743/712/743 742/707/742 768/1694/768
f 1549/1695/1549 1550/1696/1550 683/1697/683
f 1605/1698/1604 682/659/682 1606/1699/1605
f 1611/1700/1610 684/660/684 1608/1701/1607
f 1612/1702/1611 1610/1703/1609 685/661/685
f 791/1704/791 1613/1705/1612 695/753/695
f 716/1706/716 696/669/696 792/754/792
f 719/1707/719 798/761/798 697/670/697
f 1551/1708/1551 700/1709/700 711/1710/711
f 808/774/808 1614/1711/1613 713/682/713
f 660/1712/660 652/1713/652 809/775/809
f 686/662/686 1609/1714/1608 1607/1715/1606
f 1540/1499/1540 758/723/758 661/1716/661
f 659/1717/659 817/1718/817 816/785/816
f 698/671/698 799/762/799 1615/1719/1614
f 804/1720/804 715/767/715 708/678/708
f 659/1717/659 1538/1496/1538 783/746/783
f 683/1697/683 682/659/682 1605/1698/1604
f 1608/1701/1607 684/660/684 687/734/687
f 685/661/685 1610/1703/1609 1609/1714/1608
f 1611/1700/1610 1612/1702/1611 685/661/685
f 716/1706/716 719/1707/719 697/670/697
f 711/1710/711 710/680/710 762/727/762
f 713/682/713 1614/1711/1613 775/739/775
f 768/1721/768 680/657/680 683/1697/683
f 681/658/681 1607/1715/1606 1606/1699/1605
f 772/1722/772 692/666/692 695/753/695
f 1604/1723/1603 802/765/802 801/764/801
f 693/667/693 1615/1719/1614 752/717/752
f 703/1724/703 708/678/708 711/1710/711
f 651/1725/651 801/764/801 809/775/809
f 1616/1726/1615 1617/1727/1616 1208/1175/1208
f 1618/1728/1617 1619/1729/1618 910/878/910
f 942/908/942 1205/1172/1205 1620/1730/1619
f 1621/1731/1620 1206/1173/1206 909/877/909
f 857/825/857 1622/1732/1621 1623/1733/1622
f 1152/1216/1152 1624/1734/1623 1204/1171/1204
f 1041/1007/1041 1625/1735/1624 1626/1736/1625
f 1627/1737/1626 1628/1738/1627 915/882/915
f 1208/1175/1208 1617/1727/1616 1624/1734/1623
f 1207/1174/1207 1629/1739/1628 859/827/859
f 1628/1738/1627 1618/1728/1617 913/880/913
f 1619/1729/1618 1621/1731/1620 908/876/908
f 1045/1011/1045 1620/1730/1619 1630/1740/1629
f 858/826/858 1623/1733/1622 1625/1735/1624
f 1629/1739/1628 1622/1732/1621 857/825/857
f 1038/1004/1038 1626/1736/1625 1627/1737/1626
f 1201/1168/1201 1616/1726/1615 1053/1018/1053
f 1086/1051/1086 1630/1740/1629 1202/1169/1202
f 1631/1741/1630 1632/1742/1631 1213/1180/1213
f 1209/1179/1209 1212/1178/1212 1633/1743/1632
f 1634/1744/1633 1633/1743/1632 1212/1178/1212
f 1216/1183/1216 1219/1186/1219 1635/1745/1634
f 1225/1192/1225 1636/1746/1635 1635/1745/1634
f 1226/1193/1226 1232/1199/1232 1637/1747/1636
f 1241/1210/1241 1245/1212/1245 1636/1746/1635
f 1246/1213/1246 1638/1748/1637 1244/1211/1244
f 1230/1196/1230 1637/1747/1636 1638/1748/1637
f 332/1749/332 1250/1218/1250 1254/1221/1254
f 332/1749/332 333/1750/333 1251/1219/1251
f 1258/1226/1258 1558/1751/1558 1265/1232/1265
f 1559/1752/1559 1263/1229/1263 1257/1225/1257
f 1559/1752/1559 1261/1753/1261 1260/1228/1260
f 1560/1754/1560 1561/1755/1561 1256/1223/1256
f 1560/1754/1560 1264/1230/1264 1265/1232/1265
f 368/1756/368 1564/1757/1564 1271/1237/1271
f 368/1756/368 1270/1236/1270 1273/1240/1273
f 370/1758/370 1269/1235/1269 1268/1234/1268
f 370/1758/370 1565/1759/1565 1274/1241/1274
f 372/1760/372 1272/1239/1272 1274/1241/1274
f 372/1760/372 369/1761/369 1273/1240/1273
f 1302/1270/1302 1303/1269/1303 1595/1762/1595
f 1597/1763/1597 1534/1494/1534 1304/1271/1304
f 1311/1278/1311 1566/1764/1566 1331/1295/1331
f 1323/1289/1323 1325/1452/1325 593/1765/593
f 1323/1289/1323 610/1766/610 611/1767/611
f 1567/1768/1567 334/1769/334 1254/1221/1254
f 1253/1220/1253 1256/1223/1256 1561/1755/1561
f 1328/1770/1328 1252/1224/1252 1251/1219/1251
f 1568/1771/1568 1332/1297/1332 1331/1295/1331
f 371/1772/371 1268/1234/1268 1332/1297/1332
f 1569/1773/1569 1314/1774/1314 1313/1280/1313
f 1333/1296/1333 1271/1237/1271 1564/1757/1564
f 1326/1291/1326 611/1767/611 1596/1775/1596
f 1334/1298/1334 1596/1775/1596 605/1776/605
f 1570/1777/1570 1359/1323/1359 1363/1326/1363
f 1570/1777/1570 1571/1778/1571 1360/1324/1360
f 1367/1331/1367 408/1779/408 1376/1339/1376
f 405/1780/405 407/1781/407 1365/1328/1365
f 405/1780/405 1375/1337/1375 1376/1339/1376
f 423/1782/423 1573/1783/1573 1382/1344/1382
f 423/1782/423 1381/1343/1381 1384/1347/1384
f 1386/1349/1386 1380/1342/1380 1379/1341/1379
f 425/1784/425 1383/1346/1383 1385/1348/1385
f 425/1784/425 424/1785/424 1384/1347/1384
f 426/1786/426 1390/1353/1390 1394/1356/1394
f 426/1786/426 429/1787/429 1391/1354/1391
f 1574/1788/1574 1572/1789/1572 1363/1326/1363
f 1362/1325/1362 1365/1328/1365 407/1781/407
f 1388/1790/1388 1361/1329/1361 1360/1324/1360
f 432/1791/432 1392/1357/1392 1391/1354/1391
f 434/1792/434 1379/1341/1379 1392/1357/1392
f 435/1793/435 430/1794/430 1394/1356/1394
f 1393/1355/1393 1382/1344/1382 1573/1783/1573
f 1575/1795/1575 1396/1359/1396 1400/1362/1400
f 1575/1795/1575 1426/1796/1426 1397/1360/1397
f 447/1797/447 1411/1373/1411 1413/1375/1413
f 447/1797/447 452/1798/452 1412/1374/1412
f 1404/1367/1404 448/1799/448 1413/1375/1413
f 1407/1369/1407 1409/1371/1409 1412/1374/1412
f 1577/1800/1577 476/1801/476 1419/1380/1419
f 1577/1800/1577 1418/1379/1418 1421/1383/1421
f 1423/1385/1423 466/1802/466 1422/1384/1422
f 465/1803/465 1420/1382/1420 1422/1384/1422
f 465/1803/465 467/1804/467 1421/1383/1421
f 1578/1805/1578 1428/1389/1428 1432/1392/1432
f 1578/1805/1578 469/1806/469 1429/1390/1429
f 1579/1807/1579 1576/1808/1576 1400/1362/1400
f 1399/1361/1399 1402/1364/1402 1408/1370/1408
f 468/1809/468 1430/1393/1430 1429/1390/1429
f 1424/1810/1424 1416/1377/1416 1430/1393/1430
f 472/1811/472 475/1812/475 1432/1392/1432
f 1431/1391/1431 1419/1380/1419 476/1801/476
f 1580/1813/1580 1434/1395/1434 1438/1398/1438
f 1580/1813/1580 506/1814/506 1435/1396/1435
f 1442/1403/1442 489/1815/489 1450/1411/1450
f 1446/1406/1446 1447/1408/1447 1441/1402/1441
f 488/1816/488 1465/1424/1465 1440/1400/1440
f 488/1816/488 1449/1409/1449 1450/1411/1450
f 1582/1817/1582 1470/1429/1470 1456/1416/1456
f 1582/1817/1582 1455/1415/1455 1458/1419/1458
f 1460/1421/1460 1583/1818/1583 1459/1420/1459
f 1462/1422/1462 1457/1418/1457 1459/1420/1459
f 1584/1819/1584 1472/1431/1472 1468/1427/1468
f 1584/1819/1584 1585/1820/1585 1473/1432/1473
f 1464/1821/1464 1581/1822/1581 1438/1398/1438
f 505/1823/505 1436/1401/1436 1435/1396/1435
f 507/1824/507 1441/1402/1441 1436/1401/1436
f 1586/1825/1586 1474/1433/1474 1473/1432/1473
f 1461/1826/1461 1453/1413/1453 1474/1433/1474
f 1475/1434/1475 1336/1300/1336 605/1776/605
f 604/1827/604 1595/1762/1595 1303/1269/1303
f 1491/1451/1491 1492/1450/1492 381/1828/381
f 591/1829/591 593/1765/593 1325/1452/1325
f 1524/1492/1524 1562/1830/1562 1522/1482/1522
f 1529/1489/1529 1563/1831/1563 1527/1486/1527
f 382/1832/382 381/1828/381 1492/1450/1492
f 1530/1488/1530 1526/1485/1526 1528/1487/1528
f 1531/1491/1531 1532/1490/1532 1563/1831/1563
f 1533/1493/1533 1535/1833/1535 1562/1830/1562
f 737/781/737 736/702/736 772/1834/772
f 643/1835/643 783/746/783 782/745/782
f 640/1836/640 782/745/782 781/744/781
f 746/710/746 775/1837/775 1614/1838/1613
f 1603/1839/1602 1600/1840/1599 1545/1504/1545
f 1603/1839/1602 1544/1503/1544 802/765/802
f 1602/1841/1601 1548/1507/1548 1547/1506/1547
f 1602/1841/1601 811/776/811 805/769/805
f 734/699/734 752/1842/752 1615/1843/1614
f 791/1844/791 751/1845/751 788/750/788
f 1599/1846/664 1601/1847/1600 1547/1506/1547
f 1599/1846/664 1546/1505/1546 1545/1504/1545
f 1598/1848/1598 661/1716/661 758/723/758
f 1598/1848/1598 757/722/757 756/721/756
f 787/782/787 737/781/737 1613/1849/1612
f 751/1845/751 752/1842/752 734/699/734
f 762/1850/762 763/1851/763 728/693/728
f 747/711/747 1614/1838/1613 808/1852/808
f 736/702/736 785/766/785 773/1853/773
f 618/1854/618 621/1855/621 756/721/756
f 755/720/755 767/732/767 1536/1495/1536
f 774/738/774 766/731/766 765/1856/765
f 728/693/728 763/1851/763 776/1857/776
f 1551/1858/1551 762/1850/762 778/741/778
f 795/758/795 1605/1684/1604 1606/1685/1605
f 789/752/789 786/749/786 1611/1693/1610
f 749/714/749 1610/1692/1609 1612/1859/1611
f 753/718/753 717/685/717 716/684/716
f 797/760/797 798/1690/798 719/1860/719
f 765/1856/765 766/731/766 745/709/745
f 771/735/771 1607/1686/1606 1609/1691/1608
f 742/707/742 790/771/790 769/1861/769
f 735/700/735 1615/1843/1614 799/1689/799
f 729/694/729 776/1857/776 775/1837/775
f 702/673/702 774/738/774 804/1862/804
f 1640/198/1639 1641/197/1640 1642/196/1641
f 1643/199/1642 1644/1519/1643 1645/201/1644
f 1646/200/1645 1647/203/1646 1648/202/1647
f 1650/206/1649 1651/205/1650 1652/204/1651
f 1653/207/1652 1654/217/1653 1655/209/1654
f 1658/211/1657 1647/203/1646 1659/210/1658
f 1659/210/1658 1660/213/1659 1661/212/1660
f 1657/214/1656 1661/212/1660 1662/215/1661
f 1657/214/1656 1656/208/1655 1655/209/1654
f 1663/216/1662 1648/202/1647 1647/203/1646
f 1663/216/1662 1658/211/1657 1655/209/1654
f 1646/200/1645 1645/201/1644 1665/218/1664
f 1664/219/1663 1665/218/1664 1666/221/1665
f 1667/220/1666 1660/213/1659 1659/210/1658
f 1664/219/1663 1659/210/1658 1647/203/1646
f 1669/223/1668 1660/213/1659 1670/222/1669
f 1668/224/1667 1671/1514/1670 1672/225/1671
f 1674/226/1673 1666/221/1665 1665/218/1664
f 1673/227/1672 1665/218/1664 1645/201/1644
f 1675/228/1674 1676/230/1675 1677/229/1676
f 1673/227/1672 1677/229/1676 1678/231/1677
f 1679/232/1678 1680/1527/1679 1681/234/1680
f 1682/233/1681 1676/230/1675 1683/235/1682
f 1642/196/1641 1641/197/1640 1685/236/1684
f 1686/237/1685 1685/236/1684 1641/197/1640
f 1687/238/1686 1651/205/1650 1650/206/1649
f 1686/237/1685 1650/206/1649 1688/240/1687
f 1689/239/1688 1690/241/1689 1685/236/1684
f 1640/198/1639 1692/243/1691 1693/242/1692
f 1691/244/1690 1693/242/1692 1672/225/1671
f 1694/245/1693 1651/205/1650 1687/238/1686
f 1691/244/1690 1687/238/1686 1641/197/1640
f 1696/246/1695 1662/215/1661 1661/212/1660
f 1695/247/1694 1661/212/1660 1660/213/1659
f 1669/223/1668 1672/225/1671 1693/242/1692
f 1695/247/1694 1693/242/1692 1692/243/1691
f 1698/249/1697 1678/231/1677 1699/248/1698
f 1697/250/1696 1699/248/1698 1681/234/1680
f 1697/250/1696 1700/251/1699 1701/253/1700
f 1702/252/1701 1688/240/1687 1698/249/1697
f 1703/254/1702 1677/229/1676 1676/230/1675
f 1682/233/1681 1681/234/1680 1699/248/1698
f 1699/248/1698 1678/231/1677 1677/229/1676
f 1704/255/1703 1705/256/1704 1690/241/1689
f 1704/255/1703 1689/239/1688 1688/240/1687
f 1702/252/1701 1701/253/1700 1705/256/1704
f 1706/257/1705 1707/264/1706 1708/259/1707
f 1709/258/1708 1710/261/1709 1711/260/1710
f 1706/257/1705 1711/260/1710 1712/263/1711
f 1713/262/1712 1714/265/1713 1707/264/1706
f 1716/268/1715 1717/267/1716 1718/266/1717
f 1718/266/1717 1719/270/1718 1720/269/1719
f 1715/271/1714 1720/269/1719 1721/273/1720
f 1715/271/1714 1722/272/1721 1723/274/1722
f 1724/275/1723 1725/280/1724 1726/277/1725
f 1727/276/1726 1728/279/1727 1729/278/1728
f 1724/275/1723 1729/278/1728 1719/270/1718
f 1718/266/1717 1717/267/1716 1725/280/1724
f 1731/281/1730 1714/265/1713 1713/262/1712
f 1730/282/1729 1713/262/1712 1712/263/1711
f 1732/283/1731 1733/285/1732 1734/284/1733
f 1730/282/1729 1734/284/1733 1735/286/1734
f 1736/287/1735 1737/291/1736 1728/279/1727
f 1727/276/1726 1726/277/1725 1738/288/1737
f 1736/287/1735 1738/288/1737 1739/290/1738
f 1740/289/1739 1741/292/1740 1737/291/1736
f 1743/293/1742 1739/290/1738 1738/288/1737
f 1744/294/1743 1745/296/1744 1717/267/1716
f 1716/268/1715 1723/274/1722 1746/295/1745
f 1744/294/1743 1746/295/1745 1710/261/1709
f 1709/258/1708 1708/259/1707 1745/296/1744
f 1747/297/1746 1746/295/1745 1723/274/1722
f 1749/299/1748 1710/261/1709 1746/295/1745
f 1751/301/1750 1733/285/1732 1752/300/1751
f 1750/302/1749 1753/304/1752 1754/303/1753
f 1756/305/1755 1754/303/1753 1753/304/1752
f 1758/307/1757 1739/290/1738 1759/306/1758
f 1759/306/1758 1735/286/1734 1760/308/1759
f 1757/309/1756 1760/308/1759 1754/303/1753
f 1757/309/1756 1756/305/1755 1761/310/1760
f 1762/311/1761 1763/312/1762 1741/292/1740
f 1740/289/1739 1739/290/1738 1758/307/1757
f 1758/307/1757 1761/310/1760 1763/312/1762
f 1764/313/1763 1760/308/1759 1735/286/1734
f 1764/313/1763 1734/284/1733 1733/285/1732
f 1751/301/1750 1754/303/1753 1760/308/1759
f 1765/314/1764 1766/321/1765 1767/316/1766
f 1765/314/1764 1768/315/1767 1769/318/1768
f 1770/317/1769 1771/320/1770 1772/319/1771
f 1772/319/1771 1773/322/1772 1766/321/1765
f 1774/323/1773 1775/1571/1774 1769/318/1768
f 1774/323/1773 1768/315/1767 1767/316/1766
f 1778/327/1777 1779/326/1778 1780/325/1779
f 1777/328/1776 1780/325/1779 1781/330/1780
f 1777/328/1776 1782/329/1781 1783/332/1782
f 1777/328/1776 1784/331/1783 1785/333/1784
f 1786/334/1785 1787/338/1786 1773/322/1772
f 1786/334/1785 1772/319/1771 1771/320/1770
f 1786/334/1785 1788/335/1787 1789/337/1788
f 1786/334/1785 1790/336/1789 1791/339/1790
f 1793/340/1792 1785/333/1784 1784/331/1783
f 1792/341/1791 1784/331/1783 1783/332/1782
f 1795/343/1794 1796/540/1795 1797/345/1796
f 1798/344/1797 1799/347/1798 1800/346/1799
f 1801/348/1800 1802/355/1801 1803/350/1802
f 1801/348/1800 1804/349/1803 1805/352/1804
f 1801/348/1800 1806/351/1805 1807/354/1806
f 1801/348/1800 1808/353/1807 1809/356/1808
f 1810/357/1809 1802/355/1801 1809/356/1808
f 1806/351/1805 1805/352/1804 1813/359/1812
f 1814/360/1813 1811/358/1810 1809/356/1808
f 1815/361/1814 1816/366/1815 1817/363/1816
f 1815/361/1814 1818/362/1817 1819/365/1818
f 1820/364/1819 1805/352/1804 1804/349/1803
f 1804/349/1803 1803/350/1802 1816/366/1815
f 1822/369/1821 1823/368/1822 1824/367/1823
f 1821/370/1820 1824/367/1823 1825/372/1824
f 1826/371/1825 1827/374/1826 1828/373/1827
f 1829/375/1828 1830/382/1829 1831/377/1830
f 1829/375/1828 1832/376/1831 1833/379/1832
f 1829/375/1828 1834/378/1833 1835/381/1834
f 1836/380/1835 1837/383/1836 1830/382/1829
f 1838/384/1837 1839/391/1838 1840/386/1839
f 1838/384/1837 1841/385/1840 1842/388/1841
f 1843/387/1842 1844/390/1843 1845/389/1844
f 1845/389/1844 1846/392/1845 1839/391/1838
f 1848/394/1847 1846/392/1845 1849/393/1848
f 1847/395/1846 1849/393/1848 1850/397/1849
f 1852/398/1851 1849/393/1848 1846/392/1845
f 1852/398/1851 1845/389/1844 1844/390/1843
f 1852/398/1851 1853/399/1852 1854/401/1853
f 1852/398/1851 1855/400/1854 1850/397/1849
f 1856/402/1855 1857/409/1856 1858/404/1857
f 1856/402/1855 1859/403/1858 1860/406/1859
f 1856/402/1855 1861/405/1860 1862/408/1861
f 1856/402/1855 1863/407/1862 1864/410/1863
f 1865/411/1864 1857/409/1856 1864/410/1863
f 1867/413/1866 1866/412/1865 1864/410/1863
f 1868/414/1867 1869/420/1868 1870/416/1869
f 1868/414/1867 1871/415/1870 1872/418/1871
f 1874/419/1873 1875/421/1874 1870/416/1869
f 1874/419/1873 1876/1583/1875 1860/406/1859
f 1877/422/1876 1873/417/1872 1872/418/1871
f 1879/424/1878 1878/423/1877 1872/418/1871
f 1879/424/1878 1871/415/1870 1870/416/1869
f 1875/421/1874 1860/406/1859 1859/403/1858
f 1859/403/1858 1858/404/1857 1878/423/1877
f 1880/425/1879 1881/432/1880 1882/427/1881
f 1880/425/1879 1883/426/1882 1884/429/1883
f 1885/428/1884 1886/431/1885 1887/430/1886
f 1887/430/1886 1888/433/1887 1881/432/1880
f 1889/434/1888 1890/437/1889 1891/436/1890
f 1889/434/1888 1893/1595/1892 1894/438/1893
f 1895/439/1894 1896/441/1895 1888/433/1887
f 1895/439/1894 1887/430/1886 1886/431/1885
f 1895/439/1894 1897/440/1896 1891/436/1890
f 1895/439/1894 1890/437/1889 1894/438/1893
f 1898/442/1897 1899/449/1898 1900/444/1899
f 1898/442/1897 1901/443/1900 1902/446/1901
f 1898/442/1897 1903/445/1902 1904/448/1903
f 1898/442/1897 1905/447/1904 1906/450/1905
f 1907/451/1906 1905/447/1904 1904/448/1903
f 1907/451/1906 1909/1597/1908 1906/450/1905
f 1910/453/1909 1911/462/1910 1912/455/1911
f 1914/456/1913 1915/1601/1914 1916/458/1915
f 1914/456/1913 1917/457/1916 1900/444/1899
f 1919/460/1918 1917/457/1916 1916/458/1915
f 1919/460/1918 1920/461/1919 1912/455/1911
f 1911/462/1910 1902/446/1901 1901/443/1900
f 1901/443/1900 1900/444/1899 1917/457/1916
f 1921/463/1920 1922/470/1921 1923/465/1922
f 1921/463/1920 1924/464/1923 1925/467/1924
f 1926/466/1925 1927/469/1926 1928/468/1927
f 1928/468/1927 1929/471/1928 1922/470/1921
f 1930/472/1929 1931/479/1930 1932/474/1931
f 1934/475/1933 1931/479/1930 1929/471/1928
f 1934/475/1933 1928/468/1927 1927/469/1926
f 1934/475/1933 1935/476/1934 1936/478/1935
f 1934/475/1933 1937/477/1936 1932/474/1931
f 1938/480/1937 1939/487/1938 1940/482/1939
f 1938/480/1937 1941/481/1940 1942/484/1941
f 1938/480/1937 1943/483/1942 1944/486/1943
f 1938/480/1937 1945/485/1944 1946/488/1945
f 1947/489/1946 1926/466/1925 1925/467/1924
f 1947/489/1946 1949/1609/1948 1927/469/1926
f 1950/491/1949 1951/496/1950 1952/493/1951
f 1950/491/1949 1953/492/1952 1954/495/1953
f 1955/494/1954 1942/484/1941 1941/481/1940
f 1941/481/1940 1940/482/1939 1951/496/1950
f 1956/497/1955 1957/504/1956 1958/499/1957
f 1956/497/1955 1959/498/1958 1960/501/1959
f 1956/497/1955 1961/500/1960 1962/503/1961
f 1956/497/1955 1963/502/1962 1964/505/1963
f 1965/506/1964 1959/498/1958 1958/499/1957
f 1967/508/1966 1968/510/1967 1962/503/1961
f 1967/508/1966 1970/1626/1969 1971/511/1970
f 1972/512/1971 1973/515/1972 1974/514/1973
f 1973/515/1972 1964/505/1963 1963/502/1962
f 1963/502/1962 1962/503/1961 1968/510/1967
f 1976/516/1975 1968/510/1967 1971/511/1970
f 1976/516/1975 1977/517/1976 1974/514/1973
f 1979/520/1978 1980/519/1979 1981/518/1980
f 1981/518/1980 1982/522/1981 1983/521/1982
f 1978/523/1977 1983/521/1982 1984/525/1983
f 1978/523/1977 1985/524/1984 1986/526/1985
f 1987/527/1986 1988/1637/1987 1980/519/1979
f 1987/527/1986 1979/520/1978 1986/526/1985
f 1990/529/1989 1989/528/1988 1986/526/1985
f 1991/530/1990 1992/534/1991 1993/532/1992
f 1969/509/1968 1962/503/1961 1961/500/1960
f 1996/533/1995 1997/537/1996 1993/532/1992
f 1996/533/1995 1992/534/1991 1998/536/1997
f 1996/533/1995 1999/535/1998 1982/522/1981
f 1996/533/1995 1981/518/1980 1980/519/1979
f 2000/538/1999 1828/373/1827 1827/374/1826
f 2001/539/2000 1797/345/1796 1796/540/1795
f 2003/541/2002 1837/383/1836 1836/380/1835
f 2002/542/2001 1836/380/1835 1835/381/1834
f 2004/543/2003 1781/330/1780 1780/325/1779
f 2002/542/2001 1780/325/1779 1779/326/1778
f 2005/544/2004 2001/539/2000 1827/374/1826
f 2006/545/2005 1837/383/1836 2003/541/2002
f 2003/541/2002 1779/326/1778 2007/546/2006
f 2005/544/2004 2007/546/2006 1797/345/1796
f 2008/547/2007 1826/371/1825 1825/372/1824
f 2009/548/2008 1831/377/1830 1830/382/1829
f 2008/547/2007 1830/382/1829 1837/383/1836
f 2006/545/2005 1827/374/1826 1826/371/1825
f 2010/549/2009 1800/346/1799 1799/347/1798
f 2010/549/2009 2011/550/2010 1785/333/1784
f 1798/344/1797 1797/345/1796 2007/546/2006
f 2012/551/2011 2007/546/2006 1779/326/1778
f 1778/327/1777 1785/333/1784 2011/550/2010
f 2012/551/2011 2011/550/2010 1799/347/1798
f 2014/554/2013 2015/553/2014 2016/552/2015
f 2017/556/2016 2018/555/2017 2014/554/2013
f 2013/557/2012 2019/559/2018 2020/558/2019
f 2013/557/2012 2016/552/2015 2021/560/2020
f 2022/561/2021 2023/1657/2022 2024/563/2023
f 2026/564/2025 2027/567/2026 2028/566/2027
f 2026/564/2025 2030/569/2029 2031/568/2030
f 2026/564/2025 2014/554/2013 2018/555/2017
f 2026/564/2025 2029/565/2028 2015/553/2014
f 2009/548/2008 1825/372/1824 1824/367/1823
f 2032/570/2031 1824/367/1823 1823/368/1822
f 2033/571/2032 2034/573/2033 2035/572/2034
f 2032/570/2031 2035/572/2034 1831/377/1830
f 2036/574/2035 2037/577/2036 2038/576/2037
f 2036/574/2035 2040/579/2039 2041/578/2040
f 2036/574/2035 2042/580/2041 2024/563/2023
f 2036/574/2035 2039/575/2038 2043/581/2042
f 2044/582/2043 2004/543/2003 1835/381/1834
f 2045/583/2044 2046/585/2045 2047/584/2046
f 2044/582/2043 2048/591/2047 1781/330/1780
f 2049/586/2048 1834/378/1833 1833/379/1832
f 2045/583/2044 1835/381/1834 1834/378/1833
f 1832/376/1831 1831/377/1830 2035/572/2034
f 2035/572/2034 2034/573/2033 2052/588/2051
f 2051/589/2050 2052/588/2051 2053/590/2052
f 2050/587/2049 1833/379/1832 1832/376/1831
f 1782/329/1781 1781/330/1780 2048/591/2047
f 2054/592/2053 1794/342/1793 1783/332/1782
f 2042/580/2041 2043/581/2042 2056/593/2055
f 2025/562/2024 2024/563/2023 2042/580/2041
f 2055/594/2054 2057/596/2056 2058/595/2057
f 2055/594/2054 2056/593/2055 2059/597/2058
f 2060/598/618 2061/1670/621 2062/600/756
f 2064/601/1539 2065/608/759 2066/603/758
f 2067/602/1540 2068/605/809 2069/604/807
f 2069/604/807 2070/607/794 2071/606/793
f 2071/606/793 2072/609/760 2065/608/759
f 2074/612/1548 2075/611/805 2076/610/803
f 2076/610/803 2077/614/802 2078/613/1544
f 2073/615/1543 2078/613/1544 2079/617/1545
f 2073/615/1543 2080/616/1546 2081/618/1547
f 2083/621/643 2084/620/783 2085/619/782
f 2086/622/779 2087/625/2059 2072/609/760
f 2071/606/793 2070/607/794 2088/623/780
f 2086/622/779 2088/623/780 2089/624/781
f 2086/622/779 2085/619/782 2084/620/783
f 2091/626/806 2070/607/794 2069/604/807
f 2069/604/807 2068/605/809 2092/627/801
f 2090/628/800 2092/627/801 2077/614/802
f 2090/628/800 2076/610/803 2075/611/805
f 2093/629/651 2092/627/801 2068/605/809
f 2095/631/1537 2096/635/815 2097/633/767
f 2098/632/2060 2072/609/760 2087/625/2059
f 2087/625/2059 2084/620/783 2099/634/1538
f 2095/631/1537 2099/634/1538 2100/636/816
f 2101/637/659 2099/634/1538 2084/620/783
f 2102/638/660 2094/630/652 2068/605/809
f 2067/602/1540 2066/603/758 2103/639/661
f 2104/640/754 2063/599/755 2062/600/756
f 2105/641/757 2066/603/758 2065/608/759
f 2065/608/759 2072/609/760 2098/632/2060
f 2098/632/2060 2097/633/767 2063/599/755
f 664/642/664 667/656/667 2106/644/2061
f 664/642/664 2107/643/2062 2108/646/2063
f 2110/649/2065 2111/648/2066 2112/647/2067
f 2109/650/2064 2107/643/2062 2106/644/2061
f 2109/650/2064 2113/651/2068 2108/646/2063
f 2112/647/2067 2114/652/2069 2113/651/2068
f 676/653/676 2113/651/2068 2114/652/2069
f 676/653/676 668/645/668 2108/646/2063
f 678/655/678 2110/649/2065 2106/644/2061
f 678/655/678 679/1863/679 2111/648/2066
f 2115/657/2070 2116/1697/2071 2117/659/2072
f 2119/660/2074 2120/734/2075 2121/662/2076
f 2124/665/2079 2125/664/2080 2126/663/2081
f 2127/666/2082 2128/753/2083 2129/668/2084
f 2131/669/2086 2132/737/2087 2133/671/2088
f 2136/674/2091 2137/673/2092 2138/672/2093
f 2140/677/2095 2141/676/2096 2142/675/2097
f 2143/678/2098 2144/1710/2099 2145/680/2100
f 2147/681/2102 2148/767/2103 2149/683/2104
f 2151/684/2106 2152/1860/2107 2153/686/2108
f 2156/689/2111 2157/688/2112 2158/687/2113
f 2160/692/2115 2161/691/2116 2162/690/2117
f 2163/693/2118 2158/687/2113 2157/688/2112
f 2166/697/2121 2167/696/2122 2168/695/2123
f 2155/698/2110 2138/672/2093 2137/673/2092
f 2169/699/2124 2142/675/2097 2141/676/2096
f 2139/701/2094 2171/781/2126 2172/702/2127
f 2174/705/2129 2175/704/2130 2176/703/2131
f 2123/706/2078 2177/712/2132 2178/707/2133
f 2179/709/2134 2180/708/2135 2175/704/2130
f 2181/710/2136 2176/703/2131 2175/704/2130
f 2123/706/2078 2183/713/2138 2177/712/2132
f 2161/691/2116 2184/715/2139 2185/714/2140
f 2186/716/2141 2187/717/2142 2129/668/2084
f 2188/718/2143 2154/685/2109 2166/697/2121
f 2189/719/662 2190/722/663 2191/721/620
f 2193/724/625 2194/723/624 2190/722/663
f 2195/726/2144 2196/725/630 2193/724/625
f 2197/727/2145 2198/728/2146 2145/680/2100
f 2199/729/2147 2200/730/2148 2147/681/2102
f 2201/731/2149 2179/709/2134 2174/705/2129
f 2189/719/662 2192/720/619 2202/732/655
f 2115/657/2070 2120/734/2075 2204/733/2151
f 2206/735/2153 2125/664/2080 2162/690/2117
f 2127/666/2082 2132/737/2087 2208/736/2155
f 2156/689/2111 2137/673/2092 2209/738/2156
f 2149/683/2104 2146/679/2101 2210/740/2157
f 2155/698/2110 2158/687/2113 2213/741/2160
f 2214/742/644 2215/745/641 2216/744/647
f 2214/742/644 2218/755/2161 2219/746/642
f 2154/685/2109 2153/686/2108 2167/696/2122
f 2205/747/2152 2162/690/2117 2161/691/2116
f 2165/748/2120 2220/766/2162 2188/718/2143
f 2221/749/2163 2184/715/2139 2161/691/2116
f 2139/701/2094 2142/675/2097 2223/750/2165
f 2159/751/2114 2224/771/2166 2225/752/2167
f 2128/753/2083 2226/1704/2168 2186/716/2141
f 2132/737/2087 2131/669/2086 2227/754/2169
f 2214/742/644 2228/756/628 2196/725/630
f 2217/743/646 2229/757/629 2228/756/628
f 2123/706/2078 2126/663/2081 2230/758/2170
f 2231/759/2171 2168/695/2123 2167/696/2122
f 2233/762/2173 2234/761/2174 2134/670/2089
f 2164/694/2119 2157/688/2112 2176/703/2131
f 2235/763/648 2236/768/632 2237/765/636
f 2170/700/2125 2141/676/2096 2168/695/2123
f 2140/677/2095 2172/702/2127 2220/766/2162
f 2148/767/2103 2147/681/2102 2200/730/2148
f 2235/763/648 2240/772/649 2241/769/633
f 2173/770/2128 2209/738/2156 2201/731/2149
f 2124/665/2079 2178/707/2133 2224/771/2166
f 2242/773/626 2229/757/629 2240/772/649
f 2175/704/2130 2180/708/2135 2182/711/2137
f 2199/729/2147 2147/681/2102 2150/682/2105
f 2238/764/650 2244/775/627 2242/773/626
f 2163/693/2118 2213/741/2160 2158/687/2113
f 2246/776/811 2241/769/633 2240/772/649
f 2247/777/2177 2126/663/2081 2125/664/2080
f 2120/734/2075 2115/657/2070 2118/658/2073
f 2155/698/2110 2212/778/2159 2138/672/2093
f 2159/751/2114 2162/690/2117 2125/664/2080
f 2167/696/2122 2153/686/2108 2232/760/2172
f 2245/779/810 2240/772/649 2229/757/629
f 2132/737/2087 2127/666/2082 2130/667/2085
f 2169/699/2124 2223/750/2165 2142/675/2097
f 2165/748/2120 2168/695/2123 2141/676/2096
f 2139/701/2094 2222/782/2164 2171/781/2126
f 2249/783/814 2250/1718/817 2251/785/658
f 2198/728/2146 2210/740/2157 2146/679/2101
f 2148/767/2103 2143/678/2098 2146/679/2101
f 2225/752/2167 2221/749/2163 2160/692/2115
f 2173/770/2128 2176/703/2131 2157/688/2112
f 2247/777/2177 2230/758/2170 2126/663/2081
f 2253/786/2178 2254/793/2179 2255/788/2180
f 2256/787/2181 2257/790/2182 2258/789/2183
f 2253/786/2178 2258/789/2183 2259/792/2184
f 2260/791/2185 2261/794/2186 2254/793/2179
f 2263/795/2188 2255/788/2180 2254/793/2179
f 2262/796/2187 2254/793/2179 2261/794/2186
f 2264/797/2189 2265/799/2190 2266/798/2191
f 2262/796/2187 2266/798/2191 2267/800/2192
f 2268/801/2193 2269/808/2194 2270/803/2195
f 2271/802/2196 2272/805/2197 2273/804/2198
f 2268/801/2193 2273/804/2198 2274/807/2199
f 2275/806/2200 2276/809/2201 2269/808/2194
f 2277/810/2202 2278/814/2203 2270/803/2195
f 2269/808/2194 2276/809/2201 2279/811/2204
f 2277/810/2202 2279/811/2204 2280/813/2205
f 2281/812/2206 2282/815/2207 2278/814/2203
f 2283/816/2208 2284/820/2209 2285/818/2210
f 2283/816/2208 2286/817/2211 2282/815/2207
f 2283/816/2208 2281/812/2206 2280/813/2205
f 2287/819/2212 2288/821/2213 2284/820/2209
f 2290/822/2215 2285/818/2210 2284/820/2209
f 2289/823/2214 2284/820/2209 2288/821/2213
f 2289/823/2214 2291/824/2216 2292/826/2217
f 2289/823/2214 2293/825/2218 2294/827/2219
f 2296/830/2221 2297/829/2222 2298/828/2223
f 2298/828/2223 2299/832/2224 2300/831/2225
f 2300/831/2225 2292/826/2217 2291/824/2216
f 2295/833/2220 2291/824/2216 2288/821/2213
f 2302/834/2227 2297/829/2222 2296/830/2221
f 2301/835/2226 2296/830/2221 2288/821/2213
f 2301/835/2226 2287/819/2212 2280/813/2205
f 2301/835/2226 2279/811/2204 2276/809/2201
f 2303/836/2228 2304/838/2229 2297/829/2222
f 2302/834/2227 2276/809/2201 2275/806/2200
f 2303/836/2228 2275/806/2200 2274/807/2199
f 2303/836/2228 2305/837/2230 2306/839/2231
f 2307/840/2232 2298/828/2223 2297/829/2222
f 2304/838/2229 2306/839/2231 2308/841/2233
f 2307/840/2232 2308/841/2233 2309/843/2234
f 2310/842/2235 2299/832/2224 2298/828/2223
f 2311/844/2236 2312/848/2237 2313/846/2238
f 2314/845/2239 2267/800/2192 2266/798/2191
f 2311/844/2236 2266/798/2191 2265/799/2190
f 2315/847/2240 2316/849/2241 2312/848/2237
f 2318/850/2243 2313/846/2238 2312/848/2237
f 2317/851/2242 2312/848/2237 2316/849/2241
f 2317/851/2242 2319/852/2244 2320/854/2245
f 2317/851/2242 2321/853/2246 2322/855/2247
f 2323/856/2248 2324/863/2249 2325/858/2250
f 2326/857/2251 2327/860/2252 2328/859/2253
f 2323/856/2248 2328/859/2253 2329/862/2254
f 2330/861/2255 2331/864/2256 2324/863/2249
f 2333/865/2258 2325/858/2250 2324/863/2249
f 2332/866/2257 2324/863/2249 2331/864/2256
f 2332/866/2257 2334/867/2259 2309/843/2234
f 2332/866/2257 2335/868/2260 2336/869/2261
f 2338/872/2263 2339/871/2264 2340/870/2265
f 2337/873/2262 2340/870/2265 2341/875/2266
f 2342/874/2267 2343/877/2268 2344/876/2269
f 2337/873/2262 2344/876/2269 2345/878/2270
f 2346/879/2271 2347/883/2272 2339/871/2264
f 2338/872/2263 2345/878/2270 2348/880/2273
f 2346/879/2271 2348/880/2273 2349/882/2274
f 2350/881/2275 2351/884/2276 2347/883/2272
f 2353/885/2278 2339/871/2264 2347/883/2272
f 2352/886/2277 2347/883/2272 2351/884/2276
f 2354/887/2279 2329/862/2254 2355/888/2280
f 2352/886/2277 2355/888/2280 2356/889/2281
f 2357/890/2282 2340/870/2265 2339/871/2264
f 2357/890/2282 2353/885/2278 2356/889/2281
f 2358/891/2283 2359/893/2284 2360/892/2285
f 2360/892/2285 2341/875/2266 2340/870/2265
f 2362/896/2287 2363/895/2288 2364/894/2289
f 2365/899/2290 2366/898/2291 2367/897/2292
f 2361/900/2286 2367/897/2292 2368/901/2293
f 2369/902/2294 2370/1019/2295 2371/904/2296
f 2373/905/2298 2374/953/2299 2375/907/2300
f 2377/908/2302 2378/1116/2303 2379/910/2304
f 2381/911/2306 2382/918/2307 2383/913/2308
f 2384/912/2309 2385/915/2310 2386/914/2311
f 2381/911/2306 2386/914/2311 2387/917/2312
f 2388/916/2313 2368/901/2293 2382/918/2307
f 2390/919/2315 2383/913/2308 2382/918/2307
f 2382/918/2307 2368/901/2293 2367/897/2292
f 2389/920/2314 2367/897/2292 2366/898/2291
f 2391/921/2316 2392/922/2317 2390/919/2315
f 2394/923/2319 2383/913/2308 2390/919/2315
f 2393/924/2318 2390/919/2315 2392/922/2317
f 2395/925/2320 2396/927/2321 2397/926/2322
f 2393/924/2318 2397/926/2322 2398/928/2323
f 2399/929/2324 2384/912/2309 2383/913/2308
f 2394/923/2319 2398/928/2323 2400/930/2325
f 2399/929/2324 2400/930/2325 2320/854/2245
f 2399/929/2324 2401/931/2326 2385/915/2310
f 2403/934/2328 2404/933/2329 2405/932/2330
f 2402/935/2327 2405/932/2330 2406/937/2331
f 2407/936/2332 2396/927/2321 2408/938/2333
f 2402/935/2327 2408/938/2333 2409/939/2334
f 2410/940/2335 2411/943/2336 2404/933/2329
f 2410/940/2335 2403/934/2328 2409/939/2334
f 2412/941/2337 2359/893/2284 2413/942/2338
f 2410/940/2335 2413/942/2338 2414/944/2339
f 2415/945/2340 2416/948/2341 2417/947/2342
f 2418/946/2343 2414/944/2339 2413/942/2338
f 2415/945/2340 2413/942/2338 2359/893/2284
f 2358/891/2283 2356/889/2281 2416/948/2341
f 2420/949/2345 2417/947/2342 2416/948/2341
f 2419/950/2344 2416/948/2341 2356/889/2281
f 2355/888/2280 2329/862/2254 2328/859/2253
f 2419/950/2344 2328/859/2253 2327/860/2252
f 2421/951/2346 2422/957/2347 2374/953/2299
f 2423/952/2348 2424/955/2349 2425/954/2350
f 2421/951/2346 2425/954/2350 2343/877/2268
f 2426/956/2351 2427/958/2352 2422/957/2347
f 2429/959/2354 2374/953/2299 2422/957/2347
f 2428/960/2353 2422/957/2347 2427/958/2352
f 2430/961/2355 2366/898/2291 2365/899/2290
f 2431/962/2356 2432/965/2357 2433/964/2358
f 2434/963/2359 2392/922/2317 2391/921/2316
f 2431/962/2356 2391/921/2316 2366/898/2291
f 2430/961/2355 2427/958/2352 2432/965/2357
f 2436/966/2361 2433/964/2358 2432/965/2357
f 2435/967/2360 2432/965/2357 2427/958/2352
f 2426/956/2351 2343/877/2268 2342/874/2267
f 2342/874/2267 2341/875/2266 2436/966/2361
f 2437/968/2362 2438/969/2363 2433/964/2358
f 2436/966/2361 2341/875/2266 2360/892/2285
f 2437/968/2362 2360/892/2285 2359/893/2284
f 2412/941/2337 2409/939/2334 2438/969/2363
f 2434/963/2359 2433/964/2358 2438/969/2363
f 2438/969/2363 2409/939/2334 2408/938/2333
f 2439/970/2364 2408/938/2333 2396/927/2321
f 2395/925/2320 2392/922/2317 2434/963/2359
f 2440/971/2365 2441/975/2366 2442/973/2367
f 2440/971/2365 2443/972/2368 2261/794/2186
f 2440/971/2365 2260/791/2185 2259/792/2184
f 2444/974/2369 2445/976/2370 2441/975/2366
f 2447/977/2372 2442/973/2367 2441/975/2366
f 2441/975/2366 2445/976/2370 2448/978/2373
f 2446/979/2371 2448/978/2373 2387/917/2312
f 2446/979/2371 2386/914/2311 2385/915/2310
f 2449/980/2374 2450/981/2375 2442/973/2367
f 2447/977/2372 2385/915/2310 2401/931/2326
f 2401/931/2326 2320/854/2245 2319/852/2244
f 2319/852/2244 2316/849/2241 2450/981/2375
f 2451/982/2376 2443/972/2368 2442/973/2367
f 2451/982/2376 2450/981/2375 2316/849/2241
f 2451/982/2376 2315/847/2240 2265/799/2190
f 2264/797/2189 2261/794/2186 2443/972/2368
f 2452/983/2377 2453/986/2378 2454/985/2379
f 2455/984/2380 2445/976/2370 2444/974/2369
f 2444/974/2369 2259/792/2184 2258/789/2183
f 2452/983/2377 2258/789/2183 2257/790/2182
f 2457/989/2382 2458/988/2383 2459/987/2384
f 2456/990/2381 2459/987/2384 2322/855/2247
f 2321/853/2246 2320/854/2245 2400/930/2325
f 2456/990/2381 2400/930/2325 2398/928/2323
f 2460/991/2385 2461/992/2386 2458/988/2383
f 2457/989/2382 2398/928/2323 2397/926/2322
f 2460/991/2385 2397/926/2322 2396/927/2321
f 2407/936/2332 2406/937/2331 2461/992/2386
f 2462/993/2387 2463/996/2388 2464/995/2389
f 2462/993/2387 2465/994/2390 2336/869/2261
f 2335/868/2260 2309/843/2234 2308/841/2233
f 2462/993/2387 2308/841/2233 2306/839/2231
f 2466/997/2391 2467/998/2392 2464/995/2389
f 2463/996/2388 2306/839/2231 2305/837/2230
f 2466/997/2391 2305/837/2230 2274/807/2199
f 2466/997/2391 2273/804/2198 2272/805/2197
f 2468/999/2393 2469/1003/2394 2470/1001/2395
f 2468/999/2393 2471/1000/2396 2351/884/2276
f 2350/881/2275 2349/882/2274 2472/1002/2397
f 2472/1002/2397 2473/1004/2398 2469/1003/2394
f 2475/1005/2400 2470/1001/2395 2469/1003/2394
f 2474/1006/2399 2469/1003/2394 2473/1004/2398
f 2476/1007/2401 2292/826/2217 2300/831/2225
f 2474/1006/2399 2300/831/2225 2299/832/2224
f 2477/1008/2402 2478/1009/2403 2470/1001/2395
f 2475/1005/2400 2299/832/2224 2310/842/2235
f 2310/842/2235 2309/843/2234 2334/867/2259
f 2334/867/2259 2331/864/2256 2478/1009/2403
f 2479/1010/2404 2471/1000/2396 2470/1001/2395
f 2479/1010/2404 2478/1009/2403 2331/864/2256
f 2330/861/2255 2329/862/2254 2354/887/2279
f 2354/887/2279 2351/884/2276 2471/1000/2396
f 2480/1011/2405 2377/908/2302 2380/909/2305
f 2290/822/2215 2294/827/2219 2482/1014/2407
f 2484/1015/2409 2485/1166/2410 2486/1017/2411
f 2488/1018/2413 2489/1117/2414 2490/1020/2415
f 2380/909/2305 2379/910/2304 2491/1022/2416
f 2493/1023/2418 1061/1027/1061 1060/1025/1060
f 2494/1024/2419 2464/995/2389 2467/998/2392
f 2467/998/2392 2272/805/2197 2495/1026/2420
f 2495/1026/2420 1063/1028/1063 1061/1027/1061
f 2496/1029/2421 2494/1024/2419 1060/1025/1060
f 2496/1029/2421 1065/1030/1065 1067/1032/1067
f 2496/1029/2421 2497/1031/2422 2336/869/2261
f 2465/994/2390 2464/995/2389 2494/1024/2419
f 1071/1035/1071 1070/1034/1070 2499/1033/2424
f 2499/1033/2424 2458/988/2383 2461/992/2386
f 2498/1036/2423 2461/992/2386 2406/937/2331
f 2500/1037/2425 1073/1038/1073 1071/1035/1071
f 2499/1033/2424 1070/1034/1070 1075/1039/1075
f 2501/1040/2426 1075/1039/1075 1077/1042/1077
f 2502/1041/2427 2322/855/2247 2459/987/2384
f 2501/1040/2426 2459/987/2384 2458/988/2383
f 2503/1043/2428 1081/1047/1081 1080/1045/1080
f 2504/1044/2429 2454/985/2379 2453/986/2378
f 2453/986/2378 2257/790/2182 2505/1046/2430
f 2503/1043/2428 2505/1046/2430 1083/1048/1083
f 2506/1049/2431 2484/1015/2409 2487/1016/2412
f 2508/1051/2433 2480/1011/2405 2481/1012/2406
f 2429/959/2354 2428/960/2353 2510/1054/2435
f 2512/1055/2437 2290/822/2215 2483/1013/2408
f 2514/1057/2439 1095/1061/1095 1094/1059/1094
f 2514/1057/2439 2515/1058/2440 2417/947/2342
f 2420/949/2345 2327/860/2252 2516/1060/2441
f 2516/1060/2441 1097/1062/1097 1095/1061/1095
f 2515/1058/2440 1094/1059/1094 1099/1063/1099
f 2517/1064/2442 1099/1063/1099 1101/1066/1101
f 2517/1064/2442 2518/1065/2443 2414/944/2339
f 2418/946/2343 2417/947/2342 2515/1058/2440
f 1105/1069/1105 1104/1068/1104 2520/1067/2445
f 2520/1067/2445 2404/933/2329 2411/943/2336
f 2411/943/2336 2414/944/2339 2518/1065/2443
f 2519/1070/2444 2518/1065/2443 1101/1066/1101
f 2520/1067/2445 1104/1068/1104 1107/1071/1107
f 2521/1072/2446 1107/1071/1107 1073/1038/1073
f 2500/1037/2425 2406/937/2331 2405/932/2330
f 2521/1072/2446 2405/932/2330 2404/933/2329
f 2522/1073/2447 2523/1078/2448 1110/1075/1110
f 2487/1016/2412 2486/1017/2411 2524/1077/2449
f 2522/1073/2447 2526/1112/2451 2527/1079/2452
f 2506/1049/2431 2507/1050/2432 2482/1014/2407
f 2528/1080/2453 1119/1083/1119 1118/1082/1118
f 2528/1080/2453 2529/1081/2454 2325/858/2250
f 2333/865/2258 2336/869/2261 2497/1031/2422
f 2497/1031/2422 1067/1032/1067 1119/1083/1119
f 2529/1081/2454 1118/1082/1118 1121/1084/1121
f 2530/1085/2455 1121/1084/1121 1097/1062/1097
f 2530/1085/2455 2516/1060/2441 2327/860/2252
f 2326/857/2251 2325/858/2250 2529/1081/2454
f 1125/1088/1125 1124/1087/1124 2532/1086/2457
f 2531/1089/2456 2532/1086/2457 2313/846/2238
f 2318/850/2243 2322/855/2247 2502/1041/2427
f 2531/1089/2456 2502/1041/2427 1077/1042/1077
f 2533/1090/2458 2532/1086/2457 1124/1087/1124
f 1127/1091/1127 1129/1093/1129 2534/1092/2459
f 2533/1090/2458 2534/1092/2459 2267/800/2192
f 2314/845/2239 2313/846/2238 2532/1086/2457
f 2512/1055/2437 1132/1165/1132 1131/1095/1131
f 2512/1055/2437 2535/1094/2460 2285/818/2210
f 2535/1094/2460 1131/1095/1131 1134/1096/1134
f 2536/1097/2461 1134/1096/1134 1136/1099/1136
f 2537/1098/2462 2282/815/2207 2286/817/2211
f 2286/817/2211 2285/818/2210 2535/1094/2460
f 2538/1100/2463 1140/1103/1140 1139/1102/1139
f 2539/1101/2464 2270/803/2195 2278/814/2203
f 2538/1100/2463 2278/814/2203 2282/815/2207
f 2537/1098/2462 1136/1099/1136 1140/1103/1140
f 2539/1101/2464 1139/1102/1139 1142/1104/1142
f 2540/1105/2465 1142/1104/1142 1063/1028/1063
f 2540/1105/2465 2495/1026/2420 2272/805/2197
f 2540/1105/2465 2271/802/2196 2270/803/2195
f 1146/1108/1146 1145/1107/1145 2542/1106/2467
f 2541/1109/2466 2542/1106/2467 2255/788/2180
f 2263/795/2188 2267/800/2192 2534/1092/2459
f 2541/1109/2466 2534/1092/2459 1129/1093/1129
f 2543/1110/2468 2542/1106/2467 1145/1107/1145
f 1148/1111/1148 1083/1048/1083 2505/1046/2430
f 2543/1110/2468 2505/1046/2430 2257/790/2182
f 2256/787/2181 2255/788/2180 2542/1106/2467
f 2545/1113/2470 2527/1079/2452 2526/1112/2451
f 2481/1012/2406 2380/909/2305 2492/1021/2417
f 2544/1115/2469 2364/894/2289 2363/895/2288
f 2378/1116/2303 2547/1216/2472 2369/902/2294
f 2489/1117/2414 2488/1018/2413 2424/955/2349
f 2423/952/2348 2374/953/2299 2373/905/2298
f 2487/1016/2412 2525/1076/2450 2548/1118/2473
f 2490/1020/2415 2489/1117/2414 2549/1120/2474
f 1157/1121/1157 1110/1075/1110 2523/1078/2448
f 2551/1122/2476 2523/1078/2448 2527/1079/2452
f 2552/1123/2477 2553/1125/2478 2554/1124/2479
f 2551/1122/2476 2554/1124/2479 1161/1126/1161
f 2555/1127/2480 2556/1131/2481 2454/985/2379
f 2504/1044/2429 1080/1045/1080 1164/1128/1164
f 2555/1127/2480 1164/1128/1164 1166/1130/1166
f 2557/1129/2482 2558/1132/2483 2556/1131/2481
f 2559/1133/2484 2552/1123/2477 2527/1079/2452
f 2545/1113/2470 2363/895/2288 2560/1134/2485
f 2560/1134/2485 2561/1136/2486 2562/1135/2487
f 2559/1133/2484 2562/1135/2487 2553/1125/2478
f 2564/1137/2489 2387/917/2312 2448/978/2373
f 2563/1138/2488 2448/978/2373 2445/976/2370
f 2563/1138/2488 2565/1139/2490 2566/1141/2491
f 2567/1140/2492 2568/1142/2493 2564/1137/2489
f 2569/1143/2494 2570/1145/2495 2368/901/2293
f 2388/916/2313 2387/917/2312 2564/1137/2489
f 2569/1143/2494 2564/1137/2489 2568/1142/2493
f 2569/1143/2494 2571/1144/2496 2572/1146/2497
f 2565/1139/2490 2445/976/2370 2455/984/2380
f 2455/984/2380 2454/985/2379 2556/1131/2481
f 2573/1147/2498 2556/1131/2481 2558/1132/2483
f 2574/1148/2499 2566/1141/2491 2565/1139/2490
f 2575/1149/2500 2560/1134/2485 2363/895/2288
f 2362/896/2287 2368/901/2293 2570/1145/2495
f 2570/1145/2495 2572/1146/2497 2576/1150/2501
f 2575/1149/2500 2576/1150/2501 2561/1136/2486
f 2544/1115/2469 2526/1112/2451 2577/1152/2502
f 2361/900/2286 2579/1154/2504 2580/1153/2505
f 2365/899/2290 2580/1153/2505 2510/1054/2435
f 2581/1155/2506 2482/1014/2407 2582/1157/2507
f 2522/1073/2447 1109/1074/1109 1194/1159/1194
f 2509/1052/2434 2481/1012/2406 2546/1114/2471
f 2507/1050/2432 2548/1118/2473 2582/1157/2507
f 2489/1117/2414 2373/905/2298 2376/906/2301
f 2364/894/2289 2586/1161/2511 2579/1154/2504
f 1197/1162/1197 2581/1155/2506 2583/1156/2508
f 2544/1115/2469 2578/1151/2503 2586/1161/2511
f 2379/910/2304 2369/902/2294 2372/903/2297
f 2374/953/2299 2429/959/2354 2511/1053/2436
f 2486/1017/2411 2509/1052/2434 2585/1160/2510
f 2526/1112/2451 2522/1073/2447 2584/1158/2509
f 2483/1013/2408 2482/1014/2407 2581/1155/2506
f 2581/1155/2506 1197/1162/1197 1199/1164/1199
f 2370/1019/2295 2490/1020/2415 2550/1119/2475
f 1132/1165/1132 2512/1055/2437 2513/1056/2438
f 2485/1166/2410 2508/1051/2433 2509/1052/2434
f 2424/955/2349 2587/1168/2512 2588/1167/2513
f 2485/1166/2410 2484/1015/2409 2589/1170/2514
f 2378/1116/2303 2377/908/2302 2591/1172/2516
f 2425/954/2350 2588/1167/2513 2593/1173/2518
f 2484/1015/2409 2506/1049/2431 2594/1174/2519
f 2488/1018/2413 2370/1019/2295 2595/1175/2520
f 2370/1019/2295 2369/902/2294 2595/1175/2520
f 2597/1178/2522 2598/1177/2523 2599/1176/2524
f 2596/1179/2521 2599/1176/2524 1214/1181/1214
f 2579/1154/2504 2586/1161/2511 2600/1182/2525
f 2601/1183/2526 2602/1184/2527 2598/1177/2523
f 2580/1153/2505 2600/1182/2525 2511/1053/2436
f 2602/1184/2527 2601/1183/2526 2603/1186/2528
f 2605/1189/2530 2606/1188/2531 2607/1187/2532
f 2605/1189/2530 2602/1184/2527 2604/1185/2529
f 2584/1158/2509 1194/1159/1194 1214/1181/1214
f 2599/1176/2524 2598/1177/2523 2577/1152/2502
f 2376/906/2301 2607/1187/2532 2550/1119/2475
f 2578/1151/2503 2577/1152/2502 2598/1177/2523
f 2608/1190/2533 2600/1182/2525 2586/1161/2511
f 2376/906/2301 2375/907/2300 2511/1053/2436
f 2605/1189/2530 2511/1053/2436 2600/1182/2525
f 2608/1190/2533 2598/1177/2523 2602/1184/2527
f 2609/1192/2534 2610/1191/2535 2604/1185/2529
f 2611/1193/2536 1229/1197/1229 1228/1195/1228
f 2612/1194/2537 2492/1021/2417 2613/1196/2538
f 1236/1202/1236 1235/1201/1235 2615/1200/2540
f 2614/1203/2539 2615/1200/2540 2525/1076/2450
f 2524/1077/2449 2585/1160/2510 2616/1204/2541
f 2614/1203/2539 2616/1204/2541 1238/1205/1238
f 2615/1200/2540 1235/1201/1235 1240/1206/1240
f 2617/1207/2542 1240/1206/1240 1198/1163/1198
f 2583/1156/2508 2582/1157/2507 2548/1118/2473
f 2548/1118/2473 2525/1076/2450 2615/1200/2540
f 2619/1209/2544 2372/903/2297 2620/1208/2545
f 2618/1210/2543 2620/1208/2545 2610/1191/2535
f 2621/1212/2546 2622/1211/2547 2619/1209/2544
f 2623/1213/2548 2613/1196/2538 2492/1021/2417
f 2491/1022/2416 2372/903/2297 2619/1209/2544
f 2624/1214/2549 2612/1194/2537 1228/1195/1228
f 1248/1215/1248 1238/1205/1238 2616/1204/2541
f 2624/1214/2549 2616/1204/2541 2585/1160/2510
f 2546/1114/2471 2492/1021/2417 2612/1194/2537
f 2607/1187/2532 2610/1191/2535 2620/1208/2545
f 2620/1208/2545 2372/903/2297 2371/904/2296
f 2606/1188/2531 2604/1185/2529 2610/1191/2535
f 2369/902/2294 2547/1216/2472 2595/1175/2520
f 2625/1217/2550 2626/1224/2551 2627/1219/2552
f 2625/1217/2550 2628/1218/2553 2629/1221/2554
f 2625/1217/2550 2630/1220/2555 2631/1223/2556
f 2625/1217/2550 2632/1222/2557 2633/1225/2558
f 2634/1226/2559 2635/1753/2560 2636/1228/2561
f 2639/1229/2564 2633/1225/2558 2632/1222/2557
f 2632/1222/2557 2631/1223/2556 2640/1230/2565
f 2638/1231/2563 2640/1230/2565 2641/1232/2566
f 2638/1231/2563 2637/1227/2562 2636/1228/2561
f 2643/1235/2568 2644/1234/2569 2645/1233/2570
f 2645/1233/2570 2646/1237/2571 2647/1236/2572
f 2642/1238/2567 2647/1236/2572 2648/1240/2573
f 2642/1238/2567 2649/1239/2574 2650/1241/2575
f 2651/1242/2576 2652/1249/2577 2653/1244/2578
f 2654/1243/2579 2655/1246/2580 2656/1245/2581
f 2656/1245/2581 2657/1248/2582 2658/1247/2583
f 2658/1247/2583 2659/1250/2584 2652/1249/2577
f 2660/1251/2585 2661/1258/2586 2662/1253/2587
f 2663/1252/2588 2664/1255/2589 2665/1254/2590
f 2660/1251/2585 2665/1254/2590 2666/1257/2591
f 2667/1256/2592 2668/1259/2593 2661/1258/2586
f 2670/1262/2595 2671/1261/2596 2672/1260/2597
f 2669/1263/2594 2672/1260/2597 2673/1265/2598
f 2674/1264/2599 2675/1267/2600 2676/1266/2601
f 2669/1263/2594 2676/1266/2601 2677/1268/2602
f 2679/1269/2604 2653/1244/2578 2652/1249/2577
f 2678/1270/2603 2652/1249/2577 2659/1250/2584
f 2682/1274/2607 2683/1273/2608 2684/1272/2609
f 2681/1275/2606 2684/1272/2609 2685/1277/2610
f 2681/1275/2606 2686/1276/2611 2659/1250/2584
f 2681/1275/2606 2658/1247/2583 2657/1248/2582
f 2687/1278/2612 2688/1774/2613 2689/1280/2614
f 2691/1281/2616 2692/1287/2617 2664/1255/2589
f 2691/1281/2616 2693/1282/2618 2694/1284/2619
f 2691/1281/2616 2695/1283/2620 2696/1286/2621
f 2691/1281/2616 2697/1285/2622 2698/1288/2623
f 2699/1289/2624 2700/1452/2625 2694/1284/2619
f 2701/1290/2626 2702/1292/2627 2703/1291/2628
f 2626/1224/2551 2633/1225/2558 2705/1293/2630
f 2706/1294/2631 2707/1297/2632 2708/1295/2633
f 2706/1294/2631 2690/1279/2615 2689/1280/2614
f 2706/1294/2631 2709/1296/2634 2646/1237/2571
f 2706/1294/2631 2645/1233/2570 2644/1234/2569
f 2710/1298/2635 2703/1291/2628 2702/1292/2627
f 2711/1299/2636 2712/1301/2637 2713/1300/2638
f 2715/1302/2640 2698/1288/2623 2697/1285/2622
f 2697/1285/2622 2696/1286/2621 2716/1303/2641
f 2714/1304/2639 2716/1303/2641 2717/1306/2642
f 2718/1305/2643 2719/1307/2644 2715/1302/2640
f 2721/1309/2646 2683/1273/2608 2722/1308/2647
f 2720/1310/2645 2722/1308/2647 2723/1312/2648
f 2724/1311/2649 2725/1314/2650 2726/1313/2651
f 2720/1310/2645 2726/1313/2651 2727/1315/2652
f 2711/1299/2636 2702/1292/2627 2729/1316/2654
f 2728/1317/2653 2729/1316/2654 2730/1319/2655
f 2728/1317/2653 2731/1318/2656 2732/1321/2657
f 2728/1317/2653 2733/1320/2658 2712/1301/2637
f 2734/1322/2659 2735/1329/2660 2736/1324/2661
f 2734/1322/2659 2737/1323/2662 2738/1326/2663
f 2734/1322/2659 2739/1325/2664 2740/1328/2665
f 2734/1322/2659 2741/1327/2666 2742/1330/2667
f 2743/1331/2668 2744/1336/2669 2745/1333/2670
f 2747/1334/2672 2748/1351/2673 2742/1330/2667
f 2747/1334/2672 2749/1335/2674 2745/1333/2670
f 2749/1335/2674 2742/1330/2667 2741/1327/2666
f 2741/1327/2666 2740/1328/2665 2751/1337/2676
f 2750/1338/2675 2751/1337/2676 2752/1339/2677
f 2750/1338/2675 2746/1332/2671 2745/1333/2670
f 2754/1342/2679 2755/1341/2680 2756/1340/2681
f 2756/1340/2681 2757/1344/2682 2758/1343/2683
f 2753/1345/2678 2758/1343/2683 2759/1347/2684
f 2753/1345/2678 2760/1346/2685 2761/1348/2686
f 2762/1349/2687 2754/1342/2679 2761/1348/2686
f 2735/1329/2660 2742/1330/2667 2748/1351/2673
f 2765/1352/2690 2766/1357/2691 2767/1354/2692
f 2765/1352/2690 2768/1353/2693 2769/1356/2694
f 2765/1352/2690 2770/1355/2695 2757/1344/2682
f 2765/1352/2690 2756/1340/2681 2755/1341/2680
f 2771/1358/2696 2772/1365/2697 2773/1360/2698
f 2771/1358/2696 2774/1359/2699 2775/1362/2700
f 2771/1358/2696 2776/1361/2701 2777/1364/2702
f 2771/1358/2696 2778/1363/2703 2779/1366/2704
f 2780/1367/2705 2781/1387/2706 2779/1366/2704
f 2783/1369/2708 2784/1371/2709 2777/1364/2702
f 2782/1368/2707 2779/1366/2704 2778/1363/2703
f 2778/1363/2703 2777/1364/2702 2784/1371/2709
f 2786/1372/2711 2784/1371/2709 2787/1374/2712
f 2786/1372/2711 2788/1373/2713 2789/1375/2714
f 2791/1378/2716 2792/1377/2717 2793/1376/2718
f 2793/1376/2718 2794/1380/2719 2795/1379/2720
f 2790/1381/2715 2795/1379/2720 2796/1383/2721
f 2790/1381/2715 2797/1382/2722 2798/1384/2723
f 2799/1385/2724 2800/1810/2725 2792/1377/2717
f 2801/1386/2726 2802/1796/2727 2773/1360/2698
f 2772/1365/2697 2779/1366/2704 2781/1387/2706
f 2803/1388/2728 2804/1393/2729 2805/1390/2730
f 2803/1388/2728 2806/1389/2731 2807/1392/2732
f 2803/1388/2728 2808/1391/2733 2794/1380/2719
f 2803/1388/2728 2793/1376/2718 2792/1377/2717
f 2809/1394/2734 2810/1401/2735 2811/1396/2736
f 2809/1394/2734 2812/1395/2737 2813/1398/2738
f 2809/1394/2734 2814/1397/2739 2815/1400/2740
f 2809/1394/2734 2816/1399/2741 2817/1402/2742
f 2818/1403/2743 2819/1407/2744 2820/1405/2745
f 2822/1406/2747 2823/1408/2748 2820/1405/2745
f 2823/1408/2748 2817/1402/2742 2816/1399/2741
f 2816/1399/2741 2815/1400/2740 2825/1409/2750
f 2824/1410/2749 2825/1409/2750 2826/1411/2751
f 2824/1410/2749 2821/1404/2746 2820/1405/2745
f 2828/1414/2753 2829/1413/2754 2830/1412/2755
f 2830/1412/2755 2831/1416/2756 2832/1415/2757
f 2827/1417/2752 2832/1415/2757 2833/1419/2758
f 2827/1417/2752 2834/1418/2759 2835/1420/2760
f 2836/1421/2761 2837/1826/2762 2829/1413/2754
f 2838/1422/2763 2834/1418/2759 2833/1419/2758
f 2841/1424/2766 2815/1400/2740 2814/1397/2739
f 2842/1425/2767 2843/1428/2768 2844/1427/2769
f 2846/1429/2771 2831/1416/2756 2843/1428/2768
f 2847/1430/2772 2848/1433/2773 2849/1432/2774
f 2847/1430/2772 2850/1431/2775 2844/1427/2769
f 2847/1430/2772 2843/1428/2768 2831/1416/2756
f 2847/1430/2772 2830/1412/2755 2829/1413/2754
f 2851/1434/2776 2713/1300/2638 2712/1301/2637
f 2851/1434/2776 2852/1435/2777 2653/1244/2578
f 2853/1436/2778 2854/1438/2779 2719/1307/2644
f 2853/1436/2778 2718/1305/2643 2717/1306/2642
f 2855/1437/2780 2673/1265/2598 2672/1260/2597
f 2853/1436/2778 2672/1260/2597 2671/1261/2596
f 2856/1439/2781 2857/1442/2782 2662/1253/2587
f 2858/1440/2783 2719/1307/2644 2854/1438/2779
f 2854/1438/2779 2671/1261/2596 2859/1441/2784
f 2859/1441/2784 2723/1312/2648 2857/1442/2782
f 2852/1435/2777 2712/1301/2637 2733/1320/2658
f 2733/1320/2658 2732/1321/2657 2861/1443/2786
f 2860/1444/2785 2861/1443/2786 2655/1246/2580
f 2654/1243/2579 2653/1244/2578 2852/1435/2777
f 2862/1445/2787 2861/1443/2786 2732/1321/2657
f 2863/1446/2788 2662/1253/2587 2857/1442/2782
f 2862/1445/2787 2857/1442/2782 2723/1312/2648
f 2864/1447/2789 2655/1246/2580 2861/1443/2786
f 2865/1448/2790 2731/1318/2656 2730/1319/2655
f 2866/1449/2791 2664/1255/2589 2663/1252/2588
f 2663/1252/2588 2662/1253/2587 2863/1446/2788
f 2863/1446/2788 2732/1321/2657 2731/1318/2656
f 2868/1450/2793 2696/1286/2621 2695/1283/2620
f 2867/1451/2792 2695/1283/2620 2694/1284/2619
f 2869/1453/2794 2866/1449/2791 2730/1319/2655
f 2869/1453/2794 2729/1316/2654 2702/1292/2627
f 2701/1290/2626 2694/1284/2619 2693/1282/2618
f 2693/1282/2618 2664/1255/2589 2866/1449/2791
f 2871/1454/2796 2677/1268/2602 2676/1266/2601
f 2870/1455/2795 2676/1266/2601 2675/1267/2600
f 2872/1456/2797 2685/1277/2610 2684/1272/2609
f 2870/1455/2795 2684/1272/2609 2683/1273/2608
f 2873/1457/2798 2656/1245/2581 2655/1246/2580
f 2864/1447/2789 2723/1312/2648 2722/1308/2647
f 2722/1308/2647 2683/1273/2608 2682/1274/2607
f 2873/1457/2798 2682/1274/2607 2657/1248/2582
f 2726/1313/2651 2725/1314/2650 2875/1458/2800
f 2874/1459/2799 2875/1458/2800 2876/1461/2801
f 2877/1460/2802 2878/1463/2803 2879/1462/2804
f 2874/1459/2799 2879/1462/2804 2727/1315/2652
f 2667/1256/2592 2666/1257/2591 2881/1464/2806
f 2880/1465/2805 2881/1464/2806 2882/1467/2807
f 2883/1466/2808 2884/1469/2809 2885/1468/2810
f 2880/1465/2805 2885/1468/2810 2668/1259/2593
f 2724/1311/2649 2723/1312/2648 2859/1441/2784
f 2859/1441/2784 2671/1261/2596 2887/1470/2812
f 2886/1471/2811 2887/1470/2812 2876/1461/2801
f 2886/1471/2811 2875/1458/2800 2725/1314/2650
f 2889/1472/2814 2719/1307/2644 2858/1440/2783
f 2858/1440/2783 2662/1253/2587 2661/1258/2586
f 2888/1473/2813 2661/1258/2586 2668/1259/2593
f 2888/1473/2813 2885/1468/2810 2884/1469/2809
f 2891/1474/2816 2677/1268/2602 2871/1454/2796
f 2871/1454/2796 2683/1273/2608 2721/1309/2646
f 2890/1475/2815 2721/1309/2646 2727/1315/2652
f 2890/1475/2815 2879/1462/2804 2878/1463/2803
f 2665/1254/2590 2664/1255/2589 2692/1287/2617
f 2692/1287/2617 2698/1288/2623 2893/1476/2818
f 2892/1477/2817 2893/1476/2818 2882/1467/2807
f 2892/1477/2817 2881/1464/2806 2666/1257/2591
f 2894/1478/2819 2887/1470/2812 2671/1261/2596
f 2670/1262/2595 2677/1268/2602 2891/1474/2816
f 2894/1478/2819 2891/1474/2816 2878/1463/2803
f 2877/1460/2802 2876/1461/2801 2887/1470/2812
f 2895/1479/2820 2893/1476/2818 2698/1288/2623
f 2715/1302/2640 2719/1307/2644 2889/1472/2814
f 2895/1479/2820 2889/1472/2814 2884/1469/2809
f 2883/1466/2808 2882/1467/2807 2893/1476/2818
f 2872/1456/2797 2675/1267/2600 2897/1480/2822
f 2896/1481/2821 2897/1480/2822 2898/1483/2823
f 2896/1481/2821 2900/1492/2825 2685/1277/2610
f 2901/1484/2826 2855/1437/2780 2717/1306/2642
f 2901/1484/2826 2902/1485/2827 2903/1487/2828
f 2901/1484/2826 2905/1489/2830 2673/1265/2598
f 2906/1488/2831 2716/1303/2641 2696/1286/2621
f 2902/1485/2827 2717/1306/2642 2716/1303/2641
f 2674/1264/2599 2673/1265/2598 2905/1489/2830
f 2908/1490/2833 2898/1483/2823 2897/1480/2822
f 2907/1491/2832 2897/1480/2822 2675/1267/2600
f 2686/1276/2611 2685/1277/2610 2900/1492/2825
f 2909/1493/2834 2910/1833/2835 2911/1494/2836
f 2680/1271/2605 2659/1250/2584 2686/1276/2611
f 2249/783/814 2252/784/656 2202/732/655
f 2914/1496/657 2219/746/642 2218/755/2161
f 2913/1497/653 2252/784/656 2251/785/658
f 2195/726/2144 2202/732/655 2252/784/656
f 2218/755/2161 2196/725/630 2195/726/2144
f 2915/1498/622 2916/1499/623 2194/723/624
f 2242/773/626 2244/775/627 2916/1499/623
f 2228/756/628 2229/757/629 2242/773/626
f 2193/724/625 2196/725/630 2228/756/628
f 2917/1500/1541 2217/743/646 2216/744/647
f 2248/780/813 2229/757/629 2217/743/646
f 2919/1502/631 2920/1505/637 2921/1504/638
f 2919/1502/631 2923/1507/634 2924/1506/639
f 2236/768/632 2241/769/633 2923/1507/634
f 2922/1503/635 2237/765/636 2236/768/632
f 2926/1508/2838 2177/712/2132 2183/713/2138
f 2135/1509/2090 2138/672/2093 2212/778/2159
f 1639/1510/1638 1749/1522/1748 1692/243/1691
f 1667/220/1666 1666/221/1665 2929/1511/2841
f 1670/222/1669 1660/213/1659 1667/220/1666
f 2930/1512/2842 1688/240/1687 1650/206/1649
f 1656/208/1655 1662/215/1661 1748/1513/1747
f 1694/245/1693 1672/225/1671 1671/1514/1670
f 2931/1515/2843 1652/204/1651 1651/205/1650
f 1742/1516/1741 2929/1511/2841 1666/221/1665
f 1674/226/1673 1678/231/1677 1743/1517/1742
f 2932/1518/2844 1675/228/1674 1645/201/1644
f 2932/1518/2844 1683/235/1682 1676/230/1675
f 2933/1520/2845 1743/1517/1742 1678/231/1677
f 2933/1520/2845 1698/249/1697 1688/240/1687
f 1747/1521/1746 1748/1513/1747 1662/215/1661
f 1696/246/1695 1692/243/1691 1749/1522/1748
f 1684/1523/1683 1685/236/1684 1690/241/1689
f 1752/1524/1751 1690/241/1689 1705/256/1704
f 1750/1525/1749 1705/256/1704 1701/253/1700
f 1753/1526/1752 1701/253/1700 1700/251/1699
f 1700/251/1699 1681/234/1680 1680/1527/1679
f 1639/1528/1638 1711/260/1710 1710/261/1709
f 1642/1529/1641 1712/263/1711 1711/260/1710
f 1643/1530/1642 1729/278/1728 1728/279/1727
f 1648/1532/1647 1719/270/1718 1729/278/1728
f 2928/1533/2840 2929/1544/2841 1726/277/1725
f 1725/280/1724 1717/267/1716 1670/1534/1669
f 1649/1535/1648 1652/1542/1651 1714/265/1713
f 1731/281/1730 1735/286/1734 2930/1536/2842
f 1748/298/1747 1723/274/1722 1722/272/1721
f 1653/1537/1652 1722/272/1721 1721/273/1720
f 1663/1539/1662 1720/269/1719 1719/270/1718
f 1663/1539/1662 1654/1538/1653 1721/273/1720
f 1671/1540/1670 1708/259/1707 1707/264/1706
f 2931/1541/2843 1707/264/1706 1714/265/1713
f 1670/1534/1669 1717/267/1716 1745/296/1744
f 1668/1543/1667 1745/296/1744 1708/259/1707
f 1738/288/1737 1726/277/1725 2929/1544/2841
f 1644/1531/1643 1728/279/1727 1737/291/1736
f 2932/1545/2844 1737/291/1736 1741/292/1740
f 1679/1547/1678 1763/312/1762 1761/310/1760
f 1683/1546/1682 1741/292/1740 1763/312/1762
f 2933/1549/2845 2930/1536/2842 1735/286/1734
f 1759/306/1758 1739/290/1738 1743/293/1742
f 1732/283/1731 1712/263/1711 1642/1529/1641
f 1684/1550/1683 1752/300/1751 1733/285/1732
f 1680/1548/1679 1761/310/1760 1756/305/1755
f 2634/1551/2559 1790/336/1789 1789/337/1788
f 2634/1551/2559 2934/1557/2846 1791/339/1790
f 1788/335/1787 1771/320/1770 2705/1553/2630
f 2935/1554/2847 2635/1552/2560 1789/337/1788
f 2937/1555/2849 1773/322/1772 1787/338/1786
f 2936/1556/2848 1787/338/1786 1791/339/1790
f 2910/1559/2835 2938/1558/2850 1793/340/1792
f 1792/341/1791 1794/342/1793 2911/1560/2836
f 1795/343/1794 2908/1562/2833 2939/1561/2851
f 1800/346/1799 2898/1563/2823 2908/1562/2833
f 2940/1564/2852 1803/350/1802 1802/355/1801
f 1812/1565/1811 2941/1566/2853 1807/354/1806
f 1814/360/1813 1808/353/1807 1807/354/1806
f 2687/1567/2612 2942/1573/2854 1819/365/1818
f 2687/1567/2612 1818/362/1817 1817/363/1816
f 2943/1569/2855 1776/324/1775 1767/316/1766
f 2943/1569/2855 1766/321/1765 1773/322/1772
f 2704/1570/2629 1770/317/1769 1769/318/1768
f 2704/1570/2629 2705/1553/2630 1771/320/1770
f 2944/1572/2856 1820/364/1819 1819/365/1818
f 2944/1572/2856 1813/359/1812 1805/352/1804
f 2945/1574/2857 2688/1568/2613 1817/363/1816
f 2945/1574/2857 1816/366/1815 1803/350/1802
f 1821/370/1820 1828/373/1827 2903/1575/2828
f 2946/1576/2858 2947/1588/2859 1842/388/1841
f 2946/1576/2858 1841/385/1840 1840/386/1839
f 2743/1578/2668 1855/400/1854 1854/401/1853
f 2743/1578/2668 1851/396/1850 1850/397/1849
f 1853/399/1852 1844/390/1843 2748/1580/2673
f 2747/1581/2672 2744/1579/2669 1854/401/1853
f 2949/1582/2861 1858/404/1857 1857/409/1856
f 1861/405/1860 1860/406/1859 1876/1583/1875
f 2762/1584/2687 2763/1585/2688 1862/408/1861
f 1867/413/1866 1863/407/1862 1862/408/1861
f 2950/1586/2862 2948/1577/2860 1840/386/1839
f 2950/1586/2862 1839/391/1838 1846/392/1845
f 2764/1587/2689 1843/387/1842 1842/388/1841
f 2764/1587/2689 2748/1580/2673 1844/390/1843
f 1877/422/1876 1878/423/1877 1858/404/1857
f 2951/1589/2863 2802/1604/2727 1884/429/1883
f 2951/1589/2863 1883/426/1882 1882/427/1881
f 1897/440/1896 1886/431/1885 2781/1591/2706
f 2780/1592/2705 1892/435/1891 1891/436/1890
f 2785/1593/2710 1888/433/1887 1896/441/1895
f 2783/1594/2708 1896/441/1895 1894/438/1893
f 1918/459/1917 1900/444/1899 1899/449/1898
f 2953/1596/2865 1899/449/1898 1906/450/1905
f 1903/445/1902 1902/446/1901 2800/1598/2725
f 2799/1599/2724 1908/452/1907 1904/448/1903
f 2954/1600/2866 1913/454/1912 1912/455/1911
f 2954/1600/2866 1920/461/1919 1916/458/1915
f 2955/1602/2867 2952/1590/2864 1882/427/1881
f 2955/1602/2867 1881/432/1880 1888/433/1887
f 2801/1603/2726 1885/428/1884 1884/429/1883
f 2801/1603/2726 2781/1591/2706 1886/431/1885
f 1910/453/1909 2800/1598/2725 1902/446/1901
f 2956/1605/2868 1948/490/1947 1925/467/1924
f 2956/1605/2868 1924/464/1923 1923/465/1922
f 2818/1607/2743 1937/477/1936 1936/478/1935
f 2818/1607/2743 1933/473/1932 1932/474/1931
f 1935/476/1934 1927/469/1926 1949/1609/1948
f 2822/1610/2747 2819/1608/2744 1936/478/1935
f 2841/1611/2766 1929/471/1928 1931/479/1930
f 2846/1612/2771 1940/482/1939 1939/487/1938
f 2958/1613/2870 1939/487/1938 1946/488/1945
f 1943/483/1942 1942/484/1941 2837/1615/2762
f 2836/1616/2761 2959/1618/2871 1944/486/1943
f 2838/1617/2763 1945/485/1944 1944/486/1943
f 2838/1617/2763 2839/1614/2764 1946/488/1945
f 2960/1619/2872 2961/1623/2873 1954/495/1953
f 2960/1619/2872 1953/492/1952 1952/493/1951
f 2840/1621/2765 2957/1606/2869 1923/465/1922
f 2840/1621/2765 1922/470/1921 1929/471/1928
f 2962/1622/2874 1955/494/1954 1954/495/1953
f 2962/1622/2874 2837/1615/2762 1942/484/1941
f 2842/1624/2767 2845/1620/2770 1952/493/1951
f 2842/1624/2767 1951/496/1950 1940/482/1939
f 1965/506/1964 2963/1633/2875 1960/501/1959
f 2964/1625/2876 1977/517/1976 1971/511/1970
f 2964/1625/2876 1975/513/1974 1974/514/1973
f 1972/512/1971 2023/1631/2022 1964/505/1963
f 2965/1627/2877 1983/521/1982 1982/522/1981
f 2965/1627/2877 2967/1629/2879 1984/525/1983
f 1990/529/1989 1985/524/1984 1984/525/1983
f 1991/530/1990 2968/1635/2880 1998/536/1997
f 2022/1630/2021 1966/507/1965 1958/499/1957
f 1957/504/1956 1964/505/1963 2023/1631/2022
f 1995/1632/1994 1961/500/1960 1960/501/1959
f 2969/1634/2881 1999/535/1998 1998/536/1997
f 2966/1628/2878 1982/522/1981 1999/535/1998
f 2970/1636/2882 1994/531/1993 1993/532/1992
f 1997/537/1996 1980/519/1979 1988/1637/1987
f 2904/1638/2829 2903/1575/2828 1828/373/1827
f 2000/538/1999 1796/540/1795 2939/1561/2851
f 2010/549/2009 2899/1639/2824 2898/1563/2823
f 1793/340/1792 2938/1558/2850 2899/1639/2824
f 2970/1640/2882 1988/1654/1987 2018/555/2017
f 2970/1640/2882 2017/556/2016 2020/558/2019
f 2969/1642/2881 2016/552/2015 2015/553/2014
f 2969/1642/2881 2968/1648/2880 2021/560/2020
f 1995/1644/1994 2056/593/2055 2043/581/2042
f 1995/1644/1994 2963/1665/2875 2059/597/2058
f 2022/561/2021 2025/562/2024 2058/595/2057
f 1991/1647/1990 2019/559/2018 2021/560/2020
f 1991/1647/1990 1994/1641/1993 2020/558/2019
f 1990/1649/1989 2027/567/2026 2031/568/2030
f 1990/1649/1989 2967/1652/2879 2028/566/2027
f 2965/1651/2877 2029/565/2028 2028/566/2027
f 2966/1643/2878 2015/553/2014 2029/565/2028
f 1987/1653/1986 1989/1650/1988 2031/568/2030
f 2030/569/2029 2018/555/2017 1988/1654/1987
f 2047/584/2046 2971/1655/2883 2048/591/2047
f 1972/1656/1971 1975/1663/1974 2041/578/2040
f 2040/579/2039 2024/563/2023 2023/1657/2022
f 1967/1658/1966 2039/575/2038 2038/576/2037
f 1969/1645/1968 2043/581/2042 2039/575/2038
f 2050/587/2049 2053/590/2052 2972/1660/2884
f 2049/586/2048 2972/1660/2884 2046/585/2045
f 2054/592/2053 2048/591/2047 2971/1655/2883
f 2973/1661/2885 2911/1560/2836 1794/342/1793
f 2964/1662/2876 2037/577/2036 2041/578/2040
f 2964/1662/2876 1970/1659/1969 2038/576/2037
f 1965/1664/1964 2057/596/2056 2059/597/2058
f 1965/1664/1964 1966/1646/1965 2058/595/2057
f 2060/598/618 2063/599/755 2097/633/767
f 2088/623/780 2070/607/794 2248/1667/813
f 2917/1668/1541 2918/1678/1542 2089/624/781
f 2974/1669/1598 2103/639/661 2066/603/758
f 2974/1669/1598 2105/641/757 2062/600/756
f 2975/1671/664 2080/616/1546 2079/617/1545
f 2975/1671/664 2977/1674/1600 2081/618/1547
f 2978/1673/1601 2246/1682/811 2075/611/805
f 2978/1673/1601 2074/612/1548 2081/618/1547
f 2979/1675/1602 2078/613/1544 2077/614/802
f 2979/1675/1602 2976/1672/1599 2079/617/1545
f 2082/1677/640 2085/619/782 2089/624/781
f 2912/1666/1536 2097/633/767 2096/635/815
f 2249/1679/814 2096/635/815 2100/636/816
f 2980/1676/1603 2077/614/802 2092/627/801
f 2245/1681/810 2248/1667/813 2070/607/794
f 2091/626/806 2075/611/805 2246/1682/811
f 2101/637/659 2250/1680/817 2100/636/816
f 2227/1683/2169 2188/718/2143 2220/766/2162
f 2183/713/2138 2230/758/2170 2981/1684/2886
f 2247/777/2177 2206/735/2153 2982/1686/2887
f 2984/1687/2889 2225/752/2167 2224/771/2166
f 2199/1688/2147 2243/1852/2176 2180/708/2135
f 2231/759/2171 2232/760/2172 2234/1690/2174
f 2205/747/2152 2185/714/2140 2985/1692/2890
f 2987/1693/2892 2988/1859/2893 2184/715/2139
f 2203/1694/2150 2178/707/2133 2177/712/2132
f 2925/1695/2837 2116/1697/2071 2926/1696/2838
f 2981/1698/2886 2983/1699/2888 2117/659/2072
f 2987/1700/2892 2984/1701/2889 2119/660/2074
f 2988/1702/2893 2122/661/2077 2985/1703/2890
f 2226/1704/2168 2128/753/2083 2989/1705/2894
f 2151/1706/2106 2227/754/2169 2131/669/2086
f 2152/1707/2107 2134/670/2089 2234/761/2174
f 2927/1708/2839 2144/1710/2099 2135/1709/2090
f 2243/774/2176 2150/682/2105 2990/1711/2895
f 2102/1712/660 2916/1499/623 2244/775/627
f 2121/662/2076 2118/658/2073 2982/1715/2887
f 2103/1716/661 2194/723/624 2916/1499/623
f 2101/1717/659 2914/1496/657 2251/785/658
f 2133/671/2088 2130/667/2085 2991/1719/2896
f 2143/678/2098 2148/767/2103 2239/1720/2175
f 2101/1717/659 2083/1835/643 2219/746/642
f 2116/1697/2071 2925/1695/2837 2981/1698/2886
f 2120/734/2075 2119/660/2074 2984/1701/2889
f 2986/1714/2891 2985/1703/2890 2122/661/2077
f 2987/1700/2892 2119/660/2074 2122/661/2077
f 2151/1706/2106 2131/669/2086 2134/670/2089
f 2144/1710/2099 2927/1708/2839 2197/727/2145
f 2211/739/2158 2990/1711/2895 2150/682/2105
f 2116/1697/2071 2115/657/2070 2203/1721/2150
f 2983/1699/2888 2982/1715/2887 2118/658/2073
f 2128/753/2083 2127/666/2082 2207/1722/2154
f 2238/764/650 2237/765/636 2980/1723/1603
f 2187/717/2142 2991/1719/2896 2130/667/2085
f 2144/1710/2099 2143/678/2098 2136/1724/2091
f 2093/1725/651 2094/1713/652 2244/775/627
f 2595/1175/2520 2992/1727/2897 2993/1726/2898
f 2345/878/2270 2994/1729/2899 2995/1728/2900
f 2377/908/2302 2480/1011/2405 2996/1730/2901
f 2343/877/2268 2593/1173/2518 2997/1731/2902
f 2293/825/2218 2292/826/2217 2998/1733/2903
f 2547/1216/2472 2378/1116/2303 2592/1171/2517
f 2476/1007/2401 2473/1004/2398 3001/1736/2906
f 2349/882/2274 3003/1738/2908 3004/1737/2909
f 2595/1175/2520 2547/1216/2472 3000/1734/2905
f 2294/827/2219 3005/1739/2910 2594/1174/2519
f 2348/880/2273 2995/1728/2900 3003/1738/2908
f 2344/876/2269 2997/1731/2902 2994/1729/2899
f 2480/1011/2405 2508/1051/2433 3006/1740/2911
f 2292/826/2217 2476/1007/2401 3002/1735/2907
f 2293/825/2218 2999/1732/2904 3005/1739/2910
f 2473/1004/2398 2472/1002/2397 3004/1737/2909
f 2488/1018/2413 2993/1726/2898 2587/1168/2512
f 2508/1051/2433 2485/1166/2410 2590/1169/2515
f 1213/1180/1213 1632/1742/1631 3007/1741/2912
f 2596/1179/2521 3007/1741/2912 3008/1743/2913
f 2597/1178/2522 3008/1743/2913 3009/1744/2914
f 2601/1183/2526 3009/1744/2914 3010/1745/2915
f 3010/1745/2915 3011/1746/2916 2609/1192/2534
f 2611/1193/2536 2613/1196/2538 3012/1747/2917
f 2618/1210/2543 2609/1192/2534 3011/1746/2916
f 2623/1213/2548 2619/1209/2544 2622/1211/2547
f 3013/1748/2918 3012/1747/2917 2613/1196/2538
f 1774/1749/1773 1776/1769/1775 2629/1221/2554
f 1774/1749/1773 2628/1218/2553 2627/1219/2552
f 2634/1226/2559 2637/1227/2562 2641/1232/2566
f 2935/1752/2847 2705/1293/2630 2633/1225/2558
f 2935/1752/2847 2639/1229/2564 2636/1228/2561
f 2936/1754/2848 2640/1230/2565 2631/1223/2556
f 2936/1754/2848 2934/1751/2846 2641/1232/2566
f 1810/1756/1809 2647/1236/2572 2646/1237/2571
f 1810/1756/1809 1811/1761/1810 2648/1240/2573
f 1812/1758/1811 1813/1772/1812 2644/1234/2569
f 1812/1758/1811 2643/1235/2568 2650/1241/2575
f 1814/1760/1813 2941/1759/2853 2650/1241/2575
f 1814/1760/1813 2649/1239/2574 2648/1240/2573
f 2678/1270/2603 2973/1763/2885 2971/1762/2883
f 2680/1271/2605 2911/1494/2836 2973/1763/2885
f 2687/1278/2612 2690/1279/2615 2708/1295/2633
f 2699/1289/2624 2052/1766/2051 2034/1765/2033
f 2699/1289/2624 2703/1291/2628 2053/1767/2052
f 2943/1768/2855 2630/1220/2555 2629/1221/2554
f 2937/1755/2849 2631/1223/2556 2630/1220/2555
f 2704/1770/2629 1775/1750/1774 2627/1219/2552
f 2944/1771/2856 2942/1764/2854 2708/1295/2633
f 2707/1297/2632 2644/1234/2569 1813/1772/1812
f 2945/1773/2857 2709/1296/2634 2689/1280/2614
f 2940/1757/2852 2646/1237/2571 2709/1296/2634
f 2972/1775/2884 2053/1767/2052 2703/1291/2628
f 2710/1298/2635 2713/1300/2638 2046/1776/2045
f 2946/1777/2858 2948/1789/2860 2738/1326/2663
f 2946/1777/2858 2737/1323/2662 2736/1324/2661
f 2743/1331/2668 2746/1332/2671 2752/1339/2677
f 1847/1780/1846 2751/1337/2676 2740/1328/2665
f 1847/1780/1846 1851/1779/1850 2752/1339/2677
f 1865/1782/1864 2758/1343/2683 2757/1344/2682
f 1865/1782/1864 1866/1785/1865 2759/1347/2684
f 2762/1349/2687 1876/1792/1875 2755/1341/2680
f 1867/1784/1866 2763/1350/2688 2761/1348/2686
f 1867/1784/1866 2760/1346/2685 2759/1347/2684
f 1868/1786/1867 1873/1794/1872 2769/1356/2694
f 1868/1786/1867 2768/1353/2693 2767/1354/2692
f 2950/1788/2862 2739/1325/2664 2738/1326/2663
f 1848/1781/1847 2740/1328/2665 2739/1325/2664
f 2764/1790/2689 2947/1778/2859 2736/1324/2661
f 1874/1791/1873 1869/1787/1868 2767/1354/2692
f 2766/1357/2691 2755/1341/2680 1876/1792/1875
f 1877/1793/1876 2770/1355/2695 2769/1356/2694
f 2949/1783/2861 2757/1344/2682 2770/1355/2695
f 2951/1795/2863 2952/1808/2864 2775/1362/2700
f 2951/1795/2863 2774/1359/2699 2773/1360/2698
f 1889/1797/1888 1892/1799/1891 2789/1375/2714
f 1889/1797/1888 2788/1373/2713 2787/1374/2712
f 2780/1367/2705 2782/1368/2707 2789/1375/2714
f 2783/1369/2708 1893/1798/1892 2787/1374/2712
f 2953/1800/2865 2795/1379/2720 2794/1380/2719
f 2953/1800/2865 1909/1804/1908 2796/1383/2721
f 2799/1385/2724 2791/1378/2716 2798/1384/2723
f 1907/1803/1906 1908/1802/1907 2798/1384/2723
f 1907/1803/1906 2797/1382/2722 2796/1383/2721
f 2954/1805/2866 1915/1812/1914 2807/1392/2732
f 2954/1805/2866 2806/1389/2731 2805/1390/2730
f 2955/1807/2867 2776/1361/2701 2775/1362/2700
f 2785/1370/2710 2777/1364/2702 2776/1361/2701
f 1910/1809/1909 1913/1806/1912 2805/1390/2730
f 2804/1393/2729 2792/1377/2717 2800/1810/2725
f 1914/1811/1913 2808/1391/2733 2807/1392/2732
f 1918/1801/1917 2794/1380/2719 2808/1391/2733
f 2956/1813/2868 2957/1822/2869 2813/1398/2738
f 2956/1813/2868 2812/1395/2737 2811/1396/2736
f 2818/1403/2743 2821/1404/2746 2826/1411/2751
f 2822/1406/2747 1949/1824/1948 2817/1402/2742
f 1930/1816/1929 2825/1409/2750 2815/1400/2740
f 1930/1816/1929 1933/1815/1932 2826/1411/2751
f 2958/1817/2870 2832/1415/2757 2831/1416/2756
f 2958/1817/2870 2839/1423/2764 2833/1419/2758
f 2836/1421/2761 2828/1414/2753 2835/1420/2760
f 2838/1422/2763 2959/1818/2871 2835/1420/2760
f 2960/1819/2872 2845/1426/2770 2844/1427/2769
f 2960/1819/2872 2850/1431/2775 2849/1432/2774
f 2840/1821/2765 2814/1397/2739 2813/1398/2738
f 1947/1823/1946 1948/1814/1947 2811/1396/2736
f 2810/1401/2735 2817/1402/2742 1949/1824/1948
f 2962/1825/2874 2961/1820/2873 2849/1432/2774
f 2848/1433/2773 2829/1413/2754 2837/1826/2762
f 2851/1434/2776 2047/1827/2046 2046/1776/2045
f 2679/1269/2604 2971/1762/2883 2047/1827/2046
f 2867/1451/2792 2033/1829/2032 1823/1828/1822
f 2700/1452/2625 2034/1765/2033 2033/1829/2032
f 2899/1482/2824 2938/1830/2850 2900/1492/2825
f 2904/1486/2829 2939/1831/2851 2905/1489/2830
f 2868/1450/2793 1823/1828/1822 1822/1832/1821
f 2906/1488/2831 1822/1832/1821 2903/1487/2828
f 2907/1491/2832 2905/1489/2830 2939/1831/2851
f 2909/1493/2834 2900/1492/2825 2938/1830/2850
f 2207/1834/2154 2172/702/2127 2171/781/2126
f 2215/745/641 2219/746/642 2083/1835/643
f 2082/1836/640 2918/1501/1542 2216/744/647
f 2181/710/2136 2182/711/2137 2990/1838/2895
f 2979/1839/1602 2922/1503/635 2921/1504/638
f 2979/1839/1602 2980/1723/1603 2237/765/636
f 2978/1841/1601 2977/1847/1600 2924/1506/639
f 2978/1841/1601 2923/1507/634 2241/769/633
f 2169/699/2124 2170/700/2125 2991/1843/2896
f 2226/1844/2168 2222/782/2164 2223/750/2165
f 2975/1846/664 2920/1505/637 2924/1506/639
f 2975/1846/664 2976/1840/1599 2921/1504/638
f 2974/1848/1598 2190/722/663 2194/723/624
f 2974/1848/1598 2061/1855/621 2191/721/620
f 2989/1849/2894 2171/781/2126 2222/782/2164
f 2169/699/2124 2187/1842/2142 2186/1845/2141
f 2163/693/2118 2198/1851/2146 2197/1850/2145
f 2182/711/2137 2180/708/2135 2243/1852/2176
f 2208/1853/2155 2220/766/2162 2172/702/2127
f 2060/1854/618 2192/720/619 2191/721/620
f 2912/1495/1536 2202/732/655 2192/720/619
f 2200/1856/2148 2201/731/2149 2209/738/2156
f 2163/693/2118 2164/694/2119 2210/1857/2157
f 2927/1858/2839 2212/778/2159 2213/741/2160
f 2230/758/2170 2247/777/2177 2983/1685/2888
f 2987/1693/2892 2221/749/2163 2225/752/2167
f 2185/714/2140 2184/715/2139 2988/1859/2893
f 2151/684/2106 2154/685/2109 2188/718/2143
f 2232/760/2172 2153/686/2108 2152/1860/2107
f 2200/1856/2148 2199/1688/2147 2179/709/2134
f 2206/735/2153 2205/747/2152 2986/1691/2891
f 2204/1861/2151 2224/771/2166 2178/707/2133
f 2170/700/2125 2231/759/2171 2233/1689/2173
f 2164/694/2119 2181/710/2136 2211/1837/2158
f 2239/1862/2175 2209/738/2156 2137/673/2092
f 3014/1864/2919 3015/1865/2920 3016/1866/2921
f 3017/1867/2922 3016/1866/2921 3019/1868/2924
f 3019/1868/2924 3020/1869/2925 3021/1870/2926
f 3018/1871/2923 3021/1870/2926 3022/1872/2927
f 3018/1871/2923 3023/1873/2928 3024/1874/2929
f 3026/1875/2931 3027/1876/2932 3028/1877/2933
f 3029/1878/2934 3030/1879/2935 3026/1875/2931
f 3025/1880/2930 3031/1881/2936 3032/1882/2937
f 3025/1880/2930 3028/1877/2933 3033/1883/2938
f 3034/1884/2939 3035/1885/2940 3036/1886/2941
f 3034/1884/2939 3031/1881/2936 3033/1883/2938
f 3034/1884/2939 3038/1887/2943 3032/1882/2937
f 3034/1884/2939 3037/1888/2942 3039/1889/2944
f 3040/1890/2945 3041/1891/2946 3042/1892/2947
f 3028/1877/2933 3027/1876/2932 3041/1891/2946
f 3040/1890/2945 3035/1885/2940 3033/1883/2938
f 3043/1893/2948 3036/1886/2941 3035/1885/2940
f 3045/1894/2950 3030/1879/2935 3029/1878/2934
f 3044/1895/2949 3046/1896/2951 3047/1897/2952
f 3038/1887/2943 3039/1889/2944 3046/1896/2951
f 3044/1895/2949 3029/1878/2934 3032/1882/2937
f 3037/1888/2942 3036/1886/2941 3049/1898/2954
f 3051/1899/2956 3052/1900/2957 3053/1901/2958
f 3054/1902/2959 3055/1903/2960 3051/1899/2956
f 3050/1904/2955 3056/1905/2961 3057/1906/2962
f 3050/1904/2955 3053/1901/2958 3058/1907/2963
f 3060/1908/2965 3061/1909/2966 3062/1910/2967
f 3059/1911/2964 3053/1901/2958 3052/1900/2957
f 3063/1912/2968 3058/1907/2963 3053/1901/2958
f 3062/1910/2967 3064/1913/2969 3063/1912/2968
f 3065/1914/2970 3066/1915/2971 3055/1903/2960
f 3067/1916/2972 3068/1917/2973 3066/1915/2971
f 3069/1918/2974 3070/1919/2975 3067/1916/2972
f 3054/1902/2959 3057/1906/2962 3069/1918/2974
f 3056/1905/2961 3058/1907/2963 3072/1920/2977
f 3073/1921/2978 3057/1906/2962 3056/1905/2961
f 3071/1922/2976 3074/1923/2979 3075/1924/2980
f 3071/1922/2976 3072/1920/2977 3076/1925/2981
f 3077/1926/2982 3063/1912/2968 3064/1913/2969
f 3077/1926/2982 3072/1920/2977 3058/1907/2963
f 3079/1927/2984 3076/1925/2981 3072/1920/2977
f 3078/1928/2983 3080/1929/2985 3079/1927/2984
f 3081/1930/2986 3069/1918/2974 3057/1906/2962
f 3081/1930/2986 3082/1931/2987 3070/1919/2975
f 3083/1932/2988 3084/1933/2989 3082/1931/2987
f 3073/1921/2978 3075/1924/2980 3083/1932/2988
f 3085/1934/2990 3086/1935/2991 3087/1936/2992
f 3088/1937/2993 3089/1938/2994 3090/1939/2995
f 3092/1940/2997 3093/1941/2998 3094/1942/2999
f 3096/1943/3001 3093/1941/2998 3097/1944/3002
f 3088/1937/2993 3087/1936/2992 3096/1943/3001
f 3095/1945/3000 3098/1946/3003 3089/1938/2994
f 3095/1945/3000 3097/1944/3002 3099/1947/3004
f 3100/1948/3005 3096/1943/3001 3087/1936/2992
f 3100/1948/3005 3094/1942/2999 3093/1941/2998
f 3102/1949/3007 3103/1950/3008 3094/1942/2999
f 3101/1951/3006 3104/1952/3009 3102/1949/3007
f 3106/1953/3011 3061/1909/2966 3107/1954/3012
f 3108/1955/3013 3068/1917/2973 3106/1953/3011
f 3105/1956/3010 3102/1949/3007 3104/1952/3009
f 3105/1956/3010 3107/1954/3012 3103/1950/3008
f 3109/1957/3014 3110/1958/3015 3064/1913/2969
f 3109/1957/3014 3067/1916/2972 3070/1919/2975
f 3106/1953/3011 3068/1917/2973 3067/1916/2972
f 3062/1910/2967 3061/1909/2966 3106/1953/3011
f 3111/1959/3016 3112/1960/3017 3080/1929/2985
f 3111/1959/3016 3082/1931/2987 3084/1933/2989
f 3110/1958/3015 3070/1919/2975 3082/1931/2987
f 3078/1928/2983 3064/1913/2969 3110/1958/3015
f 3060/1908/2965 3052/1900/2957 3114/1961/3019
f 3115/1962/3020 3061/1909/2966 3060/1908/2965
f 3045/1894/2950 3047/1897/2952 3115/1962/3020
f 3113/1963/3018 3114/1961/3019 3030/1879/2935
f 3066/1915/2971 3068/1917/2973 3117/1964/3022
f 3118/1965/3023 3055/1903/2960 3066/1915/2971
f 3116/1966/3021 3041/1891/2946 3027/1876/2932
f 3117/1964/3022 3042/1892/2947 3041/1891/2946
f 3119/1967/3024 3051/1899/2956 3055/1903/2960
f 3119/1967/3024 3114/1961/3019 3052/1900/2957
f 3026/1875/2931 3030/1879/2935 3114/1961/3019
f 3118/1965/3023 3027/1876/2932 3026/1875/2931
f 3120/1968/3025 3121/1969/3026 3122/1970/3027
f 3123/1971/3028 3124/1972/3029 3125/1973/3030
f 3120/1968/3025 3125/1973/3030 3126/1974/3031
f 3127/1975/3032 3128/1976/3033 3121/1969/3026
f 3129/1977/3034 3130/1978/3035 3128/1976/3033
f 3127/1975/3032 3126/1974/3031 3131/1979/3036
f 3132/1980/3037 3133/1981/3038 3124/1972/3029
f 3123/1971/3028 3122/1970/3027 3134/1982/3039
f 3131/1979/3036 3126/1974/3031 3136/1983/3041
f 3135/1984/3040 3136/1983/3041 3137/1985/3042
f 3140/1986/3045 3124/1972/3029 3133/1981/3038
f 3139/1987/3044 3141/1988/3046 3142/1989/3047
f 3136/1983/3041 3126/1974/3031 3125/1973/3030
f 3143/1990/3048 3125/1973/3030 3124/1972/3029
f 3140/1986/3045 3142/1989/3047 3144/1991/3049
f 3143/1990/3048 3144/1991/3049 3137/1985/3042
f 3145/1992/3050 3138/1993/3043 3137/1985/3042
f 3146/1994/3051 3147/1995/3052 3148/1996/3053
f 3149/1997/3054 3150/1998/3055 3142/1989/3047
f 3151/1999/3056 3152/2000/3057 3150/1998/3055
f 3146/1994/3051 3137/1985/3042 3144/1991/3049
f 3153/2001/3058 3144/1991/3049 3142/1989/3047
f 3153/2001/3058 3150/1998/3055 3152/2000/3057
f 3154/2002/3059 3147/1995/3052 3146/1994/3051
f 3155/2003/3060 3148/1996/3053 3147/1995/3052
f 3155/2003/3060 3156/2004/3061 3157/2005/3062
f 3159/2006/3064 3160/2007/3065 3152/2000/3057
f 3159/2006/3064 3161/2008/3066 3162/2009/3067
f 3163/2010/3068 3156/2004/3061 3147/1995/3052
f 3154/2002/3059 3152/2000/3057 3160/2007/3065
f 3160/2007/3065 3162/2009/3067 3164/2011/3069
f 3163/2010/3068 3164/2011/3069 3157/2005/3062
f 3158/2012/3063 3157/2005/3062 3166/2013/3071
f 3166/2013/3071 3167/2014/3072 3168/2015/3073
f 3170/2016/3075 3162/2009/3067 3161/2008/3066
f 3169/2017/3074 3171/2018/3076 3172/2019/3077
f 3166/2013/3071 3157/2005/3062 3164/2011/3069
f 3173/2020/3078 3164/2011/3069 3162/2009/3067
f 3170/2016/3075 3172/2019/3077 3174/2021/3079
f 3173/2020/3078 3174/2021/3079 3167/2014/3072
f 3176/2022/3081 3177/2023/3082 3178/2024/3083
f 3179/2025/3084 3180/2026/3085 3176/2022/3081
f 3181/2027/3086 3168/2015/3073 3167/2014/3072
f 3181/2027/3086 3182/2028/3087 3180/2026/3085
f 3184/2029/3089 3172/2019/3077 3171/2018/3076
f 3183/2030/3088 3178/2024/3083 3177/2023/3082
f 3182/2028/3087 3167/2014/3072 3174/2021/3079
f 3185/2031/3090 3174/2021/3079 3172/2019/3077
f 3185/2031/3090 3184/2029/3089 3177/2023/3082
f 3185/2031/3090 3176/2022/3081 3180/2026/3085
f 3130/1978/3035 3186/2032/3091 3187/2033/3092
f 3134/1982/3039 3122/1970/3027 3188/2034/3093
f 3128/1976/3033 3187/2033/3092 3190/2035/3095
f 3122/1970/3027 3121/1969/3026 3190/2035/3095
f 3191/2036/3096 3192/2037/3097 3193/2038/3098
f 3195/2039/3100 3192/2037/3097 3196/2040/3101
f 3195/2039/3100 3197/2041/3102 3198/2042/3103
f 3199/2043/3104 3200/2044/3105 3201/2045/3106
f 3201/2045/3106 3193/2038/3098 3192/2037/3097
f 3202/2046/3107 3203/2047/3108 3204/2048/3109
f 3202/2046/3107 3205/2049/3110 3206/2050/3111
f 3207/2051/3112 3198/2042/3103 3197/2041/3102
f 3197/2041/3102 3196/2040/3101 3203/2047/3108
f 3208/2052/2928 3209/2053/3113 3193/2038/3098
f 3208/2052/2928 3201/2045/3106 3200/2044/3105
f 3210/2054/3114 3024/1874/2929 3023/1873/2928
f 3023/1873/2928 3022/1872/2927 3209/2053/3113
f 3210/2054/3114 3200/2044/3105 3212/2055/3116
f 3213/2056/3117 3214/2057/3118 3020/1869/2925
f 3216/2058/3120 3217/2059/3121 3218/2060/3122
f 3216/2058/3120 3219/2061/3123 3220/2062/3124
f 3215/2063/3119 3020/1869/2925 3019/1868/2924
f 3019/1868/2924 3016/1866/2921 3217/2059/3121
f 3222/2064/3126 3218/2060/3122 3217/2059/3121
f 3221/2065/3125 3217/2059/3121 3016/1866/2921
f 3017/1867/2922 3024/1874/2929 3223/2066/3127
f 3224/2067/3128 3021/1870/2926 3020/1869/2925
f 3225/2068/3129 3022/1872/2927 3021/1870/2926
f 3226/2069/652 3227/2070/3130 3206/2050/3111
f 3226/2069/652 3205/2049/3110 3204/2048/3109
f 3015/2071/2920 3047/1897/2952 3046/1896/2951
f 3221/2072/3125 3046/1896/2951 3039/1889/2944
f 3043/1893/2948 3042/1892/2947 3214/2073/3118
f 3213/2074/3117 3049/1898/2954 3036/1886/2941
f 3222/2075/3126 3039/1889/2944 3037/1888/2942
f 3211/2076/3115 3107/1954/3012 3061/1909/2966
f 3212/2077/3116 3103/1950/3008 3107/1954/3012
f 3228/2078/3131 3225/2079/3129 3068/1917/2973
f 3108/1955/3013 3104/1952/3009 3194/2080/3099
f 3229/2081/3132 3097/1944/3002 3093/1941/2998
f 3227/2082/3130 3099/1947/3004 3097/1944/3002
f 3191/2083/3096 3194/2080/3099 3104/1952/3009
f 3101/1951/3006 3087/1936/2992 3086/1935/2991
f 3091/2084/2996 3094/1942/2999 3103/1950/3008
f 3226/2085/652 3098/1946/3003 3099/1947/3004
f 3226/2085/652 3090/1939/2995 3089/1938/2994
f 3117/1964/3022 3068/1917/2973 3225/2079/3129
f 3224/2086/3128 3214/2073/3118 3042/1892/2947
f 3223/2087/3127 3061/1909/2966 3115/1962/3020
f 3014/2088/2919 3115/1962/3020 3047/1897/2952
f 3199/2043/3104 3198/2042/3103 3092/2089/2997
f 3091/2090/2996 3212/2055/3116 3200/2044/3105
f 3086/2091/2991 3196/2040/3101 3192/2037/3097
f 3090/2092/2995 3204/2048/3109 3203/2047/3108
f 3085/2093/2990 3203/2047/3108 3196/2040/3101
f 3207/2051/3112 3206/2050/3111 3227/2070/3130
f 3229/2094/3132 3092/2089/2997 3198/2042/3103
f 3194/2095/3099 3193/2038/3098 3209/2053/3113
f 3228/2096/3131 3209/2053/3113 3022/1872/2927
f 3211/2097/3115 3223/2066/3127 3024/1874/2929
f 3048/2098/2953 3219/2061/3123 3218/2060/3122
f 3048/2098/2953 3049/2099/2954 3220/2062/3124
f 3215/2063/3119 3220/2062/3124 3049/2099/2954
f 3230/1864/3128 3231/1867/2926 3232/1866/2925
f 3235/1868/2924 3232/1866/2925 3231/1867/2926
f 3236/1870/2922 3237/1869/2921 3235/1868/2924
f 3234/1871/2923 3238/1873/2928 3239/1872/2929
f 3234/1871/2923 3231/1867/2926 3240/1874/2927
f 3242/1877/2934 3243/1876/2935 3244/1875/2931
f 3244/1875/2931 3245/1879/2932 3246/1878/2933
f 3241/1880/2930 3246/1878/2933 3247/1882/2938
f 3241/1880/2930 3248/1881/2936 3249/1883/2937
f 3250/1884/2939 3251/1888/2942 3252/1886/2944
f 3250/1884/2939 3253/1885/2943 3249/1883/2937
f 3250/1884/2939 3248/1881/2936 3247/1882/2938
f 3250/1884/2939 3254/1887/2940 3255/1889/2941
f 3256/1890/2949 3257/1893/2951 3258/1892/2952
f 3259/1891/2950 3243/1876/2935 3242/1877/2934
f 3256/1890/2949 3242/1877/2934 3249/1883/2937
f 3253/1885/2943 3252/1886/2944 3257/1893/2951
f 3246/1878/2933 3245/1879/2932 3261/1894/2946
f 3260/1895/2945 3261/1894/2946 3262/1897/2947
f 3263/1896/2948 3255/1889/2941 3254/1887/2940
f 3260/1895/2945 3254/1887/2940 3247/1882/2938
f 3265/1898/3126 3252/1886/2944 3251/1888/2942
f 3267/1901/2959 3268/1900/2960 3269/1899/2956
f 3269/1899/2956 3270/1903/2957 3271/1902/2958
f 3266/1904/2955 3271/1902/2958 3272/1906/2963
f 3266/1904/2955 3273/1905/2961 3274/1907/2962
f 3276/1910/2972 3277/1909/3133 3278/1908/2971
f 3275/1911/2970 3278/1908/2971 3268/1900/2960
f 3267/1901/2959 3274/1907/2962 3279/1912/2974
f 3279/1912/2974 3280/1913/2975 3276/1910/2972
f 3281/1914/2964 3271/1902/2958 3270/1903/2957
f 3282/1915/2965 3283/1917/3134 3284/1916/2967
f 3284/1916/2967 3285/1919/2969 3286/1918/2968
f 3286/1918/2968 3272/1906/2963 3271/1902/2958
f 3288/1920/2978 3274/1907/2962 3273/1905/2961
f 3273/1905/2961 3272/1906/2963 3289/1921/2977
f 3287/1922/2976 3289/1921/2977 3290/1924/3135
f 3287/1922/2976 3291/1923/2979 3292/1925/3136
f 3293/1926/2986 3294/1928/2987 3280/1913/2975
f 3293/1926/2986 3279/1912/2974 3274/1907/2962
f 3288/1920/2978 3292/1925/3136 3295/1927/3137
f 3295/1927/3137 3296/1929/3138 3294/1928/2987
f 3297/1930/2982 3289/1921/2977 3272/1906/2963
f 3297/1930/2982 3286/1918/2968 3285/1919/2969
f 3298/1931/2983 3299/1933/3139 3300/1932/3140
f 3300/1932/3140 3290/1924/3135 3289/1921/2977
f 3301/1934/3132 3302/1937/3002 3303/1936/2998
f 3305/1939/3130 3306/1938/3004 3302/1937/3002
f 3308/1942/3006 3309/1941/2992 3310/1940/2991
f 3312/1944/2993 3309/1941/2992 3313/1943/3001
f 3313/1943/3001 3303/1936/2998 3302/1937/3002
f 3311/1945/3000 3302/1937/3002 3306/1938/3004
f 3311/1945/3000 3314/1946/3003 3315/1947/2994
f 3316/1948/3005 3317/1951/2999 3303/1936/2998
f 3316/1948/3005 3313/1943/3001 3309/1941/2992
f 3308/1942/3006 3318/1950/3009 3319/1949/3007
f 3319/1949/3007 3320/1952/3008 3317/1951/2999
f 3322/1954/3013 3277/1909/3133 3323/1953/3011
f 3323/1953/3011 3283/1917/3134 3324/1955/3012
f 3321/1956/3010 3324/1955/3012 3320/1952/3008
f 3321/1956/3010 3319/1949/3007 3318/1950/3009
f 3325/1957/3014 3276/1910/2972 3280/1913/2975
f 3325/1957/3014 3326/1958/3015 3285/1919/2969
f 3284/1916/2967 3283/1917/3134 3323/1953/3011
f 3323/1953/3011 3277/1909/3133 3276/1910/2972
f 3327/1959/3016 3294/1928/2987 3296/1929/3138
f 3327/1959/3016 3328/1960/3017 3299/1933/3139
f 3298/1931/2983 3285/1919/2969 3326/1958/3015
f 3326/1958/3015 3280/1913/2975 3294/1928/2987
f 3330/1961/3023 3268/1900/2960 3278/1908/2971
f 3278/1908/2971 3277/1909/3133 3331/1962/3022
f 3331/1962/3022 3262/1897/2947 3261/1894/2946
f 3329/1963/3021 3261/1894/2946 3245/1879/2932
f 3333/1964/3020 3283/1917/3134 3282/1915/2965
f 3282/1915/2965 3270/1903/2957 3334/1965/3019
f 3332/1966/3018 3334/1965/3019 3243/1876/2935
f 3259/1891/2950 3258/1892/2952 3333/1964/3020
f 3335/1967/3024 3334/1965/3019 3270/1903/2957
f 3335/1967/3024 3269/1899/2956 3268/1900/2960
f 3330/1961/3023 3245/1879/2932 3244/1875/2931
f 3244/1875/2931 3243/1876/2935 3334/1965/3019
f 3336/1968/3141 3337/1971/3142 3338/1970/3143
f 3340/1973/3145 3341/1972/3146 3337/1971/3142
f 3336/1968/3141 3342/1975/3147 3343/1974/3148
f 3339/1969/3144 3344/1976/3149 3342/1975/3147
f 3129/1977/3034 3342/1975/3147 3344/1976/3149
f 3131/1979/3036 3343/1974/3148 3342/1975/3147
f 3132/1980/3037 3337/1971/3142 3341/1972/3146
f 3134/1982/3039 3338/1970/3143 3337/1971/3142
f 3345/1983/3150 3343/1974/3148 3131/1979/3036
f 3135/1984/3040 3138/1993/3043 3346/1985/3151
f 3133/1981/3038 3341/1972/3146 3347/1986/3152
f 3139/1987/3044 3347/1986/3152 3348/1989/3153
f 3340/1973/3145 3343/1974/3148 3345/1983/3150
f 3349/1990/3154 3347/1986/3152 3341/1972/3146
f 3350/1991/3155 3348/1989/3153 3347/1986/3152
f 3349/1990/3154 3345/1983/3150 3346/1985/3151
f 3145/1992/3050 3351/1994/3156 3346/1985/3151
f 3148/1996/3053 3352/1995/3157 3351/1994/3156
f 3149/1997/3054 3141/1988/3046 3348/1989/3153
f 3353/1998/3158 3354/2000/3159 3151/1999/3056
f 3350/1991/3155 3346/1985/3151 3351/1994/3156
f 3355/2001/3160 3353/1998/3158 3348/1989/3153
f 3355/2001/3160 3356/2002/3161 3354/2000/3159
f 3351/1994/3156 3352/1995/3157 3356/2002/3161
f 3155/2003/3060 3357/2004/3162 3352/1995/3157
f 3155/2003/3060 3158/2012/3063 3358/2005/3163
f 3159/2006/3064 3151/1999/3056 3354/2000/3159
f 3159/2006/3064 3359/2007/3164 3360/2009/3165
f 3361/2010/3166 3356/2002/3161 3352/1995/3157
f 3359/2007/3164 3354/2000/3159 3356/2002/3161
f 3362/2011/3167 3360/2009/3165 3359/2007/3164
f 3361/2010/3166 3357/2004/3162 3358/2005/3163
f 3363/2013/3168 3358/2005/3163 3158/2012/3063
f 3168/2015/3073 3364/2014/3169 3363/2013/3168
f 3161/2008/3066 3360/2009/3165 3365/2016/3170
f 3169/2017/3074 3365/2016/3170 3366/2019/3171
f 3362/2011/3167 3358/2005/3163 3363/2013/3168
f 3367/2020/3172 3365/2016/3170 3360/2009/3165
f 3368/2021/3173 3366/2019/3171 3365/2016/3170
f 3367/2020/3172 3363/2013/3168 3364/2014/3169
f 3178/2024/3083 3369/2023/3174 3370/2022/3175
f 3370/2022/3175 3371/2026/3176 3179/2025/3084
f 3181/2027/3086 3372/2028/3177 3364/2014/3169
f 3181/2027/3086 3179/2025/3084 3371/2026/3176
f 3171/2018/3076 3366/2019/3171 3373/2029/3178
f 3183/2030/3088 3373/2029/3178 3369/2023/3174
f 3368/2021/3173 3364/2014/3169 3372/2028/3177
f 3374/2031/3179 3373/2029/3178 3366/2019/3171
f 3374/2031/3179 3370/2022/3175 3369/2023/3174
f 3374/2031/3179 3372/2028/3177 3371/2026/3176
f 3375/2033/3180 3186/2032/3091 3130/1978/3035
f 3134/1982/3039 3189/2100/3094 3376/2034/3181
f 3377/2035/3182 3375/2033/3180 3344/1976/3149
f 3338/1970/3143 3376/2034/3181 3377/2035/3182
f 3378/2036/2996 3379/2095/3116 3380/2038/3105
f 3382/2039/3100 3383/2041/3102 3384/2040/3103
f 3382/2039/3100 3385/2043/3097 3386/2042/3101
f 3387/2045/3106 3388/2044/3098 3385/2043/3097
f 3381/2037/3104 3380/2038/3105 3387/2045/3106
f 3389/2046/3107 3390/2049/3110 3391/2048/3111
f 3389/2046/3107 3393/2051/3108 3394/2050/3109
f 3383/2041/3102 3386/2042/3101 3393/2051/3108
f 3392/2047/3112 3384/2040/3103 3383/2041/3102
f 3395/2052/2928 3387/2045/3106 3380/2038/3105
f 3395/2052/2928 3397/2054/3113 3388/2044/3098
f 3238/1873/2928 3240/1874/2927 3397/2054/3113
f 3396/2053/3114 3239/1872/2929 3238/1873/2928
f 3399/2055/3099 3388/2044/3098 3397/2054/3113
f 3400/2056/3125 3401/2063/3121 3237/1869/2921
f 3403/2058/3120 3404/2061/3123 3405/2060/3124
f 3403/2058/3120 3401/2063/3121 3407/2062/3122
f 3235/1868/2924 3237/1869/2921 3401/2063/3121
f 3406/2059/3119 3232/1866/2925 3235/1868/2924
f 3406/2059/3119 3405/2060/3124 3409/2064/2954
f 3408/2065/3117 3233/1865/3118 3232/1866/2925
f 3410/2066/3129 3240/1874/2927 3231/1867/2926
f 3411/2067/2919 3402/2057/2920 3237/1869/2921
f 3236/1870/2922 3239/1872/2929 3412/2068/3127
f 3413/2069/652 3390/2049/3110 3394/2050/3109
f 3413/2069/652 3305/2092/3130 3391/2048/3111
f 3263/1896/2948 3262/1897/2947 3233/2071/3118
f 3408/2072/3117 3409/2075/2954 3255/1889/2941
f 3402/2073/2920 3258/1892/2952 3257/1893/2951
f 3400/2074/3125 3257/1893/2951 3252/1886/2944
f 3251/1888/2942 3255/1889/2941 3409/2075/2954
f 3398/2076/3131 3410/2087/3129 3277/1909/3133
f 3322/1954/3013 3318/1950/3009 3399/2077/3099
f 3415/2078/3115 3324/1955/3012 3283/1917/3134
f 3379/2080/3116 3320/1952/3008 3324/1955/3012
f 3416/2081/2990 3310/1940/2991 3309/1941/2992
f 3312/1944/2993 3315/1947/2994 3414/2082/2995
f 3378/2083/2996 3317/1951/2999 3320/1952/3008
f 3304/1935/2997 3303/1936/2998 3317/1951/2999
f 3307/2084/3096 3399/2077/3099 3318/1950/3009
f 3413/2085/652 3414/2082/2995 3315/1947/2994
f 3413/2085/652 3314/1946/3003 3306/1938/3004
f 3412/2079/3127 3283/1917/3134 3333/1964/3020
f 3411/2086/2919 3333/1964/3020 3258/1892/2952
f 3331/1962/3022 3277/1909/3133 3410/2087/3129
f 3230/2088/3128 3233/2071/3118 3262/1897/2947
f 3310/2089/2991 3386/2042/3101 3385/2043/3097
f 3307/2090/3096 3385/2043/3097 3388/2044/3098
f 3381/2037/3104 3384/2040/3103 3304/2091/2997
f 3392/2047/3112 3391/2048/3111 3305/2092/3130
f 3301/2093/3132 3304/2091/2997 3384/2040/3103
f 3414/2070/2995 3394/2050/3109 3393/2051/3108
f 3416/2094/2990 3393/2051/3108 3386/2042/3101
f 3396/2053/3114 3380/2038/3105 3379/2095/3116
f 3415/2096/3115 3412/2068/3127 3239/1872/2929
f 3398/2097/3131 3397/2054/3113 3240/1874/2927
f 3264/2098/2953 3409/2064/2954 3405/2060/3124
f 3264/2098/2953 3404/2061/3123 3407/2062/3122
f 3265/2099/3126 3407/2062/3122 3401/2063/3121
f 3417/2101/3183 3418/2102/3184 3419/2103/3185
f 3422/2104/3188 3423/2105/3189 3424/2106/3190
f 3426/2107/3192 3427/2108/3193 3428/2109/3194
f 3423/2105/3189 3429/2110/3195 3430/2111/3196
f 3431/2112/3197 3425/2113/3191 3428/2109/3194
f 3422/2104/3188 3431/2112/3197 3432/2114/3198
f 3421/2115/3187 3424/2106/3190 3418/2102/3184
f 3433/2116/3199 3434/2117/3200 3435/2118/3201
f 3438/2119/3204 3439/2120/3205 3440/2121/3206
f 3442/2122/3208 3443/2123/3209 3444/2124/3210
f 3445/2125/3211 3446/2126/3212 3447/2127/3213
f 3450/2128/3216 3451/2129/3217 3452/2130/3218
f 3453/2131/3219 3454/2132/3220 3455/2133/3221
f 3458/2134/3224 3459/2135/3225 3460/2136/3226
f 3461/2137/3227 3462/2138/3228 3463/2139/3229
f 3465/2140/3231 3466/2141/3232 3467/2142/3233
f 3470/2143/3236 3471/2144/3237 3472/2145/3238
f 3473/2146/3239 3474/2147/3240 3435/2118/3201
f 3475/2148/3241 3476/2149/3242 3440/2121/3206
f 3434/2117/3200 3477/2150/3243 3478/2151/3244
f 3479/2152/3245 3480/2153/3246 3448/2154/3214
f 3481/2155/3247 3482/2156/3248 3451/2129/3217
f 3483/2157/3249 3484/2158/3250 3456/2159/3222
f 3485/2160/3251 3486/2161/3252 3464/2162/3230
f 3487/2163/3253 3488/2164/3254 3465/2140/3231
f 3489/2165/3255 3490/2166/3256 3472/2145/3238
f 3437/2167/3203 3440/2121/3206 3476/2149/3242
f 3473/2146/3239 3435/2118/3201 3434/2117/3200
f 3475/2148/3241 3440/2121/3206 3439/2120/3205
f 3448/2154/3214 3447/2127/3213 3493/2168/3259
f 3494/2169/3260 3452/2130/3218 3451/2129/3217
f 3495/2170/3261 3496/2171/3262 3454/2132/3220
f 3457/2172/3223 3497/2173/3263 3498/2174/3264
f 3464/2162/3230 3463/2139/3229 3499/2175/3265
f 3468/2176/3234 3467/2142/3233 3501/2177/3267
f 3502/2178/3268 3469/2179/3235 3472/2145/3238
f 3489/2165/3255 3472/2145/3238 3471/2144/3237
f 3504/2180/3270 3505/2181/3271 3506/2182/3272
f 3508/2183/3274 3509/2184/3275 3510/2185/3276
f 3512/2186/3278 3513/2187/3279 3514/2188/3280
f 3512/2186/3278 3515/2189/3281 3516/2190/3282
f 3518/2191/3284 3519/2192/3285 3520/2193/3286
f 3521/2194/3287 3522/2195/3288 3523/2196/3289
f 3524/2197/3290 3525/2198/3291 3509/2184/3275
f 3517/2199/3283 3526/2200/3292 3527/2201/3293
f 3528/2202/3294 3529/2203/3295 3530/2204/3296
f 3531/2205/3297 3515/2189/3281 3514/2188/3280
f 3533/2206/3299 3516/2190/3282 3515/2189/3281
f 3534/2207/3300 3535/2208/3301 3533/2206/3299
f 3532/2209/3298 3536/2210/3302 3534/2207/3300
f 3521/2194/3287 3520/2193/3286 3538/2211/3304
f 3537/2212/3303 3539/2213/3305 3522/2195/3288
f 3537/2212/3303 3540/2214/3306 3541/2215/3307
f 3538/2211/3304 3542/2216/3308 3540/2214/3306
f 3544/2217/3310 3522/2195/3288 3539/2213/3305
f 3543/2218/3309 3545/2219/3311 3546/2220/3312
f 3547/2221/3313 3548/2222/3314 3545/2219/3311
f 3543/2218/3309 3539/2213/3305 3541/2215/3307
f 3549/2223/3315 3550/2224/3316 3516/2190/3282
f 3538/2211/3304 3520/2193/3286 3550/2224/3316
f 3549/2223/3315 3551/2225/3317 3542/2216/3308
f 3549/2223/3315 3533/2206/3299 3535/2208/3301
f 3553/2226/3319 3554/2227/3320 3555/2228/3321
f 3552/2229/3318 3556/2230/3322 3557/2231/3323
f 3553/2226/3319 3557/2231/3323 3559/2232/3325
f 3558/2233/3324 3560/2234/3326 3554/2227/3320
f 3561/2235/3327 3536/2210/3302 3560/2234/3326
f 3558/2233/3324 3559/2232/3325 3562/2236/3328
f 3561/2235/3327 3562/2236/3328 3564/2237/3330
f 3563/2238/3329 3534/2207/3300 3536/2210/3302
f 3563/2238/3329 3565/2239/3331 3535/2208/3301
f 3564/2237/3330 3548/2222/3314 3565/2239/3331
f 3566/2240/3332 3565/2239/3331 3548/2222/3314
f 3551/2225/3317 3535/2208/3301 3565/2239/3331
f 3566/2240/3332 3540/2214/3306 3542/2216/3308
f 3547/2221/3313 3541/2215/3307 3540/2214/3306
f 3568/2241/3334 3546/2220/3312 3545/2219/3311
f 3569/2242/3335 3570/2243/3336 3568/2241/3334
f 3567/2244/3333 3564/2237/3330 3562/2236/3328
f 3567/2244/3333 3545/2219/3311 3548/2222/3314
f 3571/2245/3337 3572/2246/3338 3573/2247/3339
f 3532/2209/3298 3514/2188/3280 3572/2246/3338
f 3571/2245/3337 3560/2234/3326 3536/2210/3302
f 3574/2248/3340 3554/2227/3320 3560/2234/3326
f 3575/2249/3341 3505/2181/3271 3576/2250/3342
f 3577/2251/3343 3557/2231/3323 3556/2230/3322
f 3574/2248/3340 3573/2247/3339 3511/2252/3277
f 3578/2253/3344 3555/2228/3321 3554/2227/3320
f 3579/2254/3345 3580/2255/3346 3570/2243/3336
f 3577/2251/3343 3576/2250/3342 3580/2255/3346
f 3579/2254/3345 3559/2232/3325 3557/2231/3323
f 3569/2242/3335 3562/2236/3328 3559/2232/3325
f 3523/2196/3289 3522/2195/3288 3544/2217/3310
f 3544/2217/3310 3546/2220/3312 3581/2256/3347
f 3582/2257/3348 3580/2255/3346 3576/2250/3342
f 3582/2257/3348 3584/2258/3350 3570/2243/3336
f 3517/2199/3283 3516/2190/3282 3550/2224/3316
f 3586/2259/3352 3587/2260/3353 3573/2247/3339
f 3583/2261/3349 3576/2250/3342 3505/2181/3271
f 3572/2246/3338 3514/2188/3280 3513/2187/3279
f 3511/2252/3277 3573/2247/3339 3587/2260/3353
f 3568/2241/3334 3570/2243/3336 3584/2258/3350
f 3588/2262/3354 3581/2256/3347 3546/2220/3312
f 3586/2259/3352 3513/2187/3279 3589/2263/3355
f 3550/2224/3316 3520/2193/3286 3519/2192/3285
f 3591/2264/3357 3592/2265/3358 3581/2256/3347
f 3588/2262/3354 3584/2258/3350 3593/2266/3359
f 3581/2256/3347 3592/2265/3358 3529/2203/3295
f 3552/2229/3318 3555/2228/3321 3594/2267/3360
f 3595/2268/3361 3596/2269/3362 3556/2230/3322
f 3597/2270/3363 3506/2182/3272 3505/2181/3271
f 3575/2249/3341 3556/2230/3322 3596/2269/3362
f 3511/2252/3277 3510/2185/3276 3598/2271/3364
f 3598/2271/3364 3594/2267/3360 3555/2228/3321
f 3527/2201/3293 3589/2263/3355 3513/2187/3279
f 3599/2272/3365 3600/2273/3366 3601/2274/3367
f 3604/2275/3370 3605/2276/3371 3606/2277/3372
f 3608/2278/3374 3609/2279/3375 3610/2280/3376
f 3611/2281/3377 3599/2272/3365 3602/2282/3368
f 3603/2283/3369 3613/2284/3379 3614/2285/3380
f 3615/2286/3381 3437/2167/3203 3491/2287/3257
f 3616/2288/3382 3617/2289/3383 3438/2119/3204
f 3492/2290/3258 3439/2120/3205 3618/2291/3384
f 3602/2282/3368 3445/2125/3211 3612/2292/3378
f 3601/2274/3367 3619/2293/3385 3446/2126/3212
f 3493/2168/3259 3447/2127/3213 3620/2294/3386
f 3495/2170/3261 3453/2131/3219 3621/2295/3387
f 3496/2171/3262 3622/2296/3388 3454/2132/3220
f 3623/2297/3389 3455/2133/3221 3624/2298/3390
f 3625/2299/3391 3461/2137/3227 3626/2300/3392
f 3613/2284/3379 3603/2283/3369 3462/2138/3228
f 3499/2175/3265 3463/2139/3229 3606/2277/3372
f 3627/2301/3393 3469/2179/3235 3502/2178/3268
f 3628/2302/3394 3607/2303/3373 3470/2143/3236
f 3503/2304/3269 3471/2144/3237 3610/2280/3376
f 3437/2167/3203 3615/2286/3381 3616/2288/3382
f 3438/2119/3204 3617/2289/3383 3618/2291/3384
f 3602/2282/3368 3601/2274/3367 3446/2126/3212
f 3445/2125/3211 3448/2154/3214 3480/2153/3246
f 3446/2126/3212 3619/2293/3385 3620/2294/3386
f 3621/2295/3387 3453/2131/3219 3456/2159/3222
f 3622/2296/3388 3624/2298/3390 3455/2133/3221
f 3456/2159/3222 3455/2133/3221 3623/2297/3389
f 3625/2299/3391 3613/2284/3379 3462/2138/3228
f 3626/2300/3392 3461/2137/3227 3464/2162/3230
f 3603/2283/3369 3606/2277/3372 3463/2139/3229
f 3469/2179/3235 3627/2301/3393 3628/2302/3394
f 3607/2303/3373 3610/2280/3376 3471/2144/3237
f 3612/2292/3378 3480/2153/3246 3629/2305/3395
f 3630/2306/3396 3626/2300/3392 3486/2161/3252
f 3632/2307/3398 3633/2308/3399 3615/2286/3381
f 3620/2294/3386 3634/2309/3400 3635/2310/3401
f 3503/2304/3269 3610/2280/3376 3609/2279/3375
f 3637/2311/3403 3638/2312/3404 3639/2313/3405
f 3419/2103/3185 3641/2314/3407 3642/2315/3408
f 3424/2106/3190 3430/2111/3196 3643/2316/3409
f 3642/2315/3408 3644/2317/3410 3417/2101/3183
f 3641/2314/3407 3419/2103/3185 3418/2102/3184
f 3428/2109/3194 3427/2108/3193 3638/2318/3404
f 3639/2319/3405 3638/2318/3404 3427/2108/3193
f 3645/2320/3411 3646/2321/3412 3422/2104/3188
f 3647/2322/3413 3640/2323/3406 3425/2113/3191
f 3639/2319/3405 3426/2107/3192 3425/2113/3191
f 3432/2114/3198 3648/2324/3414 3429/2110/3195
f 3428/2109/3194 3637/2325/3403 3648/2324/3414
f 3646/2321/3412 3647/2322/3413 3431/2112/3197
f 3644/2317/3410 3645/2320/3411 3421/2115/3187
f 3436/2326/3202 3633/2327/3399 3632/2328/3398
f 3649/2329/3415 3650/2330/3416 3433/2116/3199
f 3444/2124/3210 3599/2331/3365 3611/2332/3377
f 3651/2333/3417 3600/2334/3366 3443/2123/3209
f 3629/2335/3395 3652/2336/3418 3441/2337/3207
f 3442/2122/3208 3635/2338/3401 3634/2339/3400
f 3452/2130/3218 3494/2169/3260 3653/2340/3419
f 3654/2341/3420 3655/2342/3421 3449/2343/3215
f 3450/2128/3216 3656/2344/3422 3657/2345/3423
f 3460/2136/3226 3658/2346/3424 3630/2347/3396
f 3604/2348/3370 3614/2349/3380 3459/2135/3225
f 3631/2350/3397 3497/2173/3263 3457/2172/3223
f 3458/2134/3224 3498/2174/3264 3605/2351/3371
f 3468/2176/3234 3500/2352/3266 3659/2353/3425
f 3608/2354/3374 3501/2177/3267 3467/2142/3233
f 3466/2141/3232 3636/2355/3402 3609/2356/3375
f 3436/2326/3202 3435/2118/3201 3474/2147/3240
f 3632/2328/3398 3649/2329/3415 3433/2116/3199
f 3650/2330/3416 3477/2150/3243 3434/2117/3200
f 3599/2331/3365 3444/2124/3210 3443/2123/3209
f 3611/2332/3377 3629/2335/3395 3441/2337/3207
f 3651/2333/3417 3443/2123/3209 3442/2122/3208
f 3441/2337/3207 3652/2336/3418 3635/2338/3401
f 3452/2130/3218 3653/2340/3419 3654/2341/3420
f 3451/2129/3217 3450/2128/3216 3657/2345/3423
f 3449/2343/3215 3655/2342/3421 3656/2344/3422
f 3658/2346/3424 3460/2136/3226 3459/2135/3225
f 3460/2136/3226 3630/2347/3396 3631/2350/3397
f 3459/2135/3225 3458/2134/3224 3605/2351/3371
f 3468/2176/3234 3659/2353/3425 3487/2163/3253
f 3467/2142/3233 3466/2141/3232 3609/2356/3375
f 3488/2164/3254 3636/2355/3402 3466/2141/3232
f 3518/2191/3284 3523/2196/3289 3530/2204/3296
f 3590/2357/3356 3661/2358/3427 3587/2260/3353
f 3508/2183/3274 3587/2260/3353 3661/2358/3427
f 3662/2359/3428 3593/2266/3359 3584/2258/3350
f 3583/2261/3349 3663/2360/3429 3662/2359/3428
f 3504/2180/3270 3664/2361/3430 3663/2360/3429
f 3585/2362/3351 3665/2363/3431 3526/2200/3292
f 3585/2362/3351 3519/2192/3285 3666/2364/3432
f 3660/2365/3426 3666/2364/3432 3519/2192/3285
f 3507/2366/3273 3667/2367/3433 3664/2361/3430
f 3633/2308/3399 3474/2368/3240 3616/2288/3382
f 3617/2289/3383 3473/2369/3239 3478/2370/3244
f 3650/2371/3416 3475/2148/3241 3492/2290/3258
f 3491/2287/3257 3476/2149/3242 3649/2372/3415
f 3494/2373/3260 3482/2374/3248 3496/2171/3262
f 3619/2293/3385 3651/2375/3417 3634/2309/3400
f 3652/2376/3418 3479/2152/3245 3493/2168/3259
f 3614/2285/3380 3613/2284/3379 3625/2299/3391
f 3481/2377/3247 3657/2378/3423 3624/2298/3390
f 3655/2379/3421 3483/2157/3249 3623/2297/3389
f 3653/2380/3419 3621/2295/3387 3484/2158/3250
f 3501/2381/3267 3628/2302/3394 3627/2301/3393
f 3497/2382/3263 3485/2160/3251 3499/2175/3265
f 3488/2383/3254 3489/2165/3255 3503/2304/3269
f 3659/2384/3425 3502/2178/3268 3490/2166/3256
f 3616/2288/3382 3474/2368/3240 3473/2369/3239
f 3650/2371/3416 3649/2372/3415 3476/2149/3242
f 3618/2291/3384 3478/2370/3244 3477/2385/3243
f 3601/2274/3367 3600/2273/3366 3651/2375/3417
f 3652/2376/3418 3629/2305/3395 3480/2153/3246
f 3494/2373/3260 3495/2170/3261 3621/2295/3387
f 3622/2296/3388 3496/2171/3262 3482/2374/3248
f 3654/2386/3420 3484/2158/3250 3483/2157/3249
f 3623/2297/3389 3624/2298/3390 3657/2378/3423
f 3658/2387/3424 3625/2299/3391 3626/2300/3392
f 3631/2388/3397 3486/2161/3252 3485/2160/3251
f 3499/2175/3265 3606/2277/3372 3605/2276/3371
f 3500/2389/3266 3627/2301/3393 3502/2178/3268
f 3607/2303/3373 3628/2302/3394 3501/2381/3267
f 3487/2390/3253 3490/2166/3256 3489/2165/3255
f 3641/2391/3407 3643/2392/3409 3644/2393/3410
f 3430/2394/3196 3429/2395/3195 3646/2396/3412
f 3648/2397/3414 3647/2398/3413 3646/2396/3412
f 3637/2311/3403 3640/2399/3406 3647/2398/3413
f 3643/2392/3409 3430/2394/3196 3645/2400/3411
f 3668/2101/3434 3669/2401/3435 3670/2103/3436
f 3673/2106/3439 3674/2105/3440 3675/2104/3441
f 3677/2109/3443 3678/2108/3444 3679/2107/3445
f 3680/2111/3446 3681/2110/3447 3674/2105/3440
f 3682/2112/3448 3683/2114/3449 3677/2109/3443
f 3675/2104/3441 3674/2105/3440 3683/2114/3449
f 3671/2102/3437 3673/2106/3439 3672/2115/3438
f 3684/2116/3450 3685/2326/3451 3686/2118/3452
f 3689/2121/3455 3690/2120/3456 3691/2119/3457
f 3693/2124/3459 3694/2123/3460 3695/2122/3461
f 3696/2125/3462 3697/2154/3463 3698/2127/3464
f 3701/2130/3467 3702/2129/3468 3703/2128/3469
f 3704/2131/3470 3705/2159/3471 3706/2133/3472
f 3709/2136/3475 3710/2135/3476 3711/2134/3477
f 3712/2137/3478 3713/2162/3479 3714/2139/3480
f 3716/2140/3482 3717/2176/3483 3718/2142/3484
f 3721/2145/3487 3722/2144/3488 3723/2143/3489
f 3724/2146/3490 3686/2118/3452 3725/2147/3491
f 3726/2148/3492 3689/2121/3455 3727/2149/3493
f 3687/2117/3453 3728/2151/3494 3729/2150/3495
f 3730/2152/3496 3697/2154/3463 3731/2153/3497
f 3732/2155/3498 3702/2129/3468 3733/2156/3499
f 3734/2157/3500 3705/2159/3471 3735/2158/3501
f 3736/2160/3502 3713/2162/3479 3737/2161/3503
f 3738/2163/3504 3716/2140/3482 3739/2164/3505
f 3740/2165/3506 3721/2145/3487 3741/2166/3507
f 3727/2149/3493 3689/2121/3455 3688/2167/3454
f 3724/2146/3490 3728/2151/3494 3687/2117/3453
f 3726/2148/3492 3743/2290/3509 3690/2120/3456
f 3744/2168/3510 3698/2127/3464 3697/2154/3463
f 3745/2169/3511 3733/2156/3499 3702/2129/3468
f 3707/2132/3473 3746/2171/3512 3747/2170/3513
f 3708/2172/3474 3711/2134/3477 3748/2174/3514
f 3750/2175/3516 3714/2139/3480 3713/2162/3479
f 3752/2177/3518 3718/2142/3484 3717/2176/3483
f 3753/2178/3519 3741/2166/3507 3721/2145/3487
f 3740/2165/3506 3754/2304/3520 3722/2144/3488
f 3755/2180/3521 3756/2366/3522 3757/2182/3523
f 3759/2183/3525 3760/2252/3526 3761/2185/3527
f 3763/2186/3529 3764/2189/3530 3765/2188/3531
f 3763/2186/3529 3767/2199/3533 3768/2190/3534
f 3769/2191/3535 3770/2194/3536 3771/2193/3537
f 3773/2196/3539 3774/2195/3540 3770/2194/3536
f 3762/2184/3528 3775/2198/3541 3776/2197/3542
f 3777/2201/3543 3778/2200/3544 3767/2199/3533
f 3779/2202/3545 3773/2196/3539 3780/2204/3546
f 3782/2205/3548 3783/2209/3549 3765/2188/3531
f 3764/2189/3530 3768/2190/3534 3784/2206/3550
f 3784/2206/3550 3785/2208/3551 3786/2207/3552
f 3786/2207/3552 3787/2210/3553 3783/2209/3549
f 3789/2211/3555 3771/2193/3537 3770/2194/3536
f 3788/2212/3554 3770/2194/3536 3774/2195/3540
f 3788/2212/3554 3790/2213/3556 3791/2215/3557
f 3792/2214/3558 3793/2216/3559 3789/2211/3555
f 3790/2213/3556 3774/2195/3540 3795/2217/3561
f 3794/2218/3560 3795/2217/3561 3796/2220/3562
f 3797/2219/3563 3798/2222/3564 3799/2221/3565
f 3794/2218/3560 3799/2221/3565 3791/2215/3557
f 3800/2223/3566 3784/2206/3550 3768/2190/3534
f 3801/2224/3567 3771/2193/3537 3789/2211/3555
f 3800/2223/3566 3789/2211/3555 3793/2216/3559
f 3800/2223/3566 3802/2225/3568 3785/2208/3551
f 3804/2228/3570 3805/2227/3571 3806/2226/3572
f 3803/2229/3569 3806/2226/3572 3807/2231/3573
f 3810/2232/3576 3807/2231/3573 3806/2226/3572
f 3809/2233/3575 3806/2226/3572 3805/2227/3571
f 3811/2234/3577 3787/2210/3553 3812/2235/3578
f 3809/2233/3575 3812/2235/3578 3813/2236/3579
f 3815/2237/3581 3813/2236/3579 3812/2235/3578
f 3814/2238/3580 3812/2235/3578 3787/2210/3553
f 3814/2238/3580 3786/2207/3552 3785/2208/3551
f 3816/2239/3582 3798/2222/3564 3815/2237/3581
f 3817/2240/3583 3799/2221/3565 3798/2222/3564
f 3816/2239/3582 3785/2208/3551 3802/2225/3568
f 3817/2240/3583 3802/2225/3568 3793/2216/3559
f 3792/2214/3558 3791/2215/3557 3799/2221/3565
f 3797/2219/3563 3796/2220/3562 3819/2241/3585
f 3819/2241/3585 3820/2243/3586 3821/2242/3587
f 3818/2244/3584 3821/2242/3587 3813/2236/3579
f 3818/2244/3584 3815/2237/3581 3798/2222/3564
f 3822/2245/3588 3823/2248/3589 3824/2247/3590
f 3825/2246/3591 3765/2188/3531 3783/2209/3549
f 3822/2245/3588 3783/2209/3549 3787/2210/3553
f 3811/2234/3577 3805/2227/3571 3823/2248/3589
f 3826/2249/3592 3827/2251/3593 3828/2250/3594
f 3808/2230/3574 3807/2231/3573 3827/2251/3593
f 3760/2252/3526 3824/2247/3590 3823/2248/3589
f 3829/2253/3595 3823/2248/3589 3805/2227/3571
f 3830/2254/3596 3821/2242/3587 3820/2243/3586
f 3831/2255/3597 3828/2250/3594 3827/2251/3593
f 3830/2254/3596 3827/2251/3593 3807/2231/3573
f 3810/2232/3576 3813/2236/3579 3821/2242/3587
f 3795/2217/3561 3774/2195/3540 3773/2196/3539
f 3832/2256/3598 3796/2220/3562 3795/2217/3561
f 3833/2257/3599 3834/2261/3600 3828/2250/3594
f 3833/2257/3599 3831/2255/3597 3820/2243/3586
f 3801/2224/3567 3768/2190/3534 3767/2199/3533
f 3837/2259/3603 3825/2246/3591 3824/2247/3590
f 3758/2181/3524 3828/2250/3594 3834/2261/3600
f 3766/2187/3532 3765/2188/3531 3825/2246/3591
f 3838/2260/3604 3824/2247/3590 3760/2252/3526
f 3835/2258/3601 3820/2243/3586 3819/2241/3585
f 3839/2262/3605 3819/2241/3585 3796/2220/3562
f 3837/2259/3603 3840/2357/3606 3841/2263/3607
f 3772/2192/3538 3771/2193/3537 3801/2224/3567
f 3832/2256/3598 3842/2265/3608 3843/2264/3609
f 3839/2262/3605 3843/2264/3609 3844/2266/3610
f 3781/2203/3547 3842/2265/3608 3832/2256/3598
f 3803/2229/3569 3845/2268/3611 3846/2267/3612
f 3808/2230/3574 3847/2269/3613 3845/2268/3611
f 3758/2181/3524 3757/2182/3523 3848/2270/3614
f 3826/2249/3592 3848/2270/3614 3847/2269/3613
f 3849/2271/3615 3761/2185/3527 3760/2252/3526
f 3804/2228/3570 3846/2267/3612 3849/2271/3615
f 3766/2187/3532 3841/2263/3607 3777/2201/3543
f 3850/2272/3616 3851/2282/3617 3852/2274/3618
f 3855/2277/3621 3856/2276/3622 3857/2275/3623
f 3859/2280/3625 3860/2279/3626 3861/2278/3627
f 3862/2281/3628 3863/2292/3629 3851/2282/3617
f 3854/2283/3620 3857/2275/3623 3864/2285/3630
f 3866/2286/3632 3742/2287/3508 3688/2167/3454
f 3867/2288/3633 3691/2119/3457 3868/2289/3634
f 3743/2290/3509 3869/2291/3635 3690/2120/3456
f 3851/2282/3617 3863/2292/3629 3696/2125/3462
f 3852/2274/3618 3699/2126/3465 3870/2293/3636
f 3744/2168/3510 3871/2294/3637 3698/2127/3464
f 3747/2170/3513 3872/2295/3638 3704/2131/3470
f 3746/2171/3512 3707/2132/3473 3873/2296/3639
f 3874/2297/3640 3875/2298/3641 3706/2133/3472
f 3876/2299/3642 3877/2300/3643 3712/2137/3478
f 3865/2284/3631 3715/2138/3481 3854/2283/3620
f 3750/2175/3516 3855/2277/3621 3714/2139/3480
f 3878/2301/3644 3753/2178/3519 3720/2179/3486
f 3879/2302/3645 3723/2143/3489 3858/2303/3624
f 3754/2304/3520 3859/2280/3625 3722/2144/3488
f 3688/2167/3454 3691/2119/3457 3867/2288/3633
f 3691/2119/3457 3690/2120/3456 3869/2291/3635
f 3699/2126/3465 3852/2274/3618 3851/2282/3617
f 3731/2153/3497 3697/2154/3463 3696/2125/3462
f 3699/2126/3465 3698/2127/3464 3871/2294/3637
f 3872/2295/3638 3735/2158/3501 3705/2159/3471
f 3706/2133/3472 3875/2298/3641 3873/2296/3639
f 3874/2297/3640 3706/2133/3472 3705/2159/3471
f 3715/2138/3481 3865/2284/3631 3876/2299/3642
f 3877/2300/3643 3737/2161/3503 3713/2162/3479
f 3714/2139/3480 3855/2277/3621 3854/2283/3620
f 3720/2179/3486 3723/2143/3489 3879/2302/3645
f 3722/2144/3488 3859/2280/3625 3858/2303/3624
f 3880/2305/3646 3731/2153/3497 3863/2292/3629
f 3881/2306/3647 3882/2388/3648 3737/2161/3503
f 3883/2307/3649 3742/2287/3508 3866/2286/3632
f 3885/2310/3651 3886/2309/3652 3871/2294/3637
f 3754/2304/3520 3887/2402/3653 3860/2279/3626
f 3888/2311/3654 3889/2399/3655 3890/2313/3656
f 3892/2315/3658 3893/2314/3659 3670/2103/3436
f 3894/2316/3660 3680/2111/3446 3673/2106/3439
f 3668/2101/3434 3895/2317/3661 3892/2315/3658
f 3893/2314/3659 3894/2316/3660 3671/2102/3437
f 3677/2109/3443 3888/2325/3654 3891/2318/3657
f 3678/2108/3444 3891/2318/3657 3890/2319/3656
f 3896/2320/3662 3672/2115/3438 3675/2104/3441
f 3898/2322/3664 3682/2112/3448 3676/2113/3442
f 3676/2113/3442 3679/2107/3445 3890/2319/3656
f 3681/2110/3447 3899/2324/3665 3683/2114/3449
f 3899/2324/3665 3888/2325/3654 3677/2109/3443
f 3897/2321/3663 3675/2104/3441 3682/2112/3448
f 3895/2317/3661 3668/2101/3434 3672/2115/3438
f 3685/2326/3451 3883/2328/3649 3884/2327/3650
f 3900/2329/3666 3684/2116/3450 3901/2330/3667
f 3693/2124/3459 3862/2332/3628 3850/2331/3616
f 3902/2333/3668 3694/2123/3460 3853/2334/3619
f 3880/2335/3646 3692/2337/3458 3903/2336/3669
f 3695/2122/3461 3886/2339/3652 3885/2338/3651
f 3701/2130/3467 3904/2340/3670 3745/2169/3511
f 3905/2341/3671 3700/2343/3466 3906/2342/3672
f 3703/2128/3469 3907/2345/3673 3908/2344/3674
f 3709/2136/3475 3881/2347/3647 3909/2346/3675
f 3857/2348/3623 3710/2135/3476 3864/2349/3630
f 3882/2350/3648 3708/2172/3474 3749/2173/3515
f 3711/2134/3477 3856/2351/3622 3748/2174/3514
f 3717/2176/3483 3910/2353/3676 3751/2352/3517
f 3861/2354/3627 3718/2142/3484 3752/2177/3518
f 3719/2141/3485 3860/2356/3626 3887/2355/3653
f 3725/2147/3491 3686/2118/3452 3685/2326/3451
f 3684/2116/3450 3900/2329/3666 3883/2328/3649
f 3687/2117/3453 3729/2150/3495 3901/2330/3667
f 3850/2331/3616 3853/2334/3619 3694/2123/3460
f 3692/2337/3458 3880/2335/3646 3862/2332/3628
f 3902/2333/3668 3886/2339/3652 3695/2122/3461
f 3692/2337/3458 3695/2122/3461 3885/2338/3651
f 3701/2130/3467 3700/2343/3466 3905/2341/3671
f 3907/2345/3673 3703/2128/3469 3702/2129/3468
f 3700/2343/3466 3703/2128/3469 3908/2344/3674
f 3909/2346/3675 3864/2349/3630 3710/2135/3476
f 3709/2136/3475 3708/2172/3474 3882/2350/3648
f 3856/2351/3622 3711/2134/3477 3710/2135/3476
f 3717/2176/3483 3716/2140/3482 3738/2163/3504
f 3860/2356/3626 3719/2141/3485 3718/2142/3484
f 3719/2141/3485 3887/2355/3653 3739/2164/3505
f 3769/2191/3535 3911/2365/3677 3780/2204/3546
f 3838/2260/3604 3912/2358/3678 3840/2357/3606
f 3759/2183/3525 3776/2197/3542 3912/2358/3678
f 3835/2258/3601 3844/2266/3610 3913/2359/3679
f 3913/2359/3679 3914/2360/3680 3834/2261/3600
f 3755/2180/3521 3834/2261/3600 3914/2360/3680
f 3836/2362/3602 3767/2199/3533 3778/2200/3544
f 3836/2362/3602 3916/2363/3682 3917/2364/3683
f 3772/2192/3538 3917/2364/3683 3911/2365/3677
f 3915/2361/3681 3918/2367/3684 3756/2366/3522
f 3884/2308/3650 3866/2286/3632 3867/2288/3633
f 3868/2289/3634 3869/2291/3635 3728/2370/3494
f 3901/2371/3667 3729/2385/3495 3743/2290/3509
f 3900/2372/3666 3727/2149/3493 3742/2287/3508
f 3745/2373/3511 3747/2170/3513 3746/2171/3512
f 3870/2293/3636 3871/2294/3637 3886/2309/3652
f 3903/2376/3669 3885/2310/3651 3744/2168/3510
f 3876/2299/3642 3865/2284/3631 3864/2285/3630
f 3875/2298/3641 3907/2378/3673 3732/2377/3498
f 3906/2379/3672 3908/2403/3674 3874/2297/3640
f 3904/2380/3670 3905/2386/3671 3735/2158/3501
f 3878/2301/3644 3879/2302/3645 3752/2381/3518
f 3749/2382/3515 3748/2404/3514 3750/2175/3516
f 3739/2383/3505 3887/2402/3653 3754/2304/3520
f 3910/2384/3676 3738/2390/3504 3741/2166/3507
f 3724/2369/3490 3725/2368/3491 3867/2288/3633
f 3901/2371/3667 3726/2148/3492 3727/2149/3493
f 3729/2385/3495 3728/2370/3494 3869/2291/3635
f 3902/2375/3668 3853/2273/3619 3852/2274/3618
f 3903/2376/3669 3730/2152/3496 3731/2153/3497
f 3872/2295/3638 3747/2170/3513 3745/2373/3511
f 3873/2296/3639 3732/2377/3498 3733/2374/3499
f 3734/2157/3500 3735/2158/3501 3905/2386/3671
f 3874/2297/3640 3908/2403/3674 3907/2378/3673
f 3877/2300/3643 3876/2299/3642 3909/2387/3675
f 3736/2160/3502 3737/2161/3503 3882/2388/3648
f 3750/2175/3516 3748/2404/3514 3856/2276/3622
f 3753/2178/3519 3878/2301/3644 3751/2389/3517
f 3858/2303/3624 3861/2278/3627 3752/2381/3518
f 3740/2165/3506 3741/2166/3507 3738/2390/3504
f 3895/2393/3661 3894/2392/3660 3893/2391/3659
f 3680/2394/3446 3896/2400/3662 3897/2396/3663
f 3897/2396/3663 3898/2398/3664 3899/2397/3665
f 3898/2398/3664 3889/2399/3655 3888/2311/3654
f 3894/2392/3660 3895/2393/3661 3896/2400/3662
f 3920/2405/3686 3921/2406/3687 3922/2407/3688
f 3922/2407/3688 3923/2408/3689 3924/2409/3690
f 3924/2409/3690 3925/2410/3691 3926/2411/3692
f 3926/2411/3692 3927/2412/3693 3920/2405/3686
f 3928/2413/3694 3929/2414/3695 3930/2415/3696
f 3928/2413/3694 3931/2416/3697 3932/2417/3698
f 3933/2418/3699 3934/2419/3700 3935/2420/3701
f 3935/2420/3701 3936/2421/3702 3929/2414/3695
f 3933/2418/3699 3932/2417/3698 3938/2422/3704
f 3937/2423/3703 3938/2422/3704 3939/2424/3705
f 3940/2425/3706 3941/2426/3707 3942/2427/3708
f 3937/2423/3703 3942/2427/3708 3934/2419/3700
f 3940/2425/3706 3939/2424/3705 3944/2428/3710
f 3943/2429/3709 3944/2428/3710 3945/2430/3711
f 3946/2431/3712 3947/2432/3713 3948/2433/3714
f 3943/2429/3709 3948/2433/3714 3941/2426/3707
f 3949/2434/3715 3950/2435/3716 3951/2436/3717
f 3949/2434/3715 3952/2437/3718 3947/2432/3713
f 3949/2434/3715 3946/2431/3712 3945/2430/3711
f 3953/2438/3719 3954/2439/3720 3950/2435/3716
f 3956/2440/3722 3957/2441/3723 3958/2442/3724
f 3958/2442/3724 3951/2436/3717 3950/2435/3716
f 3950/2435/3716 3954/2439/3720 3959/2443/3725
f 3955/2444/3721 3959/2443/3725 3960/2445/3726
f 3962/2446/3728 3960/2445/3726 3959/2443/3725
f 3959/2443/3725 3954/2439/3720 3963/2447/3729
f 3963/2447/3729 3932/2417/3698 3931/2416/3697
f 3931/2416/3697 3930/2415/3696 3962/2446/3728
f 3965/2448/3731 3966/2449/3732 3967/2450/3733
f 3964/2451/3730 3967/2450/3733 3968/2452/3734
f 3964/2451/3730 3969/2453/3735 3970/2454/3736
f 3971/2455/3737 3972/2456/3738 3965/2448/3731
f 3974/2457/3740 3927/2412/3693 3926/2411/3692
f 3973/2458/3739 3926/2411/3692 3925/2410/3691
f 3975/2459/3741 3968/2452/3734 3967/2450/3733
f 3973/2458/3739 3967/2450/3733 3966/2449/3732
f 3976/2460/3742 3977/2461/3743 3972/2456/3738
f 3971/2455/3737 3970/2454/3736 3978/2462/3744
f 3976/2460/3742 3978/2462/3744 3923/2408/3689
f 3922/2407/3688 3921/2406/3687 3977/2461/3743
f 3979/2463/3745 3953/2438/3719 3945/2430/3711
f 3980/2464/3746 3972/2456/3738 3977/2461/3743
f 3977/2461/3743 3921/2406/3687 3981/2465/3747
f 3979/2463/3745 3981/2465/3747 3954/2439/3720
f 3982/2466/3748 3938/2422/3704 3932/2417/3698
f 3983/2467/3749 3927/2412/3693 3974/2457/3740
f 3974/2457/3740 3966/2449/3732 3984/2468/3750
f 3982/2466/3748 3984/2468/3750 3939/2424/3705
f 3944/2428/3710 3939/2424/3705 3984/2468/3750
f 3985/2469/3751 3984/2468/3750 3966/2449/3732
f 3985/2469/3751 3965/2448/3731 3972/2456/3738
f 3980/2464/3746 3945/2430/3711 3944/2428/3710
f 3963/2447/3729 3954/2439/3720 3981/2465/3747
f 3986/2470/3752 3981/2465/3747 3921/2406/3687
f 3986/2470/3752 3920/2405/3686 3927/2412/3693
f 3983/2467/3749 3932/2417/3698 3963/2447/3729
f 3988/2471/3754 3936/2421/3702 3935/2420/3701
f 3987/2472/3753 3935/2420/3701 3934/2419/3700
f 3987/2472/3753 3989/2473/3755 3990/2474/3756
f 3991/2475/3757 3992/2476/3758 3988/2471/3754
f 3994/2477/3760 3951/2436/3717 3958/2442/3724
f 3993/2478/3759 3958/2442/3724 3957/2441/3723
f 3995/2479/3761 3996/2480/3762 3997/2481/3762
f 3993/2478/3759 3997/2481/3762 3998/2482/3762
f 4000/2483/3764 3941/2426/3707 3948/2433/3714
f 3999/2484/3763 3948/2433/3714 3947/2432/3713
f 3999/2484/3763 4001/2485/3765 4002/2486/3766
f 3999/2484/3763 4003/2487/3767 4004/2488/3768
f 4005/2489/3769 3989/2473/3755 3934/2419/3700
f 3942/2427/3708 3941/2426/3707 4000/2483/3764
f 4005/2489/3769 4000/2483/3764 4004/2488/3768
f 4006/2490/3770 3990/2474/3756 3989/2473/3755
f 4001/2485/3765 3947/2432/3713 3952/2437/3718
f 4007/2491/3771 3952/2437/3718 3951/2436/3717
f 3994/2477/3760 3998/2482/3762 4008/2492/3772
f 4007/2491/3771 4008/2492/3772 4002/2486/3766
f 4009/2493/3773 4010/2494/3774 3925/2410/3691
f 4009/2493/3773 3924/2409/3690 3923/2408/3689
f 4009/2493/3773 4011/2495/3775 4012/2496/3776
f 4009/2493/3773 4013/2497/3777 4014/2498/3778
f 4016/2499/3780 3970/2454/3736 3969/2453/3735
f 3969/2453/3735 3968/2452/3734 4017/2500/3781
f 4015/2501/3779 4017/2500/3781 4018/2502/3782
f 4015/2501/3779 4019/2503/3783 4020/2504/3784
f 4021/2505/3785 4017/2500/3781 3968/2452/3734
f 3975/2459/3741 3925/2410/3691 4010/2494/3774
f 4021/2505/3785 4010/2494/3774 4014/2498/3778
f 4021/2505/3785 4022/2506/3786 4018/2502/3782
f 4011/2495/3775 3923/2408/3689 3978/2462/3744
f 4023/2507/3787 3978/2462/3744 3970/2454/3736
f 4023/2507/3787 4016/2499/3780 4020/2504/3784
f 4023/2507/3787 4024/2508/3788 4012/2496/3776
f 4026/2509/3790 4014/2498/3778 4013/2497/3777
f 4013/2497/3777 4012/2496/3776 4027/2510/3791
f 4029/2511/3793 4020/2504/3784 4019/2503/3783
f 4019/2503/3783 4018/2502/3782 4030/2512/3794
f 4030/2512/3794 4018/2502/3782 4022/2506/3786
f 4022/2506/3786 4014/2498/3778 4026/2509/3790
f 4027/2510/3791 4012/2496/3776 4024/2508/3788
f 4024/2508/3788 4020/2504/3784 4029/2511/3793
f 4025/2513/3789 4027/2510/3791 4033/2514/3797
f 4025/2513/3789 4033/2515/3797 4026/2509/3790
f 4028/2516/3792 4030/2512/3794 4033/2517/3797
f 4028/2516/3792 4033/2518/3797 4029/2511/3793
f 4031/2519/3795 4026/2509/3790 4033/2520/3797
f 4031/2519/3795 4033/2521/3797 4030/2512/3794
f 4032/2522/3796 4029/2511/3793 4033/2523/3797
f 4032/2522/3796 4033/2524/3797 4027/2510/3791
f 4035/2407/3799 4036/2406/3800 4037/2405/3801
f 4038/2409/3802 4039/2408/3803 4035/2407/3799
f 4040/2411/3804 4041/2410/3805 4038/2409/3802
f 4037/2405/3801 4042/2412/3806 4040/2411/3804
f 4043/2413/3807 4044/2416/3808 3930/2415/3696
f 4043/2413/3807 4045/2418/3809 4046/2417/3810
f 4047/2420/3811 4048/2419/3812 4045/2418/3809
f 3929/2414/3695 3936/2421/3702 4047/2420/3811
f 4050/2422/3814 4046/2417/3810 4045/2418/3809
f 4049/2423/3813 4051/2425/3815 4052/2424/3816
f 4053/2427/3817 4054/2426/3818 4051/2425/3815
f 4049/2423/3813 4045/2418/3809 4048/2419/3812
f 4056/2428/3820 4052/2424/3816 4051/2425/3815
f 4055/2429/3819 4057/2431/3821 4058/2430/3822
f 4059/2433/3823 4060/2432/3824 4057/2431/3821
f 4055/2429/3819 4051/2425/3815 4054/2426/3818
f 4061/2434/3825 4062/2437/3826 4063/2436/3827
f 4061/2434/3825 4057/2431/3821 4060/2432/3824
f 4061/2434/3825 4065/2438/3829 4058/2430/3822
f 4064/2435/3828 4066/2439/3830 4065/2438/3829
f 4068/2442/3832 3957/2441/3723 3956/2440/3722
f 4064/2435/3828 4063/2436/3827 4068/2442/3832
f 4069/2443/3833 4066/2439/3830 4064/2435/3828
f 4067/2444/3831 3956/2440/3722 3960/2445/3726
f 4069/2443/3833 3960/2445/3726 3962/2446/3728
f 4071/2447/3835 4066/2439/3830 4069/2443/3833
f 4044/2416/3808 4046/2417/3810 4071/2447/3835
f 3962/2446/3728 3930/2415/3696 4044/2416/3808
f 4073/2450/3837 4074/2449/3838 4075/2448/3839
f 4072/2451/3836 4076/2453/3840 4077/2452/3841
f 4072/2451/3836 4078/2455/3842 4079/2454/3843
f 4075/2448/3839 4080/2456/3844 4078/2455/3842
f 4040/2411/3804 4042/2412/3806 4082/2457/3846
f 4081/2458/3845 4083/2459/3847 4041/2410/3805
f 4073/2450/3837 4077/2452/3841 4083/2459/3847
f 4081/2458/3845 4082/2457/3846 4074/2449/3838
f 4084/2460/3848 4078/2455/3842 4080/2456/3844
f 4086/2462/3850 4079/2454/3843 4078/2455/3842
f 4084/2460/3848 4035/2407/3799 4039/2408/3803
f 4085/2461/3849 4036/2406/3800 4035/2407/3799
f 4087/2463/3851 4088/2464/3852 4058/2430/3822
f 4085/2461/3849 4080/2456/3844 4088/2464/3852
f 4089/2465/3853 4036/2406/3800 4085/2461/3849
f 4087/2463/3851 4065/2438/3829 4066/2439/3830
f 4090/2466/3854 4091/2467/3855 4046/2417/3810
f 4082/2457/3846 4042/2412/3806 4091/2467/3855
f 4092/2468/3856 4074/2449/3838 4082/2457/3846
f 4090/2466/3854 4050/2422/3814 4052/2424/3816
f 4092/2468/3856 4052/2424/3816 4056/2428/3820
f 4093/2469/3857 4075/2448/3839 4074/2449/3838
f 4093/2469/3857 4088/2464/3852 4080/2456/3844
f 4056/2428/3820 4058/2430/3822 4088/2464/3852
f 4089/2465/3853 4066/2439/3830 4071/2447/3835
f 4094/2470/3858 4037/2405/3801 4036/2406/3800
f 4094/2470/3858 4091/2467/3855 4042/2412/3806
f 4071/2447/3835 4046/2417/3810 4091/2467/3855
f 4047/2420/3811 3936/2421/3702 3988/2471/3754
f 4095/2472/3859 4096/2473/3860 4048/2419/3812
f 4095/2472/3859 4097/2475/3861 4098/2474/3862
f 3988/2471/3754 3992/2476/3758 4097/2475/3861
f 4068/2442/3832 4063/2436/3827 4100/2477/3864
f 4099/2478/3863 3995/2479/3761 3957/2441/3723
f 4101/2481/3762 3996/2480/3762 3995/2479/3761
f 4099/2478/3863 4100/2477/3864 4102/2482/3762
f 4059/2433/3823 4054/2426/3818 4104/2483/3866
f 4103/2484/3865 4105/2485/3867 4060/2432/3824
f 4103/2484/3865 4106/2487/3868 4107/2486/3869
f 4103/2484/3865 4104/2483/3866 4108/2488/3870
f 4109/2489/3871 4053/2427/3817 4048/2419/3812
f 4104/2483/3866 4054/2426/3818 4053/2427/3817
f 4109/2489/3871 4110/2490/3872 4108/2488/3870
f 4096/2473/3860 4098/2474/3862 4110/2490/3872
f 4062/2437/3826 4060/2432/3824 4105/2485/3867
f 4111/2491/3873 4100/2477/3864 4063/2436/3827
f 4112/2492/3874 4102/2482/3762 4100/2477/3864
f 4111/2491/3873 4105/2485/3867 4107/2486/3869
f 4113/2493/3875 4038/2409/3802 4041/2410/3805
f 4113/2493/3875 4115/2495/3877 4039/2408/3803
f 4113/2493/3875 4116/2497/3878 4117/2496/3879
f 4113/2493/3875 4114/2494/3876 4118/2498/3880
f 4076/2453/3840 4079/2454/3843 4120/2499/3882
f 4121/2500/3883 4077/2452/3841 4076/2453/3840
f 4119/2501/3881 4122/2503/3884 4123/2502/3885
f 4119/2501/3881 4120/2499/3882 4124/2504/3886
f 4125/2505/3887 4083/2459/3847 4077/2452/3841
f 4114/2494/3876 4041/2410/3805 4083/2459/3847
f 4125/2505/3887 4126/2506/3888 4118/2498/3880
f 4125/2505/3887 4121/2500/3883 4123/2502/3885
f 4086/2462/3850 4039/2408/3803 4115/2495/3877
f 4127/2507/3889 4120/2499/3882 4079/2454/3843
f 4127/2507/3889 4128/2508/3890 4124/2504/3886
f 4127/2507/3889 4115/2495/3877 4117/2496/3879
f 4116/2497/3878 4118/2498/3880 4130/2509/3892
f 4131/2510/3893 4117/2496/3879 4116/2497/3878
f 4122/2503/3884 4124/2504/3886 4133/2511/3895
f 4134/2512/3896 4123/2502/3885 4122/2503/3884
f 4126/2506/3888 4123/2502/3885 4134/2512/3896
f 4130/2509/3892 4118/2498/3880 4126/2506/3888
f 4128/2508/3890 4117/2496/3879 4131/2510/3893
f 4133/2511/3895 4124/2504/3886 4128/2508/3890
f 4129/2513/3891 4137/2514/3899 4131/2510/3893
f 4129/2513/3891 4130/2509/3892 4137/2515/3899
f 4132/2516/3894 4137/2517/3899 4134/2512/3896
f 4132/2516/3894 4133/2511/3895 4137/2518/3899
f 4135/2519/3897 4137/2520/3899 4130/2509/3892
f 4135/2519/3897 4134/2512/3896 4137/2521/3899
f 4136/2522/3898 4137/2523/3899 4133/2511/3895
f 4136/2522/3898 4131/2510/3893 4137/2524/3899
f 4138/2525/3900 4139/2526/3901 4140/2527/3902
f 4142/2528/3904 4143/2529/3905 4139/2526/3901
f 4138/2525/3900 4144/2530/3906 4145/2531/3907
f 4141/2532/3903 4146/2533/3908 4144/2530/3906
f 4148/2534/3910 4149/2535/3911 4150/2536/3912
f 4147/2537/3909 4151/2538/3913 4152/2539/3914
f 4153/2540/3915 4154/2541/3916 4151/2538/3913
f 4147/2537/3909 4150/2536/3912 4155/2542/3917
f 4156/2543/3918 4157/2544/3919 4158/2545/3920
f 4156/2543/3918 4160/2546/3922 4161/2547/3923
f 4159/2548/3921 4163/2549/3925 4160/2546/3922
f 4165/2550/3927 4166/2551/3928 4167/2552/3929
f 4141/2532/3903 4140/2527/3902 4165/2550/3927
f 4164/2553/3926 4168/2554/3930 4146/2533/3908
f 4164/2553/3926 4167/2552/3929 4169/2555/3931
f 4170/2556/3932 4160/2546/3922 4163/2549/3925
f 4172/2557/3934 4161/2547/3923 4160/2546/3922
f 4170/2556/3932 4173/2558/3935 4174/2559/3936
f 4171/2560/3933 4175/2561/3937 4173/2558/3935
f 4168/2554/3930 4169/2555/3931 4177/2562/3939
f 4178/2563/3940 4146/2533/3908 4168/2554/3930
f 4176/2564/3938 4179/2565/3941 4180/2566/3942
f 4176/2564/3938 4177/2562/3939 4181/2567/3943
f 4182/2568/3944 4183/2569/3945 4180/2566/3942
f 4182/2568/3944 4185/2570/3947 4186/2571/3948
f 4148/2534/3910 4152/2539/3914 4185/2570/3947
f 4182/2568/3944 4184/2572/3946 4149/2535/3911
f 4187/2573/3949 4144/2530/3906 4146/2533/3908
f 4188/2574/3950 4145/2531/3907 4144/2530/3906
f 4187/2573/3949 4183/2569/3945 4186/2571/3948
f 4178/2563/3940 4180/2566/3942 4183/2569/3945
f 4189/2575/3951 4173/2558/3935 4175/2561/3937
f 4191/2576/3953 4174/2559/3936 4173/2558/3935
f 4189/2575/3951 4192/2577/3954 4193/2578/3955
f 4190/2579/3952 4194/2580/3956 4192/2577/3954
f 4179/2565/3941 4181/2567/3943 4196/2581/3958
f 4195/2582/3957 4184/2572/3946 4180/2566/3942
f 4197/2583/3959 4149/2535/3911 4184/2572/3946
f 4195/2582/3957 4196/2581/3958 4198/2584/3960
f 4199/2585/3961 4200/2586/3962 4201/2587/3963
f 4203/2588/3965 4204/2589/3966 4200/2586/3962
f 4205/2590/3967 4206/2591/3968 4203/2588/3965
f 4199/2585/3961 4202/2592/3964 4207/2593/3969
f 4208/2594/3970 4192/2577/3954 4194/2580/3956
f 4210/2595/3972 4193/2578/3955 4192/2577/3954
f 4208/2594/3970 4200/2586/3962 4204/2589/3966
f 4209/2596/3971 4201/2587/3963 4200/2586/3962
f 4197/2583/3959 4198/2584/3960 4212/2597/3974
f 4211/2598/3973 4150/2536/3912 4149/2535/3911
f 4213/2599/3975 4155/2542/3917 4150/2536/3912
f 4214/2600/3976 4215/2601/3977 4216/2602/3978
f 4212/2597/3974 4198/2584/3960 4215/2601/3977
f 4219/2603/3981 4220/2604/3982 4221/2605/3983
f 4223/2606/3985 4152/2539/3914 4151/2538/3913
f 4222/2607/3984 4224/2608/3986 4225/2609/3987
f 4218/2610/3980 4221/2605/3983 4224/2608/3986
f 4222/2607/3984 4151/2538/3913 4154/2541/3916
f 4226/2611/3988 4218/2610/3980 4154/2541/3916
f 4153/2540/3915 4155/2542/3917 4213/2599/3975
f 4228/2612/3990 4229/2613/3991 4230/2614/3992
f 4227/2615/3989 4196/2581/3958 4181/2567/3943
f 4227/2615/3989 4215/2601/3977 4198/2584/3960
f 4227/2615/3989 4230/2614/3992 4216/2602/3978
f 4232/2616/3994 4186/2571/3948 4185/2570/3947
f 4233/2617/3995 4234/2618/3996 4232/2616/3994
f 4231/2619/3993 4223/2606/3985 4225/2609/3987
f 4231/2619/3993 4185/2570/3947 4152/2539/3914
f 4235/2620/3997 4236/2621/3998 4237/2622/3999
f 4177/2562/3939 4169/2555/3931 4236/2621/3998
f 4228/2612/3990 4181/2567/3943 4177/2562/3939
f 4235/2620/3997 4238/2623/4000 4229/2613/3991
f 4239/2624/4001 4240/2625/4002 4145/2531/3907
f 4241/2626/4003 4242/2627/4004 4240/2625/4002
f 4239/2624/4001 4232/2616/3994 4234/2618/3996
f 4188/2574/3950 4186/2571/3948 4232/2616/3994
f 4244/2628/4006 4245/2629/4007 4246/2630/4008
f 4243/2631/4005 4167/2552/3929 4166/2551/3928
f 4243/2631/4005 4236/2621/3998 4169/2555/3931
f 4246/2630/4008 4237/2622/3999 4236/2621/3998
f 4247/2632/4009 4248/2633/4010 4143/2529/3905
f 4249/2634/4011 4250/2635/4012 4248/2633/4010
f 4247/2632/4009 4240/2625/4002 4242/2627/4004
f 4142/2528/3904 4145/2531/3907 4240/2625/4002
f 4251/2636/4013 4252/2637/4014 4253/2638/4015
f 4255/2639/4017 4256/2640/4018 4252/2637/4014
f 4251/2636/4013 4257/2641/4019 4258/2642/4020
f 4255/2639/4017 4258/2642/4020 4260/2643/4022
f 4259/2644/4021 4261/2645/4023 4256/2640/4018
f 4262/2646/4024 4263/2647/4025 4261/2645/4023
f 4260/2643/4022 4264/2648/4026 4262/2646/4024
f 4266/2649/4028 4263/2647/4025 4267/2650/4029
f 4268/2651/4030 4269/2652/4031 4266/2649/4028
f 4270/2653/4032 4271/2654/4033 4268/2651/4030
f 4265/2655/4027 4267/2650/4029 4272/2656/4034
f 4274/2657/4036 4275/2658/4037 4276/2659/4038
f 4277/2660/4039 4269/2652/4031 4274/2657/4036
f 4205/2590/3967 4207/2593/3969 4277/2660/4039
f 4273/2661/4035 4276/2659/4038 4206/2591/3968
f 4278/2662/4040 4279/2663/4041 4280/2664/4042
f 4209/2596/3971 4194/2580/3956 4279/2663/4041
f 4278/2662/4040 4282/2665/4044 4201/2587/3963
f 4281/2666/4043 4283/2667/4045 4282/2665/4044
f 4284/2668/4046 4282/2665/4044 4283/2667/4045
f 4202/2592/3964 4201/2587/3963 4282/2665/4044
f 4286/2669/4048 4207/2593/3969 4202/2592/3964
f 4285/2670/4047 4287/2671/4049 4286/2669/4048
f 4288/2672/4050 4289/2673/4051 4290/2674/4052
f 4190/2579/3952 4175/2561/3937 4289/2673/4051
f 4288/2672/4050 4279/2663/4041 4194/2580/3956
f 4291/2675/4053 4280/2664/4042 4279/2663/4041
f 4292/2676/4054 4293/2677/4055 4294/2678/4056
f 4171/2560/3933 4163/2549/3925 4293/2677/4055
f 4292/2676/4054 4289/2673/4051 4175/2561/3937
f 4295/2679/4057 4290/2674/4052 4289/2673/4051
f 4297/2680/4059 4298/2681/4060 4299/2682/4061
f 4159/2548/3921 4158/2545/3920 4297/2680/4059
f 4296/2683/4058 4293/2677/4055 4163/2549/3925
f 4299/2682/4061 4294/2678/4056 4293/2677/4055
f 4270/2653/4032 4272/2656/4034 4301/2684/4063
f 4300/2685/4062 4302/2686/4064 4271/2654/4033
f 4303/2687/4065 4304/2688/4066 4302/2686/4064
f 4300/2685/4062 4301/2684/4063 4305/2689/4067
f 4307/2690/4069 4275/2658/4037 4308/2691/4070
f 4309/2692/4071 4264/2648/4026 4307/2690/4069
f 4306/2693/4068 4310/2694/4072 4311/2695/4073
f 4308/2691/4070 4312/2696/4074 4310/2694/4072
f 4313/2697/4075 4274/2657/4036 4269/2652/4031
f 4313/2697/4075 4308/2691/4070 4275/2658/4037
f 4313/2697/4075 4314/2698/4076 4312/2696/4074
f 4268/2651/4030 4271/2654/4033 4314/2698/4076
f 4262/2646/4024 4264/2648/4026 4309/2692/4071
f 4315/2699/4077 4267/2650/4029 4263/2647/4025
f 4316/2700/4078 4272/2656/4034 4267/2650/4029
f 4315/2699/4077 4309/2692/4071 4311/2695/4073
f 4303/2687/4065 4305/2689/4067 4318/2701/4080
f 4317/2702/4079 4319/2703/4081 4304/2688/4066
f 4317/2702/4079 4320/2704/4082 4321/2705/4083
f 4317/2702/4079 4318/2701/4080 4322/2706/4084
f 4323/2707/4085 4310/2694/4072 4312/2696/4074
f 4325/2708/4087 4311/2695/4073 4310/2694/4072
f 4323/2707/4085 4326/2709/4088 4327/2710/4089
f 4324/2711/4086 4328/2712/4090 4326/2709/4088
f 4329/2713/4091 4314/2698/4076 4271/2654/4033
f 4324/2711/4086 4312/2696/4074 4314/2698/4076
f 4329/2713/4091 4330/2714/4092 4328/2712/4090
f 4329/2713/4091 4302/2686/4064 4304/2688/4066
f 4316/2700/4078 4311/2695/4073 4325/2708/4087
f 4331/2715/4093 4301/2684/4063 4272/2656/4034
f 4332/2716/4094 4305/2689/4067 4301/2684/4063
f 4325/2708/4087 4327/2710/4089 4332/2716/4094
f 4333/2717/4095 4320/2704/4082 4322/2706/4084
f 4335/2717/4097 4321/2705/4083 4320/2704/4082
f 4336/2718/4098 4326/2709/4088 4328/2712/4090
f 4338/2719/4100 4327/2710/4089 4326/2709/4088
f 4336/2718/4098 4339/2720/4101 4340/2721/4102
f 4336/2718/4098 4337/2722/4099 4341/2723/4103
f 4330/2714/4092 4304/2688/4066 4319/2703/4081
f 4342/2724/4104 4337/2722/4099 4328/2712/4090
f 4342/2724/4104 4343/2725/4105 4341/2723/4103
f 4342/2724/4104 4319/2703/4081 4321/2705/4083
f 4344/2726/4106 4332/2716/4094 4327/2710/4089
f 4318/2701/4080 4305/2689/4067 4332/2716/4094
f 4344/2726/4106 4345/2727/4107 4322/2706/4084
f 4344/2726/4106 4338/2719/4100 4340/2721/4102
f 4335/2717/4097 4346/2717/4108 4347/2717/4109
f 4347/2717/4109 4346/2717/4108 4348/2717/4110
f 4349/2717/4111 4346/2717/4108 4334/2717/4096
f 4350/2717/4112 4346/2717/4108 4349/2717/4111
f 4339/2720/4101 4341/2723/4103 4348/2717/4110
f 4351/2717/4113 4350/2717/4112 4340/2721/4102
f 4347/2717/4109 4343/2725/4105 4321/2705/4083
f 4348/2717/4110 4341/2723/4103 4343/2725/4105
f 4345/2727/4107 4340/2721/4102 4350/2717/4112
f 4334/2717/4096 4322/2706/4084 4345/2727/4107
f 4172/2557/3934 4174/2559/3936 4353/2728/4115
f 4354/2729/4116 4161/2547/3923 4172/2557/3934
f 4356/2730/4118 4258/2642/4020 4257/2641/4019
f 4357/2731/4119 4162/2732/3924 4161/2547/3923
f 4358/2733/4120 4260/2643/4022 4258/2642/4020
f 4359/2734/4121 4264/2648/4026 4260/2643/4022
f 4191/2576/3953 4193/2578/3955 4361/2735/4123
f 4360/2736/4122 4353/2728/4115 4174/2559/3936
f 4362/2737/4124 4276/2659/4038 4275/2658/4037
f 4364/2738/4126 4206/2591/3968 4276/2659/4038
f 3665/2739/3431 3666/2740/3432 4364/2738/4126
f 4210/2595/3972 4204/2589/3966 4366/2741/4128
f 4365/2742/4127 4361/2735/4123 4193/2578/3955
f 4367/2743/4129 4203/2588/3965 4206/2591/3968
f 4367/2743/4129 4366/2741/4128 4204/2589/3966
f 4367/2743/4129 4364/2738/4126 3666/2740/3432
f 4368/2744/4130 4307/2690/4069 4264/2648/4026
f 4363/2745/4125 4275/2658/4037 4307/2690/4069
f 4370/2746/4132 4250/2635/4012 4249/2634/4011
f 4369/2747/4131 4371/2748/4133 4372/2749/4134
f 4369/2747/4131 4373/2750/4135 4374/2751/4136
f 4249/2634/4011 4242/2627/4004 4373/2750/4135
f 4376/2752/4138 4372/2749/4134 4371/2748/4133
f 4299/2682/4061 4298/2681/4060 4376/2752/4138
f 4375/2753/4137 4377/2754/4139 4294/2678/4056
f 4371/2748/4133 4374/2751/4136 4377/2754/4139
f 4378/2755/4140 4373/2750/4135 4242/2627/4004
f 4379/2756/4141 4374/2751/4136 4373/2750/4135
f 4378/2755/4140 4380/2757/4142 4381/2758/4143
f 4241/2626/4003 4234/2618/3996 4380/2757/4142
f 4382/2759/4144 4377/2754/4139 4374/2751/4136
f 4295/2679/4057 4294/2678/4056 4377/2754/4139
f 4382/2759/4144 4383/2760/4145 4290/2674/4052
f 4379/2756/4141 4381/2758/4143 4383/2760/4145
f 4384/2761/4146 4380/2757/4142 4234/2618/3996
f 4385/2762/4147 4381/2758/4143 4380/2757/4142
f 4384/2761/4146 4386/2763/4148 4387/2764/4149
f 4233/2617/3995 4225/2609/3987 4386/2763/4148
f 4388/2765/4150 4383/2760/4145 4381/2758/4143
f 4291/2675/4053 4290/2674/4052 4383/2760/4145
f 4388/2765/4150 4389/2766/4151 4280/2664/4042
f 4388/2765/4150 4385/2762/4147 4387/2764/4149
f 4390/2767/4152 4391/2768/4153 4213/2599/3975
f 4220/2604/3982 4392/2769/4154 4393/2770/4155
f 4395/2771/4157 4396/2772/4158 4397/2773/4159
f 4398/2774/4160 4399/2775/4161 4400/2776/4162
f 4285/2670/4047 4283/2667/4045 4399/2775/4161
f 4402/2777/4164 4287/2671/4049 4285/2670/4047
f 4401/2778/4163 4403/2779/4165 4402/2777/4164
f 4404/2780/4166 4386/2763/4148 4225/2609/3987
f 4404/2780/4166 4405/2781/4167 4387/2764/4149
f 4393/2770/4155 4400/2776/4162 4405/2781/4167
f 4404/2780/4166 4224/2608/3986 4221/2605/3983
f 4389/2766/4151 4387/2764/4149 4405/2781/4167
f 4281/2666/4043 4280/2664/4042 4389/2766/4151
f 4406/2782/4168 4399/2775/4161 4283/2667/4045
f 4406/2782/4168 4405/2781/4167 4400/2776/4162
f 4407/2783/4169 4408/2784/4170 4253/2638/4015
f 4409/2785/4171 4410/2786/4172 4408/2784/4170
f 4411/2787/4173 4412/2788/4174 4409/2785/4171
f 4407/2783/4169 4252/2637/4014 4256/2640/4018
f 4414/2789/4176 4410/2786/4172 4409/2785/4171
f 4413/2790/4175 4246/2630/4008 4245/2629/4007
f 4415/2791/4177 4237/2622/3999 4246/2630/4008
f 4409/2785/4171 4412/2788/4174 4415/2791/4177
f 4411/2787/4173 4256/2640/4018 4261/2645/4023
f 4416/2792/4178 4417/2793/4179 4412/2788/4174
f 4418/2794/4180 4419/2795/4181 4417/2793/4179
f 4416/2792/4178 4261/2645/4023 4263/2647/4025
f 4230/2614/3992 4229/2613/3991 4421/2796/4183
f 4420/2797/4182 4422/2798/4184 4216/2602/3978
f 4423/2799/4185 4424/2800/4186 4422/2798/4184
f 4420/2797/4182 4421/2796/4183 4425/2801/4187
f 4418/2794/4180 4263/2647/4025 4266/2649/4028
f 4426/2802/4188 4427/2803/4189 4419/2795/4181
f 4426/2802/4188 4428/2804/4190 4429/2805/4191
f 4266/2649/4028 4269/2652/4031 4428/2804/4190
f 4431/2806/4193 4287/2671/4049 4432/2807/4194
f 4430/2808/4192 4433/2809/4195 4429/2805/4191
f 4434/2810/4196 4435/2811/4197 4433/2809/4195
f 4430/2808/4192 4432/2807/4194 4436/2812/4198
f 4428/2804/4190 4269/2652/4031 4277/2660/4039
f 4431/2806/4193 4429/2805/4191 4428/2804/4190
f 4437/2813/4199 4286/2669/4048 4287/2671/4049
f 4277/2660/4039 4207/2593/3969 4286/2669/4048
f 4217/2814/3979 4216/2602/3978 4422/2798/4184
f 4439/2815/4201 4403/2779/4165 4217/2814/3979
f 4438/2816/4200 4440/2817/4202 4441/2818/4203
f 4438/2816/4200 4422/2798/4184 4424/2800/4186
f 4442/2819/4204 4443/2820/4205 4444/2821/4206
f 4442/2819/4204 4446/2822/4208 4447/2823/4209
f 4442/2819/4204 4448/2824/4210 4425/2801/4187
f 4442/2819/4204 4445/2825/4207 4449/2826/4211
f 4448/2824/4210 4449/2826/4211 4451/2827/4213
f 4423/2799/4185 4425/2801/4187 4448/2824/4210
f 4452/2828/4214 4424/2800/4186 4423/2799/4185
f 4451/2827/4213 4435/2811/4197 4452/2828/4214
f 4453/2829/4215 4452/2828/4214 4435/2811/4197
f 4440/2817/4202 4424/2800/4186 4452/2828/4214
f 4453/2829/4215 4454/2830/4216 4441/2818/4203
f 4434/2810/4196 4436/2812/4198 4454/2830/4216
f 4427/2803/4189 4429/2805/4191 4433/2809/4195
f 4456/2831/4218 4419/2795/4181 4427/2803/4189
f 4455/2832/4217 4451/2827/4213 4449/2826/4211
f 4455/2832/4217 4433/2809/4195 4435/2811/4197
f 4238/2623/4000 4237/2622/3999 4458/2833/4220
f 4457/2834/4219 4421/2796/4183 4229/2613/3991
f 4446/2822/4208 4425/2801/4187 4421/2796/4183
f 4457/2834/4219 4458/2833/4220 4447/2823/4209
f 4459/2835/4221 4417/2793/4179 4419/2795/4181
f 4460/2836/4222 4412/2788/4174 4417/2793/4179
f 4459/2835/4221 4445/2825/4207 4444/2821/4206
f 4456/2831/4218 4449/2826/4211 4445/2825/4207
f 4461/2837/4223 4402/2777/4164 4403/2779/4165
f 4461/2837/4223 4432/2807/4194 4287/2671/4049
f 4454/2830/4216 4436/2812/4198 4432/2807/4194
f 4439/2815/4201 4441/2818/4203 4454/2830/4216
f 4462/2838/4224 4415/2791/4177 4412/2788/4174
f 4462/2838/4224 4458/2833/4220 4237/2622/3999
f 4443/2820/4205 4447/2823/4209 4458/2833/4220
f 4460/2836/4222 4444/2821/4206 4443/2820/4205
f 4401/2778/4163 4463/2839/4225 4464/2840/4226
f 4403/2779/4165 4464/2840/4226 4465/2841/4227
f 4226/2611/3988 4466/2842/4228 4219/2603/3981
f 4391/2768/4153 4466/2842/4228 4226/2611/3988
f 4394/2843/4156 4467/2844/4229 4391/2768/4153
f 4468/2845/4230 4467/2844/4229 4394/2843/4156
f 4397/2773/4159 4465/2841/4227 4464/2840/4226
f 4469/2846/4231 4220/2604/3982 4219/2603/3981
f 4466/2842/4228 4391/2768/4153 4467/2844/4229
f 4470/2847/4232 4392/2769/4154 4220/2604/3982
f 4470/2847/4232 4463/2839/4225 4471/2848/4233
f 4468/2845/4230 4464/2840/4226 4463/2839/4225
f 4469/2846/4231 4467/2844/4229 4468/2845/4230
f 4397/2773/4159 4396/2772/4158 4472/2849/4234
f 4471/2848/4233 4463/2839/4225 4401/2778/4163
f 4212/2597/3974 4473/2850/4235 4474/2851/4236
f 4393/2770/4155 4392/2769/4154 4471/2848/4233
f 4472/2849/4234 4475/2852/4237 4476/2853/4238
f 4473/2850/4235 4478/2854/4240 4479/2855/4241
f 4480/2856/4242 4481/2857/4243 4396/2772/4158
f 4482/2858/4244 4395/2771/4157 4394/2843/4156
f 4477/2859/4239 4483/2860/4245 4214/2600/3976
f 4465/2841/4227 4472/2849/4234 4477/2859/4239
f 4474/2851/4236 4482/2858/4244 4390/2767/4152
f 4483/2860/4245 4473/2850/4235 4212/2597/3974
f 4478/2854/4240 4480/2856/4242 4484/2861/4246
f 4475/2852/4237 4481/2857/4243 4485/2862/4247
f 4481/2857/4243 4480/2856/4242 4478/2854/4240
f 4396/2772/4158 4481/2857/4243 4475/2852/4237
f 4476/2853/4238 4485/2862/4247 4483/2860/4245
f 4484/2861/4246 4480/2856/4242 4395/2771/4157
f 4483/2860/4245 4485/2862/4247 4478/2854/4240
f 4479/2855/4241 4484/2861/4246 4482/2858/4244
f 4348/2717/4110 4346/2717/4108 4351/2717/4113
f 4351/2717/4113 4346/2717/4108 4350/2717/4112
f 4334/2717/4096 4346/2717/4108 4333/2717/4095
f 4333/2717/4095 4346/2717/4108 4335/2717/4097
f 4162/2732/3924 4486/2863/4248 4157/2544/3919
f 4254/2864/4016 4487/2865/4249 4257/2641/4019
f 4355/2866/4117 4257/2641/4019 4487/2865/4249
f 4357/2731/4119 4489/2867/4251 4486/2863/4248
f 4352/2868/4114 3662/2869/3428 3663/2870/3429
f 4353/2728/4115 3593/2871/3359 3662/2869/3428
f 3524/2872/3290 3661/2873/3427 4356/2730/4118
f 4354/2729/4116 3663/2870/3429 3664/2874/3430
f 3590/2875/3356 3589/2876/3355 4359/2734/4121
f 4358/2733/4120 4356/2730/4118 3661/2873/3427
f 3591/2877/3357 3593/2871/3359 4353/2728/4115
f 4360/2736/4122 4361/2735/4123 3592/2878/3358
f 4363/2745/4125 3526/2879/3292 3665/2739/3431
f 3529/2880/3295 3592/2878/3358 4361/2735/4123
f 4366/2741/4128 3530/2881/3296 3529/2880/3295
f 3660/2882/3426 3530/2881/3296 4366/2741/4128
f 4368/2744/4130 3527/2883/3293 3526/2879/3292
f 4368/2744/4130 4359/2734/4121 3589/2876/3355
f 4355/2866/4117 4488/2884/4250 3525/2885/3291
f 4357/2731/4119 3664/2874/3430 3667/2886/3433
f 4490/2525/4252 4491/2532/4253 4140/2527/3902
f 4139/2526/3901 4143/2529/3905 4492/2528/4254
f 4490/2525/4252 4492/2528/4254 4493/2531/4255
f 4494/2530/4256 4495/2533/4257 4491/2532/4253
f 4497/2536/4259 4498/2535/4260 4499/2534/4261
f 4496/2537/4258 4499/2534/4261 4500/2539/4262
f 4501/2538/4263 4502/2541/4264 4503/2540/4265
f 4496/2537/4258 4503/2540/4265 4504/2542/4266
f 4505/2543/4267 4506/2548/4268 4158/2545/3920
f 4505/2543/4267 4507/2732/4269 4508/2547/4270
f 4509/2546/4271 4510/2549/4272 4506/2548/4268
f 4512/2552/4274 4166/2551/3928 4165/2550/3927
f 4165/2550/3927 4140/2527/3902 4491/2532/4253
f 4511/2553/4273 4491/2532/4253 4495/2533/4257
f 4511/2553/4273 4513/2554/4275 4514/2555/4276
f 4515/2556/4277 4516/2560/4278 4510/2549/4272
f 4509/2546/4271 4508/2547/4270 4517/2557/4279
f 4515/2556/4277 4517/2557/4279 4518/2559/4280
f 4519/2558/4281 4520/2561/4282 4516/2560/4278
f 4522/2562/4284 4514/2555/4276 4513/2554/4275
f 4513/2554/4275 4495/2533/4257 4523/2563/4285
f 4521/2564/4283 4523/2563/4285 4524/2566/4286
f 4521/2564/4283 4525/2565/4287 4526/2567/4288
f 4527/2568/4289 4528/2572/4290 4524/2566/4286
f 4527/2568/4289 4529/2569/4291 4530/2571/4292
f 4531/2570/4293 4500/2539/4262 4499/2534/4261
f 4527/2568/4289 4499/2534/4261 4498/2535/4260
f 4532/2573/4294 4523/2563/4285 4495/2533/4257
f 4494/2530/4256 4493/2531/4255 4533/2574/4295
f 4532/2573/4294 4533/2574/4295 4530/2571/4292
f 4529/2569/4291 4524/2566/4286 4523/2563/4285
f 4534/2575/4296 4535/2579/4297 4520/2561/4282
f 4519/2558/4281 4518/2559/4280 4536/2576/4298
f 4534/2575/4296 4536/2576/4298 4537/2578/4299
f 4538/2577/4300 4539/2580/4301 4535/2579/4297
f 4541/2581/4303 4526/2567/4288 4525/2565/4287
f 4540/2582/4302 4525/2565/4287 4524/2566/4286
f 4528/2572/4290 4498/2535/4260 4542/2583/4304
f 4540/2582/4302 4542/2583/4304 4543/2584/4305
f 4544/2585/4306 4545/2592/4307 4546/2587/4308
f 4547/2586/4309 4548/2589/4310 4549/2588/4311
f 4549/2588/4311 4550/2591/4312 4551/2590/4313
f 4544/2585/4306 4551/2590/4313 4552/2593/4314
f 4553/2594/4315 4554/2596/4316 4539/2580/4301
f 4538/2577/4300 4537/2578/4299 4555/2595/4317
f 4553/2594/4315 4555/2595/4317 4548/2589/4310
f 4547/2586/4309 4546/2587/4308 4554/2596/4316
f 4557/2597/4319 4543/2584/4305 4542/2583/4304
f 4556/2598/4318 4542/2583/4304 4498/2535/4260
f 4497/2536/4259 4504/2542/4266 4558/2599/4320
f 4559/2600/4321 4560/2814/4322 4561/2602/4323
f 4562/2601/4324 4543/2584/4305 4557/2597/4319
f 4564/2605/4326 4565/2604/4327 4566/2603/4328
f 4501/2538/4263 4500/2539/4262 4568/2606/4330
f 4567/2607/4329 4568/2606/4330 4569/2609/4331
f 4570/2608/4332 4564/2605/4326 4563/2610/4325
f 4567/2607/4329 4563/2610/4325 4502/2541/4264
f 4571/2611/4333 4503/2540/4265 4502/2541/4264
f 4558/2599/4320 4504/2542/4266 4503/2540/4265
f 4573/2614/4335 4574/2613/4336 4575/2612/4337
f 4572/2615/4334 4575/2612/4337 4526/2567/4288
f 4572/2615/4334 4541/2581/4303 4543/2584/4305
f 4572/2615/4334 4562/2601/4324 4561/2602/4323
f 4531/2570/4293 4530/2571/4292 4577/2616/4339
f 4577/2616/4339 4578/2618/4340 4579/2617/4341
f 4576/2619/4338 4579/2617/4341 4569/2609/4331
f 4576/2619/4338 4568/2606/4330 4500/2539/4262
f 4580/2620/4342 4581/2623/4343 4582/2622/4344
f 4583/2621/4345 4514/2555/4276 4522/2562/4284
f 4522/2562/4284 4526/2567/4288 4575/2612/4337
f 4580/2620/4342 4575/2612/4337 4574/2613/4336
f 4584/2624/4346 4533/2574/4295 4493/2531/4255
f 4585/2625/4347 4586/2627/4348 4587/2626/4349
f 4584/2624/4346 4587/2626/4349 4578/2618/4340
f 4577/2616/4339 4530/2571/4292 4533/2574/4295
f 4589/2630/4351 4245/2629/4007 4244/2628/4006
f 4588/2631/4350 4244/2628/4006 4166/2551/3928
f 4588/2631/4350 4512/2552/4274 4514/2555/4276
f 4583/2621/4345 4582/2622/4344 4589/2630/4351
f 4590/2632/4352 4492/2528/4254 4143/2529/3905
f 4248/2633/4010 4250/2635/4012 4591/2634/4353
f 4590/2632/4352 4591/2634/4353 4586/2627/4348
f 4585/2625/4347 4493/2531/4255 4492/2528/4254
f 4592/2636/4354 4254/2864/4016 4253/2638/4015
f 4593/2637/4355 4594/2640/4356 4595/2639/4357
f 4592/2636/4354 4595/2639/4357 4596/2642/4358
f 4599/2643/4361 4596/2642/4358 4595/2639/4357
f 4598/2644/4360 4595/2639/4357 4594/2640/4356
f 4600/2645/4362 4601/2647/4363 4602/2646/4364
f 4602/2646/4364 4603/2648/4365 4599/2643/4361
f 4605/2650/4367 4601/2647/4363 4606/2649/4368
f 4606/2649/4368 4607/2652/4369 4608/2651/4370
f 4608/2651/4370 4609/2654/4371 4610/2653/4372
f 4604/2655/4366 4610/2653/4372 4611/2656/4373
f 4613/2659/4375 4614/2658/4376 4615/2657/4377
f 4615/2657/4377 4607/2652/4369 4616/2660/4378
f 4616/2660/4378 4552/2593/4314 4551/2590/4313
f 4612/2661/4374 4551/2590/4313 4550/2591/4312
f 4617/2662/4379 4618/2666/4380 4619/2664/4381
f 4620/2663/4382 4539/2580/4301 4554/2596/4316
f 4617/2662/4379 4554/2596/4316 4546/2587/4308
f 4621/2665/4383 4622/2667/4384 4618/2666/4380
f 4623/2668/4385 4624/2670/4386 4622/2667/4384
f 4621/2665/4383 4546/2587/4308 4545/2592/4307
f 4545/2592/4307 4552/2593/4314 4625/2669/4387
f 4625/2669/4387 4626/2671/4388 4624/2670/4386
f 4627/2672/4389 4628/2675/4390 4629/2674/4391
f 4630/2673/4392 4520/2561/4282 4535/2579/4297
f 4627/2672/4389 4535/2579/4297 4539/2580/4301
f 4620/2663/4382 4619/2664/4381 4628/2675/4390
f 4631/2676/4393 4632/2679/4394 4633/2678/4395
f 4634/2677/4396 4510/2549/4272 4516/2560/4278
f 4631/2676/4393 4516/2560/4278 4520/2561/4282
f 4630/2673/4392 4629/2674/4391 4632/2679/4394
f 4636/2682/4398 4298/2681/4060 4297/2680/4059
f 4297/2680/4059 4158/2545/3920 4506/2548/4268
f 4635/2683/4397 4506/2548/4268 4510/2549/4272
f 4634/2677/4396 4633/2678/4395 4636/2682/4398
f 4638/2684/4400 4611/2656/4373 4610/2653/4372
f 4637/2685/4399 4610/2653/4372 4609/2654/4371
f 4639/2686/4401 4640/2688/4402 4641/2687/4403
f 4637/2685/4399 4641/2687/4403 4642/2689/4404
f 4644/2691/4406 4614/2658/4376 4645/2690/4407
f 4645/2690/4407 4603/2648/4365 4646/2692/4408
f 4643/2693/4405 4646/2692/4408 4647/2695/4409
f 4648/2694/4410 4649/2696/4411 4644/2691/4406
f 4650/2697/4412 4608/2651/4370 4607/2652/4369
f 4650/2697/4412 4615/2657/4377 4614/2658/4376
f 4650/2697/4412 4644/2691/4406 4649/2696/4411
f 4651/2698/4413 4609/2654/4371 4608/2651/4370
f 4646/2692/4408 4603/2648/4365 4602/2646/4364
f 4652/2699/4414 4602/2646/4364 4601/2647/4363
f 4605/2650/4367 4611/2656/4373 4653/2700/4415
f 4652/2699/4414 4653/2700/4415 4647/2695/4409
f 4655/2701/4417 4642/2689/4404 4641/2687/4403
f 4654/2702/4416 4641/2687/4403 4640/2688/4402
f 4654/2702/4416 4656/2703/4418 4657/2705/4419
f 4654/2702/4416 4658/2704/4420 4659/2706/4421
f 4660/2707/4422 4661/2711/4423 4649/2696/4411
f 4648/2694/4410 4647/2695/4409 4662/2708/4424
f 4660/2707/4422 4662/2708/4424 4663/2710/4425
f 4664/2709/4426 4665/2712/4427 4661/2711/4423
f 4666/2713/4428 4639/2686/4401 4609/2654/4371
f 4651/2698/4413 4649/2696/4411 4661/2711/4423
f 4666/2713/4428 4661/2711/4423 4665/2712/4427
f 4666/2713/4428 4667/2714/4429 4640/2688/4402
f 4662/2708/4424 4647/2695/4409 4653/2700/4415
f 4668/2715/4430 4653/2700/4415 4611/2656/4373
f 4638/2684/4400 4642/2689/4404 4669/2716/4431
f 4669/2716/4431 4663/2710/4425 4662/2708/4424
f 4670/2717/4432 4671/2717/4433 4659/2706/4421
f 4658/2704/4420 4657/2705/4419 4672/2717/4434
f 4673/2718/4435 4674/2722/4436 4665/2712/4427
f 4664/2709/4426 4663/2710/4425 4675/2719/4437
f 4673/2718/4435 4675/2719/4437 4676/2721/4438
f 4673/2718/4435 4677/2720/4439 4678/2723/4440
f 4656/2703/4418 4640/2688/4402 4667/2714/4429
f 4679/2724/4441 4667/2714/4429 4665/2712/4427
f 4679/2724/4441 4674/2722/4436 4678/2723/4440
f 4679/2724/4441 4680/2725/4442 4657/2705/4419
f 4681/2726/4443 4675/2719/4437 4663/2710/4425
f 4669/2716/4431 4642/2689/4404 4655/2701/4417
f 4681/2726/4443 4655/2701/4417 4659/2706/4421
f 4681/2726/4443 4682/2727/4444 4676/2721/4438
f 4672/2717/4434 4683/2717/4445 4684/2717/4446
f 4683/2717/4445 4685/2717/4447 4684/2717/4446
f 4686/2717/4448 4671/2717/4433 4684/2717/4446
f 4687/2717/4449 4686/2717/4448 4684/2717/4446
f 4685/2717/4447 4678/2723/4440 4677/2720/4439
f 4688/2717/4450 4677/2720/4439 4676/2721/4438
f 4683/2717/4445 4672/2717/4434 4657/2705/4419
f 4680/2725/4442 4678/2723/4440 4685/2717/4447
f 4687/2717/4449 4676/2721/4438 4682/2727/4444
f 4682/2727/4444 4659/2706/4421 4671/2717/4433
f 4690/2728/4452 4518/2559/4280 4517/2557/4279
f 4517/2557/4279 4508/2547/4270 4691/2729/4453
f 4597/2641/4359 4596/2642/4358 4693/2730/4455
f 4694/2731/4456 4691/2729/4453 4508/2547/4270
f 4695/2733/4457 4693/2730/4455 4596/2642/4358
f 4599/2643/4361 4603/2648/4365 4696/2734/4458
f 4698/2735/4460 4537/2578/4299 4536/2576/4298
f 4697/2736/4459 4536/2576/4298 4518/2559/4280
f 4699/2737/4461 4700/2745/4462 4614/2658/4376
f 4613/2659/4375 4550/2591/4312 4701/2738/4463
f 4701/2738/4463 3917/2740/3683 3916/2739/3682
f 4703/2741/4465 4548/2589/4310 4555/2595/4317
f 4702/2742/4464 4555/2595/4317 4537/2578/4299
f 4704/2743/4466 4701/2738/4463 4550/2591/4312
f 4704/2743/4466 4549/2588/4311 4548/2589/4310
f 4704/2743/4466 3911/2882/3677 3917/2740/3683
f 4705/2744/4467 4696/2734/4458 4603/2648/4365
f 4645/2690/4407 4614/2658/4376 4700/2745/4462
f 4591/2634/4353 4250/2635/4012 4370/2746/4132
f 4706/2747/4468 4370/2746/4132 4372/2749/4134
f 4706/2747/4468 4707/2748/4469 4708/2751/4470
f 4709/2750/4471 4586/2627/4348 4591/2634/4353
f 4707/2748/4469 4372/2749/4134 4376/2752/4138
f 4376/2752/4138 4298/2681/4060 4636/2682/4398
f 4710/2753/4472 4636/2682/4398 4633/2678/4395
f 4711/2754/4473 4708/2751/4470 4707/2748/4469
f 4712/2755/4474 4587/2626/4349 4586/2627/4348
f 4709/2750/4471 4708/2751/4470 4713/2756/4475
f 4712/2755/4474 4713/2756/4475 4714/2758/4476
f 4715/2757/4477 4578/2618/4340 4587/2626/4349
f 4716/2759/4478 4713/2756/4475 4708/2751/4470
f 4711/2754/4473 4633/2678/4395 4632/2679/4394
f 4716/2759/4478 4632/2679/4394 4629/2674/4391
f 4717/2760/4479 4714/2758/4476 4713/2756/4475
f 4718/2761/4480 4579/2617/4341 4578/2618/4340
f 4715/2757/4477 4714/2758/4476 4719/2762/4481
f 4718/2761/4480 4719/2762/4481 4720/2764/4482
f 4721/2763/4483 4569/2609/4331 4579/2617/4341
f 4722/2765/4484 4719/2762/4481 4714/2758/4476
f 4717/2760/4479 4629/2674/4391 4628/2675/4390
f 4722/2765/4484 4628/2675/4390 4619/2664/4381
f 4722/2765/4484 4723/2766/4485 4720/2764/4482
f 4558/2599/4320 4724/2768/4486 4725/2767/4487
f 4726/2770/4488 4727/2769/4489 4565/2604/4327
f 4729/2773/4491 4730/2772/4492 4731/2771/4493
f 4732/2774/4494 4733/2778/4495 4734/2776/4496
f 4735/2775/4497 4622/2667/4384 4624/2670/4386
f 4624/2670/4386 4626/2671/4388 4736/2777/4498
f 4736/2777/4498 4737/2779/4499 4733/2778/4495
f 4738/2780/4500 4570/2608/4332 4569/2609/4331
f 4738/2780/4500 4721/2763/4483 4720/2764/4482
f 4739/2781/4501 4734/2776/4496 4726/2770/4488
f 4738/2780/4500 4726/2770/4488 4564/2605/4326
f 4739/2781/4501 4720/2764/4482 4723/2766/4485
f 4723/2766/4485 4619/2664/4381 4618/2666/4380
f 4740/2782/4502 4618/2666/4380 4622/2667/4384
f 4740/2782/4502 4735/2775/4497 4734/2776/4496
f 4741/2783/4503 4593/2637/4355 4253/2638/4015
f 4408/2784/4170 4410/2786/4172 4742/2785/4504
f 4742/2785/4504 4743/2788/4505 4744/2787/4506
f 4741/2783/4503 4744/2787/4506 4594/2640/4356
f 4742/2785/4504 4410/2786/4172 4414/2789/4176
f 4745/2790/4507 4414/2789/4176 4245/2629/4007
f 4589/2630/4351 4582/2622/4344 4746/2791/4508
f 4746/2791/4508 4743/2788/4505 4742/2785/4504
f 4600/2645/4362 4594/2640/4356 4744/2787/4506
f 4747/2792/4509 4744/2787/4506 4743/2788/4505
f 4748/2793/4510 4749/2795/4511 4750/2794/4512
f 4747/2792/4509 4750/2794/4512 4601/2647/4363
f 4752/2796/4514 4574/2613/4336 4573/2614/4335
f 4751/2797/4513 4573/2614/4335 4561/2602/4323
f 4753/2798/4515 4754/2800/4516 4755/2799/4517
f 4751/2797/4513 4755/2799/4517 4756/2801/4518
f 4606/2649/4368 4601/2647/4363 4750/2794/4512
f 4757/2802/4519 4750/2794/4512 4749/2795/4511
f 4757/2802/4519 4758/2803/4520 4759/2805/4521
f 4760/2804/4522 4607/2652/4369 4606/2649/4368
f 4762/2807/4524 4626/2671/4388 4763/2806/4525
f 4761/2808/4523 4763/2806/4525 4759/2805/4521
f 4764/2809/4526 4765/2811/4527 4766/2810/4528
f 4761/2808/4523 4766/2810/4528 4767/2812/4529
f 4616/2660/4378 4607/2652/4369 4760/2804/4522
f 4760/2804/4522 4759/2805/4521 4763/2806/4525
f 4768/2813/4530 4763/2806/4525 4626/2671/4388
f 4625/2669/4387 4552/2593/4314 4616/2660/4378
f 4753/2798/4515 4561/2602/4323 4560/2814/4322
f 4560/2814/4322 4737/2779/4499 4770/2815/4532
f 4769/2816/4531 4770/2815/4532 4771/2818/4533
f 4769/2816/4531 4772/2817/4534 4754/2800/4516
f 4773/2819/4535 4774/2825/4536 4775/2821/4537
f 4773/2819/4535 4776/2820/4538 4777/2823/4539
f 4773/2819/4535 4778/2822/4540 4756/2801/4518
f 4773/2819/4535 4779/2824/4541 4780/2826/4542
f 4782/2827/4544 4780/2826/4542 4779/2824/4541
f 4779/2824/4541 4756/2801/4518 4755/2799/4517
f 4755/2799/4517 4754/2800/4516 4783/2828/4545
f 4783/2828/4545 4765/2811/4527 4782/2827/4544
f 4784/2829/4546 4766/2810/4528 4765/2811/4527
f 4783/2828/4545 4754/2800/4516 4772/2817/4534
f 4784/2829/4546 4772/2817/4534 4771/2818/4533
f 4785/2830/4547 4767/2812/4529 4766/2810/4528
f 4764/2809/4526 4759/2805/4521 4758/2803/4520
f 4758/2803/4520 4749/2795/4511 4787/2831/4549
f 4786/2832/4548 4787/2831/4549 4780/2826/4542
f 4786/2832/4548 4782/2827/4544 4765/2811/4527
f 4789/2833/4551 4582/2622/4344 4581/2623/4343
f 4788/2834/4550 4581/2623/4343 4574/2613/4336
f 4752/2796/4514 4756/2801/4518 4778/2822/4540
f 4788/2834/4550 4778/2822/4540 4777/2823/4539
f 4790/2835/4552 4787/2831/4549 4749/2795/4511
f 4748/2793/4510 4743/2788/4505 4791/2836/4553
f 4790/2835/4552 4791/2836/4553 4775/2821/4537
f 4774/2825/4536 4780/2826/4542 4787/2831/4549
f 4792/2837/4554 4770/2815/4532 4737/2779/4499
f 4792/2837/4554 4736/2777/4498 4626/2671/4388
f 4762/2807/4524 4767/2812/4529 4785/2830/4547
f 4785/2830/4547 4771/2818/4533 4770/2815/4532
f 4793/2838/4555 4791/2836/4553 4743/2788/4505
f 4793/2838/4555 4746/2791/4508 4582/2622/4344
f 4789/2833/4551 4777/2823/4539 4776/2820/4538
f 4776/2820/4538 4775/2821/4537 4791/2836/4553
f 4733/2778/4495 4737/2779/4499 4794/2840/4556
f 4737/2779/4499 4560/2814/4322 4796/2841/4558
f 4571/2611/4333 4563/2610/4325 4566/2603/4328
f 4571/2611/4333 4797/2842/4559 4724/2768/4486
f 4724/2768/4486 4798/2844/4560 4728/2843/4490
f 4728/2843/4490 4798/2844/4560 4799/2845/4561
f 4729/2773/4491 4799/2845/4561 4794/2840/4556
f 4566/2603/4328 4565/2604/4327 4800/2846/4562
f 4797/2842/4559 4800/2846/4562 4798/2844/4560
f 4801/2847/4563 4800/2846/4562 4565/2604/4327
f 4801/2847/4563 4727/2769/4489 4802/2848/4564
f 4795/2839/4557 4794/2840/4556 4799/2845/4561
f 4799/2845/4561 4798/2844/4560 4800/2846/4562
f 4729/2773/4491 4796/2841/4558 4803/2849/4565
f 4733/2778/4495 4795/2839/4557 4802/2848/4564
f 4557/2597/4319 4556/2598/4318 4804/2851/4566
f 4726/2770/4488 4734/2776/4496 4802/2848/4564
f 4803/2849/4565 4806/2859/4568 4807/2853/4569
f 4805/2850/4567 4804/2851/4566 4809/2855/4571
f 4730/2772/4492 4811/2857/4573 4812/2856/4574
f 4728/2843/4490 4731/2771/4493 4813/2858/4575
f 4559/2600/4321 4814/2860/4576 4806/2859/4568
f 4796/2841/4558 4560/2814/4322 4806/2859/4568
f 4725/2767/4487 4813/2858/4575 4804/2851/4566
f 4557/2597/4319 4805/2850/4567 4814/2860/4576
f 4810/2854/4572 4809/2855/4571 4815/2861/4577
f 4816/2862/4578 4811/2857/4573 4808/2852/4570
f 4810/2854/4572 4812/2856/4574 4811/2857/4573
f 4730/2772/4492 4803/2849/4565 4808/2852/4570
f 4814/2860/4576 4816/2862/4578 4807/2853/4569
f 4731/2771/4493 4812/2856/4574 4815/2861/4577
f 4814/2860/4576 4805/2850/4567 4810/2854/4572
f 4813/2858/4575 4815/2861/4577 4809/2855/4571
f 4685/2717/4447 4688/2717/4450 4684/2717/4446
f 4688/2717/4450 4687/2717/4449 4684/2717/4446
f 4671/2717/4433 4670/2717/4432 4684/2717/4446
f 4670/2717/4432 4672/2717/4434 4684/2717/4446
f 4157/2544/3919 4817/2863/4579 4507/2732/4269
f 4597/2641/4359 4818/2865/4580 4254/2864/4016
f 4692/2866/4454 4488/2884/4250 4818/2865/4580
f 4694/2731/4456 4507/2732/4269 4817/2863/4579
f 4689/2868/4451 4691/2729/4453 3914/2870/3680
f 3913/2869/3679 3844/2871/3610 4690/2728/4452
f 4693/2730/4455 3912/2873/3678 3776/2872/3542
f 3915/2874/3681 3914/2870/3680 4691/2729/4453
f 4696/2734/4458 3841/2876/3607 3840/2875/3606
f 4695/2733/4457 3840/2875/3606 3912/2873/3678
f 4690/2728/4452 3844/2871/3610 3843/2877/3609
f 4697/2736/4459 3843/2877/3609 3842/2878/3608
f 3916/2739/3682 3778/2879/3544 4700/2745/4462
f 4698/2735/4460 3842/2878/3608 3781/2880/3547
f 3781/2880/3547 3780/2881/3546 4703/2741/4465
f 4703/2741/4465 3780/2881/3546 3911/2882/3677
f 4705/2744/4467 4700/2745/4462 3778/2879/3544
f 4705/2744/4467 3777/2883/3543 3841/2876/3607
f 4692/2866/4454 3776/2872/3542 3775/2885/3541
f 4694/2731/4456 4489/2867/4251 3918/2886/3684
f 4820/2887/4582 4821/2888/4583 4822/2889/4584
f 4823/2890/4585 4824/2891/4586 4825/2892/4587
f 4828/2893/4590 4829/2894/4591 4830/2895/4592
f 4831/2896/4593 4832/2897/4594 4833/2898/4595
f 4835/2899/4597 4836/2900/4598 4837/2901/4599
f 4840/2902/4602 4828/2893/4590 4827/2903/4589
f 4842/2904/4604 4843/2905/4605 4844/2906/4606
f 4845/2907/4607 4846/2908/4608 4847/2909/4609
f 4849/2910/4611 4850/2911/4612 4824/2891/4586
f 4821/2888/4583 4851/2912/4613 4852/2913/4614
f 1619/2914/1618 4835/2899/4597 4838/2915/4600
f 1185/1150/1185 1171/1136/1171 4854/2916/4616
f 4853/2917/4615 4855/2918/4617 1181/1146/1181
f 4856/2919/4618 4857/2920/4619 4855/2918/4617
f 4853/2917/4615 4854/2916/4616 4858/2921/4620
f 4859/2922/4621 1183/1148/1183 1176/1141/1176
f 4861/2923/4623 1167/1132/1167 1183/1148/1183
f 4859/2922/4621 4862/2924/4624 4863/2925/4625
f 4860/2926/4622 4864/2927/4626 4862/2924/4624
f 1180/1144/1180 1181/1146/1181 4855/2918/4617
f 4866/2928/4628 1177/1142/1177 1180/1144/1180
f 4865/2929/4627 4867/2930/4629 4868/2931/4630
f 4855/2918/4617 4857/2920/4619 4867/2930/4629
f 4869/2932/4631 1175/1140/1175 1177/1142/1177
f 4860/2926/4622 1176/1141/1176 1175/1140/1175
f 4869/2932/4631 4870/2933/4632 4864/2927/4626
f 4866/2928/4628 4868/2931/4630 4870/2933/4632
f 1159/1124/1159 1161/1126/1161 4872/2934/4634
f 4871/2935/4633 4873/2936/4635 1160/1125/1160
f 4874/2937/4636 4875/2938/4637 4873/2936/4635
f 4871/2935/4633 4872/2934/4634 4876/2939/4638
f 4877/2940/4639 1165/1129/1165 1167/1132/1167
f 4878/2941/4640 1166/1130/1166 1165/1129/1165
f 4877/2940/4639 4879/2942/4641 4880/2943/4642
f 4861/2923/4623 4863/2925/4625 4879/2942/4641
f 1170/1135/1170 1160/1125/1160 4873/2936/4635
f 4881/2944/4643 4854/2916/4616 1171/1136/1171
f 4882/2945/4644 4858/2921/4620 4854/2916/4616
f 4881/2944/4643 4873/2936/4635 4875/2938/4637
f 4883/2946/4645 4856/2919/4618 4858/2921/4620
f 4883/2946/4645 4885/2947/4647 4857/2920/4619
f 4884/2948/4646 4886/2949/4648 4885/2947/4647
f 4887/2950/4649 4862/2924/4624 4864/2927/4626
f 4887/2950/4649 4889/2951/4651 4863/2925/4625
f 4888/2952/4650 4886/2949/4648 4889/2951/4651
f 4890/2953/4652 4867/2930/4629 4857/2920/4619
f 4890/2953/4652 4891/2954/4653 4868/2931/4630
f 4885/2947/4647 4886/2949/4648 4891/2954/4653
f 4892/2955/4654 4870/2933/4632 4868/2931/4630
f 4892/2955/4654 4888/2952/4650 4864/2927/4626
f 4891/2954/4653 4886/2949/4648 4888/2952/4650
f 4893/2956/4655 4874/2937/4636 4876/2939/4638
f 4893/2956/4655 4895/2957/4657 4875/2938/4637
f 4894/2958/4656 4886/2949/4648 4895/2957/4657
f 4896/2959/4658 4879/2942/4641 4863/2925/4625
f 4896/2959/4658 4897/2960/4659 4880/2943/4642
f 4889/2951/4651 4886/2949/4648 4897/2960/4659
f 4898/2961/4660 4882/2945/4644 4875/2938/4637
f 4898/2961/4660 4884/2948/4646 4858/2921/4620
f 4895/2957/4657 4886/2949/4648 4884/2948/4646
f 4826/2962/4588 4825/2892/4587 4899/2963/4661
f 4902/2964/4664 4820/2887/4582 4819/2965/4581
f 4838/2915/4600 4837/2901/4599 4846/2908/4608
f 4903/2966/4665 4904/2967/4666 4905/2968/4667
f 4900/2969/4662 4899/2963/4661 4832/2897/4594
f 4844/2906/4606 4843/2905/4605 4836/2900/4598
f 4834/2970/4596 4833/2898/4595 4840/2902/4602
f 4848/2971/4610 4847/2909/4609 4907/2972/4669
f 4906/2973/4668 4905/2968/4667 4850/2911/4612
f 4830/2895/4592 4901/2974/4663 1623/2975/1622
f 1620/2976/1619 4826/2962/4588 4900/2969/4662
f 4822/2889/4584 4852/2913/4614 1627/2977/1626
f 4827/2903/4589 4830/2895/4592 1622/2978/1621
f 4852/2913/4614 4841/2979/4603 1628/2980/1627
f 4851/2912/4613 4842/2904/4604 4841/2979/4603
f 4829/2894/4591 4902/2964/4664 4901/2974/4663
f 4909/2981/4671 4910/2982/4672 4904/2967/4666
f 4908/2983/4670 4907/2972/4669 4910/2982/4672
f 4847/2909/4609 4911/2984/4673 4907/2972/4669
f 4833/2898/4595 4911/2984/4673 4840/2902/4602
f 4843/2905/4605 4911/2984/4673 4836/2900/4598
f 4899/2963/4661 4911/2984/4673 4832/2897/4594
f 4904/2967/4666 4911/2984/4673 4905/2968/4667
f 4837/2901/4599 4911/2984/4673 4846/2908/4608
f 4829/2894/4591 4911/2984/4673 4902/2964/4664
f 4910/2982/4672 4911/2984/4673 4904/2967/4666
f 4902/2964/4664 4911/2984/4673 4820/2887/4582
f 4825/2892/4587 4911/2984/4673 4899/2963/4661
f 4821/2888/4583 4911/2984/4673 4851/2912/4613
f 4850/2911/4612 4911/2984/4673 4824/2891/4586
f 4846/2908/4608 4911/2984/4673 4847/2909/4609
f 4842/2904/4604 4911/2984/4673 4843/2905/4605
f 4840/2902/4602 4911/2984/4673 4828/2893/4590
f 4836/2900/4598 4911/2984/4673 4837/2901/4599
f 4832/2897/4594 4911/2984/4673 4833/2898/4595
f 4907/2972/4669 4911/2984/4673 4910/2982/4672
f 4828/2893/4590 4911/2984/4673 4829/2894/4591
f 4824/2891/4586 4911/2984/4673 4825/2892/4587
f 4820/2887/4582 4911/2984/4673 4821/2888/4583
f 4905/2968/4667 4911/2984/4673 4850/2911/4612
f 4851/2912/4613 4911/2984/4673 4842/2904/4604
f 4912/2985/4674 4913/2986/811 4914/2987/4675
f 4915/2988/4676 4913/2986/811 4916/2989/4677
f 4917/2990/4678 4913/2986/811 4918/2991/4679
f 4919/2992/4680 4913/2986/811 4920/2993/4681
f 4914/2987/4675 4913/2986/811 4921/2994/4682
f 4916/2989/4677 4913/2986/811 4922/2995/4683
f 4920/2993/4681 4913/2986/811 4917/2990/4678
f 4918/2991/4679 4913/2986/811 4923/2996/4684
f 4922/2995/4683 4913/2986/811 4912/2985/4674
f 4923/2996/4684 4913/2986/811 4915/2988/4676
f 4914/2987/4675 4921/2994/4682 1632/2997/1631
f 1634/2998/1633 4922/2995/4683 4912/2985/4674
f 1635/2999/1634 4916/2989/4677 4922/2995/4683
f 4912/2985/4674 4914/2987/4675 1631/3000/1630
f 1636/3001/1635 4915/2988/4676 4916/2989/4677
f 4920/2993/4681 4917/2990/4678 1638/3002/1637
f 1618/3003/1617 4844/2906/4606 4835/2899/4597
f 4834/2970/4596 4839/3004/4601 1207/3005/1207
f 1624/3006/1623 4906/2973/4668 4849/2910/4611
f 4819/2965/4581 4822/2889/4584 1626/3007/1625
f 1202/3008/1202 4831/2896/4593 4834/2970/4596
f 4839/3004/4601 4827/2903/4589 1629/3009/1628
f 1206/3010/1206 4845/2907/4607 4848/2971/4610
f 1621/3011/1620 4838/2915/4600 4845/2907/4607
f 1616/3012/1615 4909/2981/4671 4903/2966/4665
f 4901/2974/4663 4819/2965/4581 1625/3013/1624
f 1204/3014/1204 4849/2910/4611 4823/2890/4585
f 1628/2980/1627 4841/2979/4603 4844/2906/4606
f 1617/3015/1616 4903/2966/4665 4906/2973/4668
f 1201/3016/1201 4908/2983/4670 4909/2981/4671
f 1205/3017/1205 4823/2890/4585 4826/2962/4588
f 1200/3018/1200 4848/2971/4610 4908/2983/4670
f 1630/3019/1629 4900/2969/4662 4831/2896/4593
f 1244/3020/1244 4918/2991/4679 4923/2996/4684
f 4917/2990/4678 4918/2991/4679 1244/3020/1244
f 4919/2992/4680 4920/2993/4681 1637/3021/1636
f 1245/3022/1245 4923/2996/4684 4915/2988/4676
f 4925/2889/4686 4926/2888/4687 4927/2887/4688
f 4928/2890/4689 4929/2962/4690 4930/2892/4691
f 4933/2895/4694 4934/2894/4695 4935/2893/4696
f 4936/2896/4697 4937/2970/4698 4938/2898/4699
f 4940/2899/4701 4941/2915/4702 4942/2901/4703
f 4932/2903/4693 4935/2893/4696 4945/2902/4706
f 4947/2906/4708 4948/2905/4709 4949/2904/4710
f 4950/2907/4711 4951/2971/4712 4952/2909/4713
f 4954/2910/4715 4928/2890/4689 4931/2891/4692
f 4956/2913/4717 4957/2912/4718 4926/2888/4687
f 2994/2914/2899 2997/3011/2902 4941/2915/4702
f 4959/2916/4720 2561/1136/2486 2576/1150/2501
f 4958/2917/4719 2576/1150/2501 2572/1146/2497
f 4960/2918/4721 4961/2920/4722 4962/2919/4723
f 4958/2917/4719 4962/2919/4723 4963/2921/4724
f 4964/2922/4725 4965/2926/4726 2566/1141/2491
f 2574/1148/2499 2558/1132/2483 4966/2923/4727
f 4964/2922/4725 4966/2923/4727 4967/2925/4728
f 4968/2924/4729 4969/2927/4730 4965/2926/4726
f 4960/2918/4721 2572/1146/2497 2571/1144/2496
f 2571/1144/2496 2568/1142/2493 4971/2928/4732
f 4970/2929/4731 4971/2928/4732 4972/2931/4733
f 4973/2930/4734 4961/2920/4722 4960/2918/4721
f 4974/2932/4735 4971/2928/4732 2568/1142/2493
f 2567/1140/2492 2566/1141/2491 4965/2926/4726
f 4974/2932/4735 4965/2926/4726 4969/2927/4730
f 4975/2933/4736 4972/2931/4733 4971/2928/4732
f 4872/2934/4634 1161/1126/1161 2554/1124/2479
f 4976/2935/4737 2554/1124/2479 2553/1125/2478
f 4977/2936/4738 4978/2938/4739 4979/2937/4740
f 4976/2935/4737 4979/2937/4740 4876/2939/4638
f 4980/2940/4741 4966/2923/4727 2558/1132/2483
f 2557/1129/2482 1166/1130/1166 4878/2941/4640
f 4980/2940/4741 4878/2941/4640 4880/2943/4642
f 4981/2942/4742 4967/2925/4728 4966/2923/4727
f 4977/2936/4738 2553/1125/2478 2562/1135/2487
f 4982/2944/4743 2562/1135/2487 2561/1136/2486
f 4959/2916/4720 4963/2921/4724 4983/2945/4744
f 4982/2944/4743 4983/2945/4744 4978/2938/4739
f 4984/2946/4745 4985/2948/4746 4963/2921/4724
f 4984/2946/4745 4962/2919/4723 4961/2920/4722
f 4986/2947/4747 4886/2949/4648 4985/2948/4746
f 4987/2950/4748 4988/2952/4749 4969/2927/4730
f 4987/2950/4748 4968/2924/4729 4967/2925/4728
f 4989/2951/4750 4886/2949/4648 4988/2952/4749
f 4990/2953/4751 4986/2947/4747 4961/2920/4722
f 4990/2953/4751 4973/2930/4734 4972/2931/4733
f 4991/2954/4752 4886/2949/4648 4986/2947/4747
f 4992/2955/4753 4991/2954/4752 4972/2931/4733
f 4992/2955/4753 4975/2933/4736 4969/2927/4730
f 4988/2952/4749 4886/2949/4648 4991/2954/4752
f 4993/2956/4754 4894/2958/4656 4876/2939/4638
f 4993/2956/4754 4979/2937/4740 4978/2938/4739
f 4994/2957/4755 4886/2949/4648 4894/2958/4656
f 4995/2959/4756 4989/2951/4750 4967/2925/4728
f 4995/2959/4756 4981/2942/4742 4880/2943/4642
f 4897/2960/4659 4886/2949/4648 4989/2951/4750
f 4996/2961/4757 4994/2957/4755 4978/2938/4739
f 4996/2961/4757 4983/2945/4744 4963/2921/4724
f 4985/2948/4746 4886/2949/4648 4994/2957/4755
f 4929/2962/4690 4997/2969/4758 4998/2963/4759
f 4924/2965/4685 4927/2887/4688 5000/2964/4761
f 4941/2915/4702 4950/2907/4711 4953/2908/4714
f 5001/2966/4762 5002/2973/4763 5003/2968/4764
f 4997/2969/4758 4936/2896/4697 4939/2897/4700
f 4947/2906/4708 4940/2899/4701 4943/2900/4704
f 4937/2970/4698 4944/3004/4705 4945/2902/4706
f 4951/2971/4712 5005/2983/4766 5006/2972/4767
f 5002/2973/4763 4954/2910/4715 4955/2911/4716
f 2998/2975/2903 4999/2974/4760 4933/2895/4694
f 2996/2976/2901 3006/3019/2911 4997/2969/4758
f 3004/2977/2909 4956/2913/4717 4925/2889/4686
f 2999/2978/2904 4933/2895/4694 4932/2903/4693
f 3003/2980/2908 4946/2979/4707 4956/2913/4717
f 4946/2979/4707 4949/2904/4710 4957/2912/4718
f 4999/2974/4760 5000/2964/4761 4934/2894/4695
f 5007/2981/4768 5001/2966/4762 5004/2967/4765
f 5005/2983/4766 5007/2981/4768 5008/2982/4769
f 4952/2909/4713 5006/2972/4767 5009/2984/4770
f 4938/2898/4699 4945/2902/4706 5009/2984/4770
f 4948/2905/4709 4943/2900/4704 5009/2984/4770
f 4998/2963/4759 4939/2897/4700 5009/2984/4770
f 5004/2967/4765 5003/2968/4764 5009/2984/4770
f 4942/2901/4703 4953/2908/4714 5009/2984/4770
f 4934/2894/4695 5000/2964/4761 5009/2984/4770
f 5008/2982/4769 5004/2967/4765 5009/2984/4770
f 5000/2964/4761 4927/2887/4688 5009/2984/4770
f 4930/2892/4691 4998/2963/4759 5009/2984/4770
f 4926/2888/4687 4957/2912/4718 5009/2984/4770
f 4955/2911/4716 4931/2891/4692 5009/2984/4770
f 4953/2908/4714 4952/2909/4713 5009/2984/4770
f 4949/2904/4710 4948/2905/4709 5009/2984/4770
f 4945/2902/4706 4935/2893/4696 5009/2984/4770
f 4943/2900/4704 4942/2901/4703 5009/2984/4770
f 4939/2897/4700 4938/2898/4699 5009/2984/4770
f 5006/2972/4767 5008/2982/4769 5009/2984/4770
f 4935/2893/4696 4934/2894/4695 5009/2984/4770
f 4931/2891/4692 4930/2892/4691 5009/2984/4770
f 4927/2887/4688 4926/2888/4687 5009/2984/4770
f 5003/2968/4764 4955/2911/4716 5009/2984/4770
f 4957/2912/4718 4949/2904/4710 5009/2984/4770
f 5010/2985/4771 5011/2987/4772 4913/2986/811
f 5012/2988/4773 5013/2989/4774 4913/2986/811
f 5014/2990/4775 5015/2991/4776 4913/2986/811
f 4919/2992/4680 5016/2993/4777 4913/2986/811
f 5011/2987/4772 4921/2994/4682 4913/2986/811
f 5013/2989/4774 5017/2995/4778 4913/2986/811
f 5016/2993/4777 5014/2990/4775 4913/2986/811
f 5015/2991/4776 5018/2996/4779 4913/2986/811
f 5017/2995/4778 5010/2985/4771 4913/2986/811
f 5018/2996/4779 5012/2988/4773 4913/2986/811
f 1632/2997/1631 4921/2994/4682 5011/2987/4772
f 3009/2998/2914 3008/3023/2913 5010/2985/4771
f 3010/2999/2915 3009/2998/2914 5017/2995/4778
f 3007/3000/2912 5011/2987/4772 5010/2985/4771
f 3011/3001/2916 3010/2999/2915 5013/2989/4774
f 3013/3002/2918 5014/2990/4775 5016/2993/4777
f 2995/3003/2900 2994/2914/2899 4940/2899/4701
f 2594/3005/2519 4944/3004/4705 4937/2970/4698
f 3000/3006/2905 2592/3014/2517 4954/2910/4715
f 3001/3007/2906 4925/2889/4686 4924/2965/4685
f 2590/3008/2515 2589/3024/2514 4937/2970/4698
f 3005/3009/2910 4932/2903/4693 4944/3004/4705
f 2593/3010/2518 2588/3018/2513 4951/2971/4712
f 2997/3011/2902 2593/3010/2518 4950/2907/4711
f 2993/3012/2898 2992/3015/2897 5001/2966/4762
f 3002/3013/2907 4924/2965/4685 4999/2974/4760
f 2592/3014/2517 2591/3017/2516 4928/2890/4689
f 3003/2980/2908 2995/3003/2900 4947/2906/4708
f 2992/3015/2897 3000/3006/2905 5002/2973/4763
f 2587/3016/2512 2993/3012/2898 5007/2981/4768
f 2591/3017/2516 2996/2976/2901 4929/2962/4690
f 2588/3018/2513 2587/3016/2512 5005/2983/4766
f 3006/3019/2911 2590/3008/2515 4936/2896/4697
f 2622/3020/2547 2621/3022/2546 5018/2996/4779
f 2622/3020/2547 5015/2991/4776 5014/2990/4775
f 3012/3021/2917 5016/2993/4777 4919/2992/4680
f 2621/3022/2546 3011/3001/2916 5012/2988/4773
f 5019/3025/4780 5020/3026/4781 5021/3027/4782
f 5020/3026/4781 5023/3028/4784 5024/3029/4785
f 5019/3025/4780 5026/3030/4787 5027/3031/4788
f 5022/3032/4783 5028/3033/4789 5026/3030/4787
f 5026/3030/4787 5028/3033/4789 5029/3034/4790
f 5031/3035/4792 5032/3036/4793 5033/3037/4794
f 5035/3038/4796 5034/3039/4795 5036/3040/4797
f 5034/3039/4795 5033/3037/4794 5038/3041/4799
f 5039/3042/4800 5040/3043/4801 5032/3036/4793
f 5039/3042/4800 5041/3044/4802 5042/3045/4803
f 5044/3046/4805 5045/3047/4806 5046/3048/4807
f 5045/3047/4806 5024/3029/4785 5023/3028/4784
f 5037/3049/4798 5036/3040/4797 5048/3050/4809
f 5043/3051/4804 5048/3050/4809 5049/3052/4810
f 5036/3040/4797 5038/3041/4799 5049/3052/4810
f 5050/3053/4811 5051/3054/4812 5052/3055/4813
f 5051/3054/4812 5054/3056/4815 5055/3057/4816
f 5052/3055/4813 5055/3057/4816 5042/3045/4803
f 5056/3058/4817 5057/3059/4818 5054/3056/4815
f 5030/3060/4791 5029/3034/4790 5057/3059/4818
f 5058/3061/4819 5059/3062/4820 5060/3063/4821
f 5059/3062/4820 5054/3056/4815 5057/3059/4818
f 5061/3064/4822 5060/3063/4821 5028/3033/4789
f 5060/3063/4821 5057/3059/4818 5029/3034/4790
f 5058/3061/4819 5062/3065/4823 5063/3066/4824
f 5062/3065/4823 5032/3036/4793 5040/3043/4801
f 5059/3062/4820 5063/3066/4824 5055/3057/4816
f 5063/3066/4824 5040/3043/4801 5042/3045/4803
f 5058/3061/4819 5064/3067/4825 5065/3068/4826
f 5064/3067/4825 5044/3046/4805 5049/3052/4810
f 5062/3065/4823 5065/3068/4826 5033/3037/4794
f 5065/3068/4826 5049/3052/4810 5038/3041/4799
f 5058/3061/4819 5061/3064/4822 5066/3069/4827
f 5022/3032/4783 5021/3027/4782 5066/3069/4827
f 5064/3067/4825 5066/3069/4827 5045/3047/4806
f 5066/3069/4827 5021/3027/4782 5024/3029/4785
f 5068/3070/4829 5069/3071/4830 5070/3072/4831
f 5070/3072/4831 5069/3071/4830 5071/3073/4832
f 5067/3074/4828 5073/3075/4834 5074/3076/4835
f 5073/3075/4834 5075/3077/4836 5076/3078/4837
f 5077/3079/4838 5078/3080/4839 5079/3081/4840
f 5078/3080/4839 5081/3082/4842 5082/3083/4843
f 5080/3084/4841 5079/3081/4840 5083/3085/4844
f 5079/3081/4840 5082/3083/4843 5085/3086/4846
f 5086/3087/4847 5087/3088/4848 5081/3082/4842
f 5086/3087/4847 5088/3089/4849 5089/3090/4850
f 5091/3091/4852 5092/3092/4853 5093/3093/4854
f 5092/3092/4853 5089/3090/4850 5088/3089/4849
f 5094/3094/4855 5095/3095/4856 5096/3096/4857
f 5090/3097/4851 5096/3096/4857 5097/3098/4858
f 5096/3096/4857 5072/3099/4833 5071/3073/4832
f 5098/3100/4859 5099/3101/4860 5100/3102/4861
f 5099/3101/4860 5091/3091/4852 5097/3098/4858
f 5101/3103/4862 5100/3102/4861 5069/3071/4830
f 5100/3102/4861 5097/3098/4858 5071/3073/4832
f 5098/3100/4859 5102/3104/4863 5103/3105/4864
f 5102/3104/4863 5081/3082/4842 5087/3088/4848
f 5099/3101/4860 5103/3105/4864 5092/3092/4853
f 5103/3105/4864 5087/3088/4848 5089/3090/4850
f 5098/3100/4859 5104/3106/4865 5105/3107/4866
f 5104/3106/4865 5106/3108/4867 5107/3109/4868
f 5105/3107/4866 5082/3083/4843 5081/3082/4842
f 5105/3107/4866 5107/3109/4868 5085/3086/4846
f 5098/3100/4859 5101/3103/4862 5108/3110/4869
f 5101/3103/4862 5068/3070/4829 5074/3076/4835
f 5104/3106/4865 5108/3110/4869 5109/3111/4870
f 5108/3110/4869 5074/3076/4835 5076/3078/4837
f 5110/3112/4871 5106/3108/4867 5109/3111/4870
f 5111/3113/4872 5075/3077/4836 5113/3114/4874
f 5111/3113/4872 5109/3111/4870 5076/3078/4837
f 5114/3115/4875 5107/3109/4868 5106/3108/4867
f 5083/3085/4844 5085/3086/4846 5107/3109/4868
f 5025/3116/4786 5115/3117/4876 5020/3026/4781
f 5115/3117/4876 5116/3118/4877 5023/3028/4784
f 5026/3030/4787 5030/3060/4791 5113/3119/4874
f 5077/3120/4838 5031/3035/4792 5034/3039/4795
f 5080/3121/4841 5039/3042/4800 5031/3035/4792
f 5084/3122/4845 5041/3044/4802 5039/3042/4800
f 5043/3051/4804 5046/3048/4807 5095/3123/4856
f 5046/3048/4807 5023/3028/4784 5116/3118/4877
f 5094/3124/4855 5047/3125/4808 5048/3050/4809
f 5053/3126/4814 5052/3055/4813 5041/3044/4802
f 5112/3127/4873 5056/3058/4817 5051/3054/4812
f 5112/3127/4873 5113/3119/4874 5030/3060/4791
f 5067/3074/4828 5070/3072/4831 5115/3128/4876
f 5070/3072/4831 5072/3099/4833 5116/3129/4877
f 5025/3130/4786 5027/3131/4788 5073/3075/4834
f 5027/3131/4788 5113/3114/4874 5075/3077/4836
f 5035/3132/4796 5086/3087/4847 5078/3080/4839
f 5037/3133/4798 5088/3089/4849 5086/3087/4847
f 5090/3097/4851 5093/3093/4854 5047/3134/4808
f 5047/3134/4808 5093/3093/4854 5088/3089/4849
f 5095/3095/4856 5116/3129/4877 5072/3099/4833
f 5050/3135/4811 5110/3112/4871 5111/3113/4872
f 5053/3136/4814 5114/3115/4875 5110/3112/4871
f 5084/3137/4845 5083/3085/4844 5114/3115/4875
f 5117/3025/4878 5118/3032/4879 5119/3027/4880
f 5120/3026/4881 5119/3027/4880 5121/3029/4882
f 5124/3031/4885 5125/3030/4886 5117/3025/4878
f 5125/3030/4886 5126/3033/4887 5118/3032/4879
f 5125/3030/4886 5127/3060/4888 5128/3034/4889
f 5129/3035/4890 5130/3039/4891 5131/3037/4892
f 5133/3038/4894 5134/3049/4895 5135/3040/4896
f 5130/3039/4891 5135/3040/4896 5136/3041/4897
f 5132/3036/4893 5137/3043/4898 5138/3042/4899
f 5138/3042/4899 5137/3043/4898 5139/3045/4900
f 5142/3048/4903 5143/3047/4904 5144/3046/4905
f 5122/3028/4883 5121/3029/4882 5143/3047/4904
f 5146/3050/4907 5135/3040/4896 5134/3049/4895
f 5141/3051/4902 5144/3046/4905 5147/3052/4908
f 5147/3052/4908 5136/3041/4897 5135/3040/4896
f 5148/3053/4909 5149/3126/4910 5150/3055/4911
f 5151/3054/4912 5150/3055/4911 5152/3057/4913
f 5150/3055/4911 5140/3044/4901 5139/3045/4900
f 5153/3056/4914 5154/3059/4915 5155/3058/4916
f 5154/3059/4915 5128/3034/4889 5127/3060/4888
f 5156/3061/4917 5157/3064/4918 5158/3063/4919
f 5159/3062/4920 5158/3063/4919 5154/3059/4915
f 5157/3064/4918 5118/3032/4879 5126/3033/4887
f 5158/3063/4919 5126/3033/4887 5128/3034/4889
f 5156/3061/4917 5159/3062/4920 5160/3066/4921
f 5161/3065/4922 5160/3066/4921 5137/3043/4898
f 5159/3062/4920 5153/3056/4914 5152/3057/4913
f 5160/3066/4921 5152/3057/4913 5139/3045/4900
f 5156/3061/4917 5161/3065/4922 5162/3068/4923
f 5163/3067/4924 5162/3068/4923 5147/3052/4908
f 5161/3065/4922 5132/3036/4893 5131/3037/4892
f 5162/3068/4923 5131/3037/4892 5136/3041/4897
f 5156/3061/4917 5163/3067/4924 5164/3069/4925
f 5164/3069/4925 5119/3027/4880 5118/3032/4879
f 5163/3067/4924 5144/3046/4905 5143/3047/4904
f 5164/3069/4925 5143/3047/4904 5121/3029/4882
f 5166/3072/4927 5167/3071/4928 5168/3070/4929
f 5166/3072/4927 5169/3099/4930 5170/3073/4931
f 5165/3074/4926 5168/3070/4929 5171/3076/4932
f 5172/3075/4933 5171/3076/4932 5173/3078/4934
f 5175/3079/4936 5176/3084/4937 5177/3081/4938
f 5178/3080/4939 5177/3081/4938 5179/3083/4940
f 5176/3084/4937 5181/3137/4942 5182/3085/4943
f 5177/3081/4938 5182/3085/4943 5183/3086/4944
f 5180/3082/4941 5184/3088/4945 5185/3087/4946
f 5185/3087/4946 5184/3088/4945 5186/3090/4947
f 5189/3093/4950 5190/3092/4951 5191/3091/4952
f 5187/3089/4948 5186/3090/4947 5190/3092/4951
f 5192/3094/4953 5188/3097/4949 5193/3096/4954
f 5188/3097/4949 5191/3091/4952 5195/3098/4956
f 5193/3096/4954 5195/3098/4956 5170/3073/4931
f 5196/3100/4957 5197/3103/4958 5198/3102/4959
f 5199/3101/4960 5198/3102/4959 5195/3098/4956
f 5197/3103/4958 5168/3070/4929 5167/3071/4928
f 5198/3102/4959 5167/3071/4928 5170/3073/4931
f 5196/3100/4957 5199/3101/4960 5200/3105/4961
f 5201/3104/4962 5200/3105/4961 5184/3088/4945
f 5199/3101/4960 5191/3091/4952 5190/3092/4951
f 5200/3105/4961 5190/3092/4951 5186/3090/4947
f 5196/3100/4957 5201/3104/4962 5202/3107/4963
f 5203/3106/4964 5202/3107/4963 5204/3109/4965
f 5180/3082/4941 5179/3083/4940 5202/3107/4963
f 5202/3107/4963 5179/3083/4940 5183/3086/4944
f 5196/3100/4957 5203/3106/4964 5206/3110/4967
f 5197/3103/4958 5206/3110/4967 5171/3076/4932
f 5203/3106/4964 5205/3108/4966 5207/3111/4968
f 5206/3110/4967 5207/3111/4968 5173/3078/4934
f 5208/3112/4969 5209/3113/4970 5207/3111/4968
f 5211/3114/4972 5174/3077/4935 5209/3113/4970
f 5209/3113/4970 5174/3077/4935 5173/3078/4934
f 5205/3108/4966 5204/3109/4965 5212/3115/4973
f 5204/3109/4965 5183/3086/4944 5182/3085/4943
f 5123/3116/4884 5117/3025/4878 5120/3026/4881
f 5213/3117/4974 5120/3026/4881 5122/3028/4883
f 5211/3119/4972 5127/3060/4888 5125/3030/4886
f 5175/3120/4936 5133/3038/4894 5130/3039/4891
f 5129/3035/4890 5138/3042/4899 5176/3121/4937
f 5138/3042/4899 5140/3044/4901 5181/3122/4942
f 5194/3123/4955 5142/3048/4903 5141/3051/4902
f 5214/3118/4975 5122/3028/4883 5142/3048/4903
f 5192/3124/4953 5141/3051/4902 5146/3050/4907
f 5149/3126/4910 5181/3122/4942 5140/3044/4901
f 5151/3054/4912 5155/3058/4916 5210/3127/4971
f 5210/3127/4971 5155/3058/4916 5127/3060/4888
f 5213/3128/4974 5166/3072/4927 5165/3074/4926
f 5214/3129/4975 5169/3099/4930 5166/3072/4927
f 5123/3130/4884 5165/3074/4926 5172/3075/4933
f 5124/3131/4885 5172/3075/4933 5174/3077/4935
f 5178/3080/4939 5185/3087/4946 5133/3132/4894
f 5185/3087/4946 5187/3089/4948 5134/3133/4895
f 5145/3134/4906 5189/3093/4950 5188/3097/4949
f 5145/3134/4906 5134/3133/4895 5187/3089/4948
f 5194/3095/4955 5193/3096/4954 5169/3099/4930
f 5148/3135/4909 5210/3138/4971 5209/3113/4970
f 5208/3112/4969 5212/3115/4973 5149/3136/4910
f 5212/3115/4973 5182/3085/4943 5181/3137/4942
f 197/1510/197 198/196/198 200/198/200
f 204/1519/204 201/199/201 203/201/203
f 201/199/201 205/202/205 202/200/202
f 207/3139/207 208/204/208 210/206/210
f 214/217/214 211/207/211 213/209/213
f 215/214/215 216/210/216 217/211/217
f 215/214/215 218/212/218 216/210/216
f 218/212/218 215/214/215 220/215/220
f 212/208/212 215/214/215 213/209/213
f 205/202/205 221/216/221 206/203/206
f 217/211/217 221/216/221 213/209/213
f 222/219/222 223/218/223 202/200/202
f 223/218/223 222/219/222 225/221/225
f 222/219/222 216/210/216 224/220/224
f 216/210/216 222/219/222 206/203/206
f 226/224/226 227/222/227 228/223/228
f 230/1514/230 226/224/226 229/225/229
f 231/227/231 223/218/223 232/226/232
f 223/218/223 231/227/231 203/201/203
f 231/227/231 234/229/234 233/228/233
f 234/229/234 231/227/231 236/231/236
f 240/1527/240 237/232/237 239/234/239
f 237/232/237 241/235/241 238/233/238
f 242/1523/242 243/236/243 198/196/198
f 243/236/243 244/237/244 199/197/199
f 244/237/244 210/206/210 245/238/245
f 210/206/210 244/237/244 247/240/247
f 244/237/244 243/236/243 246/239/246
f 249/244/249 250/242/250 200/198/200
f 250/242/250 249/244/249 229/225/229
f 249/244/249 245/238/245 252/245/252
f 245/238/245 249/244/249 199/197/199
f 253/247/253 218/212/218 254/246/254
f 218/212/218 253/247/253 219/213/219
f 253/247/253 250/242/250 228/223/228
f 250/242/250 253/247/253 251/243/251
f 255/250/255 256/248/256 257/249/257
f 256/248/256 255/250/255 239/234/239
f 258/251/258 255/250/255 260/253/260
f 255/250/255 257/249/257 259/252/259
f 234/229/234 261/254/261 235/230/235
f 261/254/261 256/248/256 238/233/238
f 261/254/261 234/229/234 256/248/256
f 263/256/263 262/255/262 248/241/248
f 246/239/246 262/255/262 247/240/247
f 262/255/262 263/256/263 259/252/259
f 267/264/267 264/257/264 266/259/266
f 264/257/264 268/260/268 265/258/265
f 268/260/268 264/257/264 271/263/271
f 264/257/264 267/264/267 270/262/270
f 273/271/273 274/266/274 276/268/276
f 273/271/273 277/269/277 274/266/274
f 277/269/277 273/271/273 280/273/280
f 279/272/279 273/271/273 281/274/281
f 285/280/285 282/275/282 284/277/284
f 282/275/282 286/278/286 283/276/283
f 286/278/286 282/275/282 278/270/278
f 282/275/282 285/280/285 274/266/274
f 288/282/288 270/262/270 289/281/289
f 270/262/270 288/282/288 271/263/271
f 288/282/288 291/284/291 290/283/290
f 291/284/291 288/282/288 293/286/293
f 295/291/295 294/287/294 287/279/287
f 294/287/294 296/288/296 283/276/283
f 296/288/296 294/287/294 298/290/298
f 294/287/294 295/291/295 297/289/297
f 300/3140/300 296/288/296 301/293/301
f 303/296/303 302/294/302 275/267/275
f 302/294/302 304/295/304 276/268/276
f 304/295/304 302/294/302 269/261/269
f 302/294/302 303/296/303 265/258/265
f 304/295/304 305/297/305 281/274/281
f 305/297/305 304/295/304 307/299/307
f 308/302/308 309/300/309 310/301/310
f 312/304/312 308/302/308 311/303/311
f 313/3141/313 312/304/312 314/305/314
f 315/309/315 316/306/316 317/307/317
f 315/309/315 318/308/318 316/306/316
f 318/308/318 315/309/315 311/303/311
f 314/305/314 315/309/315 319/310/319
f 321/312/321 320/311/320 299/292/299
f 320/311/320 317/307/317 297/289/297
f 320/311/320 321/312/321 317/307/317
f 318/308/318 322/313/322 293/286/293
f 291/284/291 322/313/322 292/285/292
f 322/313/322 318/308/318 310/301/310
f 326/321/326 323/314/323 325/316/325
f 324/315/324 323/314/323 328/318/328
f 323/314/323 329/319/329 327/317/327
f 323/314/323 326/321/326 329/319/329
f 333/1571/333 332/323/332 328/318/328
f 324/315/324 332/323/332 325/316/325
f 335/328/335 336/325/336 338/327/338
f 336/325/336 335/328/335 340/330/340
f 339/329/339 335/328/335 342/332/342
f 341/331/341 335/328/335 343/333/343
f 345/338/345 344/334/344 331/322/331
f 329/319/329 344/334/344 330/320/330
f 346/335/346 344/334/344 348/337/348
f 347/336/347 344/334/344 349/339/349
f 350/341/350 341/331/341 351/340/351
f 341/331/341 350/341/350 342/332/342
f 356/540/356 353/343/353 355/345/355
f 353/343/353 357/346/357 354/344/354
f 362/355/362 359/348/359 361/350/361
f 360/349/360 359/348/359 364/352/364
f 363/351/363 359/348/359 366/354/366
f 365/353/365 359/348/359 367/356/367
f 362/355/362 368/357/368 367/356/367
f 370/1565/370 371/359/371 363/351/363
f 369/358/369 372/360/372 367/356/367
f 376/366/376 373/361/373 375/363/375
f 374/362/374 373/361/373 378/365/378
f 373/361/373 360/349/360 377/364/377
f 373/361/373 376/366/376 360/349/360
f 379/370/379 380/367/380 382/369/382
f 380/367/380 379/370/379 384/372/384
f 379/370/379 385/373/385 383/371/383
f 390/382/390 387/375/387 389/377/389
f 388/376/388 387/375/387 392/379/392
f 391/378/391 387/375/387 394/381/394
f 387/375/387 390/382/390 393/380/393
f 399/391/399 396/384/396 398/386/398
f 397/385/397 396/384/396 401/388/401
f 396/384/396 402/389/402 400/387/400
f 396/384/396 399/391/399 402/389/402
f 405/395/405 406/393/406 407/394/407
f 406/393/406 405/395/405 409/397/409
f 406/393/406 410/398/410 404/392/404
f 402/389/402 410/398/410 403/390/403
f 411/399/411 410/398/410 413/401/413
f 412/400/412 410/398/410 409/397/409
f 417/409/417 414/402/414 416/404/416
f 415/403/415 414/402/414 419/406/419
f 418/405/418 414/402/414 421/408/421
f 420/407/420 414/402/414 422/410/422
f 417/409/417 423/411/423 422/410/422
f 424/412/424 425/413/425 422/410/422
f 429/420/429 426/414/426 428/416/428
f 427/415/427 426/414/426 431/418/431
f 433/421/433 432/419/432 428/416/428
f 434/1583/434 432/419/432 419/406/419
f 430/417/430 435/422/435 431/418/431
f 436/423/436 437/424/437 431/418/431
f 427/415/427 437/424/437 428/416/428
f 437/424/437 415/403/415 433/421/433
f 437/424/437 436/423/436 415/403/415
f 441/432/441 438/425/438 440/427/440
f 439/426/439 438/425/438 443/429/443
f 438/425/438 444/430/444 442/428/442
f 438/425/438 441/432/441 444/430/444
f 450/437/450 447/434/447 449/436/449
f 452/1595/452 447/434/447 451/438/451
f 454/441/454 453/439/453 446/433/446
f 444/430/444 453/439/453 445/431/445
f 455/440/455 453/439/453 449/436/449
f 450/437/450 453/439/453 451/438/451
f 459/449/459 456/442/456 458/444/458
f 457/443/457 456/442/456 461/446/461
f 460/445/460 456/442/456 463/448/463
f 462/447/462 456/442/456 464/450/464
f 462/447/462 465/451/465 463/448/463
f 467/1597/467 465/451/465 464/450/464
f 471/462/471 468/453/468 470/455/470
f 475/1601/475 472/456/472 474/458/474
f 473/457/473 472/456/472 458/444/458
f 473/457/473 477/460/477 474/458/474
f 478/461/478 477/460/477 470/455/470
f 477/460/477 457/443/457 471/462/471
f 477/460/477 473/457/473 457/443/457
f 482/470/482 479/463/479 481/465/481
f 480/464/480 479/463/479 484/467/484
f 479/463/479 485/468/485 483/466/483
f 479/463/479 482/470/482 485/468/485
f 491/479/491 488/472/488 490/474/490
f 491/479/491 492/475/492 487/471/487
f 485/468/485 492/475/492 486/469/486
f 493/476/493 492/475/492 495/478/495
f 494/477/494 492/475/492 490/474/490
f 499/487/499 496/480/496 498/482/498
f 497/481/497 496/480/496 501/484/501
f 500/483/500 496/480/496 503/486/503
f 502/485/502 496/480/496 504/488/504
f 483/466/483 505/489/505 484/467/484
f 507/1609/507 505/489/505 486/469/486
f 511/496/511 508/491/508 510/493/510
f 509/492/509 508/491/508 513/495/513
f 508/491/508 497/481/497 512/494/512
f 508/491/508 511/496/511 497/481/497
f 517/504/517 514/497/514 516/499/516
f 515/498/515 514/497/514 519/501/519
f 518/500/518 514/497/514 521/503/521
f 520/502/520 514/497/514 522/505/522
f 515/498/515 523/506/523 516/499/516
f 527/510/527 525/508/525 521/503/521
f 529/1626/529 525/508/525 528/511/528
f 533/515/533 530/512/530 532/514/532
f 534/516/534 520/502/520 533/515/533
f 534/516/534 527/510/527 520/502/520
f 527/510/527 534/516/534 528/511/528
f 535/517/535 534/516/534 532/514/532
f 536/523/536 537/518/537 539/520/539
f 536/523/536 540/521/540 537/518/537
f 540/521/540 536/523/536 543/525/543
f 542/524/542 536/523/536 544/526/544
f 546/1637/546 545/527/545 538/519/538
f 539/520/539 545/527/545 544/526/544
f 547/528/547 548/529/548 544/526/544
f 552/534/552 549/530/549 551/532/551
f 553/1632/553 518/500/518 526/509/526
f 555/537/555 554/533/554 551/532/551
f 552/534/552 554/533/554 557/536/557
f 556/535/556 554/533/554 541/522/541
f 537/518/537 554/533/554 538/519/538
f 385/373/385 558/538/558 386/374/386
f 558/538/558 356/540/356 559/539/559
f 560/542/560 393/380/393 561/541/561
f 393/380/393 560/542/560 394/381/394
f 560/542/560 336/325/336 562/543/562
f 336/325/336 560/542/560 337/326/337
f 559/539/559 563/544/563 386/374/386
f 563/544/563 561/541/561 564/545/564
f 563/544/563 565/546/565 561/541/561
f 565/546/565 563/544/563 355/345/355
f 383/371/383 566/547/566 384/372/384
f 566/547/566 390/382/390 567/548/567
f 390/382/390 566/547/566 395/383/395
f 566/547/566 383/371/383 564/545/564
f 357/346/357 568/549/568 358/347/358
f 569/550/569 568/549/568 343/333/343
f 570/551/570 565/546/565 354/344/354
f 565/546/565 570/551/570 337/326/337
f 570/551/570 569/550/569 338/327/338
f 569/550/569 570/551/570 358/347/358
f 571/557/571 572/552/572 574/554/574
f 571/557/571 574/554/574 576/556/576
f 578/559/578 571/557/571 577/558/577
f 572/552/572 571/557/571 579/560/579
f 583/1657/583 580/561/580 582/563/582
f 587/567/587 584/564/584 586/566/586
f 589/569/589 584/564/584 588/568/588
f 574/554/574 584/564/584 575/555/575
f 585/565/585 584/564/584 573/553/573
f 590/570/590 380/367/380 567/548/567
f 380/367/380 590/570/590 381/368/381
f 590/570/590 592/572/592 591/571/591
f 592/572/592 590/570/590 389/377/389
f 597/577/597 594/574/594 596/576/596
f 599/579/599 594/574/594 598/578/598
f 600/580/600 594/574/594 582/563/582
f 595/575/595 594/574/594 601/581/601
f 562/543/562 602/582/602 394/381/394
f 602/582/602 604/584/604 603/583/603
f 606/591/606 602/582/602 340/330/340
f 391/378/391 607/586/607 392/379/392
f 607/586/607 391/378/391 603/583/603
f 609/589/609 592/572/592 388/376/388
f 609/589/609 610/588/610 592/572/592
f 610/588/610 609/589/609 611/590/611
f 609/589/609 388/376/388 608/587/608
f 612/592/612 606/591/606 339/329/339
f 352/342/352 612/592/612 342/332/342
f 613/594/613 614/593/614 600/580/600
f 613/594/613 600/580/600 581/562/581
f 616/596/616 613/594/613 615/595/615
f 614/593/614 613/594/613 617/597/617
f 621/1670/621 618/598/618 620/600/620
f 625/608/625 622/601/622 624/603/624
f 622/601/622 626/604/626 623/602/623
f 622/601/622 628/606/628 626/604/626
f 622/601/622 625/608/625 628/606/628
f 631/615/631 632/610/632 634/612/634
f 631/615/631 635/613/635 632/610/632
f 635/613/635 631/615/631 638/617/638
f 637/616/637 631/615/631 639/618/639
f 640/1677/640 641/619/641 643/621/643
f 645/625/645 644/622/644 630/609/630
f 644/622/644 646/623/646 628/606/628
f 646/623/646 644/622/644 647/624/647
f 641/619/641 644/622/644 642/620/642
f 648/628/648 626/604/626 649/626/649
f 648/628/648 650/627/650 626/604/626
f 650/627/650 648/628/648 636/614/636
f 632/610/632 648/628/648 633/611/633
f 650/627/650 651/629/651 627/605/627
f 656/635/656 653/631/653 655/633/655
f 653/631/653 645/625/645 654/632/654
f 653/631/653 657/634/657 645/625/645
f 657/634/657 653/631/653 658/636/658
f 657/634/657 659/637/659 642/620/642
f 652/630/652 660/638/660 627/605/627
f 660/638/660 661/639/661 623/602/623
f 619/599/619 662/640/662 620/600/620
f 662/640/662 625/608/625 663/641/663
f 662/640/662 654/632/654 625/608/625
f 662/640/662 619/599/619 654/632/654
f 667/656/667 664/642/664 666/644/666
f 665/643/665 664/642/664 669/646/669
f 670/650/670 671/647/671 673/649/673
f 665/643/665 670/650/670 666/644/666
f 674/651/674 670/650/670 669/646/669
f 670/650/670 674/651/674 671/647/671
f 674/651/674 676/653/676 675/652/675
f 668/645/668 676/653/676 669/646/669
f 673/649/673 678/655/678 666/644/666
f 679/1863/679 678/655/678 672/648/672
f 683/1697/683 680/657/680 682/659/682
f 687/734/687 684/660/684 686/662/686
f 688/706/688 689/663/689 691/665/691
f 695/753/695 692/666/692 694/668/694
f 699/737/699 696/669/696 698/671/698
f 700/1509/700 701/672/701 703/674/703
f 704/701/704 705/675/705 707/677/707
f 711/1710/711 708/678/708 710/680/710
f 715/767/715 712/681/712 714/683/714
f 719/1860/719 716/684/716 718/686/718
f 720/698/720 721/687/721 723/689/723
f 724/751/724 725/690/725 727/692/727
f 721/687/721 728/693/728 722/688/722
f 730/748/730 731/695/731 733/697/733
f 701/672/701 720/698/720 702/673/702
f 705/675/705 734/699/734 706/676/706
f 737/781/737 704/701/704 736/702/736
f 738/770/738 739/703/739 741/705/741
f 743/712/743 688/706/688 742/707/742
f 741/705/741 740/704/740 745/709/745
f 739/703/739 746/710/746 740/704/740
f 757/722/757 754/719/754 756/721/756
f 754/719/754 757/722/757 759/724/759
f 754/719/754 759/724/759 761/726/761
f 755/720/755 754/719/754 767/732/767
f 768/1721/768 769/733/769 680/657/680
f 770/747/770 725/690/725 771/735/771
f 772/1722/772 773/736/773 692/666/692
f 738/770/738 774/738/774 723/689/723
f 709/679/709 714/683/714 776/740/776
f 777/778/777 778/741/778 720/698/720
f 782/745/782 779/742/779 781/744/781
f 784/755/784 779/742/779 783/746/783
f 733/697/733 732/696/732 717/685/717
f 725/690/725 770/747/770 726/691/726
f 785/766/785 730/748/730 753/718/753
f 727/692/727 726/691/726 786/749/786
f 787/782/787 788/750/788 704/701/704
f 790/771/790 724/751/724 789/752/789
f 791/1704/791 695/753/695 751/716/751
f 773/736/773 792/754/792 699/737/699
f 793/756/793 779/742/779 760/725/760
f 779/742/779 793/756/793 780/743/780
f 748/713/748 795/758/795 688/706/688
f 731/695/731 796/759/796 732/696/732
f 698/671/698 697/670/697 799/762/799
f 746/710/746 739/703/739 729/694/729
f 803/768/803 800/763/800 802/765/802
f 796/759/796 731/695/731 735/700/735
f 730/748/730 785/766/785 707/677/707
f 804/1720/804 765/730/765 715/767/715
f 806/772/806 800/763/800 805/769/805
f 774/738/774 738/770/738 766/731/766
f 724/751/724 790/771/790 691/665/691
f 800/763/800 806/772/806 807/773/807
f 712/681/712 764/729/764 713/682/713
f 800/763/800 807/773/807 801/764/801
f 810/779/810 806/772/806 811/776/811
f 689/663/689 812/777/812 690/664/690
f 680/657/680 687/734/687 681/658/681
f 691/665/691 690/664/690 724/751/724
f 806/772/806 810/779/810 794/757/794
f 692/666/692 699/737/699 693/667/693
f 707/677/707 706/676/706 730/748/730
f 817/1718/817 814/783/814 816/785/816
f 710/680/710 709/679/709 763/728/763
f 708/678/708 715/767/715 709/679/709
f 723/689/723 722/688/722 738/770/738
f 821/793/821 818/786/818 820/788/820
f 818/786/818 822/789/822 819/787/819
f 822/789/822 818/786/818 825/792/825
f 818/786/818 821/793/821 824/791/824
f 827/796/827 821/793/821 828/795/828
f 821/793/821 827/796/827 826/794/826
f 827/796/827 830/798/830 829/797/829
f 830/798/830 827/796/827 832/800/832
f 836/808/836 833/801/833 835/803/835
f 833/801/833 837/804/837 834/802/834
f 837/804/837 833/801/833 840/807/840
f 833/801/833 836/808/836 839/806/839
f 843/814/843 842/810/842 835/803/835
f 842/810/842 844/811/844 836/808/836
f 844/811/844 842/810/842 846/813/846
f 842/810/842 843/814/843 845/812/845
f 851/820/851 848/816/848 850/818/850
f 849/817/849 848/816/848 847/815/847
f 845/812/845 848/816/848 846/813/846
f 848/816/848 851/820/851 852/819/852
f 854/823/854 851/820/851 855/822/855
f 851/820/851 854/823/854 853/821/853
f 856/824/856 854/823/854 858/826/858
f 857/825/857 854/823/854 859/827/859
f 860/833/860 861/828/861 863/830/863
f 860/833/860 864/831/864 861/828/861
f 860/833/860 856/824/856 864/831/864
f 856/824/856 860/833/860 853/821/853
f 866/835/866 863/830/863 867/834/867
f 863/830/863 866/835/866 853/821/853
f 852/819/852 866/835/866 846/813/846
f 844/811/844 866/835/866 841/809/841
f 869/838/869 868/836/868 862/829/862
f 868/836/868 839/806/839 867/834/867
f 839/806/839 868/836/868 840/807/840
f 870/837/870 868/836/868 871/839/871
f 861/828/861 872/840/872 862/829/862
f 872/840/872 873/841/873 869/838/869
f 873/841/873 872/840/872 875/843/875
f 872/840/872 861/828/861 874/842/874
f 879/848/879 876/844/876 878/846/878
f 876/844/876 830/798/830 877/845/877
f 830/798/830 876/844/876 831/799/831
f 876/844/876 879/848/879 880/847/880
f 882/851/882 879/848/879 883/850/883
f 879/848/879 882/851/882 881/849/881
f 884/852/884 882/851/882 886/854/886
f 885/853/885 882/851/882 887/855/887
f 891/863/891 888/856/888 890/858/890
f 888/856/888 892/859/892 889/857/889
f 892/859/892 888/856/888 895/862/895
f 888/856/888 891/863/891 894/861/894
f 897/866/897 891/863/891 898/865/898
f 891/863/891 897/866/897 896/864/896
f 899/867/899 897/866/897 875/843/875
f 900/868/900 897/866/897 901/869/901
f 902/873/902 903/870/903 905/872/905
f 903/870/903 902/873/902 907/875/907
f 902/873/902 908/876/908 906/874/906
f 908/876/908 902/873/902 910/878/910
f 912/883/912 911/879/911 904/871/904
f 911/879/911 913/880/913 905/872/905
f 913/880/913 911/879/911 915/882/915
f 911/879/911 912/883/912 914/881/914
f 917/886/917 912/883/912 918/885/918
f 912/883/912 917/886/917 916/884/916
f 917/886/917 920/888/920 919/887/919
f 920/888/920 917/886/917 921/889/921
f 903/870/903 922/890/922 904/871/904
f 918/885/918 922/890/922 921/889/921
f 922/890/922 924/892/924 923/891/923
f 922/890/922 903/870/903 924/892/924
f 926/900/926 927/894/927 929/896/929
f 926/900/926 930/897/930 932/899/932
f 930/897/930 926/900/926 933/901/933
f 937/1019/937 934/902/934 936/904/936
f 941/953/941 938/905/938 940/907/940
f 945/1116/945 942/908/942 944/910/944
f 949/918/949 946/911/946 948/913/948
f 946/911/946 950/914/950 947/912/947
f 950/914/950 946/911/946 953/917/953
f 946/911/946 949/918/949 952/916/952
f 954/920/954 949/918/949 955/919/955
f 954/920/954 930/897/930 949/918/949
f 930/897/930 954/920/954 931/898/931
f 954/920/954 955/919/955 956/921/956
f 958/924/958 955/919/955 959/923/959
f 955/919/955 958/924/958 957/922/957
f 958/924/958 961/926/961 960/925/960
f 961/926/961 958/924/958 963/928/963
f 947/912/947 964/929/964 948/913/948
f 964/929/964 965/930/965 959/923/959
f 965/930/965 964/929/964 886/854/886
f 966/931/966 964/929/964 951/915/951
f 967/935/967 968/932/968 970/934/970
f 968/932/968 967/935/967 972/937/972
f 967/935/967 973/938/973 971/936/971
f 973/938/973 967/935/967 974/939/974
f 976/943/976 975/940/975 969/933/969
f 970/934/970 975/940/975 974/939/974
f 975/940/975 978/942/978 977/941/977
f 978/942/978 975/940/975 979/944/979
f 983/948/983 980/945/980 982/947/982
f 980/945/980 978/942/978 981/946/981
f 978/942/978 980/945/980 925/893/925
f 980/945/980 983/948/983 923/891/923
f 984/950/984 983/948/983 985/949/985
f 983/948/983 984/950/984 921/889/921
f 984/950/984 892/859/892 920/888/920
f 892/859/892 984/950/984 893/860/893
f 988/957/988 986/951/986 941/953/941
f 986/951/986 989/954/989 987/952/987
f 989/954/989 986/951/986 909/877/909
f 986/951/986 988/957/988 991/956/991
f 993/960/993 988/957/988 994/959/994
f 988/957/988 993/960/993 992/958/992
f 993/960/993 932/899/932 995/961/995
f 999/965/999 996/962/996 998/964/998
f 996/962/996 956/921/956 997/963/997
f 956/921/956 996/962/996 931/898/931
f 996/962/996 999/965/999 995/961/995
f 1000/967/1000 999/965/999 1001/966/1001
f 999/965/999 1000/967/1000 992/958/992
f 1000/967/1000 906/874/906 991/956/991
f 1000/967/1000 1001/966/1001 906/874/906
f 1003/969/1003 1002/968/1002 998/964/998
f 1002/968/1002 924/892/924 1001/966/1001
f 924/892/924 1002/968/1002 925/893/925
f 1002/968/1002 1003/969/1003 977/941/977
f 1004/970/1004 1003/969/1003 997/963/997
f 1004/970/1004 973/938/973 1003/969/1003
f 973/938/973 1004/970/1004 962/927/962
f 1004/970/1004 997/963/997 960/925/960
f 1008/975/1008 1005/971/1005 1007/973/1007
f 1006/972/1006 1005/971/1005 826/794/826
f 824/791/824 1005/971/1005 825/792/825
f 1005/971/1005 1008/975/1008 1009/974/1009
f 1011/979/1011 1008/975/1008 1012/977/1012
f 1011/979/1011 1013/978/1013 1008/975/1008
f 1013/978/1013 1011/979/1011 953/917/953
f 950/914/950 1011/979/1011 951/915/951
f 1015/981/1015 1014/980/1014 1007/973/1007
f 1014/980/1014 966/931/966 1012/977/1012
f 1014/980/1014 884/852/884 966/931/966
f 1014/980/1014 1015/981/1015 884/852/884
f 1006/972/1006 1016/982/1016 1007/973/1007
f 1015/981/1015 1016/982/1016 881/849/881
f 880/847/880 1016/982/1016 831/799/831
f 1016/982/1016 1006/972/1006 829/797/829
f 1020/986/1020 1017/983/1017 1019/985/1019
f 1017/983/1017 1009/974/1009 1018/984/1018
f 1017/983/1017 822/789/822 1009/974/1009
f 822/789/822 1017/983/1017 823/790/823
f 1021/990/1021 1022/987/1022 1024/989/1024
f 1022/987/1022 1021/990/1021 887/855/887
f 1021/990/1021 965/930/965 885/853/885
f 965/930/965 1021/990/1021 963/928/963
f 1026/992/1026 1025/991/1025 1023/988/1023
f 1025/991/1025 961/926/961 1024/989/1024
f 961/926/961 1025/991/1025 962/927/962
f 1025/991/1025 1026/992/1026 971/936/971
f 1030/996/1030 1027/993/1027 1029/995/1029
f 1028/994/1028 1027/993/1027 901/869/901
f 1027/993/1027 873/841/873 900/868/900
f 873/841/873 1027/993/1027 871/839/871
f 1032/998/1032 1031/997/1031 1029/995/1029
f 1031/997/1031 870/837/870 1030/996/1030
f 870/837/870 1031/997/1031 840/807/840
f 837/804/837 1031/997/1031 838/805/838
f 1036/1003/1036 1033/999/1033 1035/1001/1035
f 1034/1000/1034 1033/999/1033 916/884/916
f 1033/999/1033 1037/1002/1037 914/881/914
f 1033/999/1033 1036/1003/1036 1037/1002/1037
f 1039/1006/1039 1036/1003/1036 1040/1005/1040
f 1036/1003/1036 1039/1006/1039 1038/1004/1038
f 1039/1006/1039 864/831/864 1041/1007/1041
f 864/831/864 1039/1006/1039 865/832/865
f 1043/1009/1043 1042/1008/1042 1035/1001/1035
f 1042/1008/1042 874/842/874 1040/1005/1040
f 1042/1008/1042 899/867/899 874/842/874
f 1042/1008/1042 1043/1009/1043 899/867/899
f 1034/1000/1034 1044/1010/1044 1035/1001/1035
f 1043/1009/1043 1044/1010/1044 896/864/896
f 1044/1010/1044 919/887/919 894/861/894
f 1044/1010/1044 1034/1000/1034 919/887/919
f 942/908/942 1045/1011/1045 943/909/943
f 859/827/859 855/822/855 1048/1014/1048
f 1052/1166/1052 1049/1015/1049 1051/1017/1051
f 1055/1117/1055 1053/1018/1053 1054/1020/1054
f 944/910/944 943/909/943 1057/1022/1057
f 1061/1027/1061 1058/1023/1058 1060/1025/1060
f 1058/1023/1058 1032/998/1032 1059/1024/1059
f 1058/1023/1058 1062/1026/1062 1032/998/1032
f 1058/1023/1058 1061/1027/1061 1062/1026/1062
f 1059/1024/1059 1064/1029/1064 1060/1025/1060
f 1065/1030/1065 1064/1029/1064 1067/1032/1067
f 1066/1031/1066 1064/1029/1064 901/869/901
f 1064/1029/1064 1059/1024/1059 1028/994/1028
f 1068/1036/1068 1069/1033/1069 1071/1035/1071
f 1068/1036/1068 1026/992/1026 1069/1033/1069
f 1026/992/1026 1068/1036/1068 972/937/972
f 1068/1036/1068 1071/1035/1071 1072/1037/1072
f 1074/1040/1074 1075/1039/1075 1069/1033/1069
f 1075/1039/1075 1074/1040/1074 1077/1042/1077
f 1074/1040/1074 1022/987/1022 1076/1041/1076
f 1022/987/1022 1074/1040/1074 1023/988/1023
f 1081/1047/1081 1078/1043/1078 1080/1045/1080
f 1078/1043/1078 1020/986/1020 1079/1044/1079
f 1078/1043/1078 1082/1046/1082 1020/986/1020
f 1082/1046/1082 1078/1043/1078 1083/1048/1083
f 1049/1015/1049 1084/1049/1084 1050/1016/1050
f 1045/1011/1045 1086/1051/1086 1046/1012/1046
f 993/960/993 994/959/994 1089/1054/1089
f 855/822/855 1090/1055/1090 1047/1013/1047
f 1095/1061/1095 1092/1057/1092 1094/1059/1094
f 1093/1058/1093 1092/1057/1092 982/947/982
f 1092/1057/1092 1096/1060/1096 985/949/985
f 1092/1057/1092 1095/1061/1095 1096/1060/1096
f 1098/1064/1098 1099/1063/1099 1093/1058/1093
f 1099/1063/1099 1098/1064/1098 1101/1066/1101
f 1100/1065/1100 1098/1064/1098 979/944/979
f 1098/1064/1098 1093/1058/1093 981/946/981
f 1102/1070/1102 1103/1067/1103 1105/1069/1105
f 1102/1070/1102 976/943/976 1103/1067/1103
f 1102/1070/1102 1100/1065/1100 976/943/976
f 1100/1065/1100 1102/1070/1102 1101/1066/1101
f 1106/1072/1106 1107/1071/1107 1103/1067/1103
f 1107/1071/1107 1106/1072/1106 1073/1038/1073
f 1106/1072/1106 968/932/968 1072/1037/1072
f 968/932/968 1106/1072/1106 969/933/969
f 1111/1078/1111 1108/1073/1108 1110/1075/1110
f 1051/1017/1051 1050/1016/1050 1113/1077/1113
f 1115/1112/1115 1108/1073/1108 1114/1079/1114
f 859/827/859 1048/1014/1048 1084/1049/1084
f 1119/1083/1119 1116/1080/1116 1118/1082/1118
f 1117/1081/1117 1116/1080/1116 890/858/890
f 1116/1080/1116 1066/1031/1066 898/865/898
f 1116/1080/1116 1119/1083/1119 1066/1031/1066
f 1120/1085/1120 1121/1084/1121 1117/1081/1117
f 1121/1084/1121 1120/1085/1120 1097/1062/1097
f 1096/1060/1096 1120/1085/1120 893/860/893
f 1120/1085/1120 1117/1081/1117 889/857/889
f 1122/1089/1122 1123/1086/1123 1125/1088/1125
f 1123/1086/1123 1122/1089/1122 878/846/878
f 1122/1089/1122 1076/1041/1076 883/850/883
f 1076/1041/1076 1122/1089/1122 1077/1042/1077
f 1123/1086/1123 1126/1090/1126 1124/1087/1124
f 1126/1090/1126 1128/1092/1128 1127/1091/1127
f 1128/1092/1128 1126/1090/1126 832/800/832
f 1126/1090/1126 1123/1086/1123 877/845/877
f 1132/1165/1132 1090/1055/1090 1131/1095/1131
f 1130/1094/1130 1090/1055/1090 850/818/850
f 1133/1097/1133 1134/1096/1134 1130/1094/1130
f 1134/1096/1134 1133/1097/1133 1136/1099/1136
f 1133/1097/1133 849/817/849 1135/1098/1135
f 1133/1097/1133 1130/1094/1130 849/817/849
f 1140/1103/1140 1137/1100/1137 1139/1102/1139
f 1137/1100/1137 843/814/843 1138/1101/1138
f 843/814/843 1137/1100/1137 847/815/847
f 1137/1100/1137 1140/1103/1140 1135/1098/1135
f 1141/1105/1141 1142/1104/1142 1138/1101/1138
f 1142/1104/1142 1141/1105/1141 1063/1028/1063
f 1062/1026/1062 1141/1105/1141 838/805/838
f 834/802/834 1141/1105/1141 835/803/835
f 1143/1109/1143 1144/1106/1144 1146/1108/1146
f 1144/1106/1144 1143/1109/1143 820/788/820
f 1143/1109/1143 1128/1092/1128 828/795/828
f 1128/1092/1128 1143/1109/1143 1129/1093/1129
f 1144/1106/1144 1147/1110/1147 1145/1107/1145
f 1147/1110/1147 1082/1046/1082 1148/1111/1148
f 1082/1046/1082 1147/1110/1147 823/790/823
f 1147/1110/1147 1144/1106/1144 819/787/819
f 1149/1115/1149 1115/1112/1115 1150/1113/1150
f 943/909/943 1046/1012/1046 1056/1021/1056
f 927/894/927 1149/1115/1149 928/895/928
f 1152/1216/1152 945/1116/945 934/902/934
f 1053/1018/1053 1055/1117/1055 990/955/990
f 1055/1117/1055 938/905/938 987/952/987
f 1085/1050/1085 1153/1118/1153 1050/1016/1050
f 1055/1117/1055 1054/1020/1054 1155/1120/1155
f 1156/1122/1156 1111/1078/1111 1157/1121/1157
f 1111/1078/1111 1156/1122/1156 1114/1079/1114
f 1156/1122/1156 1159/1124/1159 1158/1123/1158
f 1159/1124/1159 1156/1122/1156 1161/1126/1161
f 1163/1131/1163 1162/1127/1162 1019/985/1019
f 1162/1127/1162 1164/1128/1164 1079/1044/1079
f 1164/1128/1164 1162/1127/1162 1166/1130/1166
f 1162/1127/1162 1163/1131/1163 1165/1129/1165
f 1158/1123/1158 1168/1133/1168 1114/1079/1114
f 1168/1133/1168 1169/1134/1169 1150/1113/1150
f 1168/1133/1168 1170/1135/1170 1169/1134/1169
f 1170/1135/1170 1168/1133/1168 1160/1125/1160
f 1172/1138/1172 1013/978/1013 1173/1137/1173
f 1013/978/1013 1172/1138/1172 1010/976/1010
f 1174/1139/1174 1172/1138/1172 1176/1141/1176
f 1172/1138/1172 1173/1137/1173 1175/1140/1175
f 1179/1145/1179 1178/1143/1178 933/901/933
f 1178/1143/1178 1173/1137/1173 952/916/952
f 1173/1137/1173 1178/1143/1178 1177/1142/1177
f 1180/1144/1180 1178/1143/1178 1181/1146/1181
f 1182/1147/1182 1018/984/1018 1174/1139/1174
f 1182/1147/1182 1163/1131/1163 1018/984/1018
f 1163/1131/1163 1182/1147/1182 1167/1132/1167
f 1182/1147/1182 1174/1139/1174 1183/1148/1183
f 1169/1134/1169 1184/1149/1184 928/895/928
f 1184/1149/1184 1179/1145/1179 929/896/929
f 1184/1149/1184 1185/1150/1185 1179/1145/1179
f 1185/1150/1185 1184/1149/1184 1171/1136/1171
f 1115/1112/1115 1149/1115/1149 1187/1152/1187
f 932/899/932 1188/1153/1188 926/900/926
f 993/960/993 1089/1054/1089 932/899/932
f 1048/1014/1048 1190/1155/1190 1192/1157/1192
f 1109/1074/1109 1108/1073/1108 1194/1159/1194
f 1046/1012/1046 1087/1052/1087 1151/1114/1151
f 1048/1014/1048 1192/1157/1192 1085/1050/1085
f 938/905/938 1055/1117/1055 939/906/939
f 926/900/926 1189/1154/1189 927/894/927
f 1190/1155/1190 1197/1162/1197 1191/1156/1191
f 927/894/927 1196/1161/1196 1149/1115/1149
f 934/902/934 944/910/944 935/903/935
f 994/959/994 941/953/941 1088/1053/1088
f 1087/1052/1087 1051/1017/1051 1195/1160/1195
f 1108/1073/1108 1115/1112/1115 1193/1158/1193
f 1091/1056/1091 1190/1155/1190 1047/1013/1047
f 1091/1056/1091 1199/1164/1199 1190/1155/1190
f 1054/1020/1054 937/1019/937 1154/1119/1154
f 1090/1055/1090 1132/1165/1132 1091/1056/1091
f 1086/1051/1086 1052/1166/1052 1087/1052/1087
f 989/954/989 1200/1167/1200 990/955/990
f 1049/1015/1049 1052/1166/1052 1203/1170/1203
f 942/908/942 945/1116/945 1205/1172/1205
f 909/877/909 1206/1173/1206 989/954/989
f 1084/1049/1084 1049/1015/1049 1207/1174/1207
f 1209/1179/1209 1210/1176/1210 1212/1178/1212
f 1210/1176/1210 1209/1179/1209 1214/1181/1214
f 1196/1161/1196 1189/1154/1189 1215/1182/1215
f 1217/1184/1217 1216/1183/1216 1211/1177/1211
f 1089/1054/1089 1088/1053/1088 1188/1153/1188
f 1216/1183/1216 1217/1184/1217 1219/1186/1219
f 939/906/939 1220/1187/1220 1222/1189/1222
f 1217/1184/1217 1222/1189/1222 1218/1185/1218
f 1194/1159/1194 1193/1158/1193 1214/1181/1214
f 1193/1158/1193 1187/1152/1187 1210/1176/1210
f 1155/1120/1155 1154/1119/1154 939/906/939
f 1187/1152/1187 1186/1151/1186 1211/1177/1211
f 1186/1151/1186 1196/1161/1196 1223/1190/1223
f 1222/1189/1222 1088/1053/1088 939/906/939
f 1088/1053/1088 1222/1189/1222 1215/1182/1215
f 1222/1189/1222 1217/1184/1217 1223/1190/1223
f 1219/1186/1219 1218/1185/1218 1225/1192/1225
f 1229/1197/1229 1226/1193/1226 1228/1195/1228
f 1226/1193/1226 1230/1196/1230 1227/1194/1227
f 1226/1193/1226 1229/1197/1229 1232/1199/1232
f 1233/1203/1233 1234/1200/1234 1236/1202/1236
f 1234/1200/1234 1233/1203/1233 1112/1076/1112
f 1233/1203/1233 1237/1204/1237 1113/1077/1113
f 1237/1204/1237 1233/1203/1233 1238/1205/1238
f 1239/1207/1239 1240/1206/1240 1234/1200/1234
f 1240/1206/1240 1239/1207/1239 1198/1163/1198
f 1239/1207/1239 1153/1118/1153 1191/1156/1191
f 1239/1207/1239 1234/1200/1234 1153/1118/1153
f 1241/1210/1241 1242/1208/1242 1243/1209/1243
f 1242/1208/1242 1241/1210/1241 1224/1191/1224
f 1241/1210/1241 1243/1209/1243 1245/1212/1245
f 1230/1196/1230 1246/1213/1246 1056/1021/1056
f 1246/1213/1246 1243/1209/1243 1057/1022/1057
f 1227/1194/1227 1247/1214/1247 1228/1195/1228
f 1247/1214/1247 1237/1204/1237 1248/1215/1248
f 1237/1204/1237 1247/1214/1247 1195/1160/1195
f 1247/1214/1247 1227/1194/1227 1151/1114/1151
f 1154/1119/1154 1242/1208/1242 1220/1187/1220
f 1154/1119/1154 936/904/936 1242/1208/1242
f 1218/1185/1218 1221/1188/1221 1224/1191/1224
f 1252/1224/1252 1249/1217/1249 1251/1219/1251
f 1250/1218/1250 1249/1217/1249 1254/1221/1254
f 1253/1220/1253 1249/1217/1249 1256/1223/1256
f 1255/1222/1255 1249/1217/1249 1257/1225/1257
f 1261/1753/1261 1258/1226/1258 1260/1228/1260
f 1262/1231/1262 1255/1222/1255 1263/1229/1263
f 1262/1231/1262 1264/1230/1264 1255/1222/1255
f 1264/1230/1264 1262/1231/1262 1265/1232/1265
f 1259/1227/1259 1262/1231/1262 1260/1228/1260
f 1266/1238/1266 1267/1233/1267 1269/1235/1269
f 1266/1238/1266 1270/1236/1270 1267/1233/1267
f 1270/1236/1270 1266/1238/1266 1273/1240/1273
f 1272/1239/1272 1266/1238/1266 1274/1241/1274
f 1278/1249/1278 1275/1242/1275 1277/1244/1277
f 1275/1242/1275 1279/1245/1279 1276/1243/1276
f 1275/1242/1275 1281/1247/1281 1279/1245/1279
f 1275/1242/1275 1278/1249/1278 1281/1247/1281
f 1287/1258/1287 1284/1251/1284 1286/1253/1286
f 1284/1251/1284 1288/1254/1288 1285/1252/1285
f 1288/1254/1288 1284/1251/1284 1291/1257/1291
f 1284/1251/1284 1287/1258/1287 1290/1256/1290
f 1293/1263/1293 1294/1260/1294 1296/1262/1296
f 1294/1260/1294 1293/1263/1293 1298/1265/1298
f 1293/1263/1293 1299/1266/1299 1297/1264/1297
f 1299/1266/1299 1293/1263/1293 1301/1268/1301
f 1302/1270/1302 1278/1249/1278 1303/1269/1303
f 1278/1249/1278 1302/1270/1302 1283/1250/1283
f 1305/1275/1305 1306/1272/1306 1308/1274/1308
f 1306/1272/1306 1305/1275/1305 1310/1277/1310
f 1309/1276/1309 1305/1275/1305 1283/1250/1283
f 1281/1247/1281 1305/1275/1305 1282/1248/1282
f 1314/1774/1314 1311/1278/1311 1313/1280/1313
f 1317/1287/1317 1315/1281/1315 1289/1255/1289
f 1316/1282/1316 1315/1281/1315 1319/1284/1319
f 1318/1283/1318 1315/1281/1315 1321/1286/1321
f 1320/1285/1320 1315/1281/1315 1322/1288/1322
f 1325/1452/1325 1323/1289/1323 1319/1284/1319
f 1323/1289/1323 1326/1291/1326 1324/1290/1324
f 1328/1770/1328 1329/1293/1329 1252/1224/1252
f 1332/1297/1332 1330/1294/1330 1331/1295/1331
f 1312/1279/1312 1330/1294/1330 1313/1280/1313
f 1333/1296/1333 1330/1294/1330 1271/1237/1271
f 1267/1233/1267 1330/1294/1330 1268/1234/1268
f 1326/1291/1326 1334/1298/1334 1327/1292/1327
f 1334/1298/1334 1336/1300/1336 1335/1299/1335
f 1338/1304/1338 1320/1285/1320 1339/1302/1339
f 1338/1304/1338 1340/1303/1340 1320/1285/1320
f 1340/1303/1340 1338/1304/1338 1342/1306/1342
f 1338/1304/1338 1339/1302/1339 1341/1305/1341
f 1344/1310/1344 1345/1308/1345 1346/1309/1346
f 1345/1308/1345 1344/1310/1344 1348/1312/1348
f 1344/1310/1344 1349/1313/1349 1347/1311/1347
f 1349/1313/1349 1344/1310/1344 1351/1315/1351
f 1352/1317/1352 1353/1316/1353 1335/1299/1335
f 1353/1316/1353 1352/1317/1352 1355/1319/1355
f 1354/1318/1354 1352/1317/1352 1357/1321/1357
f 1356/1320/1356 1352/1317/1352 1337/1301/1337
f 1361/1329/1361 1358/1322/1358 1360/1324/1360
f 1359/1323/1359 1358/1322/1358 1363/1326/1363
f 1362/1325/1362 1358/1322/1358 1365/1328/1365
f 1364/1327/1364 1358/1322/1358 1366/1330/1366
f 1370/1336/1370 1367/1331/1367 1369/1333/1369
f 1373/1351/1373 1371/1334/1371 1366/1330/1366
f 1372/1335/1372 1371/1334/1371 1369/1333/1369
f 1374/1338/1374 1364/1327/1364 1372/1335/1372
f 1374/1338/1374 1375/1337/1375 1364/1327/1364
f 1375/1337/1375 1374/1338/1374 1376/1339/1376
f 1368/1332/1368 1374/1338/1374 1369/1333/1369
f 1377/1345/1377 1378/1340/1378 1380/1342/1380
f 1377/1345/1377 1381/1343/1381 1378/1340/1378
f 1381/1343/1381 1377/1345/1377 1384/1347/1384
f 1383/1346/1383 1377/1345/1377 1385/1348/1385
f 1380/1342/1380 1386/1349/1386 1385/1348/1385
f 1388/1790/1388 1373/1351/1373 1361/1329/1361
f 1392/1357/1392 1389/1352/1389 1391/1354/1391
f 1390/1353/1390 1389/1352/1389 1394/1356/1394
f 1393/1355/1393 1389/1352/1389 1382/1344/1382
f 1378/1340/1378 1389/1352/1389 1379/1341/1379
f 1398/1365/1398 1395/1358/1395 1397/1360/1397
f 1396/1359/1396 1395/1358/1395 1400/1362/1400
f 1399/1361/1399 1395/1358/1395 1402/1364/1402
f 1401/1363/1401 1395/1358/1395 1403/1366/1403
f 1406/1387/1406 1404/1367/1404 1403/1366/1403
f 1409/1371/1409 1407/1369/1407 1402/1364/1402
f 1410/1372/1410 1401/1363/1401 1405/1368/1405
f 1410/1372/1410 1409/1371/1409 1401/1363/1401
f 1409/1371/1409 1410/1372/1410 1412/1374/1412
f 1411/1373/1411 1410/1372/1410 1413/1375/1413
f 1414/1381/1414 1415/1376/1415 1417/1378/1417
f 1414/1381/1414 1418/1379/1418 1415/1376/1415
f 1418/1379/1418 1414/1381/1414 1421/1383/1421
f 1420/1382/1420 1414/1381/1414 1422/1384/1422
f 1424/1810/1424 1423/1385/1423 1416/1377/1416
f 1426/1796/1426 1425/1386/1425 1397/1360/1397
f 1425/1386/1425 1406/1387/1406 1398/1365/1398
f 1430/1393/1430 1427/1388/1427 1429/1390/1429
f 1428/1389/1428 1427/1388/1427 1432/1392/1432
f 1431/1391/1431 1427/1388/1427 1419/1380/1419
f 1415/1376/1415 1427/1388/1427 1416/1377/1416
f 1436/1401/1436 1433/1394/1433 1435/1396/1435
f 1434/1395/1434 1433/1394/1433 1438/1398/1438
f 1437/1397/1437 1433/1394/1433 1440/1400/1440
f 1439/1399/1439 1433/1394/1433 1441/1402/1441
f 1445/1407/1445 1442/1403/1442 1444/1405/1444
f 1447/1408/1447 1446/1406/1446 1444/1405/1444
f 1448/1410/1448 1439/1399/1439 1447/1408/1447
f 1448/1410/1448 1449/1409/1449 1439/1399/1439
f 1449/1409/1449 1448/1410/1448 1450/1411/1450
f 1443/1404/1443 1448/1410/1448 1444/1405/1444
f 1451/1417/1451 1452/1412/1452 1454/1414/1454
f 1451/1417/1451 1455/1415/1455 1452/1412/1452
f 1455/1415/1455 1451/1417/1451 1458/1419/1458
f 1457/1418/1457 1451/1417/1451 1459/1420/1459
f 1461/1826/1461 1460/1421/1460 1453/1413/1453
f 1457/1418/1457 1462/1422/1462 1458/1419/1458
f 1464/1821/1464 1437/1397/1437 1465/1424/1465
f 1469/1428/1469 1466/1425/1466 1468/1427/1468
f 1466/1425/1466 1469/1428/1469 1470/1429/1470
f 1474/1433/1474 1471/1430/1471 1473/1432/1473
f 1472/1431/1472 1471/1430/1471 1468/1427/1468
f 1469/1428/1469 1471/1430/1471 1456/1416/1456
f 1452/1412/1452 1471/1430/1471 1453/1413/1453
f 1336/1300/1336 1475/1434/1475 1337/1301/1337
f 1476/1435/1476 1475/1434/1475 1277/1244/1277
f 1478/1438/1478 1477/1436/1477 1343/1307/1343
f 1341/1305/1341 1477/1436/1477 1342/1306/1342
f 1477/1436/1477 1294/1260/1294 1479/1437/1479
f 1294/1260/1294 1477/1436/1477 1295/1261/1295
f 1482/1442/1482 1480/1439/1480 1286/1253/1286
f 1480/1439/1480 1478/1438/1478 1481/1440/1481
f 1480/1439/1480 1483/1441/1483 1478/1438/1478
f 1480/1439/1480 1482/1442/1482 1483/1441/1483
f 1484/1444/1484 1356/1320/1356 1476/1435/1476
f 1484/1444/1484 1485/1443/1485 1356/1320/1356
f 1485/1443/1485 1484/1444/1484 1280/1246/1280
f 1484/1444/1484 1476/1435/1476 1276/1243/1276
f 1485/1443/1485 1486/1445/1486 1357/1321/1357
f 1486/1445/1486 1482/1442/1482 1487/1446/1487
f 1482/1442/1482 1486/1445/1486 1348/1312/1348
f 1486/1445/1486 1485/1443/1485 1488/1447/1488
f 1354/1318/1354 1489/1448/1489 1355/1319/1355
f 1489/1448/1489 1285/1252/1285 1490/1449/1490
f 1489/1448/1489 1487/1446/1487 1285/1252/1285
f 1489/1448/1489 1354/1318/1354 1487/1446/1487
f 1491/1451/1491 1318/1283/1318 1492/1450/1492
f 1318/1283/1318 1491/1451/1491 1319/1284/1319
f 1490/1449/1490 1493/1453/1493 1355/1319/1355
f 1353/1316/1353 1493/1453/1493 1327/1292/1327
f 1493/1453/1493 1316/1282/1316 1324/1290/1324
f 1493/1453/1493 1490/1449/1490 1316/1282/1316
f 1494/1455/1494 1299/1266/1299 1495/1454/1495
f 1299/1266/1299 1494/1455/1494 1300/1267/1300
f 1494/1455/1494 1306/1272/1306 1496/1456/1496
f 1306/1272/1306 1494/1455/1494 1307/1273/1307
f 1279/1245/1279 1497/1457/1497 1280/1246/1280
f 1497/1457/1497 1345/1308/1345 1488/1447/1488
f 1497/1457/1497 1308/1274/1308 1345/1308/1345
f 1308/1274/1308 1497/1457/1497 1282/1248/1282
f 1498/1459/1498 1499/1458/1499 1349/1313/1349
f 1499/1458/1499 1498/1459/1498 1501/1461/1501
f 1498/1459/1498 1502/1462/1502 1500/1460/1500
f 1502/1462/1502 1498/1459/1498 1351/1315/1351
f 1504/1465/1504 1505/1464/1505 1290/1256/1290
f 1505/1464/1505 1504/1465/1504 1507/1467/1507
f 1504/1465/1504 1508/1468/1508 1506/1466/1506
f 1508/1468/1508 1504/1465/1504 1292/1259/1292
f 1510/1471/1510 1483/1441/1483 1347/1311/1347
f 1510/1471/1510 1511/1470/1511 1483/1441/1483
f 1511/1470/1511 1510/1471/1510 1501/1461/1501
f 1499/1458/1499 1510/1471/1510 1350/1314/1350
f 1512/1473/1512 1481/1440/1481 1513/1472/1513
f 1512/1473/1512 1287/1258/1287 1481/1440/1481
f 1287/1258/1287 1512/1473/1512 1292/1259/1292
f 1508/1468/1508 1512/1473/1512 1509/1469/1509
f 1514/1475/1514 1495/1454/1495 1515/1474/1515
f 1514/1475/1514 1346/1309/1346 1495/1454/1495
f 1346/1309/1346 1514/1475/1514 1351/1315/1351
f 1502/1462/1502 1514/1475/1514 1503/1463/1503
f 1516/1477/1516 1317/1287/1317 1288/1254/1288
f 1516/1477/1516 1517/1476/1517 1317/1287/1317
f 1517/1476/1517 1516/1477/1516 1507/1467/1507
f 1505/1464/1505 1516/1477/1516 1291/1257/1291
f 1511/1470/1511 1518/1478/1518 1295/1261/1295
f 1518/1478/1518 1515/1474/1515 1296/1262/1296
f 1515/1474/1515 1518/1478/1518 1503/1463/1503
f 1518/1478/1518 1511/1470/1511 1500/1460/1500
f 1517/1476/1517 1519/1479/1519 1322/1288/1322
f 1519/1479/1519 1513/1472/1513 1339/1302/1339
f 1513/1472/1513 1519/1479/1519 1509/1469/1509
f 1519/1479/1519 1517/1476/1517 1506/1466/1506
f 1520/1481/1520 1521/1480/1521 1496/1456/1496
f 1521/1480/1521 1520/1481/1520 1523/1483/1523
f 1524/1492/1524 1520/1481/1520 1310/1277/1310
f 1479/1437/1479 1525/1484/1525 1342/1306/1342
f 1526/1485/1526 1525/1484/1525 1528/1487/1528
f 1529/1489/1529 1525/1484/1525 1298/1265/1298
f 1340/1303/1340 1530/1488/1530 1321/1286/1321
f 1530/1488/1530 1340/1303/1340 1526/1485/1526
f 1531/1491/1531 1529/1489/1529 1297/1264/1297
f 1531/1491/1531 1521/1480/1521 1532/1490/1532
f 1521/1480/1521 1531/1491/1531 1300/1267/1300
f 1533/1493/1533 1524/1492/1524 1309/1276/1309
f 1535/1833/1535 1533/1493/1533 1534/1494/1534
f 1533/1493/1533 1309/1276/1309 1304/1271/1304
f 815/784/815 814/783/814 767/732/767
f 1537/1497/1537 784/755/784 1538/1496/1538
f 815/784/815 1537/1497/1537 816/785/816
f 1537/1497/1537 815/784/815 761/726/761
f 1537/1497/1537 761/726/761 784/755/784
f 1540/1499/1540 1539/1498/1539 758/723/758
f 1539/1498/1539 1540/1499/1540 807/773/807
f 1539/1498/1539 807/773/807 793/756/793
f 1539/1498/1539 793/756/793 759/724/759
f 780/743/780 1541/1500/1541 781/744/781
f 1541/1500/1541 780/743/780 813/780/813
f 1546/1505/1546 1543/1502/1543 1545/1504/1545
f 1548/1507/1548 1543/1502/1543 1547/1506/1547
f 1543/1502/1543 1548/1507/1548 803/768/803
f 1543/1502/1543 803/768/803 1544/1503/1544
f 1549/3142/1549 748/713/748 1550/1508/1550
f 1551/1858/1551 777/778/777 700/1509/700
f 307/1522/307 197/1510/197 251/243/251
f 1552/3143/1552 1553/1511/1553 224/220/224
f 1552/3143/1552 224/220/224 227/222/227
f 207/3139/207 210/206/210 1554/1512/1554
f 211/207/211 306/1513/306 212/208/212
f 1555/1515/1555 230/1514/230 252/245/252
f 208/204/208 1555/1515/1555 209/205/209
f 1553/1511/1553 300/1516/300 225/221/225
f 300/1516/300 301/1517/301 232/226/232
f 233/228/233 1556/1518/1556 203/201/203
f 241/235/241 1556/1518/1556 235/230/235
f 301/1517/301 1557/1520/1557 236/231/236
f 257/249/257 1557/1520/1557 247/240/247
f 306/1513/306 305/1521/305 220/215/220
f 305/1521/305 307/1522/307 254/246/254
f 243/236/243 242/1523/242 248/241/248
f 308/1525/308 263/256/263 309/1524/309
f 263/256/263 308/1525/308 260/253/260
f 313/3144/313 258/251/258 312/1526/312
f 313/3144/313 240/1527/240 258/251/258
f 268/260/268 197/1528/197 269/261/269
f 197/1528/197 268/260/268 198/1529/198
f 286/278/286 201/1530/201 287/279/287
f 201/1530/201 286/278/286 205/1532/205
f 1553/1544/1553 1552/1533/1552 284/277/284
f 1552/1533/1552 227/1534/227 285/280/285
f 208/1542/208 207/1535/207 272/265/272
f 207/1535/207 1554/1536/1554 289/281/289
f 211/1537/211 279/272/279 306/298/306
f 279/272/279 211/1537/211 280/273/280
f 277/269/277 221/1539/221 278/270/278
f 214/1538/214 221/1539/221 280/273/280
f 1555/1541/1555 267/264/267 230/1540/230
f 267/264/267 1555/1541/1555 272/265/272
f 226/1543/226 303/296/303 227/1534/227
f 303/296/303 226/1543/226 266/259/266
f 300/3140/300 1553/1544/1553 296/288/296
f 1556/1545/1556 295/291/295 204/1531/204
f 295/291/295 1556/1545/1556 299/292/299
f 321/312/321 237/1547/237 319/310/319
f 237/1547/237 321/312/321 241/1546/241
f 1554/1536/1554 1557/1549/1557 293/286/293
f 1557/1549/1557 301/293/301 316/306/316
f 242/1550/242 198/1529/198 290/283/290
f 309/300/309 242/1550/242 292/285/292
f 313/3141/313 314/305/314 240/1548/240
f 347/336/347 1258/1551/1258 348/337/348
f 1558/1557/1558 1258/1551/1258 349/339/349
f 1559/1554/1559 1329/1553/1329 346/335/346
f 1261/1552/1261 1559/1554/1559 348/337/348
f 1560/1556/1560 345/338/345 1561/1555/1561
f 345/338/345 1560/1556/1560 349/339/349
f 350/341/350 351/340/351 1535/1559/1535
f 352/342/352 350/341/350 1534/1560/1534
f 1532/1562/1532 353/343/353 1563/1561/1563
f 353/343/353 1532/1562/1532 357/346/357
f 368/357/368 362/355/362 1564/1564/1564
f 1565/1566/1565 370/1565/370 366/354/366
f 365/353/365 372/360/372 366/354/366
f 1566/1573/1566 1311/1567/1311 378/365/378
f 374/362/374 1311/1567/1311 375/363/375
f 334/324/334 1567/1569/1567 325/316/325
f 326/321/326 1567/1569/1567 331/322/331
f 327/317/327 1328/1570/1328 328/318/328
f 1329/1553/1329 1328/1570/1328 330/320/330
f 377/364/377 1568/1572/1568 378/365/378
f 371/359/371 1568/1572/1568 364/352/364
f 1314/1568/1314 1569/1574/1569 375/363/375
f 376/366/376 1569/1574/1569 361/350/361
f 385/373/385 379/370/379 1528/1575/1528
f 1571/1588/1571 1570/1576/1570 401/388/401
f 397/385/397 1570/1576/1570 398/386/398
f 412/400/412 1367/1578/1367 413/401/413
f 408/396/408 1367/1578/1367 409/397/409
f 1371/1581/1371 1373/1580/1373 411/399/411
f 1370/1579/1370 1371/1581/1371 413/401/413
f 423/411/423 417/409/417 1573/1582/1573
f 1386/1584/1386 434/1583/434 418/405/418
f 1387/1585/1387 1386/1584/1386 421/408/421
f 420/407/420 425/413/425 421/408/421
f 1572/1577/1572 1574/1586/1574 398/386/398
f 399/391/399 1574/1586/1574 404/392/404
f 400/387/400 1388/1587/1388 401/388/401
f 1373/1580/1373 1388/1587/1388 403/390/403
f 436/423/436 435/422/435 416/404/416
f 1426/1604/1426 1575/1589/1575 443/429/443
f 439/426/439 1575/1589/1575 440/427/440
f 1404/1592/1404 1406/1591/1406 455/440/455
f 448/435/448 1404/1592/1404 449/436/449
f 1407/1594/1407 454/441/454 1408/1593/1408
f 454/441/454 1407/1594/1407 451/438/451
f 1577/1596/1577 459/449/459 476/459/476
f 459/449/459 1577/1596/1577 464/450/464
f 1423/1599/1423 1424/1598/1424 460/445/460
f 466/452/466 1423/1599/1423 463/448/463
f 469/454/469 1578/1600/1578 470/455/470
f 478/461/478 1578/1600/1578 474/458/474
f 1576/1590/1576 1579/1602/1579 440/427/440
f 441/432/441 1579/1602/1579 446/433/446
f 442/428/442 1425/1603/1425 443/429/443
f 1406/1591/1406 1425/1603/1425 445/431/445
f 1424/1598/1424 468/453/468 461/446/461
f 506/490/506 1580/1605/1580 484/467/484
f 480/464/480 1580/1605/1580 481/465/481
f 494/477/494 1442/1607/1442 495/478/495
f 489/473/489 1442/1607/1442 490/474/490
f 1446/1610/1446 507/1609/507 493/476/493
f 1445/1608/1445 1446/1610/1446 495/478/495
f 488/472/488 491/479/491 1465/1611/1465
f 1582/1613/1582 499/487/499 1470/1612/1470
f 499/487/499 1582/1613/1582 504/488/504
f 1460/1616/1460 1461/1615/1461 500/483/500
f 1583/1618/1583 1460/1616/1460 503/486/503
f 502/485/502 1462/1617/1462 503/486/503
f 1463/1614/1463 1462/1617/1462 504/488/504
f 1585/1623/1585 1584/1619/1584 513/495/513
f 509/492/509 1584/1619/1584 510/493/510
f 1581/1606/1581 1464/1621/1464 481/465/481
f 482/470/482 1464/1621/1464 487/471/487
f 512/494/512 1586/1622/1586 513/495/513
f 1461/1615/1461 1586/1622/1586 501/484/501
f 1467/1620/1467 1466/1624/1466 510/493/510
f 511/496/511 1466/1624/1466 498/482/498
f 1587/1633/1587 523/506/523 519/501/519
f 535/517/535 1588/1625/1588 528/511/528
f 531/513/531 1588/1625/1588 532/514/532
f 583/1631/583 530/512/530 522/505/522
f 540/521/540 1589/1627/1589 541/522/541
f 1591/1629/1591 1589/1627/1589 543/525/543
f 542/524/542 548/529/548 543/525/543
f 1592/1635/1592 549/530/549 557/536/557
f 524/507/524 580/1630/580 516/499/516
f 580/1630/580 583/1631/583 517/504/517
f 518/500/518 553/1632/553 519/501/519
f 556/535/556 1593/1634/1593 557/536/557
f 1593/1634/1593 556/535/556 1590/1628/1590
f 550/531/550 1594/1636/1594 551/532/551
f 1594/1636/1594 546/1637/546 555/537/555
f 558/538/558 385/373/385 1527/1638/1527
f 356/540/356 558/538/558 1563/1561/1563
f 1522/1639/1522 568/549/568 1523/1563/1523
f 568/549/568 1522/1639/1522 351/340/351
f 546/1654/546 1594/1640/1594 575/555/575
f 576/556/576 1594/1640/1594 577/558/577
f 572/552/572 1593/1642/1593 573/553/573
f 1592/1648/1592 1593/1642/1593 579/560/579
f 614/593/614 553/1644/553 601/581/601
f 1587/1665/1587 553/1644/553 617/597/617
f 581/562/581 580/561/580 615/595/615
f 578/559/578 549/1647/549 579/560/579
f 550/1641/550 549/1647/549 577/558/577
f 587/567/587 548/1649/548 588/568/588
f 1591/1652/1591 548/1649/548 586/566/586
f 585/565/585 1589/1651/1589 586/566/586
f 1589/1651/1589 585/565/585 1590/1643/1590
f 547/1650/547 545/1653/545 588/568/588
f 545/1653/545 546/1654/546 589/569/589
f 602/582/602 606/591/606 604/584/604
f 531/1663/531 530/1656/530 598/578/598
f 530/1656/530 583/1657/583 599/579/599
f 595/575/595 525/1658/525 596/576/596
f 525/1658/525 595/575/595 526/1645/526
f 607/586/607 1596/1660/1596 608/587/608
f 1596/1660/1596 607/586/607 605/585/605
f 606/591/606 612/592/612 1595/1655/1595
f 612/592/612 352/342/352 1597/1661/1597
f 597/577/597 1588/1662/1588 598/578/598
f 529/1659/529 1588/1662/1588 596/576/596
f 616/596/616 523/1664/523 617/597/617
f 524/1646/524 523/1664/523 615/595/615
f 619/599/619 618/598/618 655/633/655
f 1541/1668/1541 813/1667/813 646/623/646
f 1542/1678/1542 1541/1668/1541 647/624/647
f 661/639/661 1598/1669/1598 624/603/624
f 663/641/663 1598/1669/1598 620/600/620
f 637/616/637 1599/1671/664 638/617/638
f 1601/1674/1600 1599/1671/664 639/618/639
f 811/1682/811 1602/1673/1601 633/611/633
f 634/612/634 1602/1673/1601 639/618/639
f 635/613/635 1603/1675/1602 636/614/636
f 1600/1672/1599 1603/1675/1602 638/617/638
f 641/619/641 640/1677/640 647/624/647
f 814/1679/814 656/635/656 1536/1666/1536
f 656/635/656 814/1679/814 658/636/658
f 651/629/651 650/627/650 1604/1676/1603
f 813/1667/813 810/1681/810 629/607/629
f 810/1681/810 811/1682/811 649/626/649
f 817/1680/817 659/637/659 658/636/658
f 773/1853/773 785/766/785 792/1683/792
f 1549/3142/1549 1605/1684/1604 748/713/748
f 771/735/771 812/777/812 1607/1686/1606
f 769/1861/769 790/771/790 1608/1687/1607
f 808/1852/808 764/1688/764 744/708/744
f 797/760/797 796/759/796 798/1690/798
f 749/714/749 770/747/770 1610/1692/1609
f 1612/1859/1611 1611/1693/1610 750/715/750
f 1550/1508/1550 743/712/743 768/1694/768
f 1540/1499/1540 660/1712/660 809/775/809
f 681/658/681 686/662/686 1607/1715/1606
f 660/1712/660 1540/1499/1540 661/1716/661
f 1538/1496/1538 659/1717/659 816/785/816
f 693/667/693 698/671/698 1615/1719/1614
f 703/1724/703 804/1720/804 708/678/708
f 643/1835/643 659/1717/659 783/746/783
f 1549/1695/1549 683/1697/683 1605/1698/1604
f 769/733/769 1608/1701/1607 687/734/687
f 686/662/686 685/661/685 1609/1714/1608
f 684/660/684 1611/1700/1610 685/661/685
f 696/669/696 716/1706/716 697/670/697
f 1551/1708/1551 711/1710/711 762/727/762
f 714/683/714 713/682/713 775/739/775
f 1550/1696/1550 768/1721/768 683/1697/683
f 682/659/682 681/658/681 1606/1699/1605
f 1613/1705/1612 772/1722/772 695/753/695
f 651/1725/651 1604/1723/1603 801/764/801
f 694/668/694 693/667/693 752/717/752
f 700/1709/700 703/1724/703 711/1710/711
f 652/1713/652 651/1725/651 809/775/809
f 1053/1018/1053 1616/1726/1615 1208/1175/1208
f 913/880/913 1618/1728/1617 910/878/910
f 1045/1011/1045 942/908/942 1620/1730/1619
f 908/876/908 1621/1731/1620 909/877/909
f 858/826/858 857/825/857 1623/1733/1622
f 945/1116/945 1152/1216/1152 1204/1171/1204
f 1038/1004/1038 1041/1007/1041 1626/1736/1625
f 1037/1002/1037 1627/1737/1626 915/882/915
f 1152/1216/1152 1208/1175/1208 1624/1734/1623
f 1084/1049/1084 1207/1174/1207 859/827/859
f 915/882/915 1628/1738/1627 913/880/913
f 910/878/910 1619/1729/1618 908/876/908
f 1086/1051/1086 1045/1011/1045 1630/1740/1629
f 1041/1007/1041 858/826/858 1625/1735/1624
f 859/827/859 1629/1739/1628 857/825/857
f 1037/1002/1037 1038/1004/1038 1627/1737/1626
f 990/955/990 1201/1168/1201 1053/1018/1053
f 1052/1166/1052 1086/1051/1086 1202/1169/1202
f 1209/1179/1209 1631/1741/1630 1213/1180/1213
f 1631/1741/1630 1209/1179/1209 1633/1743/1632
f 1216/1183/1216 1634/1744/1633 1212/1178/1212
f 1634/1744/1633 1216/1183/1216 1635/1745/1634
f 1219/1186/1219 1225/1192/1225 1635/1745/1634
f 1230/1196/1230 1226/1193/1226 1637/1747/1636
f 1225/1192/1225 1241/1210/1241 1636/1746/1635
f 1243/1209/1243 1246/1213/1246 1244/1211/1244
f 1246/1213/1246 1230/1196/1230 1638/1748/1637
f 334/1769/334 332/1749/332 1254/1221/1254
f 1250/1218/1250 332/1749/332 1251/1219/1251
f 1259/1227/1259 1258/1226/1258 1265/1232/1265
f 1329/1293/1329 1559/1752/1559 1257/1225/1257
f 1263/1229/1263 1559/1752/1559 1260/1228/1260
f 1264/1230/1264 1560/1754/1560 1256/1223/1256
f 1558/1751/1558 1560/1754/1560 1265/1232/1265
f 1270/1236/1270 368/1756/368 1271/1237/1271
f 369/1761/369 368/1756/368 1273/1240/1273
f 371/1772/371 370/1758/370 1268/1234/1268
f 1269/1235/1269 370/1758/370 1274/1241/1274
f 1565/1759/1565 372/1760/372 1274/1241/1274
f 1272/1239/1272 372/1760/372 1273/1240/1273
f 1597/1763/1597 1302/1270/1302 1595/1762/1595
f 1302/1270/1302 1597/1763/1597 1304/1271/1304
f 1312/1279/1312 1311/1278/1311 1331/1295/1331
f 610/1766/610 1323/1289/1323 593/1765/593
f 1326/1291/1326 1323/1289/1323 611/1767/611
f 1253/1220/1253 1567/1768/1567 1254/1221/1254
f 1567/1768/1567 1253/1220/1253 1561/1755/1561
f 333/1750/333 1328/1770/1328 1251/1219/1251
f 1566/1764/1566 1568/1771/1568 1331/1295/1331
f 1568/1771/1568 371/1772/371 1332/1297/1332
f 1333/1296/1333 1569/1773/1569 1313/1280/1313
f 1569/1773/1569 1333/1296/1333 1564/1757/1564
f 1334/1298/1334 1326/1291/1326 1596/1775/1596
f 1336/1300/1336 1334/1298/1334 605/1776/605
f 1572/1789/1572 1570/1777/1570 1363/1326/1363
f 1359/1323/1359 1570/1777/1570 1360/1324/1360
f 1368/1332/1368 1367/1331/1367 1376/1339/1376
f 1375/1337/1375 405/1780/405 1365/1328/1365
f 408/1779/408 405/1780/405 1376/1339/1376
f 1381/1343/1381 423/1782/423 1382/1344/1382
f 424/1785/424 423/1782/423 1384/1347/1384
f 434/1792/434 1386/1349/1386 1379/1341/1379
f 1387/1350/1387 425/1784/425 1385/1348/1385
f 1383/1346/1383 425/1784/425 1384/1347/1384
f 430/1794/430 426/1786/426 1394/1356/1394
f 1390/1353/1390 426/1786/426 1391/1354/1391
f 1362/1325/1362 1574/1788/1574 1363/1326/1363
f 1574/1788/1574 1362/1325/1362 407/1781/407
f 1571/1778/1571 1388/1790/1388 1360/1324/1360
f 429/1787/429 432/1791/432 1391/1354/1391
f 432/1791/432 434/1792/434 1392/1357/1392
f 1393/1355/1393 435/1793/435 1394/1356/1394
f 435/1793/435 1393/1355/1393 1573/1783/1573
f 1576/1808/1576 1575/1795/1575 1400/1362/1400
f 1396/1359/1396 1575/1795/1575 1397/1360/1397
f 448/1799/448 447/1797/447 1413/1375/1413
f 1411/1373/1411 447/1797/447 1412/1374/1412
f 1405/1368/1405 1404/1367/1404 1413/1375/1413
f 452/1798/452 1407/1369/1407 1412/1374/1412
f 1418/1379/1418 1577/1800/1577 1419/1380/1419
f 467/1804/467 1577/1800/1577 1421/1383/1421
f 1417/1378/1417 1423/1385/1423 1422/1384/1422
f 466/1802/466 465/1803/465 1422/1384/1422
f 1420/1382/1420 465/1803/465 1421/1383/1421
f 475/1812/475 1578/1805/1578 1432/1392/1432
f 1428/1389/1428 1578/1805/1578 1429/1390/1429
f 1399/1361/1399 1579/1807/1579 1400/1362/1400
f 1579/1807/1579 1399/1361/1399 1408/1370/1408
f 469/1806/469 468/1809/468 1429/1390/1429
f 468/1809/468 1424/1810/1424 1430/1393/1430
f 1431/1391/1431 472/1811/472 1432/1392/1432
f 472/1811/472 1431/1391/1431 476/1801/476
f 1581/1822/1581 1580/1813/1580 1438/1398/1438
f 1434/1395/1434 1580/1813/1580 1435/1396/1435
f 1443/1404/1443 1442/1403/1442 1450/1411/1450
f 507/1824/507 1446/1406/1446 1441/1402/1441
f 1449/1409/1449 488/1816/488 1440/1400/1440
f 489/1815/489 488/1816/488 1450/1411/1450
f 1455/1415/1455 1582/1817/1582 1456/1416/1456
f 1463/1423/1463 1582/1817/1582 1458/1419/1458
f 1454/1414/1454 1460/1421/1460 1459/1420/1459
f 1583/1818/1583 1462/1422/1462 1459/1420/1459
f 1467/1426/1467 1584/1819/1584 1468/1427/1468
f 1472/1431/1472 1584/1819/1584 1473/1432/1473
f 1437/1397/1437 1464/1821/1464 1438/1398/1438
f 506/1814/506 505/1823/505 1435/1396/1435
f 505/1823/505 507/1824/507 1436/1401/1436
f 1585/1820/1585 1586/1825/1586 1473/1432/1473
f 1586/1825/1586 1461/1826/1461 1474/1433/1474
f 604/1827/604 1475/1434/1475 605/1776/605
f 1475/1434/1475 604/1827/604 1303/1269/1303
f 591/1829/591 1491/1451/1491 381/1828/381
f 1491/1451/1491 591/1829/591 1325/1452/1325
f 1520/1481/1520 1524/1492/1524 1522/1482/1522
f 1525/1484/1525 1529/1489/1529 1527/1486/1527
f 1530/1488/1530 382/1832/382 1492/1450/1492
f 382/1832/382 1530/1488/1530 1528/1487/1528
f 1529/1489/1529 1531/1491/1531 1563/1831/1563
f 1524/1492/1524 1533/1493/1533 1562/1830/1562
f 1613/1849/1612 737/781/737 772/1834/772
f 640/1836/640 643/1835/643 782/745/782
f 1542/1501/1542 640/1836/640 781/744/781
f 747/711/747 746/710/746 1614/1838/1613
f 1544/1503/1544 1603/1839/1602 1545/1504/1545
f 1604/1723/1603 1603/1839/1602 802/765/802
f 1601/1847/1600 1602/1841/1601 1547/1506/1547
f 1548/1507/1548 1602/1841/1601 805/769/805
f 735/700/735 734/699/734 1615/1843/1614
f 787/782/787 791/1844/791 788/750/788
f 1546/1505/1546 1599/1846/664 1547/1506/1547
f 1600/1840/1599 1599/1846/664 1545/1504/1545
f 757/722/757 1598/1848/1598 758/723/758
f 621/1855/621 1598/1848/1598 756/721/756
f 791/1844/791 787/782/787 1613/1849/1612
f 788/750/788 751/1845/751 734/699/734
f 778/741/778 762/1850/762 728/693/728
f 744/708/744 747/711/747 808/1852/808
f 772/1834/772 736/702/736 773/1853/773
f 755/720/755 618/1854/618 756/721/756
f 618/1854/618 755/720/755 1536/1495/1536
f 804/1862/804 774/738/774 765/1856/765
f 729/694/729 728/693/728 776/1857/776
f 777/778/777 1551/1858/1551 778/741/778
f 812/777/812 795/758/795 1606/1685/1605
f 1608/1687/1607 789/752/789 1611/1693/1610
f 750/715/750 749/714/749 1612/1859/1611
f 792/1683/792 753/718/753 716/684/716
f 718/686/718 797/760/797 719/1860/719
f 764/1688/764 765/1856/765 745/709/745
f 770/747/770 771/735/771 1609/1691/1608
f 768/1694/768 742/707/742 769/1861/769
f 796/759/796 735/700/735 799/1689/799
f 746/710/746 729/694/729 775/1837/775
f 703/674/703 702/673/702 804/1862/804
f 1639/1510/1638 1640/198/1639 1642/196/1641
f 1646/200/1645 1643/199/1642 1645/201/1644
f 1643/199/1642 1646/200/1645 1648/202/1647
f 1649/3139/1648 1650/206/1649 1652/204/1651
f 1656/208/1655 1653/207/1652 1655/209/1654
f 1657/214/1656 1658/211/1657 1659/210/1658
f 1657/214/1656 1659/210/1658 1661/212/1660
f 1656/208/1655 1657/214/1656 1662/215/1661
f 1658/211/1657 1657/214/1656 1655/209/1654
f 1658/211/1657 1663/216/1662 1647/203/1646
f 1654/217/1653 1663/216/1662 1655/209/1654
f 1664/219/1663 1646/200/1645 1665/218/1664
f 1667/220/1666 1664/219/1663 1666/221/1665
f 1664/219/1663 1667/220/1666 1659/210/1658
f 1646/200/1645 1664/219/1663 1647/203/1646
f 1668/224/1667 1669/223/1668 1670/222/1669
f 1669/223/1668 1668/224/1667 1672/225/1671
f 1673/227/1672 1674/226/1673 1665/218/1664
f 1675/228/1674 1673/227/1672 1645/201/1644
f 1673/227/1672 1675/228/1674 1677/229/1676
f 1674/226/1673 1673/227/1672 1678/231/1677
f 1682/233/1681 1679/232/1678 1681/234/1680
f 1679/232/1678 1682/233/1681 1683/235/1682
f 1684/1523/1683 1642/196/1641 1685/236/1684
f 1687/238/1686 1686/237/1685 1641/197/1640
f 1686/237/1685 1687/238/1686 1650/206/1649
f 1689/239/1688 1686/237/1685 1688/240/1687
f 1686/237/1685 1689/239/1688 1685/236/1684
f 1691/244/1690 1640/198/1639 1693/242/1692
f 1694/245/1693 1691/244/1690 1672/225/1671
f 1691/244/1690 1694/245/1693 1687/238/1686
f 1640/198/1639 1691/244/1690 1641/197/1640
f 1695/247/1694 1696/246/1695 1661/212/1660
f 1669/223/1668 1695/247/1694 1660/213/1659
f 1695/247/1694 1669/223/1668 1693/242/1692
f 1696/246/1695 1695/247/1694 1692/243/1691
f 1697/250/1696 1698/249/1697 1699/248/1698
f 1700/251/1699 1697/250/1696 1681/234/1680
f 1702/252/1701 1697/250/1696 1701/253/1700
f 1697/250/1696 1702/252/1701 1698/249/1697
f 1682/233/1681 1703/254/1702 1676/230/1675
f 1703/254/1702 1682/233/1681 1699/248/1698
f 1703/254/1702 1699/248/1698 1677/229/1676
f 1689/239/1688 1704/255/1703 1690/241/1689
f 1702/252/1701 1704/255/1703 1688/240/1687
f 1704/255/1703 1702/252/1701 1705/256/1704
f 1709/258/1708 1706/257/1705 1708/259/1707
f 1706/257/1705 1709/258/1708 1711/260/1710
f 1713/262/1712 1706/257/1705 1712/263/1711
f 1706/257/1705 1713/262/1712 1707/264/1706
f 1715/271/1714 1716/268/1715 1718/266/1717
f 1715/271/1714 1718/266/1717 1720/269/1719
f 1722/272/1721 1715/271/1714 1721/273/1720
f 1716/268/1715 1715/271/1714 1723/274/1722
f 1727/276/1726 1724/275/1723 1726/277/1725
f 1724/275/1723 1727/276/1726 1729/278/1728
f 1718/266/1717 1724/275/1723 1719/270/1718
f 1724/275/1723 1718/266/1717 1725/280/1724
f 1730/282/1729 1731/281/1730 1713/262/1712
f 1732/283/1731 1730/282/1729 1712/263/1711
f 1730/282/1729 1732/283/1731 1734/284/1733
f 1731/281/1730 1730/282/1729 1735/286/1734
f 1727/276/1726 1736/287/1735 1728/279/1727
f 1736/287/1735 1727/276/1726 1738/288/1737
f 1740/289/1739 1736/287/1735 1739/290/1738
f 1736/287/1735 1740/289/1739 1737/291/1736
f 1742/3140/1741 1743/293/1742 1738/288/1737
f 1716/268/1715 1744/294/1743 1717/267/1716
f 1744/294/1743 1716/268/1715 1746/295/1745
f 1709/258/1708 1744/294/1743 1710/261/1709
f 1744/294/1743 1709/258/1708 1745/296/1744
f 1748/298/1747 1747/297/1746 1723/274/1722
f 1747/297/1746 1749/299/1748 1746/295/1745
f 1750/302/1749 1751/301/1750 1752/300/1751
f 1751/301/1750 1750/302/1749 1754/303/1753
f 1755/3141/1754 1756/305/1755 1753/304/1752
f 1757/309/1756 1758/307/1757 1759/306/1758
f 1757/309/1756 1759/306/1758 1760/308/1759
f 1756/305/1755 1757/309/1756 1754/303/1753
f 1758/307/1757 1757/309/1756 1761/310/1760
f 1740/289/1739 1762/311/1761 1741/292/1740
f 1762/311/1761 1740/289/1739 1758/307/1757
f 1762/311/1761 1758/307/1757 1763/312/1762
f 1734/284/1733 1764/313/1763 1735/286/1734
f 1751/301/1750 1764/313/1763 1733/285/1732
f 1764/313/1763 1751/301/1750 1760/308/1759
f 1768/315/1767 1765/314/1764 1767/316/1766
f 1770/317/1769 1765/314/1764 1769/318/1768
f 1765/314/1764 1770/317/1769 1772/319/1771
f 1765/314/1764 1772/319/1771 1766/321/1765
f 1768/315/1767 1774/323/1773 1769/318/1768
f 1776/324/1775 1774/323/1773 1767/316/1766
f 1777/328/1776 1778/327/1777 1780/325/1779
f 1782/329/1781 1777/328/1776 1781/330/1780
f 1784/331/1783 1777/328/1776 1783/332/1782
f 1778/327/1777 1777/328/1776 1785/333/1784
f 1772/319/1771 1786/334/1785 1773/322/1772
f 1788/335/1787 1786/334/1785 1771/320/1770
f 1790/336/1789 1786/334/1785 1789/337/1788
f 1787/338/1786 1786/334/1785 1791/339/1790
f 1792/341/1791 1793/340/1792 1784/331/1783
f 1794/342/1793 1792/341/1791 1783/332/1782
f 1798/344/1797 1795/343/1794 1797/345/1796
f 1795/343/1794 1798/344/1797 1800/346/1799
f 1804/349/1803 1801/348/1800 1803/350/1802
f 1806/351/1805 1801/348/1800 1805/352/1804
f 1808/353/1807 1801/348/1800 1807/354/1806
f 1802/355/1801 1801/348/1800 1809/356/1808
f 1811/358/1810 1810/357/1809 1809/356/1808
f 1812/1565/1811 1806/351/1805 1813/359/1812
f 1808/353/1807 1814/360/1813 1809/356/1808
f 1818/362/1817 1815/361/1814 1817/363/1816
f 1820/364/1819 1815/361/1814 1819/365/1818
f 1815/361/1814 1820/364/1819 1804/349/1803
f 1815/361/1814 1804/349/1803 1816/366/1815
f 1821/370/1820 1822/369/1821 1824/367/1823
f 1826/371/1825 1821/370/1820 1825/372/1824
f 1821/370/1820 1826/371/1825 1828/373/1827
f 1832/376/1831 1829/375/1828 1831/377/1830
f 1834/378/1833 1829/375/1828 1833/379/1832
f 1836/380/1835 1829/375/1828 1835/381/1834
f 1829/375/1828 1836/380/1835 1830/382/1829
f 1841/385/1840 1838/384/1837 1840/386/1839
f 1843/387/1842 1838/384/1837 1842/388/1841
f 1838/384/1837 1843/387/1842 1845/389/1844
f 1838/384/1837 1845/389/1844 1839/391/1838
f 1847/395/1846 1848/394/1847 1849/393/1848
f 1851/396/1850 1847/395/1846 1850/397/1849
f 1845/389/1844 1852/398/1851 1846/392/1845
f 1853/399/1852 1852/398/1851 1844/390/1843
f 1855/400/1854 1852/398/1851 1854/401/1853
f 1849/393/1848 1852/398/1851 1850/397/1849
f 1859/403/1858 1856/402/1855 1858/404/1857
f 1861/405/1860 1856/402/1855 1860/406/1859
f 1863/407/1862 1856/402/1855 1862/408/1861
f 1857/409/1856 1856/402/1855 1864/410/1863
f 1866/412/1865 1865/411/1864 1864/410/1863
f 1863/407/1862 1867/413/1866 1864/410/1863
f 1871/415/1870 1868/414/1867 1870/416/1869
f 1873/417/1872 1868/414/1867 1872/418/1871
f 1869/420/1868 1874/419/1873 1870/416/1869
f 1875/421/1874 1874/419/1873 1860/406/1859
f 1878/423/1877 1877/422/1876 1872/418/1871
f 1871/415/1870 1879/424/1878 1872/418/1871
f 1875/421/1874 1879/424/1878 1870/416/1869
f 1879/424/1878 1875/421/1874 1859/403/1858
f 1879/424/1878 1859/403/1858 1878/423/1877
f 1883/426/1882 1880/425/1879 1882/427/1881
f 1885/428/1884 1880/425/1879 1884/429/1883
f 1880/425/1879 1885/428/1884 1887/430/1886
f 1880/425/1879 1887/430/1886 1881/432/1880
f 1892/435/1891 1889/434/1888 1891/436/1890
f 1890/437/1889 1889/434/1888 1894/438/1893
f 1887/430/1886 1895/439/1894 1888/433/1887
f 1897/440/1896 1895/439/1894 1886/431/1885
f 1890/437/1889 1895/439/1894 1891/436/1890
f 1896/441/1895 1895/439/1894 1894/438/1893
f 1901/443/1900 1898/442/1897 1900/444/1899
f 1903/445/1902 1898/442/1897 1902/446/1901
f 1905/447/1904 1898/442/1897 1904/448/1903
f 1899/449/1898 1898/442/1897 1906/450/1905
f 1908/452/1907 1907/451/1906 1904/448/1903
f 1905/447/1904 1907/451/1906 1906/450/1905
f 1913/454/1912 1910/453/1909 1912/455/1911
f 1917/457/1916 1914/456/1913 1916/458/1915
f 1918/459/1917 1914/456/1913 1900/444/1899
f 1920/461/1919 1919/460/1918 1916/458/1915
f 1911/462/1910 1919/460/1918 1912/455/1911
f 1919/460/1918 1911/462/1910 1901/443/1900
f 1919/460/1918 1901/443/1900 1917/457/1916
f 1924/464/1923 1921/463/1920 1923/465/1922
f 1926/466/1925 1921/463/1920 1925/467/1924
f 1921/463/1920 1926/466/1925 1928/468/1927
f 1921/463/1920 1928/468/1927 1922/470/1921
f 1933/473/1932 1930/472/1929 1932/474/1931
f 1928/468/1927 1934/475/1933 1929/471/1928
f 1935/476/1934 1934/475/1933 1927/469/1926
f 1937/477/1936 1934/475/1933 1936/478/1935
f 1931/479/1930 1934/475/1933 1932/474/1931
f 1941/481/1940 1938/480/1937 1940/482/1939
f 1943/483/1942 1938/480/1937 1942/484/1941
f 1945/485/1944 1938/480/1937 1944/486/1943
f 1939/487/1938 1938/480/1937 1946/488/1945
f 1948/490/1947 1947/489/1946 1925/467/1924
f 1926/466/1925 1947/489/1946 1927/469/1926
f 1953/492/1952 1950/491/1949 1952/493/1951
f 1955/494/1954 1950/491/1949 1954/495/1953
f 1950/491/1949 1955/494/1954 1941/481/1940
f 1950/491/1949 1941/481/1940 1951/496/1950
f 1959/498/1958 1956/497/1955 1958/499/1957
f 1961/500/1960 1956/497/1955 1960/501/1959
f 1963/502/1962 1956/497/1955 1962/503/1961
f 1957/504/1956 1956/497/1955 1964/505/1963
f 1966/507/1965 1965/506/1964 1958/499/1957
f 1969/509/1968 1967/508/1966 1962/503/1961
f 1968/510/1967 1967/508/1966 1971/511/1970
f 1975/513/1974 1972/512/1971 1974/514/1973
f 1976/516/1975 1973/515/1972 1963/502/1962
f 1976/516/1975 1963/502/1962 1968/510/1967
f 1977/517/1976 1976/516/1975 1971/511/1970
f 1973/515/1972 1976/516/1975 1974/514/1973
f 1978/523/1977 1979/520/1978 1981/518/1980
f 1978/523/1977 1981/518/1980 1983/521/1982
f 1985/524/1984 1978/523/1977 1984/525/1983
f 1979/520/1978 1978/523/1977 1986/526/1985
f 1979/520/1978 1987/527/1986 1980/519/1979
f 1989/528/1988 1987/527/1986 1986/526/1985
f 1985/524/1984 1990/529/1989 1986/526/1985
f 1994/531/1993 1991/530/1990 1993/532/1992
f 1995/1632/1994 1969/509/1968 1961/500/1960
f 1992/534/1991 1996/533/1995 1993/532/1992
f 1999/535/1998 1996/533/1995 1998/536/1997
f 1981/518/1980 1996/533/1995 1982/522/1981
f 1997/537/1996 1996/533/1995 1980/519/1979
f 2001/539/2000 2000/538/1999 1827/374/1826
f 2000/538/1999 2001/539/2000 1796/540/1795
f 2002/542/2001 2003/541/2002 1836/380/1835
f 2004/543/2003 2002/542/2001 1835/381/1834
f 2002/542/2001 2004/543/2003 1780/325/1779
f 2003/541/2002 2002/542/2001 1779/326/1778
f 2006/545/2005 2005/544/2004 1827/374/1826
f 2005/544/2004 2006/545/2005 2003/541/2002
f 2005/544/2004 2003/541/2002 2007/546/2006
f 2001/539/2000 2005/544/2004 1797/345/1796
f 2009/548/2008 2008/547/2007 1825/372/1824
f 2008/547/2007 2009/548/2008 1830/382/1829
f 2006/545/2005 2008/547/2007 1837/383/1836
f 2008/547/2007 2006/545/2005 1826/371/1825
f 2011/550/2010 2010/549/2009 1799/347/1798
f 1793/340/1792 2010/549/2009 1785/333/1784
f 2012/551/2011 1798/344/1797 2007/546/2006
f 1778/327/1777 2012/551/2011 1779/326/1778
f 2012/551/2011 1778/327/1777 2011/550/2010
f 1798/344/1797 2012/551/2011 1799/347/1798
f 2013/557/2012 2014/554/2013 2016/552/2015
f 2013/557/2012 2017/556/2016 2014/554/2013
f 2017/556/2016 2013/557/2012 2020/558/2019
f 2019/559/2018 2013/557/2012 2021/560/2020
f 2025/562/2024 2022/561/2021 2024/563/2023
f 2029/565/2028 2026/564/2025 2028/566/2027
f 2027/567/2026 2026/564/2025 2031/568/2030
f 2030/569/2029 2026/564/2025 2018/555/2017
f 2014/554/2013 2026/564/2025 2015/553/2014
f 2032/570/2031 2009/548/2008 1824/367/1823
f 2033/571/2032 2032/570/2031 1823/368/1822
f 2032/570/2031 2033/571/2032 2035/572/2034
f 2009/548/2008 2032/570/2031 1831/377/1830
f 2039/575/2038 2036/574/2035 2038/576/2037
f 2037/577/2036 2036/574/2035 2041/578/2040
f 2040/579/2039 2036/574/2035 2024/563/2023
f 2042/580/2041 2036/574/2035 2043/581/2042
f 2045/583/2044 2044/582/2043 1835/381/1834
f 2044/582/2043 2045/583/2044 2047/584/2046
f 2004/543/2003 2044/582/2043 1781/330/1780
f 2050/587/2049 2049/586/2048 1833/379/1832
f 2049/586/2048 2045/583/2044 1834/378/1833
f 2051/589/2050 1832/376/1831 2035/572/2034
f 2051/589/2050 2035/572/2034 2052/588/2051
f 2050/587/2049 2051/589/2050 2053/590/2052
f 2051/589/2050 2050/587/2049 1832/376/1831
f 2054/592/2053 1782/329/1781 2048/591/2047
f 1782/329/1781 2054/592/2053 1783/332/1782
f 2055/594/2054 2042/580/2041 2056/593/2055
f 2055/594/2054 2025/562/2024 2042/580/2041
f 2025/562/2024 2055/594/2054 2058/595/2057
f 2057/596/2056 2055/594/2054 2059/597/2058
f 2063/599/755 2060/598/618 2062/600/756
f 2067/602/1540 2064/601/1539 2066/603/758
f 2064/601/1539 2067/602/1540 2069/604/807
f 2064/601/1539 2069/604/807 2071/606/793
f 2064/601/1539 2071/606/793 2065/608/759
f 2073/615/1543 2074/612/1548 2076/610/803
f 2073/615/1543 2076/610/803 2078/613/1544
f 2080/616/1546 2073/615/1543 2079/617/1545
f 2074/612/1548 2073/615/1543 2081/618/1547
f 2082/1677/640 2083/621/643 2085/619/782
f 2071/606/793 2086/622/779 2072/609/760
f 2086/622/779 2071/606/793 2088/623/780
f 2085/619/782 2086/622/779 2089/624/781
f 2087/625/2059 2086/622/779 2084/620/783
f 2090/628/800 2091/626/806 2069/604/807
f 2090/628/800 2069/604/807 2092/627/801
f 2076/610/803 2090/628/800 2077/614/802
f 2091/626/806 2090/628/800 2075/611/805
f 2094/630/652 2093/629/651 2068/605/809
f 2098/632/2060 2095/631/1537 2097/633/767
f 2095/631/1537 2098/632/2060 2087/625/2059
f 2095/631/1537 2087/625/2059 2099/634/1538
f 2096/635/815 2095/631/1537 2100/636/816
f 2083/621/643 2101/637/659 2084/620/783
f 2067/602/1540 2102/638/660 2068/605/809
f 2102/638/660 2067/602/1540 2103/639/661
f 2105/641/757 2104/640/754 2062/600/756
f 2104/640/754 2105/641/757 2065/608/759
f 2104/640/754 2065/608/759 2098/632/2060
f 2104/640/754 2098/632/2060 2063/599/755
f 2107/643/2062 664/642/664 2106/644/2061
f 668/645/668 664/642/664 2108/646/2063
f 2109/650/2064 2110/649/2065 2112/647/2067
f 2110/649/2065 2109/650/2064 2106/644/2061
f 2107/643/2062 2109/650/2064 2108/646/2063
f 2109/650/2064 2112/647/2067 2113/651/2068
f 677/654/677 676/653/676 2114/652/2069
f 2113/651/2068 676/653/676 2108/646/2063
f 667/656/667 678/655/678 2106/644/2061
f 2110/649/2065 678/655/678 2111/648/2066
f 2118/658/2073 2115/657/2070 2117/659/2072
f 2122/661/2077 2119/660/2074 2121/662/2076
f 2123/706/2078 2124/665/2079 2126/663/2081
f 2130/667/2085 2127/666/2082 2129/668/2084
f 2134/670/2089 2131/669/2086 2133/671/2088
f 2135/1509/2090 2136/674/2091 2138/672/2093
f 2139/701/2094 2140/677/2095 2142/675/2097
f 2146/679/2101 2143/678/2098 2145/680/2100
f 2150/682/2105 2147/681/2102 2149/683/2104
f 2154/685/2109 2151/684/2106 2153/686/2108
f 2155/698/2110 2156/689/2111 2158/687/2113
f 2159/751/2114 2160/692/2115 2162/690/2117
f 2164/694/2119 2163/693/2118 2157/688/2112
f 2165/748/2120 2166/697/2121 2168/695/2123
f 2156/689/2111 2155/698/2110 2137/673/2092
f 2170/700/2125 2169/699/2124 2141/676/2096
f 2140/677/2095 2139/701/2094 2172/702/2127
f 2173/770/2128 2174/705/2129 2176/703/2131
f 2124/665/2079 2123/706/2078 2178/707/2133
f 2174/705/2129 2179/709/2134 2175/704/2130
f 2182/711/2137 2181/710/2136 2175/704/2130
f 2192/720/619 2189/719/662 2191/721/620
f 2189/719/662 2193/724/625 2190/722/663
f 2189/719/662 2195/726/2144 2193/724/625
f 2195/726/2144 2189/719/662 2202/732/655
f 2203/1721/2150 2115/657/2070 2204/733/2151
f 2205/747/2152 2206/735/2153 2162/690/2117
f 2207/1722/2154 2127/666/2082 2208/736/2155
f 2173/770/2128 2156/689/2111 2209/738/2156
f 2211/739/2158 2149/683/2104 2210/740/2157
f 2212/778/2159 2155/698/2110 2213/741/2160
f 2217/743/646 2214/742/644 2216/744/647
f 2215/745/641 2214/742/644 2219/746/642
f 2166/697/2121 2154/685/2109 2167/696/2122
f 2185/714/2140 2205/747/2152 2161/691/2116
f 2166/697/2121 2165/748/2120 2188/718/2143
f 2160/692/2115 2221/749/2163 2161/691/2116
f 2222/782/2164 2139/701/2094 2223/750/2165
f 2160/692/2115 2159/751/2114 2225/752/2167
f 2129/668/2084 2128/753/2083 2186/716/2141
f 2208/736/2155 2132/737/2087 2227/754/2169
f 2218/755/2161 2214/742/644 2196/725/630
f 2214/742/644 2217/743/646 2228/756/628
f 2183/713/2138 2123/706/2078 2230/758/2170
f 2232/760/2172 2231/759/2171 2167/696/2122
f 2133/671/2088 2233/762/2173 2134/670/2089
f 2181/710/2136 2164/694/2119 2176/703/2131
f 2238/764/650 2235/763/648 2237/765/636
f 2231/759/2171 2170/700/2125 2168/695/2123
f 2165/748/2120 2140/677/2095 2220/766/2162
f 2239/1720/2175 2148/767/2103 2200/730/2148
f 2236/768/632 2235/763/648 2241/769/633
f 2174/705/2129 2173/770/2128 2201/731/2149
f 2159/751/2114 2124/665/2079 2224/771/2166
f 2235/763/648 2242/773/626 2240/772/649
f 2243/774/2176 2199/729/2147 2150/682/2105
f 2235/763/648 2238/764/650 2242/773/626
f 2245/779/810 2246/776/811 2240/772/649
f 2206/735/2153 2247/777/2177 2125/664/2080
f 2121/662/2076 2120/734/2075 2118/658/2073
f 2124/665/2079 2159/751/2114 2125/664/2080
f 2248/780/813 2245/779/810 2229/757/629
f 2133/671/2088 2132/737/2087 2130/667/2085
f 2140/677/2095 2165/748/2120 2141/676/2096
f 2252/784/656 2249/783/814 2251/785/658
f 2145/680/2100 2198/728/2146 2146/679/2101
f 2149/683/2104 2148/767/2103 2146/679/2101
f 2156/689/2111 2173/770/2128 2157/688/2112
f 2256/787/2181 2253/786/2178 2255/788/2180
f 2253/786/2178 2256/787/2181 2258/789/2183
f 2260/791/2185 2253/786/2178 2259/792/2184
f 2253/786/2178 2260/791/2185 2254/793/2179
f 2262/796/2187 2263/795/2188 2254/793/2179
f 2264/797/2189 2262/796/2187 2261/794/2186
f 2262/796/2187 2264/797/2189 2266/798/2191
f 2263/795/2188 2262/796/2187 2267/800/2192
f 2271/802/2196 2268/801/2193 2270/803/2195
f 2268/801/2193 2271/802/2196 2273/804/2198
f 2275/806/2200 2268/801/2193 2274/807/2199
f 2268/801/2193 2275/806/2200 2269/808/2194
f 2269/808/2194 2277/810/2202 2270/803/2195
f 2277/810/2202 2269/808/2194 2279/811/2204
f 2281/812/2206 2277/810/2202 2280/813/2205
f 2277/810/2202 2281/812/2206 2278/814/2203
f 2286/817/2211 2283/816/2208 2285/818/2210
f 2281/812/2206 2283/816/2208 2282/815/2207
f 2287/819/2212 2283/816/2208 2280/813/2205
f 2283/816/2208 2287/819/2212 2284/820/2209
f 2289/823/2214 2290/822/2215 2284/820/2209
f 2291/824/2216 2289/823/2214 2288/821/2213
f 2293/825/2218 2289/823/2214 2292/826/2217
f 2290/822/2215 2289/823/2214 2294/827/2219
f 2295/833/2220 2296/830/2221 2298/828/2223
f 2295/833/2220 2298/828/2223 2300/831/2225
f 2295/833/2220 2300/831/2225 2291/824/2216
f 2296/830/2221 2295/833/2220 2288/821/2213
f 2301/835/2226 2302/834/2227 2296/830/2221
f 2287/819/2212 2301/835/2226 2288/821/2213
f 2279/811/2204 2301/835/2226 2280/813/2205
f 2302/834/2227 2301/835/2226 2276/809/2201
f 2302/834/2227 2303/836/2228 2297/829/2222
f 2303/836/2228 2302/834/2227 2275/806/2200
f 2305/837/2230 2303/836/2228 2274/807/2199
f 2304/838/2229 2303/836/2228 2306/839/2231
f 2304/838/2229 2307/840/2232 2297/829/2222
f 2307/840/2232 2304/838/2229 2308/841/2233
f 2310/842/2235 2307/840/2232 2309/843/2234
f 2307/840/2232 2310/842/2235 2298/828/2223
f 2314/845/2239 2311/844/2236 2313/846/2238
f 2311/844/2236 2314/845/2239 2266/798/2191
f 2315/847/2240 2311/844/2236 2265/799/2190
f 2311/844/2236 2315/847/2240 2312/848/2237
f 2317/851/2242 2318/850/2243 2312/848/2237
f 2319/852/2244 2317/851/2242 2316/849/2241
f 2321/853/2246 2317/851/2242 2320/854/2245
f 2318/850/2243 2317/851/2242 2322/855/2247
f 2326/857/2251 2323/856/2248 2325/858/2250
f 2323/856/2248 2326/857/2251 2328/859/2253
f 2330/861/2255 2323/856/2248 2329/862/2254
f 2323/856/2248 2330/861/2255 2324/863/2249
f 2332/866/2257 2333/865/2258 2324/863/2249
f 2334/867/2259 2332/866/2257 2331/864/2256
f 2335/868/2260 2332/866/2257 2309/843/2234
f 2333/865/2258 2332/866/2257 2336/869/2261
f 2337/873/2262 2338/872/2263 2340/870/2265
f 2342/874/2267 2337/873/2262 2341/875/2266
f 2337/873/2262 2342/874/2267 2344/876/2269
f 2338/872/2263 2337/873/2262 2345/878/2270
f 2338/872/2263 2346/879/2271 2339/871/2264
f 2346/879/2271 2338/872/2263 2348/880/2273
f 2350/881/2275 2346/879/2271 2349/882/2274
f 2346/879/2271 2350/881/2275 2347/883/2272
f 2352/886/2277 2353/885/2278 2347/883/2272
f 2354/887/2279 2352/886/2277 2351/884/2276
f 2352/886/2277 2354/887/2279 2355/888/2280
f 2353/885/2278 2352/886/2277 2356/889/2281
f 2353/885/2278 2357/890/2282 2339/871/2264
f 2358/891/2283 2357/890/2282 2356/889/2281
f 2357/890/2282 2358/891/2283 2360/892/2285
f 2357/890/2282 2360/892/2285 2340/870/2265
f 2361/900/2286 2362/896/2287 2364/894/2289
f 2361/900/2286 2365/899/2290 2367/897/2292
f 2362/896/2287 2361/900/2286 2368/901/2293
f 2372/903/2297 2369/902/2294 2371/904/2296
f 2376/906/2301 2373/905/2298 2375/907/2300
f 2380/909/2305 2377/908/2302 2379/910/2304
f 2384/912/2309 2381/911/2306 2383/913/2308
f 2381/911/2306 2384/912/2309 2386/914/2311
f 2388/916/2313 2381/911/2306 2387/917/2312
f 2381/911/2306 2388/916/2313 2382/918/2307
f 2389/920/2314 2390/919/2315 2382/918/2307
f 2389/920/2314 2382/918/2307 2367/897/2292
f 2391/921/2316 2389/920/2314 2366/898/2291
f 2389/920/2314 2391/921/2316 2390/919/2315
f 2393/924/2318 2394/923/2319 2390/919/2315
f 2395/925/2320 2393/924/2318 2392/922/2317
f 2393/924/2318 2395/925/2320 2397/926/2322
f 2394/923/2319 2393/924/2318 2398/928/2323
f 2394/923/2319 2399/929/2324 2383/913/2308
f 2399/929/2324 2394/923/2319 2400/930/2325
f 2401/931/2326 2399/929/2324 2320/854/2245
f 2384/912/2309 2399/929/2324 2385/915/2310
f 2402/935/2327 2403/934/2328 2405/932/2330
f 2407/936/2332 2402/935/2327 2406/937/2331
f 2402/935/2327 2407/936/2332 2408/938/2333
f 2403/934/2328 2402/935/2327 2409/939/2334
f 2403/934/2328 2410/940/2335 2404/933/2329
f 2412/941/2337 2410/940/2335 2409/939/2334
f 2410/940/2335 2412/941/2337 2413/942/2338
f 2411/943/2336 2410/940/2335 2414/944/2339
f 2418/946/2343 2415/945/2340 2417/947/2342
f 2415/945/2340 2418/946/2343 2413/942/2338
f 2358/891/2283 2415/945/2340 2359/893/2284
f 2415/945/2340 2358/891/2283 2416/948/2341
f 2419/950/2344 2420/949/2345 2416/948/2341
f 2355/888/2280 2419/950/2344 2356/889/2281
f 2419/950/2344 2355/888/2280 2328/859/2253
f 2420/949/2345 2419/950/2344 2327/860/2252
f 2423/952/2348 2421/951/2346 2374/953/2299
f 2421/951/2346 2423/952/2348 2425/954/2350
f 2426/956/2351 2421/951/2346 2343/877/2268
f 2421/951/2346 2426/956/2351 2422/957/2347
f 2428/960/2353 2429/959/2354 2422/957/2347
f 2430/961/2355 2428/960/2353 2427/958/2352
f 2428/960/2353 2430/961/2355 2365/899/2290
f 2434/963/2359 2431/962/2356 2433/964/2358
f 2431/962/2356 2434/963/2359 2391/921/2316
f 2430/961/2355 2431/962/2356 2366/898/2291
f 2431/962/2356 2430/961/2355 2432/965/2357
f 2435/967/2360 2436/966/2361 2432/965/2357
f 2426/956/2351 2435/967/2360 2427/958/2352
f 2435/967/2360 2426/956/2351 2342/874/2267
f 2435/967/2360 2342/874/2267 2436/966/2361
f 2436/966/2361 2437/968/2362 2433/964/2358
f 2437/968/2362 2436/966/2361 2360/892/2285
f 2412/941/2337 2437/968/2362 2359/893/2284
f 2437/968/2362 2412/941/2337 2438/969/2363
f 2439/970/2364 2434/963/2359 2438/969/2363
f 2439/970/2364 2438/969/2363 2408/938/2333
f 2395/925/2320 2439/970/2364 2396/927/2321
f 2439/970/2364 2395/925/2320 2434/963/2359
f 2443/972/2368 2440/971/2365 2442/973/2367
f 2260/791/2185 2440/971/2365 2261/794/2186
f 2444/974/2369 2440/971/2365 2259/792/2184
f 2440/971/2365 2444/974/2369 2441/975/2366
f 2446/979/2371 2447/977/2372 2441/975/2366
f 2446/979/2371 2441/975/2366 2448/978/2373
f 2386/914/2311 2446/979/2371 2387/917/2312
f 2447/977/2372 2446/979/2371 2385/915/2310
f 2447/977/2372 2449/980/2374 2442/973/2367
f 2449/980/2374 2447/977/2372 2401/931/2326
f 2449/980/2374 2401/931/2326 2319/852/2244
f 2449/980/2374 2319/852/2244 2450/981/2375
f 2450/981/2375 2451/982/2376 2442/973/2367
f 2315/847/2240 2451/982/2376 2316/849/2241
f 2264/797/2189 2451/982/2376 2265/799/2190
f 2451/982/2376 2264/797/2189 2443/972/2368
f 2455/984/2380 2452/983/2377 2454/985/2379
f 2452/983/2377 2455/984/2380 2444/974/2369
f 2452/983/2377 2444/974/2369 2258/789/2183
f 2453/986/2378 2452/983/2377 2257/790/2182
f 2456/990/2381 2457/989/2382 2459/987/2384
f 2321/853/2246 2456/990/2381 2322/855/2247
f 2456/990/2381 2321/853/2246 2400/930/2325
f 2457/989/2382 2456/990/2381 2398/928/2323
f 2457/989/2382 2460/991/2385 2458/988/2383
f 2460/991/2385 2457/989/2382 2397/926/2322
f 2407/936/2332 2460/991/2385 2396/927/2321
f 2460/991/2385 2407/936/2332 2461/992/2386
f 2465/994/2390 2462/993/2387 2464/995/2389
f 2335/868/2260 2462/993/2387 2336/869/2261
f 2462/993/2387 2335/868/2260 2308/841/2233
f 2463/996/2388 2462/993/2387 2306/839/2231
f 2463/996/2388 2466/997/2391 2464/995/2389
f 2466/997/2391 2463/996/2388 2305/837/2230
f 2273/804/2198 2466/997/2391 2274/807/2199
f 2467/998/2392 2466/997/2391 2272/805/2197
f 2471/1000/2396 2468/999/2393 2470/1001/2395
f 2350/881/2275 2468/999/2393 2351/884/2276
f 2468/999/2393 2350/881/2275 2472/1002/2397
f 2468/999/2393 2472/1002/2397 2469/1003/2394
f 2474/1006/2399 2475/1005/2400 2469/1003/2394
f 2476/1007/2401 2474/1006/2399 2473/1004/2398
f 2474/1006/2399 2476/1007/2401 2300/831/2225
f 2475/1005/2400 2474/1006/2399 2299/832/2224
f 2475/1005/2400 2477/1008/2402 2470/1001/2395
f 2477/1008/2402 2475/1005/2400 2310/842/2235
f 2477/1008/2402 2310/842/2235 2334/867/2259
f 2477/1008/2402 2334/867/2259 2478/1009/2403
f 2478/1009/2403 2479/1010/2404 2470/1001/2395
f 2330/861/2255 2479/1010/2404 2331/864/2256
f 2479/1010/2404 2330/861/2255 2354/887/2279
f 2479/1010/2404 2354/887/2279 2471/1000/2396
f 2481/1012/2406 2480/1011/2405 2380/909/2305
f 2483/1013/2408 2290/822/2215 2482/1014/2407
f 2487/1016/2412 2484/1015/2409 2486/1017/2411
f 2370/1019/2295 2488/1018/2413 2490/1020/2415
f 2492/1021/2417 2380/909/2305 2491/1022/2416
f 2494/1024/2419 2493/1023/2418 1060/1025/1060
f 2493/1023/2418 2494/1024/2419 2467/998/2392
f 2493/1023/2418 2467/998/2392 2495/1026/2420
f 2493/1023/2418 2495/1026/2420 1061/1027/1061
f 1065/1030/1065 2496/1029/2421 1060/1025/1060
f 2497/1031/2422 2496/1029/2421 1067/1032/1067
f 2465/994/2390 2496/1029/2421 2336/869/2261
f 2496/1029/2421 2465/994/2390 2494/1024/2419
f 2498/1036/2423 1071/1035/1071 2499/1033/2424
f 2498/1036/2423 2499/1033/2424 2461/992/2386
f 2500/1037/2425 2498/1036/2423 2406/937/2331
f 2498/1036/2423 2500/1037/2425 1071/1035/1071
f 2501/1040/2426 2499/1033/2424 1075/1039/1075
f 2502/1041/2427 2501/1040/2426 1077/1042/1077
f 2501/1040/2426 2502/1041/2427 2459/987/2384
f 2499/1033/2424 2501/1040/2426 2458/988/2383
f 2504/1044/2429 2503/1043/2428 1080/1045/1080
f 2503/1043/2428 2504/1044/2429 2453/986/2378
f 2503/1043/2428 2453/986/2378 2505/1046/2430
f 1081/1047/1081 2503/1043/2428 1083/1048/1083
f 2507/1050/2432 2506/1049/2431 2487/1016/2412
f 2509/1052/2434 2508/1051/2433 2481/1012/2406
f 2511/1053/2436 2429/959/2354 2510/1054/2435
f 2513/1056/2438 2512/1055/2437 2483/1013/2408
f 2515/1058/2440 2514/1057/2439 1094/1059/1094
f 2420/949/2345 2514/1057/2439 2417/947/2342
f 2514/1057/2439 2420/949/2345 2516/1060/2441
f 2514/1057/2439 2516/1060/2441 1095/1061/1095
f 2517/1064/2442 2515/1058/2440 1099/1063/1099
f 2518/1065/2443 2517/1064/2442 1101/1066/1101
f 2418/946/2343 2517/1064/2442 2414/944/2339
f 2517/1064/2442 2418/946/2343 2515/1058/2440
f 2519/1070/2444 1105/1069/1105 2520/1067/2445
f 2519/1070/2444 2520/1067/2445 2411/943/2336
f 2519/1070/2444 2411/943/2336 2518/1065/2443
f 1105/1069/1105 2519/1070/2444 1101/1066/1101
f 2521/1072/2446 2520/1067/2445 1107/1071/1107
f 2500/1037/2425 2521/1072/2446 1073/1038/1073
f 2521/1072/2446 2500/1037/2425 2405/932/2330
f 2520/1067/2445 2521/1072/2446 2404/933/2329
f 1109/1074/1109 2522/1073/2447 1110/1075/1110
f 2525/1076/2450 2487/1016/2412 2524/1077/2449
f 2523/1078/2448 2522/1073/2447 2527/1079/2452
f 2294/827/2219 2506/1049/2431 2482/1014/2407
f 2529/1081/2454 2528/1080/2453 1118/1082/1118
f 2333/865/2258 2528/1080/2453 2325/858/2250
f 2528/1080/2453 2333/865/2258 2497/1031/2422
f 2528/1080/2453 2497/1031/2422 1119/1083/1119
f 2530/1085/2455 2529/1081/2454 1121/1084/1121
f 2516/1060/2441 2530/1085/2455 1097/1062/1097
f 2326/857/2251 2530/1085/2455 2327/860/2252
f 2530/1085/2455 2326/857/2251 2529/1081/2454
f 2531/1089/2456 1125/1088/1125 2532/1086/2457
f 2318/850/2243 2531/1089/2456 2313/846/2238
f 2531/1089/2456 2318/850/2243 2502/1041/2427
f 1125/1088/1125 2531/1089/2456 1077/1042/1077
f 1127/1091/1127 2533/1090/2458 1124/1087/1124
f 2533/1090/2458 1127/1091/1127 2534/1092/2459
f 2314/845/2239 2533/1090/2458 2267/800/2192
f 2533/1090/2458 2314/845/2239 2532/1086/2457
f 2535/1094/2460 2512/1055/2437 1131/1095/1131
f 2290/822/2215 2512/1055/2437 2285/818/2210
f 2536/1097/2461 2535/1094/2460 1134/1096/1134
f 2537/1098/2462 2536/1097/2461 1136/1099/1136
f 2536/1097/2461 2537/1098/2462 2286/817/2211
f 2536/1097/2461 2286/817/2211 2535/1094/2460
f 2539/1101/2464 2538/1100/2463 1139/1102/1139
f 2538/1100/2463 2539/1101/2464 2278/814/2203
f 2537/1098/2462 2538/1100/2463 2282/815/2207
f 2538/1100/2463 2537/1098/2462 1140/1103/1140
f 2540/1105/2465 2539/1101/2464 1142/1104/1142
f 2495/1026/2420 2540/1105/2465 1063/1028/1063
f 2271/802/2196 2540/1105/2465 2272/805/2197
f 2539/1101/2464 2540/1105/2465 2270/803/2195
f 2541/1109/2466 1146/1108/1146 2542/1106/2467
f 2263/795/2188 2541/1109/2466 2255/788/2180
f 2541/1109/2466 2263/795/2188 2534/1092/2459
f 1146/1108/1146 2541/1109/2466 1129/1093/1129
f 1148/1111/1148 2543/1110/2468 1145/1107/1145
f 2543/1110/2468 1148/1111/1148 2505/1046/2430
f 2256/787/2181 2543/1110/2468 2257/790/2182
f 2543/1110/2468 2256/787/2181 2542/1106/2467
f 2544/1115/2469 2545/1113/2470 2526/1112/2451
f 2546/1114/2471 2481/1012/2406 2492/1021/2417
f 2545/1113/2470 2544/1115/2469 2363/895/2288
f 2379/910/2304 2378/1116/2303 2369/902/2294
f 2423/952/2348 2489/1117/2414 2424/955/2349
f 2489/1117/2414 2423/952/2348 2373/905/2298
f 2507/1050/2432 2487/1016/2412 2548/1118/2473
f 2550/1119/2475 2490/1020/2415 2549/1120/2474
f 2551/1122/2476 1157/1121/1157 2523/1078/2448
f 2552/1123/2477 2551/1122/2476 2527/1079/2452
f 2551/1122/2476 2552/1123/2477 2554/1124/2479
f 1157/1121/1157 2551/1122/2476 1161/1126/1161
f 2504/1044/2429 2555/1127/2480 2454/985/2379
f 2555/1127/2480 2504/1044/2429 1164/1128/1164
f 2557/1129/2482 2555/1127/2480 1166/1130/1166
f 2555/1127/2480 2557/1129/2482 2556/1131/2481
f 2545/1113/2470 2559/1133/2484 2527/1079/2452
f 2559/1133/2484 2545/1113/2470 2560/1134/2485
f 2559/1133/2484 2560/1134/2485 2562/1135/2487
f 2552/1123/2477 2559/1133/2484 2553/1125/2478
f 2563/1138/2488 2564/1137/2489 2448/978/2373
f 2565/1139/2490 2563/1138/2488 2445/976/2370
f 2567/1140/2492 2563/1138/2488 2566/1141/2491
f 2563/1138/2488 2567/1140/2492 2564/1137/2489
f 2388/916/2313 2569/1143/2494 2368/901/2293
f 2569/1143/2494 2388/916/2313 2564/1137/2489
f 2571/1144/2496 2569/1143/2494 2568/1142/2493
f 2570/1145/2495 2569/1143/2494 2572/1146/2497
f 2573/1147/2498 2565/1139/2490 2455/984/2380
f 2573/1147/2498 2455/984/2380 2556/1131/2481
f 2574/1148/2499 2573/1147/2498 2558/1132/2483
f 2573/1147/2498 2574/1148/2499 2565/1139/2490
f 2362/896/2287 2575/1149/2500 2363/895/2288
f 2575/1149/2500 2362/896/2287 2570/1145/2495
f 2575/1149/2500 2570/1145/2495 2576/1150/2501
f 2560/1134/2485 2575/1149/2500 2561/1136/2486
f 2578/1151/2503 2544/1115/2469 2577/1152/2502
f 2365/899/2290 2361/900/2286 2580/1153/2505
f 2428/960/2353 2365/899/2290 2510/1054/2435
f 2583/1156/2508 2581/1155/2506 2582/1157/2507
f 2584/1158/2509 2522/1073/2447 1194/1159/1194
f 2585/1160/2510 2509/1052/2434 2546/1114/2471
f 2482/1014/2407 2507/1050/2432 2582/1157/2507
f 2549/1120/2474 2489/1117/2414 2376/906/2301
f 2361/900/2286 2364/894/2289 2579/1154/2504
f 1198/1163/1198 1197/1162/1197 2583/1156/2508
f 2364/894/2289 2544/1115/2469 2586/1161/2511
f 2491/1022/2416 2379/910/2304 2372/903/2297
f 2375/907/2300 2374/953/2299 2511/1053/2436
f 2524/1077/2449 2486/1017/2411 2585/1160/2510
f 2577/1152/2502 2526/1112/2451 2584/1158/2509
f 2513/1056/2438 2483/1013/2408 2581/1155/2506
f 2513/1056/2438 2581/1155/2506 1199/1164/1199
f 2371/904/2296 2370/1019/2295 2550/1119/2475
f 1199/1164/1199 1132/1165/1132 2513/1056/2438
f 2486/1017/2411 2485/1166/2410 2509/1052/2434
f 2425/954/2350 2424/955/2349 2588/1167/2513
f 2590/1169/2515 2485/1166/2410 2589/1170/2514
f 2592/1171/2517 2378/1116/2303 2591/1172/2516
f 2343/877/2268 2425/954/2350 2593/1173/2518
f 2589/1170/2514 2484/1015/2409 2594/1174/2519
f 2596/1179/2521 2597/1178/2522 2599/1176/2524
f 1213/1180/1213 2596/1179/2521 1214/1181/1214
f 2580/1153/2505 2579/1154/2504 2600/1182/2525
f 2597/1178/2522 2601/1183/2526 2598/1177/2523
f 2510/1054/2435 2580/1153/2505 2511/1053/2436
f 2604/1185/2529 2602/1184/2527 2603/1186/2528
f 2376/906/2301 2605/1189/2530 2607/1187/2532
f 2606/1188/2531 2605/1189/2530 2604/1185/2529
f 2599/1176/2524 2584/1158/2509 1214/1181/1214
f 2584/1158/2509 2599/1176/2524 2577/1152/2502
f 2549/1120/2474 2376/906/2301 2550/1119/2475
f 2608/1190/2533 2578/1151/2503 2598/1177/2523
f 2578/1151/2503 2608/1190/2533 2586/1161/2511
f 2605/1189/2530 2376/906/2301 2511/1053/2436
f 2608/1190/2533 2605/1189/2530 2600/1182/2525
f 2605/1189/2530 2608/1190/2533 2602/1184/2527
f 2603/1186/2528 2609/1192/2534 2604/1185/2529
f 2612/1194/2537 2611/1193/2536 1228/1195/1228
f 2611/1193/2536 2612/1194/2537 2613/1196/2538
f 2611/1193/2536 1232/1199/1232 1229/1197/1229
f 2614/1203/2539 1236/1202/1236 2615/1200/2540
f 2524/1077/2449 2614/1203/2539 2525/1076/2450
f 2614/1203/2539 2524/1077/2449 2616/1204/2541
f 1236/1202/1236 2614/1203/2539 1238/1205/1238
f 2617/1207/2542 2615/1200/2540 1240/1206/1240
f 2583/1156/2508 2617/1207/2542 1198/1163/1198
f 2617/1207/2542 2583/1156/2508 2548/1118/2473
f 2617/1207/2542 2548/1118/2473 2615/1200/2540
f 2618/1210/2543 2619/1209/2544 2620/1208/2545
f 2609/1192/2534 2618/1210/2543 2610/1191/2535
f 2618/1210/2543 2621/1212/2546 2619/1209/2544
f 2491/1022/2416 2623/1213/2548 2492/1021/2417
f 2623/1213/2548 2491/1022/2416 2619/1209/2544
f 1248/1215/1248 2624/1214/2549 1228/1195/1228
f 2624/1214/2549 1248/1215/1248 2616/1204/2541
f 2546/1114/2471 2624/1214/2549 2585/1160/2510
f 2624/1214/2549 2546/1114/2471 2612/1194/2537
f 2550/1119/2475 2607/1187/2532 2620/1208/2545
f 2550/1119/2475 2620/1208/2545 2371/904/2296
f 2607/1187/2532 2606/1188/2531 2610/1191/2535
f 2628/1218/2553 2625/1217/2550 2627/1219/2552
f 2630/1220/2555 2625/1217/2550 2629/1221/2554
f 2632/1222/2557 2625/1217/2550 2631/1223/2556
f 2626/1224/2551 2625/1217/2550 2633/1225/2558
f 2637/1227/2562 2634/1226/2559 2636/1228/2561
f 2638/1231/2563 2639/1229/2564 2632/1222/2557
f 2638/1231/2563 2632/1222/2557 2640/1230/2565
f 2637/1227/2562 2638/1231/2563 2641/1232/2566
f 2639/1229/2564 2638/1231/2563 2636/1228/2561
f 2642/1238/2567 2643/1235/2568 2645/1233/2570
f 2642/1238/2567 2645/1233/2570 2647/1236/2572
f 2649/1239/2574 2642/1238/2567 2648/1240/2573
f 2643/1235/2568 2642/1238/2567 2650/1241/2575
f 2654/1243/2579 2651/1242/2576 2653/1244/2578
f 2651/1242/2576 2654/1243/2579 2656/1245/2581
f 2651/1242/2576 2656/1245/2581 2658/1247/2583
f 2651/1242/2576 2658/1247/2583 2652/1249/2577
f 2663/1252/2588 2660/1251/2585 2662/1253/2587
f 2660/1251/2585 2663/1252/2588 2665/1254/2590
f 2667/1256/2592 2660/1251/2585 2666/1257/2591
f 2660/1251/2585 2667/1256/2592 2661/1258/2586
f 2669/1263/2594 2670/1262/2595 2672/1260/2597
f 2674/1264/2599 2669/1263/2594 2673/1265/2598
f 2669/1263/2594 2674/1264/2599 2676/1266/2601
f 2670/1262/2595 2669/1263/2594 2677/1268/2602
f 2678/1270/2603 2679/1269/2604 2652/1249/2577
f 2680/1271/2605 2678/1270/2603 2659/1250/2584
f 2681/1275/2606 2682/1274/2607 2684/1272/2609
f 2686/1276/2611 2681/1275/2606 2685/1277/2610
f 2658/1247/2583 2681/1275/2606 2659/1250/2584
f 2682/1274/2607 2681/1275/2606 2657/1248/2582
f 2690/1279/2615 2687/1278/2612 2689/1280/2614
f 2693/1282/2618 2691/1281/2616 2664/1255/2589
f 2695/1283/2620 2691/1281/2616 2694/1284/2619
f 2697/1285/2622 2691/1281/2616 2696/1286/2621
f 2692/1287/2617 2691/1281/2616 2698/1288/2623
f 2701/1290/2626 2699/1289/2624 2694/1284/2619
f 2699/1289/2624 2701/1290/2626 2703/1291/2628
f 2704/1770/2629 2626/1224/2551 2705/1293/2630
f 2690/1279/2615 2706/1294/2631 2708/1295/2633
f 2709/1296/2634 2706/1294/2631 2689/1280/2614
f 2645/1233/2570 2706/1294/2631 2646/1237/2571
f 2707/1297/2632 2706/1294/2631 2644/1234/2569
f 2711/1299/2636 2710/1298/2635 2702/1292/2627
f 2710/1298/2635 2711/1299/2636 2713/1300/2638
f 2714/1304/2639 2715/1302/2640 2697/1285/2622
f 2714/1304/2639 2697/1285/2622 2716/1303/2641
f 2718/1305/2643 2714/1304/2639 2717/1306/2642
f 2714/1304/2639 2718/1305/2643 2715/1302/2640
f 2720/1310/2645 2721/1309/2646 2722/1308/2647
f 2724/1311/2649 2720/1310/2645 2723/1312/2648
f 2720/1310/2645 2724/1311/2649 2726/1313/2651
f 2721/1309/2646 2720/1310/2645 2727/1315/2652
f 2728/1317/2653 2711/1299/2636 2729/1316/2654
f 2731/1318/2656 2728/1317/2653 2730/1319/2655
f 2733/1320/2658 2728/1317/2653 2732/1321/2657
f 2711/1299/2636 2728/1317/2653 2712/1301/2637
f 2737/1323/2662 2734/1322/2659 2736/1324/2661
f 2739/1325/2664 2734/1322/2659 2738/1326/2663
f 2741/1327/2666 2734/1322/2659 2740/1328/2665
f 2735/1329/2660 2734/1322/2659 2742/1330/2667
f 2746/1332/2671 2743/1331/2668 2745/1333/2670
f 2749/1335/2674 2747/1334/2672 2742/1330/2667
f 2744/1336/2669 2747/1334/2672 2745/1333/2670
f 2750/1338/2675 2749/1335/2674 2741/1327/2666
f 2750/1338/2675 2741/1327/2666 2751/1337/2676
f 2746/1332/2671 2750/1338/2675 2752/1339/2677
f 2749/1335/2674 2750/1338/2675 2745/1333/2670
f 2753/1345/2678 2754/1342/2679 2756/1340/2681
f 2753/1345/2678 2756/1340/2681 2758/1343/2683
f 2760/1346/2685 2753/1345/2678 2759/1347/2684
f 2754/1342/2679 2753/1345/2678 2761/1348/2686
f 2763/1350/2688 2762/1349/2687 2761/1348/2686
f 2764/1790/2689 2735/1329/2660 2748/1351/2673
f 2768/1353/2693 2765/1352/2690 2767/1354/2692
f 2770/1355/2695 2765/1352/2690 2769/1356/2694
f 2756/1340/2681 2765/1352/2690 2757/1344/2682
f 2766/1357/2691 2765/1352/2690 2755/1341/2680
f 2774/1359/2699 2771/1358/2696 2773/1360/2698
f 2776/1361/2701 2771/1358/2696 2775/1362/2700
f 2778/1363/2703 2771/1358/2696 2777/1364/2702
f 2772/1365/2697 2771/1358/2696 2779/1366/2704
f 2782/1368/2707 2780/1367/2705 2779/1366/2704
f 2785/1370/2710 2783/1369/2708 2777/1364/2702
f 2786/1372/2711 2782/1368/2707 2778/1363/2703
f 2786/1372/2711 2778/1363/2703 2784/1371/2709
f 2788/1373/2713 2786/1372/2711 2787/1374/2712
f 2782/1368/2707 2786/1372/2711 2789/1375/2714
f 2790/1381/2715 2791/1378/2716 2793/1376/2718
f 2790/1381/2715 2793/1376/2718 2795/1379/2720
f 2797/1382/2722 2790/1381/2715 2796/1383/2721
f 2791/1378/2716 2790/1381/2715 2798/1384/2723
f 2791/1378/2716 2799/1385/2724 2792/1377/2717
f 2772/1365/2697 2801/1386/2726 2773/1360/2698
f 2801/1386/2726 2772/1365/2697 2781/1387/2706
f 2806/1389/2731 2803/1388/2728 2805/1390/2730
f 2808/1391/2733 2803/1388/2728 2807/1392/2732
f 2793/1376/2718 2803/1388/2728 2794/1380/2719
f 2804/1393/2729 2803/1388/2728 2792/1377/2717
f 2812/1395/2737 2809/1394/2734 2811/1396/2736
f 2814/1397/2739 2809/1394/2734 2813/1398/2738
f 2816/1399/2741 2809/1394/2734 2815/1400/2740
f 2810/1401/2735 2809/1394/2734 2817/1402/2742
f 2821/1404/2746 2818/1403/2743 2820/1405/2745
f 2819/1407/2744 2822/1406/2747 2820/1405/2745
f 2824/1410/2749 2823/1408/2748 2816/1399/2741
f 2824/1410/2749 2816/1399/2741 2825/1409/2750
f 2821/1404/2746 2824/1410/2749 2826/1411/2751
f 2823/1408/2748 2824/1410/2749 2820/1405/2745
f 2827/1417/2752 2828/1414/2753 2830/1412/2755
f 2827/1417/2752 2830/1412/2755 2832/1415/2757
f 2834/1418/2759 2827/1417/2752 2833/1419/2758
f 2828/1414/2753 2827/1417/2752 2835/1420/2760
f 2828/1414/2753 2836/1421/2761 2829/1413/2754
f 2839/1423/2764 2838/1422/2763 2833/1419/2758
f 2840/1821/2765 2841/1424/2766 2814/1397/2739
f 2845/1426/2770 2842/1425/2767 2844/1427/2769
f 2842/1425/2767 2846/1429/2771 2843/1428/2768
f 2850/1431/2775 2847/1430/2772 2849/1432/2774
f 2843/1428/2768 2847/1430/2772 2844/1427/2769
f 2830/1412/2755 2847/1430/2772 2831/1416/2756
f 2848/1433/2773 2847/1430/2772 2829/1413/2754
f 2852/1435/2777 2851/1434/2776 2712/1301/2637
f 2679/1269/2604 2851/1434/2776 2653/1244/2578
f 2718/1305/2643 2853/1436/2778 2719/1307/2644
f 2855/1437/2780 2853/1436/2778 2717/1306/2642
f 2853/1436/2778 2855/1437/2780 2672/1260/2597
f 2854/1438/2779 2853/1436/2778 2671/1261/2596
f 2858/1440/2783 2856/1439/2781 2662/1253/2587
f 2856/1439/2781 2858/1440/2783 2854/1438/2779
f 2856/1439/2781 2854/1438/2779 2859/1441/2784
f 2856/1439/2781 2859/1441/2784 2857/1442/2782
f 2860/1444/2785 2852/1435/2777 2733/1320/2658
f 2860/1444/2785 2733/1320/2658 2861/1443/2786
f 2654/1243/2579 2860/1444/2785 2655/1246/2580
f 2860/1444/2785 2654/1243/2579 2852/1435/2777
f 2863/1446/2788 2862/1445/2787 2732/1321/2657
f 2862/1445/2787 2863/1446/2788 2857/1442/2782
f 2864/1447/2789 2862/1445/2787 2723/1312/2648
f 2862/1445/2787 2864/1447/2789 2861/1443/2786
f 2866/1449/2791 2865/1448/2790 2730/1319/2655
f 2865/1448/2790 2866/1449/2791 2663/1252/2588
f 2865/1448/2790 2663/1252/2588 2863/1446/2788
f 2865/1448/2790 2863/1446/2788 2731/1318/2656
f 2867/1451/2792 2868/1450/2793 2695/1283/2620
f 2700/1452/2625 2867/1451/2792 2694/1284/2619
f 2729/1316/2654 2869/1453/2794 2730/1319/2655
f 2701/1290/2626 2869/1453/2794 2702/1292/2627
f 2869/1453/2794 2701/1290/2626 2693/1282/2618
f 2869/1453/2794 2693/1282/2618 2866/1449/2791
f 2870/1455/2795 2871/1454/2796 2676/1266/2601
f 2872/1456/2797 2870/1455/2795 2675/1267/2600
f 2870/1455/2795 2872/1456/2797 2684/1272/2609
f 2871/1454/2796 2870/1455/2795 2683/1273/2608
f 2864/1447/2789 2873/1457/2798 2655/1246/2580
f 2873/1457/2798 2864/1447/2789 2722/1308/2647
f 2873/1457/2798 2722/1308/2647 2682/1274/2607
f 2656/1245/2581 2873/1457/2798 2657/1248/2582
f 2874/1459/2799 2726/1313/2651 2875/1458/2800
f 2877/1460/2802 2874/1459/2799 2876/1461/2801
f 2874/1459/2799 2877/1460/2802 2879/1462/2804
f 2726/1313/2651 2874/1459/2799 2727/1315/2652
f 2880/1465/2805 2667/1256/2592 2881/1464/2806
f 2883/1466/2808 2880/1465/2805 2882/1467/2807
f 2880/1465/2805 2883/1466/2808 2885/1468/2810
f 2667/1256/2592 2880/1465/2805 2668/1259/2593
f 2886/1471/2811 2724/1311/2649 2859/1441/2784
f 2886/1471/2811 2859/1441/2784 2887/1470/2812
f 2875/1458/2800 2886/1471/2811 2876/1461/2801
f 2724/1311/2649 2886/1471/2811 2725/1314/2650
f 2888/1473/2813 2889/1472/2814 2858/1440/2783
f 2888/1473/2813 2858/1440/2783 2661/1258/2586
f 2885/1468/2810 2888/1473/2813 2668/1259/2593
f 2889/1472/2814 2888/1473/2813 2884/1469/2809
f 2890/1475/2815 2891/1474/2816 2871/1454/2796
f 2890/1475/2815 2871/1454/2796 2721/1309/2646
f 2879/1462/2804 2890/1475/2815 2727/1315/2652
f 2891/1474/2816 2890/1475/2815 2878/1463/2803
f 2892/1477/2817 2665/1254/2590 2692/1287/2617
f 2892/1477/2817 2692/1287/2617 2893/1476/2818
f 2881/1464/2806 2892/1477/2817 2882/1467/2807
f 2665/1254/2590 2892/1477/2817 2666/1257/2591
f 2670/1262/2595 2894/1478/2819 2671/1261/2596
f 2894/1478/2819 2670/1262/2595 2891/1474/2816
f 2877/1460/2802 2894/1478/2819 2878/1463/2803
f 2894/1478/2819 2877/1460/2802 2887/1470/2812
f 2715/1302/2640 2895/1479/2820 2698/1288/2623
f 2895/1479/2820 2715/1302/2640 2889/1472/2814
f 2883/1466/2808 2895/1479/2820 2884/1469/2809
f 2895/1479/2820 2883/1466/2808 2893/1476/2818
f 2896/1481/2821 2872/1456/2797 2897/1480/2822
f 2899/1482/2824 2896/1481/2821 2898/1483/2823
f 2872/1456/2797 2896/1481/2821 2685/1277/2610
f 2902/1485/2827 2901/1484/2826 2717/1306/2642
f 2904/1486/2829 2901/1484/2826 2903/1487/2828
f 2855/1437/2780 2901/1484/2826 2673/1265/2598
f 2868/1450/2793 2906/1488/2831 2696/1286/2621
f 2906/1488/2831 2902/1485/2827 2716/1303/2641
f 2907/1491/2832 2674/1264/2599 2905/1489/2830
f 2907/1491/2832 2908/1490/2833 2897/1480/2822
f 2674/1264/2599 2907/1491/2832 2675/1267/2600
f 2909/1493/2834 2686/1276/2611 2900/1492/2825
f 2680/1271/2605 2909/1493/2834 2911/1494/2836
f 2909/1493/2834 2680/1271/2605 2686/1276/2611
f 2912/1495/1536 2249/783/814 2202/732/655
f 2913/1497/653 2914/1496/657 2218/755/2161
f 2914/1496/657 2913/1497/653 2251/785/658
f 2913/1497/653 2195/726/2144 2252/784/656
f 2913/1497/653 2218/755/2161 2195/726/2144
f 2193/724/625 2915/1498/622 2194/723/624
f 2915/1498/622 2242/773/626 2916/1499/623
f 2915/1498/622 2228/756/628 2242/773/626
f 2915/1498/622 2193/724/625 2228/756/628
f 2918/1501/1542 2917/1500/1541 2216/744/647
f 2917/1500/1541 2248/780/813 2217/743/646
f 2922/1503/635 2919/1502/631 2921/1504/638
f 2920/1505/637 2919/1502/631 2924/1506/639
f 2919/1502/631 2236/768/632 2923/1507/634
f 2919/1502/631 2922/1503/635 2236/768/632
f 2925/3142/2837 2926/1508/2838 2183/713/2138
f 2927/1858/2839 2135/1509/2090 2212/778/2159
f 1640/198/1639 1639/1510/1638 1692/243/1691
f 2928/3143/2840 1667/220/1666 2929/1511/2841
f 2928/3143/2840 1670/222/1669 1667/220/1666
f 1649/3139/1648 2930/1512/2842 1650/206/1649
f 1653/207/1652 1656/208/1655 1748/1513/1747
f 2931/1515/2843 1694/245/1693 1671/1514/1670
f 1694/245/1693 2931/1515/2843 1651/205/1650
f 1674/226/1673 1742/1516/1741 1666/221/1665
f 1742/1516/1741 1674/226/1673 1743/1517/1742
f 1644/1519/1643 2932/1518/2844 1645/201/1644
f 1675/228/1674 2932/1518/2844 1676/230/1675
f 1698/249/1697 2933/1520/2845 1678/231/1677
f 2930/1512/2842 2933/1520/2845 1688/240/1687
f 1696/246/1695 1747/1521/1746 1662/215/1661
f 1747/1521/1746 1696/246/1695 1749/1522/1748
f 1752/1524/1751 1684/1523/1683 1690/241/1689
f 1750/1525/1749 1752/1524/1751 1705/256/1704
f 1753/1526/1752 1750/1525/1749 1701/253/1700
f 1755/3144/1754 1753/1526/1752 1700/251/1699
f 1755/3144/1754 1700/251/1699 1680/1527/1679
f 1749/299/1748 1639/1528/1638 1710/261/1709
f 1639/1528/1638 1642/1529/1641 1711/260/1710
f 1644/1531/1643 1643/1530/1642 1728/279/1727
f 1643/1530/1642 1648/1532/1647 1729/278/1728
f 1725/280/1724 2928/1533/2840 1726/277/1725
f 2928/1533/2840 1725/280/1724 1670/1534/1669
f 1731/281/1730 1649/1535/1648 1714/265/1713
f 1649/1535/1648 1731/281/1730 2930/1536/2842
f 1653/1537/1652 1748/298/1747 1722/272/1721
f 1654/1538/1653 1653/1537/1652 1721/273/1720
f 1648/1532/1647 1663/1539/1662 1719/270/1718
f 1720/269/1719 1663/1539/1662 1721/273/1720
f 2931/1541/2843 1671/1540/1670 1707/264/1706
f 1652/1542/1651 2931/1541/2843 1714/265/1713
f 1668/1543/1667 1670/1534/1669 1745/296/1744
f 1671/1540/1670 1668/1543/1667 1708/259/1707
f 1742/3140/1741 1738/288/1737 2929/1544/2841
f 2932/1545/2844 1644/1531/1643 1737/291/1736
f 1683/1546/1682 2932/1545/2844 1741/292/1740
f 1680/1548/1679 1679/1547/1678 1761/310/1760
f 1679/1547/1678 1683/1546/1682 1763/312/1762
f 1759/306/1758 2933/1549/2845 1735/286/1734
f 2933/1549/2845 1759/306/1758 1743/293/1742
f 1684/1550/1683 1732/283/1731 1642/1529/1641
f 1732/283/1731 1684/1550/1683 1733/285/1732
f 1755/3141/1754 1680/1548/1679 1756/305/1755
f 2635/1552/2560 2634/1551/2559 1789/337/1788
f 1790/336/1789 2634/1551/2559 1791/339/1790
f 2935/1554/2847 1788/335/1787 2705/1553/2630
f 1788/335/1787 2935/1554/2847 1789/337/1788
f 2936/1556/2848 2937/1555/2849 1787/338/1786
f 2934/1557/2846 2936/1556/2848 1791/339/1790
f 1792/341/1791 2910/1559/2835 1793/340/1792
f 2910/1559/2835 1792/341/1791 2911/1560/2836
f 1796/540/1795 1795/343/1794 2939/1561/2851
f 1795/343/1794 1800/346/1799 2908/1562/2833
f 1810/357/1809 2940/1564/2852 1802/355/1801
f 1806/351/1805 1812/1565/1811 1807/354/1806
f 2941/1566/2853 1814/360/1813 1807/354/1806
f 1818/362/1817 2687/1567/2612 1819/365/1818
f 2688/1568/2613 2687/1567/2612 1817/363/1816
f 1766/321/1765 2943/1569/2855 1767/316/1766
f 2937/1555/2849 2943/1569/2855 1773/322/1772
f 1775/1571/1774 2704/1570/2629 1769/318/1768
f 1770/317/1769 2704/1570/2629 1771/320/1770
f 2942/1573/2854 2944/1572/2856 1819/365/1818
f 1820/364/1819 2944/1572/2856 1805/352/1804
f 1816/366/1815 2945/1574/2857 1817/363/1816
f 2940/1564/2852 2945/1574/2857 1803/350/1802
f 1822/369/1821 1821/370/1820 2903/1575/2828
f 1841/385/1840 2946/1576/2858 1842/388/1841
f 2948/1577/2860 2946/1576/2858 1840/386/1839
f 2744/1579/2669 2743/1578/2668 1854/401/1853
f 1855/400/1854 2743/1578/2668 1850/397/1849
f 2747/1581/2672 1853/399/1852 2748/1580/2673
f 1853/399/1852 2747/1581/2672 1854/401/1853
f 1865/411/1864 2949/1582/2861 1857/409/1856
f 2762/1584/2687 1861/405/1860 1876/1583/1875
f 1861/405/1860 2762/1584/2687 1862/408/1861
f 2763/1585/2688 1867/413/1866 1862/408/1861
f 1839/391/1838 2950/1586/2862 1840/386/1839
f 1848/394/1847 2950/1586/2862 1846/392/1845
f 2947/1588/2859 2764/1587/2689 1842/388/1841
f 1843/387/1842 2764/1587/2689 1844/390/1843
f 2949/1582/2861 1877/422/1876 1858/404/1857
f 1883/426/1882 2951/1589/2863 1884/429/1883
f 2952/1590/2864 2951/1589/2863 1882/427/1881
f 2780/1592/2705 1897/440/1896 2781/1591/2706
f 1897/440/1896 2780/1592/2705 1891/436/1890
f 2783/1594/2708 2785/1593/2710 1896/441/1895
f 1893/1595/1892 2783/1594/2708 1894/438/1893
f 2953/1596/2865 1918/459/1917 1899/449/1898
f 1909/1597/1908 2953/1596/2865 1906/450/1905
f 2799/1599/2724 1903/445/1902 2800/1598/2725
f 1903/445/1902 2799/1599/2724 1904/448/1903
f 1920/461/1919 2954/1600/2866 1912/455/1911
f 1915/1601/1914 2954/1600/2866 1916/458/1915
f 1881/432/1880 2955/1602/2867 1882/427/1881
f 2785/1593/2710 2955/1602/2867 1888/433/1887
f 2802/1604/2727 2801/1603/2726 1884/429/1883
f 1885/428/1884 2801/1603/2726 1886/431/1885
f 1911/462/1910 1910/453/1909 1902/446/1901
f 1924/464/1923 2956/1605/2868 1925/467/1924
f 2957/1606/2869 2956/1605/2868 1923/465/1922
f 2819/1608/2744 2818/1607/2743 1936/478/1935
f 1937/477/1936 2818/1607/2743 1932/474/1931
f 2822/1610/2747 1935/476/1934 1949/1609/1948
f 1935/476/1934 2822/1610/2747 1936/478/1935
f 1930/472/1929 2841/1611/2766 1931/479/1930
f 2958/1613/2870 2846/1612/2771 1939/487/1938
f 2839/1614/2764 2958/1613/2870 1946/488/1945
f 2836/1616/2761 1943/483/1942 2837/1615/2762
f 1943/483/1942 2836/1616/2761 1944/486/1943
f 2959/1618/2871 2838/1617/2763 1944/486/1943
f 1945/485/1944 2838/1617/2763 1946/488/1945
f 1953/492/1952 2960/1619/2872 1954/495/1953
f 2845/1620/2770 2960/1619/2872 1952/493/1951
f 1922/470/1921 2840/1621/2765 1923/465/1922
f 2841/1611/2766 2840/1621/2765 1929/471/1928
f 2961/1623/2873 2962/1622/2874 1954/495/1953
f 1955/494/1954 2962/1622/2874 1942/484/1941
f 1951/496/1950 2842/1624/2767 1952/493/1951
f 2846/1612/2771 2842/1624/2767 1940/482/1939
f 1959/498/1958 1965/506/1964 1960/501/1959
f 1970/1626/1969 2964/1625/2876 1971/511/1970
f 1977/517/1976 2964/1625/2876 1974/514/1973
f 1973/515/1972 1972/512/1971 1964/505/1963
f 2966/1628/2878 2965/1627/2877 1982/522/1981
f 1983/521/1982 2965/1627/2877 1984/525/1983
f 2967/1629/2879 1990/529/1989 1984/525/1983
f 1992/534/1991 1991/530/1990 1998/536/1997
f 1957/504/1956 2022/1630/2021 1958/499/1957
f 2022/1630/2021 1957/504/1956 2023/1631/2022
f 2963/1633/2875 1995/1632/1994 1960/501/1959
f 2968/1635/2880 2969/1634/2881 1998/536/1997
f 2969/1634/2881 2966/1628/2878 1999/535/1998
f 1997/537/1996 2970/1636/2882 1993/532/1992
f 2970/1636/2882 1997/537/1996 1988/1637/1987
f 2000/538/1999 2904/1638/2829 1828/373/1827
f 2904/1638/2829 2000/538/1999 2939/1561/2851
f 1800/346/1799 2010/549/2009 2898/1563/2823
f 2010/549/2009 1793/340/1792 2899/1639/2824
f 2017/556/2016 2970/1640/2882 2018/555/2017
f 1994/1641/1993 2970/1640/2882 2020/558/2019
f 2966/1643/2878 2969/1642/2881 2015/553/2014
f 2016/552/2015 2969/1642/2881 2021/560/2020
f 1969/1645/1968 1995/1644/1994 2043/581/2042
f 2056/593/2055 1995/1644/1994 2059/597/2058
f 1966/1646/1965 2022/561/2021 2058/595/2057
f 2968/1648/2880 1991/1647/1990 2021/560/2020
f 2019/559/2018 1991/1647/1990 2020/558/2019
f 1989/1650/1988 1990/1649/1989 2031/568/2030
f 2027/567/2026 1990/1649/1989 2028/566/2027
f 2967/1652/2879 2965/1651/2877 2028/566/2027
f 2965/1651/2877 2966/1643/2878 2029/565/2028
f 2030/569/2029 1987/1653/1986 2031/568/2030
f 1987/1653/1986 2030/569/2029 1988/1654/1987
f 2044/582/2043 2047/584/2046 2048/591/2047
f 2040/579/2039 1972/1656/1971 2041/578/2040
f 1972/1656/1971 2040/579/2039 2023/1657/2022
f 1970/1659/1969 1967/1658/1966 2038/576/2037
f 1967/1658/1966 1969/1645/1968 2039/575/2038
f 2049/586/2048 2050/587/2049 2972/1660/2884
f 2045/583/2044 2049/586/2048 2046/585/2045
f 2973/1661/2885 2054/592/2053 2971/1655/2883
f 2054/592/2053 2973/1661/2885 1794/342/1793
f 1975/1663/1974 2964/1662/2876 2041/578/2040
f 2037/577/2036 2964/1662/2876 2038/576/2037
f 2963/1665/2875 1965/1664/1964 2059/597/2058
f 2057/596/2056 1965/1664/1964 2058/595/2057
f 2912/1666/1536 2060/598/618 2097/633/767
f 2917/1668/1541 2088/623/780 2248/1667/813
f 2088/623/780 2917/1668/1541 2089/624/781
f 2105/641/757 2974/1669/1598 2066/603/758
f 2061/1670/621 2974/1669/1598 2062/600/756
f 2976/1672/1599 2975/1671/664 2079/617/1545
f 2080/616/1546 2975/1671/664 2081/618/1547
f 2074/612/1548 2978/1673/1601 2075/611/805
f 2977/1674/1600 2978/1673/1601 2081/618/1547
f 2980/1676/1603 2979/1675/1602 2077/614/802
f 2078/613/1544 2979/1675/1602 2079/617/1545
f 2918/1678/1542 2082/1677/640 2089/624/781
f 2249/1679/814 2912/1666/1536 2096/635/815
f 2250/1680/817 2249/1679/814 2100/636/816
f 2093/629/651 2980/1676/1603 2092/627/801
f 2091/626/806 2245/1681/810 2070/607/794
f 2245/1681/810 2091/626/806 2246/1682/811
f 2099/634/1538 2101/637/659 2100/636/816
f 2208/1853/2155 2227/1683/2169 2220/766/2162
f 2925/3142/2837 2183/713/2138 2981/1684/2886
f 2983/1685/2888 2247/777/2177 2982/1686/2887
f 2204/1861/2151 2984/1687/2889 2224/771/2166
f 2179/709/2134 2199/1688/2147 2180/708/2135
f 2233/1689/2173 2231/759/2171 2234/1690/2174
f 2986/1691/2891 2205/747/2152 2985/1692/2890
f 2221/749/2163 2987/1693/2892 2184/715/2139
f 2926/1508/2838 2203/1694/2150 2177/712/2132
f 2094/1713/652 2102/1712/660 2244/775/627
f 2986/1714/2891 2121/662/2076 2982/1715/2887
f 2102/1712/660 2103/1716/661 2916/1499/623
f 2250/1718/817 2101/1717/659 2251/785/658
f 2233/762/2173 2133/671/2088 2991/1719/2896
f 2136/1724/2091 2143/678/2098 2239/1720/2175
f 2914/1496/657 2101/1717/659 2219/746/642
f 2117/659/2072 2116/1697/2071 2981/1698/2886
f 2204/733/2151 2120/734/2075 2984/1701/2889
f 2121/662/2076 2986/1714/2891 2122/661/2077
f 2988/1702/2893 2987/1700/2892 2122/661/2077
f 2152/1707/2107 2151/1706/2106 2134/670/2089
f 2145/680/2100 2144/1710/2099 2197/727/2145
f 2149/683/2104 2211/739/2158 2150/682/2105
f 2926/1696/2838 2116/1697/2071 2203/1721/2150
f 2117/659/2072 2983/1699/2888 2118/658/2073
f 2989/1705/2894 2128/753/2083 2207/1722/2154
f 2093/1725/651 2238/764/650 2980/1723/1603
f 2129/668/2084 2187/717/2142 2130/667/2085
f 2135/1709/2090 2144/1710/2099 2136/1724/2091
f 2238/764/650 2093/1725/651 2244/775/627
f 2488/1018/2413 2595/1175/2520 2993/1726/2898
f 2348/880/2273 2345/878/2270 2995/1728/2900
f 2591/1172/2516 2377/908/2302 2996/1730/2901
f 2344/876/2269 2343/877/2268 2997/1731/2902
f 2999/1732/2904 2293/825/2218 2998/1733/2903
f 3000/1734/2905 2547/1216/2472 2592/1171/2517
f 3002/1735/2907 2476/1007/2401 3001/1736/2906
f 2472/1002/2397 2349/882/2274 3004/1737/2909
f 2992/1727/2897 2595/1175/2520 3000/1734/2905
f 2506/1049/2431 2294/827/2219 2594/1174/2519
f 2349/882/2274 2348/880/2273 3003/1738/2908
f 2345/878/2270 2344/876/2269 2994/1729/2899
f 2996/1730/2901 2480/1011/2405 3006/1740/2911
f 2998/1733/2903 2292/826/2217 3002/1735/2907
f 2294/827/2219 2293/825/2218 3005/1739/2910
f 3001/1736/2906 2473/1004/2398 3004/1737/2909
f 2424/955/2349 2488/1018/2413 2587/1168/2512
f 3006/1740/2911 2508/1051/2433 2590/1169/2515
f 2596/1179/2521 1213/1180/1213 3007/1741/2912
f 2597/1178/2522 2596/1179/2521 3008/1743/2913
f 2601/1183/2526 2597/1178/2522 3009/1744/2914
f 2603/1186/2528 2601/1183/2526 3010/1745/2915
f 2603/1186/2528 3010/1745/2915 2609/1192/2534
f 1232/1199/1232 2611/1193/2536 3012/1747/2917
f 2621/1212/2546 2618/1210/2543 3011/1746/2916
f 3013/1748/2918 2623/1213/2548 2622/1211/2547
f 2623/1213/2548 3013/1748/2918 2613/1196/2538
f 2628/1218/2553 1774/1749/1773 2629/1221/2554
f 1775/1750/1774 1774/1749/1773 2627/1219/2552
f 2934/1751/2846 2634/1226/2559 2641/1232/2566
f 2639/1229/2564 2935/1752/2847 2633/1225/2558
f 2635/1753/2560 2935/1752/2847 2636/1228/2561
f 2937/1755/2849 2936/1754/2848 2631/1223/2556
f 2640/1230/2565 2936/1754/2848 2641/1232/2566
f 2940/1757/2852 1810/1756/1809 2646/1237/2571
f 2647/1236/2572 1810/1756/1809 2648/1240/2573
f 2643/1235/2568 1812/1758/1811 2644/1234/2569
f 2941/1759/2853 1812/1758/1811 2650/1241/2575
f 2649/1239/2574 1814/1760/1813 2650/1241/2575
f 1811/1761/1810 1814/1760/1813 2648/1240/2573
f 2679/1269/2604 2678/1270/2603 2971/1762/2883
f 2678/1270/2603 2680/1271/2605 2973/1763/2885
f 2942/1764/2854 2687/1278/2612 2708/1295/2633
f 2700/1452/2625 2699/1289/2624 2034/1765/2033
f 2052/1766/2051 2699/1289/2624 2053/1767/2052
f 1776/1769/1775 2943/1768/2855 2629/1221/2554
f 2943/1768/2855 2937/1755/2849 2630/1220/2555
f 2626/1224/2551 2704/1770/2629 2627/1219/2552
f 2707/1297/2632 2944/1771/2856 2708/1295/2633
f 2944/1771/2856 2707/1297/2632 1813/1772/1812
f 2688/1774/2613 2945/1773/2857 2689/1280/2614
f 2945/1773/2857 2940/1757/2852 2709/1296/2634
f 2710/1298/2635 2972/1775/2884 2703/1291/2628
f 2972/1775/2884 2710/1298/2635 2046/1776/2045
f 2737/1323/2662 2946/1777/2858 2738/1326/2663
f 2947/1778/2859 2946/1777/2858 2736/1324/2661
f 1851/1779/1850 2743/1331/2668 2752/1339/2677
f 1848/1781/1847 1847/1780/1846 2740/1328/2665
f 2751/1337/2676 1847/1780/1846 2752/1339/2677
f 2949/1783/2861 1865/1782/1864 2757/1344/2682
f 2758/1343/2683 1865/1782/1864 2759/1347/2684
f 2754/1342/2679 2762/1349/2687 2755/1341/2680
f 2760/1346/2685 1867/1784/1866 2761/1348/2686
f 1866/1785/1865 1867/1784/1866 2759/1347/2684
f 2768/1353/2693 1868/1786/1867 2769/1356/2694
f 1869/1787/1868 1868/1786/1867 2767/1354/2692
f 2948/1789/2860 2950/1788/2862 2738/1326/2663
f 2950/1788/2862 1848/1781/1847 2739/1325/2664
f 2735/1329/2660 2764/1790/2689 2736/1324/2661
f 2766/1357/2691 1874/1791/1873 2767/1354/2692
f 1874/1791/1873 2766/1357/2691 1876/1792/1875
f 1873/1794/1872 1877/1793/1876 2769/1356/2694
f 1877/1793/1876 2949/1783/2861 2770/1355/2695
f 2774/1359/2699 2951/1795/2863 2775/1362/2700
f 2802/1796/2727 2951/1795/2863 2773/1360/2698
f 2788/1373/2713 1889/1797/1888 2789/1375/2714
f 1893/1798/1892 1889/1797/1888 2787/1374/2712
f 1892/1799/1891 2780/1367/2705 2789/1375/2714
f 2784/1371/2709 2783/1369/2708 2787/1374/2712
f 1918/1801/1917 2953/1800/2865 2794/1380/2719
f 2795/1379/2720 2953/1800/2865 2796/1383/2721
f 1908/1802/1907 2799/1385/2724 2798/1384/2723
f 2797/1382/2722 1907/1803/1906 2798/1384/2723
f 1909/1804/1908 1907/1803/1906 2796/1383/2721
f 2806/1389/2731 2954/1805/2866 2807/1392/2732
f 1913/1806/1912 2954/1805/2866 2805/1390/2730
f 2952/1808/2864 2955/1807/2867 2775/1362/2700
f 2955/1807/2867 2785/1370/2710 2776/1361/2701
f 2804/1393/2729 1910/1809/1909 2805/1390/2730
f 1910/1809/1909 2804/1393/2729 2800/1810/2725
f 1915/1812/1914 1914/1811/1913 2807/1392/2732
f 1914/1811/1913 1918/1801/1917 2808/1391/2733
f 2812/1395/2737 2956/1813/2868 2813/1398/2738
f 1948/1814/1947 2956/1813/2868 2811/1396/2736
f 1933/1815/1932 2818/1403/2743 2826/1411/2751
f 2823/1408/2748 2822/1406/2747 2817/1402/2742
f 2841/1424/2766 1930/1816/1929 2815/1400/2740
f 2825/1409/2750 1930/1816/1929 2826/1411/2751
f 2846/1429/2771 2958/1817/2870 2831/1416/2756
f 2832/1415/2757 2958/1817/2870 2833/1419/2758
f 2959/1818/2871 2836/1421/2761 2835/1420/2760
f 2834/1418/2759 2838/1422/2763 2835/1420/2760
f 2850/1431/2775 2960/1819/2872 2844/1427/2769
f 2961/1820/2873 2960/1819/2872 2849/1432/2774
f 2957/1822/2869 2840/1821/2765 2813/1398/2738
f 2810/1401/2735 1947/1823/1946 2811/1396/2736
f 1947/1823/1946 2810/1401/2735 1949/1824/1948
f 2848/1433/2773 2962/1825/2874 2849/1432/2774
f 2962/1825/2874 2848/1433/2773 2837/1826/2762
f 2713/1300/2638 2851/1434/2776 2046/1776/2045
f 2851/1434/2776 2679/1269/2604 2047/1827/2046
f 2868/1450/2793 2867/1451/2792 1823/1828/1822
f 2867/1451/2792 2700/1452/2625 2033/1829/2032
f 2896/1481/2821 2899/1482/2824 2900/1492/2825
f 2901/1484/2826 2904/1486/2829 2905/1489/2830
f 2906/1488/2831 2868/1450/2793 1822/1832/1821
f 2902/1485/2827 2906/1488/2831 2903/1487/2828
f 2908/1490/2833 2907/1491/2832 2939/1831/2851
f 2910/1833/2835 2909/1493/2834 2938/1830/2850
f 2989/1849/2894 2207/1834/2154 2171/781/2126
f 2082/1836/640 2215/745/641 2083/1835/643
f 2215/745/641 2082/1836/640 2216/744/647
f 2211/1837/2158 2181/710/2136 2990/1838/2895
f 2976/1840/1599 2979/1839/1602 2921/1504/638
f 2922/1503/635 2979/1839/1602 2237/765/636
f 2923/1507/634 2978/1841/1601 2924/1506/639
f 2246/776/811 2978/1841/1601 2241/769/633
f 2187/1842/2142 2169/699/2124 2991/1843/2896
f 2186/1845/2141 2226/1844/2168 2223/750/2165
f 2977/1847/1600 2975/1846/664 2924/1506/639
f 2920/1505/637 2975/1846/664 2921/1504/638
f 2103/1716/661 2974/1848/1598 2194/723/624
f 2190/722/663 2974/1848/1598 2191/721/620
f 2226/1844/2168 2989/1849/2894 2222/782/2164
f 2223/750/2165 2169/699/2124 2186/1845/2141
f 2213/741/2160 2163/693/2118 2197/1850/2145
f 2990/1838/2895 2182/711/2137 2243/1852/2176
f 2207/1834/2154 2208/1853/2155 2172/702/2127
f 2061/1855/621 2060/1854/618 2191/721/620
f 2060/1854/618 2912/1495/1536 2192/720/619
f 2239/1862/2175 2200/1856/2148 2209/738/2156
f 2198/1851/2146 2163/693/2118 2210/1857/2157
f 2197/1850/2145 2927/1858/2839 2213/741/2160
f 2981/1684/2886 2230/758/2170 2983/1685/2888
f 2984/1687/2889 2987/1693/2892 2225/752/2167
f 2985/1692/2890 2185/714/2140 2988/1859/2893
f 2227/1683/2169 2151/684/2106 2188/718/2143
f 2234/1690/2174 2232/760/2172 2152/1860/2107
f 2201/731/2149 2200/1856/2148 2179/709/2134
f 2982/1686/2887 2206/735/2153 2986/1691/2891
f 2203/1694/2150 2204/1861/2151 2178/707/2133
f 2991/1843/2896 2170/700/2125 2233/1689/2173
f 2210/1857/2157 2164/694/2119 2211/1837/2158
f 2136/674/2091 2239/1862/2175 2137/673/2092
f 3017/1867/2922 3014/1864/2919 3016/1866/2921
f 3018/1871/2923 3017/1867/2922 3019/1868/2924
f 3018/1871/2923 3019/1868/2924 3021/1870/2926
f 3023/1873/2928 3018/1871/2923 3022/1872/2927
f 3017/1867/2922 3018/1871/2923 3024/1874/2929
f 3025/1880/2930 3026/1875/2931 3028/1877/2933
f 3025/1880/2930 3029/1878/2934 3026/1875/2931
f 3029/1878/2934 3025/1880/2930 3032/1882/2937
f 3031/1881/2936 3025/1880/2930 3033/1883/2938
f 3037/1888/2942 3034/1884/2939 3036/1886/2941
f 3035/1885/2940 3034/1884/2939 3033/1883/2938
f 3031/1881/2936 3034/1884/2939 3032/1882/2937
f 3038/1887/2943 3034/1884/2939 3039/1889/2944
f 3043/1893/2948 3040/1890/2945 3042/1892/2947
f 3040/1890/2945 3028/1877/2933 3041/1891/2946
f 3028/1877/2933 3040/1890/2945 3033/1883/2938
f 3040/1890/2945 3043/1893/2948 3035/1885/2940
f 3044/1895/2949 3045/1894/2950 3029/1878/2934
f 3045/1894/2950 3044/1895/2949 3047/1897/2952
f 3044/1895/2949 3038/1887/2943 3046/1896/2951
f 3038/1887/2943 3044/1895/2949 3032/1882/2937
f 3048/3145/2953 3037/1888/2942 3049/1898/2954
f 3050/1904/2955 3051/1899/2956 3053/1901/2958
f 3050/1904/2955 3054/1902/2959 3051/1899/2956
f 3054/1902/2959 3050/1904/2955 3057/1906/2962
f 3056/1905/2961 3050/1904/2955 3058/1907/2963
f 3059/1911/2964 3060/1908/2965 3062/1910/2967
f 3060/1908/2965 3059/1911/2964 3052/1900/2957
f 3059/1911/2964 3063/1912/2968 3053/1901/2958
f 3059/1911/2964 3062/1910/2967 3063/1912/2968
f 3054/1902/2959 3065/1914/2970 3055/1903/2960
f 3065/1914/2970 3067/1916/2972 3066/1915/2971
f 3065/1914/2970 3069/1918/2974 3067/1916/2972
f 3065/1914/2970 3054/1902/2959 3069/1918/2974
f 3071/1922/2976 3056/1905/2961 3072/1920/2977
f 3071/1922/2976 3073/1921/2978 3056/1905/2961
f 3073/1921/2978 3071/1922/2976 3075/1924/2980
f 3074/1923/2979 3071/1922/2976 3076/1925/2981
f 3078/1928/2983 3077/1926/2982 3064/1913/2969
f 3063/1912/2968 3077/1926/2982 3058/1907/2963
f 3077/1926/2982 3079/1927/2984 3072/1920/2977
f 3077/1926/2982 3078/1928/2983 3079/1927/2984
f 3073/1921/2978 3081/1930/2986 3057/1906/2962
f 3069/1918/2974 3081/1930/2986 3070/1919/2975
f 3081/1930/2986 3083/1932/2988 3082/1931/2987
f 3081/1930/2986 3073/1921/2978 3083/1932/2988
f 3088/1937/2993 3085/1934/2990 3087/1936/2992
f 3085/1934/2990 3088/1937/2993 3090/1939/2995
f 3091/2084/2996 3092/1940/2997 3094/1942/2999
f 3095/1945/3000 3096/1943/3001 3097/1944/3002
f 3095/1945/3000 3088/1937/2993 3096/1943/3001
f 3088/1937/2993 3095/1945/3000 3089/1938/2994
f 3098/1946/3003 3095/1945/3000 3099/1947/3004
f 3101/1951/3006 3100/1948/3005 3087/1936/2992
f 3096/1943/3001 3100/1948/3005 3093/1941/2998
f 3100/1948/3005 3102/1949/3007 3094/1942/2999
f 3100/1948/3005 3101/1951/3006 3102/1949/3007
f 3105/1956/3010 3106/1953/3011 3107/1954/3012
f 3105/1956/3010 3108/1955/3013 3106/1953/3011
f 3108/1955/3013 3105/1956/3010 3104/1952/3009
f 3102/1949/3007 3105/1956/3010 3103/1950/3008
f 3062/1910/2967 3109/1957/3014 3064/1913/2969
f 3110/1958/3015 3109/1957/3014 3070/1919/2975
f 3109/1957/3014 3106/1953/3011 3067/1916/2972
f 3109/1957/3014 3062/1910/2967 3106/1953/3011
f 3078/1928/2983 3111/1959/3016 3080/1929/2985
f 3112/1960/3017 3111/1959/3016 3084/1933/2989
f 3111/1959/3016 3110/1958/3015 3082/1931/2987
f 3111/1959/3016 3078/1928/2983 3110/1958/3015
f 3113/1963/3018 3060/1908/2965 3114/1961/3019
f 3113/1963/3018 3115/1962/3020 3060/1908/2965
f 3113/1963/3018 3045/1894/2950 3115/1962/3020
f 3045/1894/2950 3113/1963/3018 3030/1879/2935
f 3116/1966/3021 3066/1915/2971 3117/1964/3022
f 3116/1966/3021 3118/1965/3023 3066/1915/2971
f 3118/1965/3023 3116/1966/3021 3027/1876/2932
f 3116/1966/3021 3117/1964/3022 3041/1891/2946
f 3118/1965/3023 3119/1967/3024 3055/1903/2960
f 3051/1899/2956 3119/1967/3024 3052/1900/2957
f 3119/1967/3024 3026/1875/2931 3114/1961/3019
f 3119/1967/3024 3118/1965/3023 3026/1875/2931
f 3123/1971/3028 3120/1968/3025 3122/1970/3027
f 3120/1968/3025 3123/1971/3028 3125/1973/3030
f 3127/1975/3032 3120/1968/3025 3126/1974/3031
f 3120/1968/3025 3127/1975/3032 3121/1969/3026
f 3127/1975/3032 3129/1977/3034 3128/1976/3033
f 3129/1977/3034 3127/1975/3032 3131/1979/3036
f 3123/1971/3028 3132/1980/3037 3124/1972/3029
f 3132/1980/3037 3123/1971/3028 3134/1982/3039
f 3135/1984/3040 3131/1979/3036 3136/1983/3041
f 3138/1993/3043 3135/1984/3040 3137/1985/3042
f 3139/1987/3044 3140/1986/3045 3133/1981/3038
f 3140/1986/3045 3139/1987/3044 3142/1989/3047
f 3143/1990/3048 3136/1983/3041 3125/1973/3030
f 3140/1986/3045 3143/1990/3048 3124/1972/3029
f 3143/1990/3048 3140/1986/3045 3144/1991/3049
f 3136/1983/3041 3143/1990/3048 3137/1985/3042
f 3146/1994/3051 3145/1992/3050 3137/1985/3042
f 3145/1992/3050 3146/1994/3051 3148/1996/3053
f 3141/1988/3046 3149/1997/3054 3142/1989/3047
f 3149/1997/3054 3151/1999/3056 3150/1998/3055
f 3153/2001/3058 3146/1994/3051 3144/1991/3049
f 3150/1998/3055 3153/2001/3058 3142/1989/3047
f 3154/2002/3059 3153/2001/3058 3152/2000/3057
f 3153/2001/3058 3154/2002/3059 3146/1994/3051
f 3156/2004/3061 3155/2003/3060 3147/1995/3052
f 3158/2012/3063 3155/2003/3060 3157/2005/3062
f 3151/1999/3056 3159/2006/3064 3152/2000/3057
f 3160/2007/3065 3159/2006/3064 3162/2009/3067
f 3154/2002/3059 3163/2010/3068 3147/1995/3052
f 3163/2010/3068 3154/2002/3059 3160/2007/3065
f 3163/2010/3068 3160/2007/3065 3164/2011/3069
f 3156/2004/3061 3163/2010/3068 3157/2005/3062
f 3165/3146/3070 3158/2012/3063 3166/2013/3071
f 3165/3146/3070 3166/2013/3071 3168/2015/3073
f 3169/2017/3074 3170/2016/3075 3161/2008/3066
f 3170/2016/3075 3169/2017/3074 3172/2019/3077
f 3173/2020/3078 3166/2013/3071 3164/2011/3069
f 3170/2016/3075 3173/2020/3078 3162/2009/3067
f 3173/2020/3078 3170/2016/3075 3174/2021/3079
f 3166/2013/3071 3173/2020/3078 3167/2014/3072
f 3175/3147/3080 3176/2022/3081 3178/2024/3083
f 3175/3147/3080 3179/2025/3084 3176/2022/3081
f 3182/2028/3087 3181/2027/3086 3167/2014/3072
f 3179/2025/3084 3181/2027/3086 3180/2026/3085
f 3183/2030/3088 3184/2029/3089 3171/2018/3076
f 3184/2029/3089 3183/2030/3088 3177/2023/3082
f 3185/2031/3090 3182/2028/3087 3174/2021/3079
f 3184/2029/3089 3185/2031/3090 3172/2019/3077
f 3176/2022/3081 3185/2031/3090 3177/2023/3082
f 3182/2028/3087 3185/2031/3090 3180/2026/3085
f 3128/1976/3033 3130/1978/3035 3187/2033/3092
f 3189/2100/3094 3134/1982/3039 3188/2034/3093
f 3121/1969/3026 3128/1976/3033 3190/2035/3095
f 3188/2034/3093 3122/1970/3027 3190/2035/3095
f 3194/2095/3099 3191/2036/3096 3193/2038/3098
f 3197/2041/3102 3195/2039/3100 3196/2040/3101
f 3199/2043/3104 3195/2039/3100 3198/2042/3103
f 3195/2039/3100 3199/2043/3104 3201/2045/3106
f 3195/2039/3100 3201/2045/3106 3192/2037/3097
f 3205/2049/3110 3202/2046/3107 3204/2048/3109
f 3207/2051/3112 3202/2046/3107 3206/2050/3111
f 3202/2046/3107 3207/2051/3112 3197/2041/3102
f 3202/2046/3107 3197/2041/3102 3203/2047/3108
f 3201/2045/3106 3208/2052/2928 3193/2038/3098
f 3210/2054/3114 3208/2052/2928 3200/2044/3105
f 3208/2052/2928 3210/2054/3114 3023/1873/2928
f 3208/2052/2928 3023/1873/2928 3209/2053/3113
f 3211/2097/3115 3210/2054/3114 3212/2055/3116
f 3215/2063/3119 3213/2056/3117 3020/1869/2925
f 3219/2061/3123 3216/2058/3120 3218/2060/3122
f 3215/2063/3119 3216/2058/3120 3220/2062/3124
f 3216/2058/3120 3215/2063/3119 3019/1868/2924
f 3216/2058/3120 3019/1868/2924 3217/2059/3121
f 3221/2065/3125 3222/2064/3126 3217/2059/3121
f 3015/1865/2920 3221/2065/3125 3016/1866/2921
f 3014/1864/2919 3017/1867/2922 3223/2066/3127
f 3214/2057/3118 3224/2067/3128 3020/1869/2925
f 3224/2067/3128 3225/2068/3129 3021/1870/2926
f 3205/2049/3110 3226/2069/652 3206/2050/3111
f 3090/2092/2995 3226/2069/652 3204/2048/3109
f 3221/2072/3125 3015/2071/2920 3046/1896/2951
f 3222/2075/3126 3221/2072/3125 3039/1889/2944
f 3213/2074/3117 3043/1893/2948 3214/2073/3118
f 3043/1893/2948 3213/2074/3117 3036/1886/2941
f 3048/3145/2953 3222/2075/3126 3037/1888/2942
f 3223/2087/3127 3211/2076/3115 3061/1909/2966
f 3211/2076/3115 3212/2077/3116 3107/1954/3012
f 3108/1955/3013 3228/2078/3131 3068/1917/2973
f 3228/2078/3131 3108/1955/3013 3194/2080/3099
f 3092/1940/2997 3229/2081/3132 3093/1941/2998
f 3229/2081/3132 3227/2082/3130 3097/1944/3002
f 3101/1951/3006 3191/2083/3096 3104/1952/3009
f 3191/2083/3096 3101/1951/3006 3086/1935/2991
f 3212/2077/3116 3091/2084/2996 3103/1950/3008
f 3227/2082/3130 3226/2085/652 3099/1947/3004
f 3098/1946/3003 3226/2085/652 3089/1938/2994
f 3224/2086/3128 3117/1964/3022 3225/2079/3129
f 3117/1964/3022 3224/2086/3128 3042/1892/2947
f 3014/2088/2919 3223/2087/3127 3115/1962/3020
f 3015/2071/2920 3014/2088/2919 3047/1897/2952
f 3091/2090/2996 3199/2043/3104 3092/2089/2997
f 3199/2043/3104 3091/2090/2996 3200/2044/3105
f 3191/2036/3096 3086/2091/2991 3192/2037/3097
f 3085/2093/2990 3090/2092/2995 3203/2047/3108
f 3086/2091/2991 3085/2093/2990 3196/2040/3101
f 3229/2094/3132 3207/2051/3112 3227/2070/3130
f 3207/2051/3112 3229/2094/3132 3198/2042/3103
f 3228/2096/3131 3194/2095/3099 3209/2053/3113
f 3225/2068/3129 3228/2096/3131 3022/1872/2927
f 3210/2054/3114 3211/2097/3115 3024/1874/2929
f 3222/2064/3126 3048/2098/2953 3218/2060/3122
f 3219/2061/3123 3048/2098/2953 3220/2062/3124
f 3213/2056/3117 3215/2063/3119 3049/2099/2954
f 3233/1865/3118 3230/1864/3128 3232/1866/2925
f 3234/1871/2923 3235/1868/2924 3231/1867/2926
f 3234/1871/2923 3236/1870/2922 3235/1868/2924
f 3236/1870/2922 3234/1871/2923 3239/1872/2929
f 3238/1873/2928 3234/1871/2923 3240/1874/2927
f 3241/1880/2930 3242/1877/2934 3244/1875/2931
f 3241/1880/2930 3244/1875/2931 3246/1878/2933
f 3248/1881/2936 3241/1880/2930 3247/1882/2938
f 3242/1877/2934 3241/1880/2930 3249/1883/2937
f 3253/1885/2943 3250/1884/2939 3252/1886/2944
f 3248/1881/2936 3250/1884/2939 3249/1883/2937
f 3254/1887/2940 3250/1884/2939 3247/1882/2938
f 3251/1888/2942 3250/1884/2939 3255/1889/2941
f 3259/1891/2950 3256/1890/2949 3258/1892/2952
f 3256/1890/2949 3259/1891/2950 3242/1877/2934
f 3253/1885/2943 3256/1890/2949 3249/1883/2937
f 3256/1890/2949 3253/1885/2943 3257/1893/2951
f 3260/1895/2945 3246/1878/2933 3261/1894/2946
f 3263/1896/2948 3260/1895/2945 3262/1897/2947
f 3260/1895/2945 3263/1896/2948 3254/1887/2940
f 3246/1878/2933 3260/1895/2945 3247/1882/2938
f 3264/3145/2953 3265/1898/3126 3251/1888/2942
f 3266/1904/2955 3267/1901/2959 3269/1899/2956
f 3266/1904/2955 3269/1899/2956 3271/1902/2958
f 3273/1905/2961 3266/1904/2955 3272/1906/2963
f 3267/1901/2959 3266/1904/2955 3274/1907/2962
f 3275/1911/2970 3276/1910/2972 3278/1908/2971
f 3267/1901/2959 3275/1911/2970 3268/1900/2960
f 3275/1911/2970 3267/1901/2959 3279/1912/2974
f 3275/1911/2970 3279/1912/2974 3276/1910/2972
f 3282/1915/2965 3281/1914/2964 3270/1903/2957
f 3281/1914/2964 3282/1915/2965 3284/1916/2967
f 3281/1914/2964 3284/1916/2967 3286/1918/2968
f 3281/1914/2964 3286/1918/2968 3271/1902/2958
f 3287/1922/2976 3288/1920/2978 3273/1905/2961
f 3287/1922/2976 3273/1905/2961 3289/1921/2977
f 3291/1923/2979 3287/1922/2976 3290/1924/3135
f 3288/1920/2978 3287/1922/2976 3292/1925/3136
f 3279/1912/2974 3293/1926/2986 3280/1913/2975
f 3288/1920/2978 3293/1926/2986 3274/1907/2962
f 3293/1926/2986 3288/1920/2978 3295/1927/3137
f 3293/1926/2986 3295/1927/3137 3294/1928/2987
f 3286/1918/2968 3297/1930/2982 3272/1906/2963
f 3298/1931/2983 3297/1930/2982 3285/1919/2969
f 3297/1930/2982 3298/1931/2983 3300/1932/3140
f 3297/1930/2982 3300/1932/3140 3289/1921/2977
f 3304/1935/2997 3301/1934/3132 3303/1936/2998
f 3301/1934/3132 3305/1939/3130 3302/1937/3002
f 3307/2084/3096 3308/1942/3006 3310/1940/2991
f 3311/1945/3000 3312/1944/2993 3313/1943/3001
f 3311/1945/3000 3313/1943/3001 3302/1937/3002
f 3314/1946/3003 3311/1945/3000 3306/1938/3004
f 3312/1944/2993 3311/1945/3000 3315/1947/2994
f 3313/1943/3001 3316/1948/3005 3303/1936/2998
f 3308/1942/3006 3316/1948/3005 3309/1941/2992
f 3316/1948/3005 3308/1942/3006 3319/1949/3007
f 3316/1948/3005 3319/1949/3007 3317/1951/2999
f 3321/1956/3010 3322/1954/3013 3323/1953/3011
f 3321/1956/3010 3323/1953/3011 3324/1955/3012
f 3319/1949/3007 3321/1956/3010 3320/1952/3008
f 3322/1954/3013 3321/1956/3010 3318/1950/3009
f 3326/1958/3015 3325/1957/3014 3280/1913/2975
f 3284/1916/2967 3325/1957/3014 3285/1919/2969
f 3325/1957/3014 3284/1916/2967 3323/1953/3011
f 3325/1957/3014 3323/1953/3011 3276/1910/2972
f 3328/1960/3017 3327/1959/3016 3296/1929/3138
f 3298/1931/2983 3327/1959/3016 3299/1933/3139
f 3327/1959/3016 3298/1931/2983 3326/1958/3015
f 3327/1959/3016 3326/1958/3015 3294/1928/2987
f 3329/1963/3021 3330/1961/3023 3278/1908/2971
f 3329/1963/3021 3278/1908/2971 3331/1962/3022
f 3329/1963/3021 3331/1962/3022 3261/1894/2946
f 3330/1961/3023 3329/1963/3021 3245/1879/2932
f 3332/1966/3018 3333/1964/3020 3282/1915/2965
f 3332/1966/3018 3282/1915/2965 3334/1965/3019
f 3259/1891/2950 3332/1966/3018 3243/1876/2935
f 3332/1966/3018 3259/1891/2950 3333/1964/3020
f 3269/1899/2956 3335/1967/3024 3270/1903/2957
f 3330/1961/3023 3335/1967/3024 3268/1900/2960
f 3335/1967/3024 3330/1961/3023 3244/1875/2931
f 3335/1967/3024 3244/1875/2931 3334/1965/3019
f 3339/1969/3144 3336/1968/3141 3338/1970/3143
f 3336/1968/3141 3340/1973/3145 3337/1971/3142
f 3340/1973/3145 3336/1968/3141 3343/1974/3148
f 3336/1968/3141 3339/1969/3144 3342/1975/3147
f 3130/1978/3035 3129/1977/3034 3344/1976/3149
f 3129/1977/3034 3131/1979/3036 3342/1975/3147
f 3133/1981/3038 3132/1980/3037 3341/1972/3146
f 3132/1980/3037 3134/1982/3039 3337/1971/3142
f 3135/1984/3040 3345/1983/3150 3131/1979/3036
f 3345/1983/3150 3135/1984/3040 3346/1985/3151
f 3139/1987/3044 3133/1981/3038 3347/1986/3152
f 3141/1988/3046 3139/1987/3044 3348/1989/3153
f 3349/1990/3154 3340/1973/3145 3345/1983/3150
f 3340/1973/3145 3349/1990/3154 3341/1972/3146
f 3349/1990/3154 3350/1991/3155 3347/1986/3152
f 3350/1991/3155 3349/1990/3154 3346/1985/3151
f 3138/1993/3043 3145/1992/3050 3346/1985/3151
f 3145/1992/3050 3148/1996/3053 3351/1994/3156
f 3353/1998/3158 3149/1997/3054 3348/1989/3153
f 3149/1997/3054 3353/1998/3158 3151/1999/3056
f 3355/2001/3160 3350/1991/3155 3351/1994/3156
f 3350/1991/3155 3355/2001/3160 3348/1989/3153
f 3353/1998/3158 3355/2001/3160 3354/2000/3159
f 3355/2001/3160 3351/1994/3156 3356/2002/3161
f 3148/1996/3053 3155/2003/3060 3352/1995/3157
f 3357/2004/3162 3155/2003/3060 3358/2005/3163
f 3359/2007/3164 3159/2006/3064 3354/2000/3159
f 3161/2008/3066 3159/2006/3064 3360/2009/3165
f 3357/2004/3162 3361/2010/3166 3352/1995/3157
f 3361/2010/3166 3359/2007/3164 3356/2002/3161
f 3361/2010/3166 3362/2011/3167 3359/2007/3164
f 3362/2011/3167 3361/2010/3166 3358/2005/3163
f 3165/3146/3070 3363/2013/3168 3158/2012/3063
f 3165/3146/3070 3168/2015/3073 3363/2013/3168
f 3169/2017/3074 3161/2008/3066 3365/2016/3170
f 3171/2018/3076 3169/2017/3074 3366/2019/3171
f 3367/2020/3172 3362/2011/3167 3363/2013/3168
f 3362/2011/3167 3367/2020/3172 3360/2009/3165
f 3367/2020/3172 3368/2021/3173 3365/2016/3170
f 3368/2021/3173 3367/2020/3172 3364/2014/3169
f 3175/3147/3080 3178/2024/3083 3370/2022/3175
f 3175/3147/3080 3370/2022/3175 3179/2025/3084
f 3168/2015/3073 3181/2027/3086 3364/2014/3169
f 3372/2028/3177 3181/2027/3086 3371/2026/3176
f 3183/2030/3088 3171/2018/3076 3373/2029/3178
f 3178/2024/3083 3183/2030/3088 3369/2023/3174
f 3374/2031/3179 3368/2021/3173 3372/2028/3177
f 3368/2021/3173 3374/2031/3179 3366/2019/3171
f 3373/2029/3178 3374/2031/3179 3369/2023/3174
f 3370/2022/3175 3374/2031/3179 3371/2026/3176
f 3344/1976/3149 3375/2033/3180 3130/1978/3035
f 3338/1970/3143 3134/1982/3039 3376/2034/3181
f 3339/1969/3144 3377/2035/3182 3344/1976/3149
f 3339/1969/3144 3338/1970/3143 3377/2035/3182
f 3381/2037/3104 3378/2036/2996 3380/2038/3105
f 3381/2037/3104 3382/2039/3100 3384/2040/3103
f 3383/2041/3102 3382/2039/3100 3386/2042/3101
f 3382/2039/3100 3387/2045/3106 3385/2043/3097
f 3382/2039/3100 3381/2037/3104 3387/2045/3106
f 3392/2047/3112 3389/2046/3107 3391/2048/3111
f 3390/2049/3110 3389/2046/3107 3394/2050/3109
f 3389/2046/3107 3383/2041/3102 3393/2051/3108
f 3389/2046/3107 3392/2047/3112 3383/2041/3102
f 3396/2053/3114 3395/2052/2928 3380/2038/3105
f 3387/2045/3106 3395/2052/2928 3388/2044/3098
f 3395/2052/2928 3238/1873/2928 3397/2054/3113
f 3395/2052/2928 3396/2053/3114 3238/1873/2928
f 3398/2097/3131 3399/2055/3099 3397/2054/3113
f 3402/2057/2920 3400/2056/3125 3237/1869/2921
f 3406/2059/3119 3403/2058/3120 3405/2060/3124
f 3404/2061/3123 3403/2058/3120 3407/2062/3122
f 3403/2058/3120 3235/1868/2924 3401/2063/3121
f 3403/2058/3120 3406/2059/3119 3235/1868/2924
f 3408/2065/3117 3406/2059/3119 3409/2064/2954
f 3406/2059/3119 3408/2065/3117 3232/1866/2925
f 3230/1864/3128 3410/2066/3129 3231/1867/2926
f 3236/1870/2922 3411/2067/2919 3237/1869/2921
f 3411/2067/2919 3236/1870/2922 3412/2068/3127
f 3414/2070/2995 3413/2069/652 3394/2050/3109
f 3390/2049/3110 3413/2069/652 3391/2048/3111
f 3408/2072/3117 3263/1896/2948 3233/2071/3118
f 3263/1896/2948 3408/2072/3117 3255/1889/2941
f 3400/2074/3125 3402/2073/2920 3257/1893/2951
f 3265/1898/3126 3400/2074/3125 3252/1886/2944
f 3264/3145/2953 3251/1888/2942 3409/2075/2954
f 3322/1954/3013 3398/2076/3131 3277/1909/3133
f 3398/2076/3131 3322/1954/3013 3399/2077/3099
f 3412/2079/3127 3415/2078/3115 3283/1917/3134
f 3415/2078/3115 3379/2080/3116 3324/1955/3012
f 3312/1944/2993 3416/2081/2990 3309/1941/2992
f 3416/2081/2990 3312/1944/2993 3414/2082/2995
f 3379/2080/3116 3378/2083/2996 3320/1952/3008
f 3378/2083/2996 3304/1935/2997 3317/1951/2999
f 3308/1942/3006 3307/2084/3096 3318/1950/3009
f 3314/1946/3003 3413/2085/652 3315/1947/2994
f 3305/1939/3130 3413/2085/652 3306/1938/3004
f 3411/2086/2919 3412/2079/3127 3333/1964/3020
f 3402/2073/2920 3411/2086/2919 3258/1892/2952
f 3230/2088/3128 3331/1962/3022 3410/2087/3129
f 3331/1962/3022 3230/2088/3128 3262/1897/2947
f 3307/2090/3096 3310/2089/2991 3385/2043/3097
f 3399/2055/3099 3307/2090/3096 3388/2044/3098
f 3378/2036/2996 3381/2037/3104 3304/2091/2997
f 3301/2093/3132 3392/2047/3112 3305/2092/3130
f 3392/2047/3112 3301/2093/3132 3384/2040/3103
f 3416/2094/2990 3414/2070/2995 3393/2051/3108
f 3310/2089/2991 3416/2094/2990 3386/2042/3101
f 3415/2096/3115 3396/2053/3114 3379/2095/3116
f 3396/2053/3114 3415/2096/3115 3239/1872/2929
f 3410/2066/3129 3398/2097/3131 3240/1874/2927
f 3404/2061/3123 3264/2098/2953 3405/2060/3124
f 3265/2099/3126 3264/2098/2953 3407/2062/3122
f 3400/2056/3125 3265/2099/3126 3401/2063/3121
f 3420/2401/3186 3417/2101/3183 3419/2103/3185
f 3421/2115/3187 3422/2104/3188 3424/2106/3190
f 3425/2113/3191 3426/2107/3192 3428/2109/3194
f 3424/2106/3190 3423/2105/3189 3430/2111/3196
f 3432/2114/3198 3431/2112/3197 3428/2109/3194
f 3423/2105/3189 3422/2104/3188 3432/2114/3198
f 3417/2101/3183 3421/2115/3187 3418/2102/3184
f 3436/2326/3202 3433/2116/3199 3435/2118/3201
f 3437/2167/3203 3438/2119/3204 3440/2121/3206
f 3441/2337/3207 3442/2122/3208 3444/2124/3210
f 3448/2154/3214 3445/2125/3211 3447/2127/3213
f 3449/2343/3215 3450/2128/3216 3452/2130/3218
f 3456/2159/3222 3453/2131/3219 3455/2133/3221
f 3457/2172/3223 3458/2134/3224 3460/2136/3226
f 3464/2162/3230 3461/2137/3227 3463/2139/3229
f 3468/2176/3234 3465/2140/3231 3467/2142/3233
f 3469/2179/3235 3470/2143/3236 3472/2145/3238
f 3491/2287/3257 3437/2167/3203 3476/2149/3242
f 3478/2151/3244 3473/2146/3239 3434/2117/3200
f 3492/2290/3258 3475/2148/3241 3439/2120/3205
f 3479/2152/3245 3448/2154/3214 3493/2168/3259
f 3482/2156/3248 3494/2169/3260 3451/2129/3217
f 3453/2131/3219 3495/2170/3261 3454/2132/3220
f 3458/2134/3224 3457/2172/3223 3498/2174/3264
f 3485/2160/3251 3464/2162/3230 3499/2175/3265
f 3500/2352/3266 3468/2176/3234 3501/2177/3267
f 3490/2166/3256 3502/2178/3268 3472/2145/3238
f 3503/2304/3269 3489/2165/3255 3471/2144/3237
f 3507/2366/3273 3504/2180/3270 3506/2182/3272
f 3511/2252/3277 3508/2183/3274 3510/2185/3276
f 3515/2189/3281 3512/2186/3278 3514/2188/3280
f 3517/2199/3283 3512/2186/3278 3516/2190/3282
f 3521/2194/3287 3518/2191/3284 3520/2193/3286
f 3518/2191/3284 3521/2194/3287 3523/2196/3289
f 3508/2183/3274 3524/2197/3290 3509/2184/3275
f 3512/2186/3278 3517/2199/3283 3527/2201/3293
f 3523/2196/3289 3528/2202/3294 3530/2204/3296
f 3532/2209/3298 3531/2205/3297 3514/2188/3280
f 3531/2205/3297 3533/2206/3299 3515/2189/3281
f 3531/2205/3297 3534/2207/3300 3533/2206/3299
f 3531/2205/3297 3532/2209/3298 3534/2207/3300
f 3537/2212/3303 3521/2194/3287 3538/2211/3304
f 3521/2194/3287 3537/2212/3303 3522/2195/3288
f 3539/2213/3305 3537/2212/3303 3541/2215/3307
f 3537/2212/3303 3538/2211/3304 3540/2214/3306
f 3543/2218/3309 3544/2217/3310 3539/2213/3305
f 3544/2217/3310 3543/2218/3309 3546/2220/3312
f 3543/2218/3309 3547/2221/3313 3545/2219/3311
f 3547/2221/3313 3543/2218/3309 3541/2215/3307
f 3533/2206/3299 3549/2223/3315 3516/2190/3282
f 3549/2223/3315 3538/2211/3304 3550/2224/3316
f 3538/2211/3304 3549/2223/3315 3542/2216/3308
f 3551/2225/3317 3549/2223/3315 3535/2208/3301
f 3552/2229/3318 3553/2226/3319 3555/2228/3321
f 3553/2226/3319 3552/2229/3318 3557/2231/3323
f 3558/2233/3324 3553/2226/3319 3559/2232/3325
f 3553/2226/3319 3558/2233/3324 3554/2227/3320
f 3558/2233/3324 3561/2235/3327 3560/2234/3326
f 3561/2235/3327 3558/2233/3324 3562/2236/3328
f 3563/2238/3329 3561/2235/3327 3564/2237/3330
f 3561/2235/3327 3563/2238/3329 3536/2210/3302
f 3534/2207/3300 3563/2238/3329 3535/2208/3301
f 3563/2238/3329 3564/2237/3330 3565/2239/3331
f 3547/2221/3313 3566/2240/3332 3548/2222/3314
f 3566/2240/3332 3551/2225/3317 3565/2239/3331
f 3551/2225/3317 3566/2240/3332 3542/2216/3308
f 3566/2240/3332 3547/2221/3313 3540/2214/3306
f 3567/2244/3333 3568/2241/3334 3545/2219/3311
f 3567/2244/3333 3569/2242/3335 3568/2241/3334
f 3569/2242/3335 3567/2244/3333 3562/2236/3328
f 3564/2237/3330 3567/2244/3333 3548/2222/3314
f 3574/2248/3340 3571/2245/3337 3573/2247/3339
f 3571/2245/3337 3532/2209/3298 3572/2246/3338
f 3532/2209/3298 3571/2245/3337 3536/2210/3302
f 3571/2245/3337 3574/2248/3340 3560/2234/3326
f 3577/2251/3343 3575/2249/3341 3576/2250/3342
f 3575/2249/3341 3577/2251/3343 3556/2230/3322
f 3578/2253/3344 3574/2248/3340 3511/2252/3277
f 3574/2248/3340 3578/2253/3344 3554/2227/3320
f 3569/2242/3335 3579/2254/3345 3570/2243/3336
f 3579/2254/3345 3577/2251/3343 3580/2255/3346
f 3577/2251/3343 3579/2254/3345 3557/2231/3323
f 3579/2254/3345 3569/2242/3335 3559/2232/3325
f 3528/2202/3294 3523/2196/3289 3544/2217/3310
f 3528/2202/3294 3544/2217/3310 3581/2256/3347
f 3583/2261/3349 3582/2257/3348 3576/2250/3342
f 3580/2255/3346 3582/2257/3348 3570/2243/3336
f 3585/2362/3351 3517/2199/3283 3550/2224/3316
f 3572/2246/3338 3586/2259/3352 3573/2247/3339
f 3504/2180/3270 3583/2261/3349 3505/2181/3271
f 3586/2259/3352 3572/2246/3338 3513/2187/3279
f 3508/2183/3274 3511/2252/3277 3587/2260/3353
f 3588/2262/3354 3568/2241/3334 3584/2258/3350
f 3568/2241/3334 3588/2262/3354 3546/2220/3312
f 3590/2357/3356 3586/2259/3352 3589/2263/3355
f 3585/2362/3351 3550/2224/3316 3519/2192/3285
f 3588/2262/3354 3591/2264/3357 3581/2256/3347
f 3591/2264/3357 3588/2262/3354 3593/2266/3359
f 3528/2202/3294 3581/2256/3347 3529/2203/3295
f 3595/2268/3361 3552/2229/3318 3594/2267/3360
f 3552/2229/3318 3595/2268/3361 3556/2230/3322
f 3575/2249/3341 3597/2270/3363 3505/2181/3271
f 3597/2270/3363 3575/2249/3341 3596/2269/3362
f 3578/2253/3344 3511/2252/3277 3598/2271/3364
f 3578/2253/3344 3598/2271/3364 3555/2228/3321
f 3512/2186/3278 3527/2201/3293 3513/2187/3279
f 3602/2282/3368 3599/2272/3365 3601/2274/3367
f 3603/2283/3369 3604/2275/3370 3606/2277/3372
f 3607/2303/3373 3608/2278/3374 3610/2280/3376
f 3612/2292/3378 3611/2281/3377 3602/2282/3368
f 3604/2275/3370 3603/2283/3369 3614/2285/3380
f 3438/2119/3204 3437/2167/3203 3616/2288/3382
f 3439/2120/3205 3438/2119/3204 3618/2291/3384
f 3445/2125/3211 3602/2282/3368 3446/2126/3212
f 3612/2292/3378 3445/2125/3211 3480/2153/3246
f 3447/2127/3213 3446/2126/3212 3620/2294/3386
f 3484/2158/3250 3621/2295/3387 3456/2159/3222
f 3454/2132/3220 3622/2296/3388 3455/2133/3221
f 3483/2157/3249 3456/2159/3222 3623/2297/3389
f 3461/2137/3227 3625/2299/3391 3462/2138/3228
f 3486/2161/3252 3626/2300/3392 3464/2162/3230
f 3462/2138/3228 3603/2283/3369 3463/2139/3229
f 3470/2143/3236 3469/2179/3235 3628/2302/3394
f 3470/2143/3236 3607/2303/3373 3471/2144/3237
f 3611/2281/3377 3612/2292/3378 3629/2305/3395
f 3631/2388/3397 3630/2306/3396 3486/2161/3252
f 3491/2287/3257 3632/2307/3398 3615/2286/3381
f 3493/2168/3259 3620/2294/3386 3635/2310/3401
f 3636/2402/3402 3503/2304/3269 3609/2279/3375
f 3640/2399/3406 3637/2311/3403 3639/2313/3405
f 3420/2401/3186 3419/2103/3185 3642/2315/3408
f 3418/2102/3184 3424/2106/3190 3643/2316/3409
f 3420/2401/3186 3642/2315/3408 3417/2101/3183
f 3643/2316/3409 3641/2314/3407 3418/2102/3184
f 3637/2325/3403 3428/2109/3194 3638/2318/3404
f 3426/2107/3192 3639/2319/3405 3427/2108/3193
f 3421/2115/3187 3645/2320/3411 3422/2104/3188
f 3431/2112/3197 3647/2322/3413 3425/2113/3191
f 3640/2323/3406 3639/2319/3405 3425/2113/3191
f 3423/2105/3189 3432/2114/3198 3429/2110/3195
f 3432/2114/3198 3428/2109/3194 3648/2324/3414
f 3422/2104/3188 3646/2321/3412 3431/2112/3197
f 3417/2101/3183 3644/2317/3410 3421/2115/3187
f 3633/2327/3399 3436/2326/3202 3474/2147/3240
f 3436/2326/3202 3632/2328/3398 3433/2116/3199
f 3433/2116/3199 3650/2330/3416 3434/2117/3200
f 3600/2334/3366 3599/2331/3365 3443/2123/3209
f 3444/2124/3210 3611/2332/3377 3441/2337/3207
f 3634/2339/3400 3651/2333/3417 3442/2122/3208
f 3442/2122/3208 3441/2337/3207 3635/2338/3401
f 3449/2343/3215 3452/2130/3218 3654/2341/3420
f 3481/2155/3247 3451/2129/3217 3657/2345/3423
f 3450/2128/3216 3449/2343/3215 3656/2344/3422
f 3614/2349/3380 3658/2346/3424 3459/2135/3225
f 3457/2172/3223 3460/2136/3226 3631/2350/3397
f 3604/2348/3370 3459/2135/3225 3605/2351/3371
f 3465/2140/3231 3468/2176/3234 3487/2163/3253
f 3608/2354/3374 3467/2142/3233 3609/2356/3375
f 3465/2140/3231 3488/2164/3254 3466/2141/3232
f 3660/2365/3426 3518/2191/3284 3530/2204/3296
f 3586/2259/3352 3590/2357/3356 3587/2260/3353
f 3524/2197/3290 3508/2183/3274 3661/2358/3427
f 3582/2257/3348 3662/2359/3428 3584/2258/3350
f 3582/2257/3348 3583/2261/3349 3662/2359/3428
f 3583/2261/3349 3504/2180/3270 3663/2360/3429
f 3517/2199/3283 3585/2362/3351 3526/2200/3292
f 3665/2363/3431 3585/2362/3351 3666/2364/3432
f 3518/2191/3284 3660/2365/3426 3519/2192/3285
f 3504/2180/3270 3507/2366/3273 3664/2361/3430
f 3615/2286/3381 3633/2308/3399 3616/2288/3382
f 3618/2291/3384 3617/2289/3383 3478/2370/3244
f 3477/2385/3243 3650/2371/3416 3492/2290/3258
f 3632/2307/3398 3491/2287/3257 3649/2372/3415
f 3495/2170/3261 3494/2373/3260 3496/2171/3262
f 3620/2294/3386 3619/2293/3385 3634/2309/3400
f 3635/2310/3401 3652/2376/3418 3493/2168/3259
f 3658/2387/3424 3614/2285/3380 3625/2299/3391
f 3622/2296/3388 3481/2377/3247 3624/2298/3390
f 3656/2403/3422 3655/2379/3421 3623/2297/3389
f 3654/2386/3420 3653/2380/3419 3484/2158/3250
f 3500/2389/3266 3501/2381/3267 3627/2301/3393
f 3498/2404/3264 3497/2382/3263 3499/2175/3265
f 3636/2402/3402 3488/2383/3254 3503/2304/3269
f 3487/2390/3253 3659/2384/3425 3490/2166/3256
f 3617/2289/3383 3616/2288/3382 3473/2369/3239
f 3475/2148/3241 3650/2371/3416 3476/2149/3242
f 3492/2290/3258 3618/2291/3384 3477/2385/3243
f 3619/2293/3385 3601/2274/3367 3651/2375/3417
f 3479/2152/3245 3652/2376/3418 3480/2153/3246
f 3653/2380/3419 3494/2373/3260 3621/2295/3387
f 3481/2377/3247 3622/2296/3388 3482/2374/3248
f 3655/2379/3421 3654/2386/3420 3483/2157/3249
f 3656/2403/3422 3623/2297/3389 3657/2378/3423
f 3630/2306/3396 3658/2387/3424 3626/2300/3392
f 3497/2382/3263 3631/2388/3397 3485/2160/3251
f 3498/2404/3264 3499/2175/3265 3605/2276/3371
f 3659/2384/3425 3500/2389/3266 3502/2178/3268
f 3608/2278/3374 3607/2303/3373 3501/2381/3267
f 3488/2383/3254 3487/2390/3253 3489/2165/3255
f 3642/3148/3408 3641/2391/3407 3644/2393/3410
f 3645/2400/3411 3430/2394/3196 3646/2396/3412
f 3429/2395/3195 3648/2397/3414 3646/2396/3412
f 3648/2397/3414 3637/2311/3403 3647/2398/3413
f 3644/2393/3410 3643/2392/3409 3645/2400/3411
f 3671/2102/3437 3668/2101/3434 3670/2103/3436
f 3672/2115/3438 3673/2106/3439 3675/2104/3441
f 3676/2113/3442 3677/2109/3443 3679/2107/3445
f 3673/2106/3439 3680/2111/3446 3674/2105/3440
f 3676/2113/3442 3682/2112/3448 3677/2109/3443
f 3682/2112/3448 3675/2104/3441 3683/2114/3449
f 3668/2101/3434 3671/2102/3437 3672/2115/3438
f 3687/2117/3453 3684/2116/3450 3686/2118/3452
f 3688/2167/3454 3689/2121/3455 3691/2119/3457
f 3692/2337/3458 3693/2124/3459 3695/2122/3461
f 3699/2126/3465 3696/2125/3462 3698/2127/3464
f 3700/2343/3466 3701/2130/3467 3703/2128/3469
f 3707/2132/3473 3704/2131/3470 3706/2133/3472
f 3708/2172/3474 3709/2136/3475 3711/2134/3477
f 3715/2138/3481 3712/2137/3478 3714/2139/3480
f 3719/2141/3485 3716/2140/3482 3718/2142/3484
f 3720/2179/3486 3721/2145/3487 3723/2143/3489
f 3742/2287/3508 3727/2149/3493 3688/2167/3454
f 3686/2118/3452 3724/2146/3490 3687/2117/3453
f 3689/2121/3455 3726/2148/3492 3690/2120/3456
f 3730/2152/3496 3744/2168/3510 3697/2154/3463
f 3701/2130/3467 3745/2169/3511 3702/2129/3468
f 3704/2131/3470 3707/2132/3473 3747/2170/3513
f 3749/2173/3515 3708/2172/3474 3748/2174/3514
f 3736/2160/3502 3750/2175/3516 3713/2162/3479
f 3751/2352/3517 3752/2177/3518 3717/2176/3483
f 3720/2179/3486 3753/2178/3519 3721/2145/3487
f 3721/2145/3487 3740/2165/3506 3722/2144/3488
f 3758/2181/3524 3755/2180/3521 3757/2182/3523
f 3762/2184/3528 3759/2183/3525 3761/2185/3527
f 3766/2187/3532 3763/2186/3529 3765/2188/3531
f 3764/2189/3530 3763/2186/3529 3768/2190/3534
f 3772/2192/3538 3769/2191/3535 3771/2193/3537
f 3769/2191/3535 3773/2196/3539 3770/2194/3536
f 3759/2183/3525 3762/2184/3528 3776/2197/3542
f 3763/2186/3529 3777/2201/3543 3767/2199/3533
f 3781/2203/3547 3779/2202/3545 3780/2204/3546
f 3764/2189/3530 3782/2205/3548 3765/2188/3531
f 3782/2205/3548 3764/2189/3530 3784/2206/3550
f 3782/2205/3548 3784/2206/3550 3786/2207/3552
f 3782/2205/3548 3786/2207/3552 3783/2209/3549
f 3788/2212/3554 3789/2211/3555 3770/2194/3536
f 3790/2213/3556 3788/2212/3554 3774/2195/3540
f 3792/2214/3558 3788/2212/3554 3791/2215/3557
f 3788/2212/3554 3792/2214/3558 3789/2211/3555
f 3794/2218/3560 3790/2213/3556 3795/2217/3561
f 3797/2219/3563 3794/2218/3560 3796/2220/3562
f 3794/2218/3560 3797/2219/3563 3799/2221/3565
f 3790/2213/3556 3794/2218/3560 3791/2215/3557
f 3801/2224/3567 3800/2223/3566 3768/2190/3534
f 3800/2223/3566 3801/2224/3567 3789/2211/3555
f 3802/2225/3568 3800/2223/3566 3793/2216/3559
f 3784/2206/3550 3800/2223/3566 3785/2208/3551
f 3803/2229/3569 3804/2228/3570 3806/2226/3572
f 3808/2230/3574 3803/2229/3569 3807/2231/3573
f 3809/2233/3575 3810/2232/3576 3806/2226/3572
f 3811/2234/3577 3809/2233/3575 3805/2227/3571
f 3809/2233/3575 3811/2234/3577 3812/2235/3578
f 3810/2232/3576 3809/2233/3575 3813/2236/3579
f 3814/2238/3580 3815/2237/3581 3812/2235/3578
f 3786/2207/3552 3814/2238/3580 3787/2210/3553
f 3816/2239/3582 3814/2238/3580 3785/2208/3551
f 3814/2238/3580 3816/2239/3582 3815/2237/3581
f 3816/2239/3582 3817/2240/3583 3798/2222/3564
f 3817/2240/3583 3816/2239/3582 3802/2225/3568
f 3792/2214/3558 3817/2240/3583 3793/2216/3559
f 3817/2240/3583 3792/2214/3558 3799/2221/3565
f 3818/2244/3584 3797/2219/3563 3819/2241/3585
f 3818/2244/3584 3819/2241/3585 3821/2242/3587
f 3815/2237/3581 3818/2244/3584 3813/2236/3579
f 3797/2219/3563 3818/2244/3584 3798/2222/3564
f 3825/2246/3591 3822/2245/3588 3824/2247/3590
f 3822/2245/3588 3825/2246/3591 3783/2209/3549
f 3811/2234/3577 3822/2245/3588 3787/2210/3553
f 3822/2245/3588 3811/2234/3577 3823/2248/3589
f 3758/2181/3524 3826/2249/3592 3828/2250/3594
f 3826/2249/3592 3808/2230/3574 3827/2251/3593
f 3829/2253/3595 3760/2252/3526 3823/2248/3589
f 3804/2228/3570 3829/2253/3595 3805/2227/3571
f 3831/2255/3597 3830/2254/3596 3820/2243/3586
f 3830/2254/3596 3831/2255/3597 3827/2251/3593
f 3810/2232/3576 3830/2254/3596 3807/2231/3573
f 3830/2254/3596 3810/2232/3576 3821/2242/3587
f 3779/2202/3545 3795/2217/3561 3773/2196/3539
f 3779/2202/3545 3832/2256/3598 3795/2217/3561
f 3831/2255/3597 3833/2257/3599 3828/2250/3594
f 3835/2258/3601 3833/2257/3599 3820/2243/3586
f 3836/2362/3602 3801/2224/3567 3767/2199/3533
f 3838/2260/3604 3837/2259/3603 3824/2247/3590
f 3755/2180/3521 3758/2181/3524 3834/2261/3600
f 3837/2259/3603 3766/2187/3532 3825/2246/3591
f 3759/2183/3525 3838/2260/3604 3760/2252/3526
f 3839/2262/3605 3835/2258/3601 3819/2241/3585
f 3832/2256/3598 3839/2262/3605 3796/2220/3562
f 3766/2187/3532 3837/2259/3603 3841/2263/3607
f 3836/2362/3602 3772/2192/3538 3801/2224/3567
f 3839/2262/3605 3832/2256/3598 3843/2264/3609
f 3835/2258/3601 3839/2262/3605 3844/2266/3610
f 3779/2202/3545 3781/2203/3547 3832/2256/3598
f 3804/2228/3570 3803/2229/3569 3846/2267/3612
f 3803/2229/3569 3808/2230/3574 3845/2268/3611
f 3826/2249/3592 3758/2181/3524 3848/2270/3614
f 3808/2230/3574 3826/2249/3592 3847/2269/3613
f 3829/2253/3595 3849/2271/3615 3760/2252/3526
f 3829/2253/3595 3804/2228/3570 3849/2271/3615
f 3763/2186/3529 3766/2187/3532 3777/2201/3543
f 3853/2273/3619 3850/2272/3616 3852/2274/3618
f 3854/2283/3620 3855/2277/3621 3857/2275/3623
f 3858/2303/3624 3859/2280/3625 3861/2278/3627
f 3850/2272/3616 3862/2281/3628 3851/2282/3617
f 3865/2284/3631 3854/2283/3620 3864/2285/3630
f 3866/2286/3632 3688/2167/3454 3867/2288/3633
f 3868/2289/3634 3691/2119/3457 3869/2291/3635
f 3696/2125/3462 3699/2126/3465 3851/2282/3617
f 3863/2292/3629 3731/2153/3497 3696/2125/3462
f 3870/2293/3636 3699/2126/3465 3871/2294/3637
f 3704/2131/3470 3872/2295/3638 3705/2159/3471
f 3707/2132/3473 3706/2133/3472 3873/2296/3639
f 3734/2157/3500 3874/2297/3640 3705/2159/3471
f 3712/2137/3478 3715/2138/3481 3876/2299/3642
f 3712/2137/3478 3877/2300/3643 3713/2162/3479
f 3715/2138/3481 3714/2139/3480 3854/2283/3620
f 3878/2301/3644 3720/2179/3486 3879/2302/3645
f 3723/2143/3489 3722/2144/3488 3858/2303/3624
f 3862/2281/3628 3880/2305/3646 3863/2292/3629
f 3877/2300/3643 3881/2306/3647 3737/2161/3503
f 3884/2308/3650 3883/2307/3649 3866/2286/3632
f 3744/2168/3510 3885/2310/3651 3871/2294/3637
f 3859/2280/3625 3754/2304/3520 3860/2279/3626
f 3891/2312/3657 3888/2311/3654 3890/2313/3656
f 3669/2401/3435 3892/2315/3658 3670/2103/3436
f 3671/2102/3437 3894/2316/3660 3673/2106/3439
f 3669/2401/3435 3668/2101/3434 3892/2315/3658
f 3670/2103/3436 3893/2314/3659 3671/2102/3437
f 3678/2108/3444 3677/2109/3443 3891/2318/3657
f 3679/2107/3445 3678/2108/3444 3890/2319/3656
f 3897/2321/3663 3896/2320/3662 3675/2104/3441
f 3889/2323/3655 3898/2322/3664 3676/2113/3442
f 3889/2323/3655 3676/2113/3442 3890/2319/3656
f 3674/2105/3440 3681/2110/3447 3683/2114/3449
f 3683/2114/3449 3899/2324/3665 3677/2109/3443
f 3898/2322/3664 3897/2321/3663 3682/2112/3448
f 3896/2320/3662 3895/2317/3661 3672/2115/3438
f 3884/2327/3650 3725/2147/3491 3685/2326/3451
f 3685/2326/3451 3684/2116/3450 3883/2328/3649
f 3684/2116/3450 3687/2117/3453 3901/2330/3667
f 3693/2124/3459 3850/2331/3616 3694/2123/3460
f 3693/2124/3459 3692/2337/3458 3862/2332/3628
f 3694/2123/3460 3902/2333/3668 3695/2122/3461
f 3903/2336/3669 3692/2337/3458 3885/2338/3651
f 3904/2340/3670 3701/2130/3467 3905/2341/3671
f 3732/2155/3498 3907/2345/3673 3702/2129/3468
f 3906/2342/3672 3700/2343/3466 3908/2344/3674
f 3709/2136/3475 3909/2346/3675 3710/2135/3476
f 3881/2347/3647 3709/2136/3475 3882/2350/3648
f 3857/2348/3623 3856/2351/3622 3710/2135/3476
f 3910/2353/3676 3717/2176/3483 3738/2163/3504
f 3861/2354/3627 3860/2356/3626 3718/2142/3484
f 3716/2140/3482 3719/2141/3485 3739/2164/3505
f 3773/2196/3539 3769/2191/3535 3780/2204/3546
f 3837/2259/3603 3838/2260/3604 3840/2357/3606
f 3838/2260/3604 3759/2183/3525 3912/2358/3678
f 3833/2257/3599 3835/2258/3601 3913/2359/3679
f 3833/2257/3599 3913/2359/3679 3834/2261/3600
f 3915/2361/3681 3755/2180/3521 3914/2360/3680
f 3916/2363/3682 3836/2362/3602 3778/2200/3544
f 3772/2192/3538 3836/2362/3602 3917/2364/3683
f 3769/2191/3535 3772/2192/3538 3911/2365/3677
f 3755/2180/3521 3915/2361/3681 3756/2366/3522
f 3725/2368/3491 3884/2308/3650 3867/2288/3633
f 3724/2369/3490 3868/2289/3634 3728/2370/3494
f 3726/2148/3492 3901/2371/3667 3743/2290/3509
f 3883/2307/3649 3900/2372/3666 3742/2287/3508
f 3733/2374/3499 3745/2373/3511 3746/2171/3512
f 3902/2375/3668 3870/2293/3636 3886/2309/3652
f 3730/2152/3496 3903/2376/3669 3744/2168/3510
f 3909/2387/3675 3876/2299/3642 3864/2285/3630
f 3873/2296/3639 3875/2298/3641 3732/2377/3498
f 3734/2157/3500 3906/2379/3672 3874/2297/3640
f 3872/2295/3638 3904/2380/3670 3735/2158/3501
f 3751/2389/3517 3878/2301/3644 3752/2381/3518
f 3736/2160/3502 3749/2382/3515 3750/2175/3516
f 3740/2165/3506 3739/2383/3505 3754/2304/3520
f 3753/2178/3519 3910/2384/3676 3741/2166/3507
f 3868/2289/3634 3724/2369/3490 3867/2288/3633
f 3900/2372/3666 3901/2371/3667 3727/2149/3493
f 3743/2290/3509 3729/2385/3495 3869/2291/3635
f 3870/2293/3636 3902/2375/3668 3852/2274/3618
f 3880/2305/3646 3903/2376/3669 3731/2153/3497
f 3904/2380/3670 3872/2295/3638 3745/2373/3511
f 3746/2171/3512 3873/2296/3639 3733/2374/3499
f 3906/2379/3672 3734/2157/3500 3905/2386/3671
f 3875/2298/3641 3874/2297/3640 3907/2378/3673
f 3881/2306/3647 3877/2300/3643 3909/2387/3675
f 3749/2382/3515 3736/2160/3502 3882/2388/3648
f 3855/2277/3621 3750/2175/3516 3856/2276/3622
f 3910/2384/3676 3753/2178/3519 3751/2389/3517
f 3879/2302/3645 3858/2303/3624 3752/2381/3518
f 3739/2383/3505 3740/2165/3506 3738/2390/3504
f 3892/3148/3658 3895/2393/3661 3893/2391/3659
f 3681/2395/3447 3680/2394/3446 3897/2396/3663
f 3681/2395/3447 3897/2396/3663 3899/2397/3665
f 3899/2397/3665 3898/2398/3664 3888/2311/3654
f 3680/2394/3446 3894/2392/3660 3896/2400/3662
f 3919/3149/3685 3920/2405/3686 3922/2407/3688
f 3919/3149/3685 3922/2407/3688 3924/2409/3690
f 3919/3149/3685 3924/2409/3690 3926/2411/3692
f 3919/3149/3685 3926/2411/3692 3920/2405/3686
f 3931/2416/3697 3928/2413/3694 3930/2415/3696
f 3933/2418/3699 3928/2413/3694 3932/2417/3698
f 3928/2413/3694 3933/2418/3699 3935/2420/3701
f 3928/2413/3694 3935/2420/3701 3929/2414/3695
f 3937/2423/3703 3933/2418/3699 3938/2422/3704
f 3940/2425/3706 3937/2423/3703 3939/2424/3705
f 3937/2423/3703 3940/2425/3706 3942/2427/3708
f 3933/2418/3699 3937/2423/3703 3934/2419/3700
f 3943/2429/3709 3940/2425/3706 3944/2428/3710
f 3946/2431/3712 3943/2429/3709 3945/2430/3711
f 3943/2429/3709 3946/2431/3712 3948/2433/3714
f 3940/2425/3706 3943/2429/3709 3941/2426/3707
f 3952/2437/3718 3949/2434/3715 3951/2436/3717
f 3946/2431/3712 3949/2434/3715 3947/2432/3713
f 3953/2438/3719 3949/2434/3715 3945/2430/3711
f 3949/2434/3715 3953/2438/3719 3950/2435/3716
f 3955/2444/3721 3956/2440/3722 3958/2442/3724
f 3955/2444/3721 3958/2442/3724 3950/2435/3716
f 3955/2444/3721 3950/2435/3716 3959/2443/3725
f 3956/2440/3722 3955/2444/3721 3960/2445/3726
f 3961/3150/3727 3962/2446/3728 3959/2443/3725
f 3961/3150/3727 3959/2443/3725 3963/2447/3729
f 3961/3150/3727 3963/2447/3729 3931/2416/3697
f 3961/3150/3727 3931/2416/3697 3962/2446/3728
f 3964/2451/3730 3965/2448/3731 3967/2450/3733
f 3969/2453/3735 3964/2451/3730 3968/2452/3734
f 3971/2455/3737 3964/2451/3730 3970/2454/3736
f 3964/2451/3730 3971/2455/3737 3965/2448/3731
f 3973/2458/3739 3974/2457/3740 3926/2411/3692
f 3975/2459/3741 3973/2458/3739 3925/2410/3691
f 3973/2458/3739 3975/2459/3741 3967/2450/3733
f 3974/2457/3740 3973/2458/3739 3966/2449/3732
f 3971/2455/3737 3976/2460/3742 3972/2456/3738
f 3976/2460/3742 3971/2455/3737 3978/2462/3744
f 3922/2407/3688 3976/2460/3742 3923/2408/3689
f 3976/2460/3742 3922/2407/3688 3977/2461/3743
f 3980/2464/3746 3979/2463/3745 3945/2430/3711
f 3979/2463/3745 3980/2464/3746 3977/2461/3743
f 3979/2463/3745 3977/2461/3743 3981/2465/3747
f 3953/2438/3719 3979/2463/3745 3954/2439/3720
f 3983/2467/3749 3982/2466/3748 3932/2417/3698
f 3982/2466/3748 3983/2467/3749 3974/2457/3740
f 3982/2466/3748 3974/2457/3740 3984/2468/3750
f 3938/2422/3704 3982/2466/3748 3939/2424/3705
f 3985/2469/3751 3944/2428/3710 3984/2468/3750
f 3965/2448/3731 3985/2469/3751 3966/2449/3732
f 3980/2464/3746 3985/2469/3751 3972/2456/3738
f 3985/2469/3751 3980/2464/3746 3944/2428/3710
f 3986/2470/3752 3963/2447/3729 3981/2465/3747
f 3920/2405/3686 3986/2470/3752 3921/2406/3687
f 3983/2467/3749 3986/2470/3752 3927/2412/3693
f 3986/2470/3752 3983/2467/3749 3963/2447/3729
f 3987/2472/3753 3988/2471/3754 3935/2420/3701
f 3989/2473/3755 3987/2472/3753 3934/2419/3700
f 3991/2475/3757 3987/2472/3753 3990/2474/3756
f 3987/2472/3753 3991/2475/3757 3988/2471/3754
f 3993/2478/3759 3994/2477/3760 3958/2442/3724
f 3995/2479/3761 3993/2478/3759 3957/2441/3723
f 3993/2478/3759 3995/2479/3761 3997/2481/3762
f 3994/2477/3760 3993/2478/3759 3998/2482/3762
f 3999/2484/3763 4000/2483/3764 3948/2433/3714
f 4001/2485/3765 3999/2484/3763 3947/2432/3713
f 4003/2487/3767 3999/2484/3763 4002/2486/3766
f 4000/2483/3764 3999/2484/3763 4004/2488/3768
f 3942/2427/3708 4005/2489/3769 3934/2419/3700
f 4005/2489/3769 3942/2427/3708 4000/2483/3764
f 4006/2490/3770 4005/2489/3769 4004/2488/3768
f 4005/2489/3769 4006/2490/3770 3989/2473/3755
f 4007/2491/3771 4001/2485/3765 3952/2437/3718
f 3994/2477/3760 4007/2491/3771 3951/2436/3717
f 4007/2491/3771 3994/2477/3760 4008/2492/3772
f 4001/2485/3765 4007/2491/3771 4002/2486/3766
f 3924/2409/3690 4009/2493/3773 3925/2410/3691
f 4011/2495/3775 4009/2493/3773 3923/2408/3689
f 4013/2497/3777 4009/2493/3773 4012/2496/3776
f 4010/2494/3774 4009/2493/3773 4014/2498/3778
f 4015/2501/3779 4016/2499/3780 3969/2453/3735
f 4015/2501/3779 3969/2453/3735 4017/2500/3781
f 4019/2503/3783 4015/2501/3779 4018/2502/3782
f 4016/2499/3780 4015/2501/3779 4020/2504/3784
f 3975/2459/3741 4021/2505/3785 3968/2452/3734
f 4021/2505/3785 3975/2459/3741 4010/2494/3774
f 4022/2506/3786 4021/2505/3785 4014/2498/3778
f 4017/2500/3781 4021/2505/3785 4018/2502/3782
f 4023/2507/3787 4011/2495/3775 3978/2462/3744
f 4016/2499/3780 4023/2507/3787 3970/2454/3736
f 4024/2508/3788 4023/2507/3787 4020/2504/3784
f 4011/2495/3775 4023/2507/3787 4012/2496/3776
f 4025/2513/3789 4026/2509/3790 4013/2497/3777
f 4025/2513/3789 4013/2497/3777 4027/2510/3791
f 4028/2516/3792 4029/2511/3793 4019/2503/3783
f 4028/2516/3792 4019/2503/3783 4030/2512/3794
f 4031/2519/3795 4030/2512/3794 4022/2506/3786
f 4031/2519/3795 4022/2506/3786 4026/2509/3790
f 4032/2522/3796 4027/2510/3791 4024/2508/3788
f 4032/2522/3796 4024/2508/3788 4029/2511/3793
f 4034/3149/3798 4035/2407/3799 4037/2405/3801
f 4034/3149/3798 4038/2409/3802 4035/2407/3799
f 4034/3149/3798 4040/2411/3804 4038/2409/3802
f 4034/3149/3798 4037/2405/3801 4040/2411/3804
f 3929/2414/3695 4043/2413/3807 3930/2415/3696
f 4044/2416/3808 4043/2413/3807 4046/2417/3810
f 4043/2413/3807 4047/2420/3811 4045/2418/3809
f 4043/2413/3807 3929/2414/3695 4047/2420/3811
f 4049/2423/3813 4050/2422/3814 4045/2418/3809
f 4050/2422/3814 4049/2423/3813 4052/2424/3816
f 4049/2423/3813 4053/2427/3817 4051/2425/3815
f 4053/2427/3817 4049/2423/3813 4048/2419/3812
f 4055/2429/3819 4056/2428/3820 4051/2425/3815
f 4056/2428/3820 4055/2429/3819 4058/2430/3822
f 4055/2429/3819 4059/2433/3823 4057/2431/3821
f 4059/2433/3823 4055/2429/3819 4054/2426/3818
f 4064/2435/3828 4061/2434/3825 4063/2436/3827
f 4062/2437/3826 4061/2434/3825 4060/2432/3824
f 4057/2431/3821 4061/2434/3825 4058/2430/3822
f 4061/2434/3825 4064/2435/3828 4065/2438/3829
f 4067/2444/3831 4068/2442/3832 3956/2440/3722
f 4067/2444/3831 4064/2435/3828 4068/2442/3832
f 4067/2444/3831 4069/2443/3833 4064/2435/3828
f 4069/2443/3833 4067/2444/3831 3960/2445/3726
f 4070/3150/3834 4069/2443/3833 3962/2446/3728
f 4070/3150/3834 4071/2447/3835 4069/2443/3833
f 4070/3150/3834 4044/2416/3808 4071/2447/3835
f 4070/3150/3834 3962/2446/3728 4044/2416/3808
f 4072/2451/3836 4073/2450/3837 4075/2448/3839
f 4073/2450/3837 4072/2451/3836 4077/2452/3841
f 4076/2453/3840 4072/2451/3836 4079/2454/3843
f 4072/2451/3836 4075/2448/3839 4078/2455/3842
f 4081/2458/3845 4040/2411/3804 4082/2457/3846
f 4040/2411/3804 4081/2458/3845 4041/2410/3805
f 4081/2458/3845 4073/2450/3837 4083/2459/3847
f 4073/2450/3837 4081/2458/3845 4074/2449/3838
f 4085/2461/3849 4084/2460/3848 4080/2456/3844
f 4084/2460/3848 4086/2462/3850 4078/2455/3842
f 4086/2462/3850 4084/2460/3848 4039/2408/3803
f 4084/2460/3848 4085/2461/3849 4035/2407/3799
f 4065/2438/3829 4087/2463/3851 4058/2430/3822
f 4087/2463/3851 4085/2461/3849 4088/2464/3852
f 4087/2463/3851 4089/2465/3853 4085/2461/3849
f 4089/2465/3853 4087/2463/3851 4066/2439/3830
f 4050/2422/3814 4090/2466/3854 4046/2417/3810
f 4090/2466/3854 4082/2457/3846 4091/2467/3855
f 4090/2466/3854 4092/2468/3856 4082/2457/3846
f 4092/2468/3856 4090/2466/3854 4052/2424/3816
f 4093/2469/3857 4092/2468/3856 4056/2428/3820
f 4092/2468/3856 4093/2469/3857 4074/2449/3838
f 4075/2448/3839 4093/2469/3857 4080/2456/3844
f 4093/2469/3857 4056/2428/3820 4088/2464/3852
f 4094/2470/3858 4089/2465/3853 4071/2447/3835
f 4089/2465/3853 4094/2470/3858 4036/2406/3800
f 4037/2405/3801 4094/2470/3858 4042/2412/3806
f 4094/2470/3858 4071/2447/3835 4091/2467/3855
f 4095/2472/3859 4047/2420/3811 3988/2471/3754
f 4047/2420/3811 4095/2472/3859 4048/2419/3812
f 4096/2473/3860 4095/2472/3859 4098/2474/3862
f 4095/2472/3859 3988/2471/3754 4097/2475/3861
f 4099/2478/3863 4068/2442/3832 4100/2477/3864
f 4068/2442/3832 4099/2478/3863 3957/2441/3723
f 4099/2478/3863 4101/2481/3762 3995/2479/3761
f 4101/2481/3762 4099/2478/3863 4102/2482/3762
f 4103/2484/3865 4059/2433/3823 4104/2483/3866
f 4059/2433/3823 4103/2484/3865 4060/2432/3824
f 4105/2485/3867 4103/2484/3865 4107/2486/3869
f 4106/2487/3868 4103/2484/3865 4108/2488/3870
f 4096/2473/3860 4109/2489/3871 4048/2419/3812
f 4109/2489/3871 4104/2483/3866 4053/2427/3817
f 4104/2483/3866 4109/2489/3871 4108/2488/3870
f 4109/2489/3871 4096/2473/3860 4110/2490/3872
f 4111/2491/3873 4062/2437/3826 4105/2485/3867
f 4062/2437/3826 4111/2491/3873 4063/2436/3827
f 4111/2491/3873 4112/2492/3874 4100/2477/3864
f 4112/2492/3874 4111/2491/3873 4107/2486/3869
f 4114/2494/3876 4113/2493/3875 4041/2410/3805
f 4038/2409/3802 4113/2493/3875 4039/2408/3803
f 4115/2495/3877 4113/2493/3875 4117/2496/3879
f 4116/2497/3878 4113/2493/3875 4118/2498/3880
f 4119/2501/3881 4076/2453/3840 4120/2499/3882
f 4119/2501/3881 4121/2500/3883 4076/2453/3840
f 4121/2500/3883 4119/2501/3881 4123/2502/3885
f 4122/2503/3884 4119/2501/3881 4124/2504/3886
f 4121/2500/3883 4125/2505/3887 4077/2452/3841
f 4125/2505/3887 4114/2494/3876 4083/2459/3847
f 4114/2494/3876 4125/2505/3887 4118/2498/3880
f 4126/2506/3888 4125/2505/3887 4123/2502/3885
f 4127/2507/3889 4086/2462/3850 4115/2495/3877
f 4086/2462/3850 4127/2507/3889 4079/2454/3843
f 4120/2499/3882 4127/2507/3889 4124/2504/3886
f 4128/2508/3890 4127/2507/3889 4117/2496/3879
f 4129/2513/3891 4116/2497/3878 4130/2509/3892
f 4129/2513/3891 4131/2510/3893 4116/2497/3878
f 4132/2516/3894 4122/2503/3884 4133/2511/3895
f 4132/2516/3894 4134/2512/3896 4122/2503/3884
f 4135/2519/3897 4126/2506/3888 4134/2512/3896
f 4135/2519/3897 4130/2509/3892 4126/2506/3888
f 4136/2522/3898 4128/2508/3890 4131/2510/3893
f 4136/2522/3898 4133/2511/3895 4128/2508/3890
f 4141/2532/3903 4138/2525/3900 4140/2527/3902
f 4138/2525/3900 4142/2528/3904 4139/2526/3901
f 4142/2528/3904 4138/2525/3900 4145/2531/3907
f 4138/2525/3900 4141/2532/3903 4144/2530/3906
f 4147/2537/3909 4148/2534/3910 4150/2536/3912
f 4148/2534/3910 4147/2537/3909 4152/2539/3914
f 4147/2537/3909 4153/2540/3915 4151/2538/3913
f 4153/2540/3915 4147/2537/3909 4155/2542/3917
f 4159/2548/3921 4156/2543/3918 4158/2545/3920
f 4162/2732/3924 4156/2543/3918 4161/2547/3923
f 4156/2543/3918 4159/2548/3921 4160/2546/3922
f 4164/2553/3926 4165/2550/3927 4167/2552/3929
f 4164/2553/3926 4141/2532/3903 4165/2550/3927
f 4141/2532/3903 4164/2553/3926 4146/2533/3908
f 4168/2554/3930 4164/2553/3926 4169/2555/3931
f 4171/2560/3933 4170/2556/3932 4163/2549/3925
f 4170/2556/3932 4172/2557/3934 4160/2546/3922
f 4172/2557/3934 4170/2556/3932 4174/2559/3936
f 4170/2556/3932 4171/2560/3933 4173/2558/3935
f 4176/2564/3938 4168/2554/3930 4177/2562/3939
f 4176/2564/3938 4178/2563/3940 4168/2554/3930
f 4178/2563/3940 4176/2564/3938 4180/2566/3942
f 4179/2565/3941 4176/2564/3938 4181/2567/3943
f 4184/2572/3946 4182/2568/3944 4180/2566/3942
f 4183/2569/3945 4182/2568/3944 4186/2571/3948
f 4182/2568/3944 4148/2534/3910 4185/2570/3947
f 4148/2534/3910 4182/2568/3944 4149/2535/3911
f 4178/2563/3940 4187/2573/3949 4146/2533/3908
f 4187/2573/3949 4188/2574/3950 4144/2530/3906
f 4188/2574/3950 4187/2573/3949 4186/2571/3948
f 4187/2573/3949 4178/2563/3940 4183/2569/3945
f 4190/2579/3952 4189/2575/3951 4175/2561/3937
f 4189/2575/3951 4191/2576/3953 4173/2558/3935
f 4191/2576/3953 4189/2575/3951 4193/2578/3955
f 4189/2575/3951 4190/2579/3952 4192/2577/3954
f 4195/2582/3957 4179/2565/3941 4196/2581/3958
f 4179/2565/3941 4195/2582/3957 4180/2566/3942
f 4195/2582/3957 4197/2583/3959 4184/2572/3946
f 4197/2583/3959 4195/2582/3957 4198/2584/3960
f 4202/2592/3964 4199/2585/3961 4201/2587/3963
f 4199/2585/3961 4203/2588/3965 4200/2586/3962
f 4199/2585/3961 4205/2590/3967 4203/2588/3965
f 4205/2590/3967 4199/2585/3961 4207/2593/3969
f 4209/2596/3971 4208/2594/3970 4194/2580/3956
f 4208/2594/3970 4210/2595/3972 4192/2577/3954
f 4210/2595/3972 4208/2594/3970 4204/2589/3966
f 4208/2594/3970 4209/2596/3971 4200/2586/3962
f 4211/2598/3973 4197/2583/3959 4212/2597/3974
f 4197/2583/3959 4211/2598/3973 4149/2535/3911
f 4211/2598/3973 4213/2599/3975 4150/2536/3912
f 4217/2814/3979 4214/2600/3976 4216/2602/3978
f 4214/2600/3976 4212/2597/3974 4215/2601/3977
f 4218/2610/3980 4219/2603/3981 4221/2605/3983
f 4222/2607/3984 4223/2606/3985 4151/2538/3913
f 4223/2606/3985 4222/2607/3984 4225/2609/3987
f 4222/2607/3984 4218/2610/3980 4224/2608/3986
f 4218/2610/3980 4222/2607/3984 4154/2541/3916
f 4153/2540/3915 4226/2611/3988 4154/2541/3916
f 4226/2611/3988 4153/2540/3915 4213/2599/3975
f 4227/2615/3989 4228/2612/3990 4230/2614/3992
f 4228/2612/3990 4227/2615/3989 4181/2567/3943
f 4196/2581/3958 4227/2615/3989 4198/2584/3960
f 4215/2601/3977 4227/2615/3989 4216/2602/3978
f 4231/2619/3993 4232/2616/3994 4185/2570/3947
f 4231/2619/3993 4233/2617/3995 4232/2616/3994
f 4233/2617/3995 4231/2619/3993 4225/2609/3987
f 4223/2606/3985 4231/2619/3993 4152/2539/3914
f 4238/2623/4000 4235/2620/3997 4237/2622/3999
f 4235/2620/3997 4177/2562/3939 4236/2621/3998
f 4235/2620/3997 4228/2612/3990 4177/2562/3939
f 4228/2612/3990 4235/2620/3997 4229/2613/3991
f 4188/2574/3950 4239/2624/4001 4145/2531/3907
f 4239/2624/4001 4241/2626/4003 4240/2625/4002
f 4241/2626/4003 4239/2624/4001 4234/2618/3996
f 4239/2624/4001 4188/2574/3950 4232/2616/3994
f 4243/2631/4005 4244/2628/4006 4246/2630/4008
f 4244/2628/4006 4243/2631/4005 4166/2551/3928
f 4167/2552/3929 4243/2631/4005 4169/2555/3931
f 4243/2631/4005 4246/2630/4008 4236/2621/3998
f 4142/2528/3904 4247/2632/4009 4143/2529/3905
f 4247/2632/4009 4249/2634/4011 4248/2633/4010
f 4249/2634/4011 4247/2632/4009 4242/2627/4004
f 4247/2632/4009 4142/2528/3904 4240/2625/4002
f 4254/2864/4016 4251/2636/4013 4253/2638/4015
f 4251/2636/4013 4255/2639/4017 4252/2637/4014
f 4255/2639/4017 4251/2636/4013 4258/2642/4020
f 4259/2644/4021 4255/2639/4017 4260/2643/4022
f 4255/2639/4017 4259/2644/4021 4256/2640/4018
f 4259/2644/4021 4262/2646/4024 4261/2645/4023
f 4259/2644/4021 4260/2643/4022 4262/2646/4024
f 4265/2655/4027 4266/2649/4028 4267/2650/4029
f 4265/2655/4027 4268/2651/4030 4266/2649/4028
f 4265/2655/4027 4270/2653/4032 4268/2651/4030
f 4270/2653/4032 4265/2655/4027 4272/2656/4034
f 4273/2661/4035 4274/2657/4036 4276/2659/4038
f 4273/2661/4035 4277/2660/4039 4274/2657/4036
f 4273/2661/4035 4205/2590/3967 4277/2660/4039
f 4205/2590/3967 4273/2661/4035 4206/2591/3968
f 4281/2666/4043 4278/2662/4040 4280/2664/4042
f 4278/2662/4040 4209/2596/3971 4279/2663/4041
f 4209/2596/3971 4278/2662/4040 4201/2587/3963
f 4278/2662/4040 4281/2666/4043 4282/2665/4044
f 4285/2670/4047 4284/2668/4046 4283/2667/4045
f 4284/2668/4046 4202/2592/3964 4282/2665/4044
f 4284/2668/4046 4286/2669/4048 4202/2592/3964
f 4284/2668/4046 4285/2670/4047 4286/2669/4048
f 4291/2675/4053 4288/2672/4050 4290/2674/4052
f 4288/2672/4050 4190/2579/3952 4289/2673/4051
f 4190/2579/3952 4288/2672/4050 4194/2580/3956
f 4288/2672/4050 4291/2675/4053 4279/2663/4041
f 4295/2679/4057 4292/2676/4054 4294/2678/4056
f 4292/2676/4054 4171/2560/3933 4293/2677/4055
f 4171/2560/3933 4292/2676/4054 4175/2561/3937
f 4292/2676/4054 4295/2679/4057 4289/2673/4051
f 4296/2683/4058 4297/2680/4059 4299/2682/4061
f 4296/2683/4058 4159/2548/3921 4297/2680/4059
f 4159/2548/3921 4296/2683/4058 4163/2549/3925
f 4296/2683/4058 4299/2682/4061 4293/2677/4055
f 4300/2685/4062 4270/2653/4032 4301/2684/4063
f 4270/2653/4032 4300/2685/4062 4271/2654/4033
f 4300/2685/4062 4303/2687/4065 4302/2686/4064
f 4303/2687/4065 4300/2685/4062 4305/2689/4067
f 4306/2693/4068 4307/2690/4069 4308/2691/4070
f 4306/2693/4068 4309/2692/4071 4307/2690/4069
f 4309/2692/4071 4306/2693/4068 4311/2695/4073
f 4306/2693/4068 4308/2691/4070 4310/2694/4072
f 4268/2651/4030 4313/2697/4075 4269/2652/4031
f 4274/2657/4036 4313/2697/4075 4275/2658/4037
f 4308/2691/4070 4313/2697/4075 4312/2696/4074
f 4313/2697/4075 4268/2651/4030 4314/2698/4076
f 4315/2699/4077 4262/2646/4024 4309/2692/4071
f 4262/2646/4024 4315/2699/4077 4263/2647/4025
f 4315/2699/4077 4316/2700/4078 4267/2650/4029
f 4316/2700/4078 4315/2699/4077 4311/2695/4073
f 4317/2702/4079 4303/2687/4065 4318/2701/4080
f 4303/2687/4065 4317/2702/4079 4304/2688/4066
f 4319/2703/4081 4317/2702/4079 4321/2705/4083
f 4320/2704/4082 4317/2702/4079 4322/2706/4084
f 4324/2711/4086 4323/2707/4085 4312/2696/4074
f 4323/2707/4085 4325/2708/4087 4310/2694/4072
f 4325/2708/4087 4323/2707/4085 4327/2710/4089
f 4323/2707/4085 4324/2711/4086 4326/2709/4088
f 4302/2686/4064 4329/2713/4091 4271/2654/4033
f 4329/2713/4091 4324/2711/4086 4314/2698/4076
f 4324/2711/4086 4329/2713/4091 4328/2712/4090
f 4330/2714/4092 4329/2713/4091 4304/2688/4066
f 4331/2715/4093 4316/2700/4078 4325/2708/4087
f 4316/2700/4078 4331/2715/4093 4272/2656/4034
f 4331/2715/4093 4332/2716/4094 4301/2684/4063
f 4331/2715/4093 4325/2708/4087 4332/2716/4094
f 4334/2717/4096 4333/2717/4095 4322/2706/4084
f 4333/2717/4095 4335/2717/4097 4320/2704/4082
f 4337/2722/4099 4336/2718/4098 4328/2712/4090
f 4336/2718/4098 4338/2719/4100 4326/2709/4088
f 4338/2719/4100 4336/2718/4098 4340/2721/4102
f 4339/2720/4101 4336/2718/4098 4341/2723/4103
f 4342/2724/4104 4330/2714/4092 4319/2703/4081
f 4330/2714/4092 4342/2724/4104 4328/2712/4090
f 4337/2722/4099 4342/2724/4104 4341/2723/4103
f 4343/2725/4105 4342/2724/4104 4321/2705/4083
f 4338/2719/4100 4344/2726/4106 4327/2710/4089
f 4344/2726/4106 4318/2701/4080 4332/2716/4094
f 4318/2701/4080 4344/2726/4106 4322/2706/4084
f 4345/2727/4107 4344/2726/4106 4340/2721/4102
f 4351/2717/4113 4339/2720/4101 4348/2717/4110
f 4339/2720/4101 4351/2717/4113 4340/2721/4102
f 4335/2717/4097 4347/2717/4109 4321/2705/4083
f 4347/2717/4109 4348/2717/4110 4343/2725/4105
f 4349/2717/4111 4345/2727/4107 4350/2717/4112
f 4349/2717/4111 4334/2717/4096 4345/2727/4107
f 4352/2868/4114 4172/2557/3934 4353/2728/4115
f 4352/2868/4114 4354/2729/4116 4172/2557/3934
f 4355/2866/4117 4356/2730/4118 4257/2641/4019
f 4354/2729/4116 4357/2731/4119 4161/2547/3923
f 4356/2730/4118 4358/2733/4120 4258/2642/4020
f 4358/2733/4120 4359/2734/4121 4260/2643/4022
f 4360/2736/4122 4191/2576/3953 4361/2735/4123
f 4191/2576/3953 4360/2736/4122 4174/2559/3936
f 4363/2745/4125 4362/2737/4124 4275/2658/4037
f 4362/2737/4124 4364/2738/4126 4276/2659/4038
f 4362/2737/4124 3665/2739/3431 4364/2738/4126
f 4365/2742/4127 4210/2595/3972 4366/2741/4128
f 4210/2595/3972 4365/2742/4127 4193/2578/3955
f 4364/2738/4126 4367/2743/4129 4206/2591/3968
f 4203/2588/3965 4367/2743/4129 4204/2589/3966
f 3660/2882/3426 4367/2743/4129 3666/2740/3432
f 4359/2734/4121 4368/2744/4130 4264/2648/4026
f 4368/2744/4130 4363/2745/4125 4307/2690/4069
f 4369/2747/4131 4370/2746/4132 4249/2634/4011
f 4370/2746/4132 4369/2747/4131 4372/2749/4134
f 4371/2748/4133 4369/2747/4131 4374/2751/4136
f 4369/2747/4131 4249/2634/4011 4373/2750/4135
f 4375/2753/4137 4376/2752/4138 4371/2748/4133
f 4375/2753/4137 4299/2682/4061 4376/2752/4138
f 4299/2682/4061 4375/2753/4137 4294/2678/4056
f 4375/2753/4137 4371/2748/4133 4377/2754/4139
f 4241/2626/4003 4378/2755/4140 4242/2627/4004
f 4378/2755/4140 4379/2756/4141 4373/2750/4135
f 4379/2756/4141 4378/2755/4140 4381/2758/4143
f 4378/2755/4140 4241/2626/4003 4380/2757/4142
f 4379/2756/4141 4382/2759/4144 4374/2751/4136
f 4382/2759/4144 4295/2679/4057 4377/2754/4139
f 4295/2679/4057 4382/2759/4144 4290/2674/4052
f 4382/2759/4144 4379/2756/4141 4383/2760/4145
f 4233/2617/3995 4384/2761/4146 4234/2618/3996
f 4384/2761/4146 4385/2762/4147 4380/2757/4142
f 4385/2762/4147 4384/2761/4146 4387/2764/4149
f 4384/2761/4146 4233/2617/3995 4386/2763/4148
f 4385/2762/4147 4388/2765/4150 4381/2758/4143
f 4388/2765/4150 4291/2675/4053 4383/2760/4145
f 4291/2675/4053 4388/2765/4150 4280/2664/4042
f 4389/2766/4151 4388/2765/4150 4387/2764/4149
f 4211/2598/3973 4390/2767/4152 4213/2599/3975
f 4221/2605/3983 4220/2604/3982 4393/2770/4155
f 4394/2843/4156 4395/2771/4157 4397/2773/4159
f 4401/2778/4163 4398/2774/4160 4400/2776/4162
f 4398/2774/4160 4285/2670/4047 4399/2775/4161
f 4398/2774/4160 4402/2777/4164 4285/2670/4047
f 4398/2774/4160 4401/2778/4163 4402/2777/4164
f 4224/2608/3986 4404/2780/4166 4225/2609/3987
f 4386/2763/4148 4404/2780/4166 4387/2764/4149
f 4404/2780/4166 4393/2770/4155 4405/2781/4167
f 4393/2770/4155 4404/2780/4166 4221/2605/3983
f 4406/2782/4168 4389/2766/4151 4405/2781/4167
f 4406/2782/4168 4281/2666/4043 4389/2766/4151
f 4281/2666/4043 4406/2782/4168 4283/2667/4045
f 4399/2775/4161 4406/2782/4168 4400/2776/4162
f 4252/2637/4014 4407/2783/4169 4253/2638/4015
f 4407/2783/4169 4409/2785/4171 4408/2784/4170
f 4407/2783/4169 4411/2787/4173 4409/2785/4171
f 4411/2787/4173 4407/2783/4169 4256/2640/4018
f 4413/2790/4175 4414/2789/4176 4409/2785/4171
f 4414/2789/4176 4413/2790/4175 4245/2629/4007
f 4413/2790/4175 4415/2791/4177 4246/2630/4008
f 4413/2790/4175 4409/2785/4171 4415/2791/4177
f 4416/2792/4178 4411/2787/4173 4261/2645/4023
f 4411/2787/4173 4416/2792/4178 4412/2788/4174
f 4416/2792/4178 4418/2794/4180 4417/2793/4179
f 4418/2794/4180 4416/2792/4178 4263/2647/4025
f 4420/2797/4182 4230/2614/3992 4421/2796/4183
f 4230/2614/3992 4420/2797/4182 4216/2602/3978
f 4420/2797/4182 4423/2799/4185 4422/2798/4184
f 4423/2799/4185 4420/2797/4182 4425/2801/4187
f 4426/2802/4188 4418/2794/4180 4266/2649/4028
f 4418/2794/4180 4426/2802/4188 4419/2795/4181
f 4427/2803/4189 4426/2802/4188 4429/2805/4191
f 4426/2802/4188 4266/2649/4028 4428/2804/4190
f 4430/2808/4192 4431/2806/4193 4432/2807/4194
f 4431/2806/4193 4430/2808/4192 4429/2805/4191
f 4430/2808/4192 4434/2810/4196 4433/2809/4195
f 4434/2810/4196 4430/2808/4192 4436/2812/4198
f 4437/2813/4199 4428/2804/4190 4277/2660/4039
f 4437/2813/4199 4431/2806/4193 4428/2804/4190
f 4431/2806/4193 4437/2813/4199 4287/2671/4049
f 4437/2813/4199 4277/2660/4039 4286/2669/4048
f 4438/2816/4200 4217/2814/3979 4422/2798/4184
f 4438/2816/4200 4439/2815/4201 4217/2814/3979
f 4439/2815/4201 4438/2816/4200 4441/2818/4203
f 4440/2817/4202 4438/2816/4200 4424/2800/4186
f 4445/2825/4207 4442/2819/4204 4444/2821/4206
f 4443/2820/4205 4442/2819/4204 4447/2823/4209
f 4446/2822/4208 4442/2819/4204 4425/2801/4187
f 4448/2824/4210 4442/2819/4204 4449/2826/4211
f 4450/3151/4212 4448/2824/4210 4451/2827/4213
f 4450/3151/4212 4423/2799/4185 4448/2824/4210
f 4450/3151/4212 4452/2828/4214 4423/2799/4185
f 4450/3151/4212 4451/2827/4213 4452/2828/4214
f 4434/2810/4196 4453/2829/4215 4435/2811/4197
f 4453/2829/4215 4440/2817/4202 4452/2828/4214
f 4440/2817/4202 4453/2829/4215 4441/2818/4203
f 4453/2829/4215 4434/2810/4196 4454/2830/4216
f 4455/2832/4217 4427/2803/4189 4433/2809/4195
f 4455/2832/4217 4456/2831/4218 4427/2803/4189
f 4456/2831/4218 4455/2832/4217 4449/2826/4211
f 4451/2827/4213 4455/2832/4217 4435/2811/4197
f 4457/2834/4219 4238/2623/4000 4458/2833/4220
f 4238/2623/4000 4457/2834/4219 4229/2613/3991
f 4457/2834/4219 4446/2822/4208 4421/2796/4183
f 4446/2822/4208 4457/2834/4219 4447/2823/4209
f 4456/2831/4218 4459/2835/4221 4419/2795/4181
f 4459/2835/4221 4460/2836/4222 4417/2793/4179
f 4460/2836/4222 4459/2835/4221 4444/2821/4206
f 4459/2835/4221 4456/2831/4218 4445/2825/4207
f 4439/2815/4201 4461/2837/4223 4403/2779/4165
f 4402/2777/4164 4461/2837/4223 4287/2671/4049
f 4461/2837/4223 4454/2830/4216 4432/2807/4194
f 4461/2837/4223 4439/2815/4201 4454/2830/4216
f 4460/2836/4222 4462/2838/4224 4412/2788/4174
f 4415/2791/4177 4462/2838/4224 4237/2622/3999
f 4462/2838/4224 4443/2820/4205 4458/2833/4220
f 4462/2838/4224 4460/2836/4222 4443/2820/4205
f 4403/2779/4165 4401/2778/4163 4464/2840/4226
f 4217/2814/3979 4403/2779/4165 4465/2841/4227
f 4218/2610/3980 4226/2611/3988 4219/2603/3981
f 4213/2599/3975 4391/2768/4153 4226/2611/3988
f 4390/2767/4152 4394/2843/4156 4391/2768/4153
f 4397/2773/4159 4468/2845/4230 4394/2843/4156
f 4468/2845/4230 4397/2773/4159 4464/2840/4226
f 4466/2842/4228 4469/2846/4231 4219/2603/3981
f 4469/2846/4231 4466/2842/4228 4467/2844/4229
f 4469/2846/4231 4470/2847/4232 4220/2604/3982
f 4392/2769/4154 4470/2847/4232 4471/2848/4233
f 4470/2847/4232 4468/2845/4230 4463/2839/4225
f 4470/2847/4232 4469/2846/4231 4468/2845/4230
f 4465/2841/4227 4397/2773/4159 4472/2849/4234
f 4400/2776/4162 4471/2848/4233 4401/2778/4163
f 4211/2598/3973 4212/2597/3974 4474/2851/4236
f 4400/2776/4162 4393/2770/4155 4471/2848/4233
f 4477/2859/4239 4472/2849/4234 4476/2853/4238
f 4474/2851/4236 4473/2850/4235 4479/2855/4241
f 4395/2771/4157 4480/2856/4242 4396/2772/4158
f 4390/2767/4152 4482/2858/4244 4394/2843/4156
f 4217/2814/3979 4477/2859/4239 4214/2600/3976
f 4217/2814/3979 4465/2841/4227 4477/2859/4239
f 4211/2598/3973 4474/2851/4236 4390/2767/4152
f 4214/2600/3976 4483/2860/4245 4212/2597/3974
f 4479/2855/4241 4478/2854/4240 4484/2861/4246
f 4476/2853/4238 4475/2852/4237 4485/2862/4247
f 4485/2862/4247 4481/2857/4243 4478/2854/4240
f 4472/2849/4234 4396/2772/4158 4475/2852/4237
f 4477/2859/4239 4476/2853/4238 4483/2860/4245
f 4482/2858/4244 4484/2861/4246 4395/2771/4157
f 4473/2850/4235 4483/2860/4245 4478/2854/4240
f 4474/2851/4236 4479/2855/4241 4482/2858/4244
f 4156/2543/3918 4162/2732/3924 4157/2544/3919
f 4251/2636/4013 4254/2864/4016 4257/2641/4019
f 4488/2884/4250 4355/2866/4117 4487/2865/4249
f 4162/2732/3924 4357/2731/4119 4486/2863/4248
f 4354/2729/4116 4352/2868/4114 3663/2870/3429
f 4352/2868/4114 4353/2728/4115 3662/2869/3428
f 4355/2866/4117 3524/2872/3290 4356/2730/4118
f 4357/2731/4119 4354/2729/4116 3664/2874/3430
f 4358/2733/4120 3590/2875/3356 4359/2734/4121
f 3590/2875/3356 4358/2733/4120 3661/2873/3427
f 4360/2736/4122 3591/2877/3357 4353/2728/4115
f 3591/2877/3357 4360/2736/4122 3592/2878/3358
f 4362/2737/4124 4363/2745/4125 3665/2739/3431
f 4365/2742/4127 3529/2880/3295 4361/2735/4123
f 4365/2742/4127 4366/2741/4128 3529/2880/3295
f 4367/2743/4129 3660/2882/3426 4366/2741/4128
f 4363/2745/4125 4368/2744/4130 3526/2879/3292
f 3527/2883/3293 4368/2744/4130 3589/2876/3355
f 3524/2872/3290 4355/2866/4117 3525/2885/3291
f 4489/2867/4251 4357/2731/4119 3667/2886/3433
f 4139/2526/3901 4490/2525/4252 4140/2527/3902
f 4490/2525/4252 4139/2526/3901 4492/2528/4254
f 4494/2530/4256 4490/2525/4252 4493/2531/4255
f 4490/2525/4252 4494/2530/4256 4491/2532/4253
f 4496/2537/4258 4497/2536/4259 4499/2534/4261
f 4501/2538/4263 4496/2537/4258 4500/2539/4262
f 4496/2537/4258 4501/2538/4263 4503/2540/4265
f 4497/2536/4259 4496/2537/4258 4504/2542/4266
f 4157/2544/3919 4505/2543/4267 4158/2545/3920
f 4509/2546/4271 4505/2543/4267 4508/2547/4270
f 4505/2543/4267 4509/2546/4271 4506/2548/4268
f 4511/2553/4273 4512/2552/4274 4165/2550/3927
f 4511/2553/4273 4165/2550/3927 4491/2532/4253
f 4513/2554/4275 4511/2553/4273 4495/2533/4257
f 4512/2552/4274 4511/2553/4273 4514/2555/4276
f 4509/2546/4271 4515/2556/4277 4510/2549/4272
f 4515/2556/4277 4509/2546/4271 4517/2557/4279
f 4519/2558/4281 4515/2556/4277 4518/2559/4280
f 4515/2556/4277 4519/2558/4281 4516/2560/4278
f 4521/2564/4283 4522/2562/4284 4513/2554/4275
f 4521/2564/4283 4513/2554/4275 4523/2563/4285
f 4525/2565/4287 4521/2564/4283 4524/2566/4286
f 4522/2562/4284 4521/2564/4283 4526/2567/4288
f 4529/2569/4291 4527/2568/4289 4524/2566/4286
f 4531/2570/4293 4527/2568/4289 4530/2571/4292
f 4527/2568/4289 4531/2570/4293 4499/2534/4261
f 4528/2572/4290 4527/2568/4289 4498/2535/4260
f 4494/2530/4256 4532/2573/4294 4495/2533/4257
f 4532/2573/4294 4494/2530/4256 4533/2574/4295
f 4529/2569/4291 4532/2573/4294 4530/2571/4292
f 4532/2573/4294 4529/2569/4291 4523/2563/4285
f 4519/2558/4281 4534/2575/4296 4520/2561/4282
f 4534/2575/4296 4519/2558/4281 4536/2576/4298
f 4538/2577/4300 4534/2575/4296 4537/2578/4299
f 4534/2575/4296 4538/2577/4300 4535/2579/4297
f 4540/2582/4302 4541/2581/4303 4525/2565/4287
f 4528/2572/4290 4540/2582/4302 4524/2566/4286
f 4540/2582/4302 4528/2572/4290 4542/2583/4304
f 4541/2581/4303 4540/2582/4302 4543/2584/4305
f 4547/2586/4309 4544/2585/4306 4546/2587/4308
f 4544/2585/4306 4547/2586/4309 4549/2588/4311
f 4544/2585/4306 4549/2588/4311 4551/2590/4313
f 4545/2592/4307 4544/2585/4306 4552/2593/4314
f 4538/2577/4300 4553/2594/4315 4539/2580/4301
f 4553/2594/4315 4538/2577/4300 4555/2595/4317
f 4547/2586/4309 4553/2594/4315 4548/2589/4310
f 4553/2594/4315 4547/2586/4309 4554/2596/4316
f 4556/2598/4318 4557/2597/4319 4542/2583/4304
f 4497/2536/4259 4556/2598/4318 4498/2535/4260
f 4556/2598/4318 4497/2536/4259 4558/2599/4320
f 4562/2601/4324 4559/2600/4321 4561/2602/4323
f 4559/2600/4321 4562/2601/4324 4557/2597/4319
f 4563/2610/4325 4564/2605/4326 4566/2603/4328
f 4567/2607/4329 4501/2538/4263 4568/2606/4330
f 4570/2608/4332 4567/2607/4329 4569/2609/4331
f 4567/2607/4329 4570/2608/4332 4563/2610/4325
f 4501/2538/4263 4567/2607/4329 4502/2541/4264
f 4563/2610/4325 4571/2611/4333 4502/2541/4264
f 4571/2611/4333 4558/2599/4320 4503/2540/4265
f 4572/2615/4334 4573/2614/4335 4575/2612/4337
f 4541/2581/4303 4572/2615/4334 4526/2567/4288
f 4562/2601/4324 4572/2615/4334 4543/2584/4305
f 4573/2614/4335 4572/2615/4334 4561/2602/4323
f 4576/2619/4338 4531/2570/4293 4577/2616/4339
f 4576/2619/4338 4577/2616/4339 4579/2617/4341
f 4568/2606/4330 4576/2619/4338 4569/2609/4331
f 4531/2570/4293 4576/2619/4338 4500/2539/4262
f 4583/2621/4345 4580/2620/4342 4582/2622/4344
f 4580/2620/4342 4583/2621/4345 4522/2562/4284
f 4580/2620/4342 4522/2562/4284 4575/2612/4337
f 4581/2623/4343 4580/2620/4342 4574/2613/4336
f 4585/2625/4347 4584/2624/4346 4493/2531/4255
f 4584/2624/4346 4585/2625/4347 4587/2626/4349
f 4577/2616/4339 4584/2624/4346 4578/2618/4340
f 4584/2624/4346 4577/2616/4339 4533/2574/4295
f 4588/2631/4350 4589/2630/4351 4244/2628/4006
f 4512/2552/4274 4588/2631/4350 4166/2551/3928
f 4583/2621/4345 4588/2631/4350 4514/2555/4276
f 4588/2631/4350 4583/2621/4345 4589/2630/4351
f 4248/2633/4010 4590/2632/4352 4143/2529/3905
f 4590/2632/4352 4248/2633/4010 4591/2634/4353
f 4585/2625/4347 4590/2632/4352 4586/2627/4348
f 4590/2632/4352 4585/2625/4347 4492/2528/4254
f 4593/2637/4355 4592/2636/4354 4253/2638/4015
f 4592/2636/4354 4593/2637/4355 4595/2639/4357
f 4597/2641/4359 4592/2636/4354 4596/2642/4358
f 4598/2644/4360 4599/2643/4361 4595/2639/4357
f 4600/2645/4362 4598/2644/4360 4594/2640/4356
f 4598/2644/4360 4600/2645/4362 4602/2646/4364
f 4598/2644/4360 4602/2646/4364 4599/2643/4361
f 4604/2655/4366 4605/2650/4367 4606/2649/4368
f 4604/2655/4366 4606/2649/4368 4608/2651/4370
f 4604/2655/4366 4608/2651/4370 4610/2653/4372
f 4605/2650/4367 4604/2655/4366 4611/2656/4373
f 4612/2661/4374 4613/2659/4375 4615/2657/4377
f 4612/2661/4374 4615/2657/4377 4616/2660/4378
f 4612/2661/4374 4616/2660/4378 4551/2590/4313
f 4613/2659/4375 4612/2661/4374 4550/2591/4312
f 4620/2663/4382 4617/2662/4379 4619/2664/4381
f 4617/2662/4379 4620/2663/4382 4554/2596/4316
f 4621/2665/4383 4617/2662/4379 4546/2587/4308
f 4617/2662/4379 4621/2665/4383 4618/2666/4380
f 4621/2665/4383 4623/2668/4385 4622/2667/4384
f 4623/2668/4385 4621/2665/4383 4545/2592/4307
f 4623/2668/4385 4545/2592/4307 4625/2669/4387
f 4623/2668/4385 4625/2669/4387 4624/2670/4386
f 4630/2673/4392 4627/2672/4389 4629/2674/4391
f 4627/2672/4389 4630/2673/4392 4535/2579/4297
f 4620/2663/4382 4627/2672/4389 4539/2580/4301
f 4627/2672/4389 4620/2663/4382 4628/2675/4390
f 4634/2677/4396 4631/2676/4393 4633/2678/4395
f 4631/2676/4393 4634/2677/4396 4516/2560/4278
f 4630/2673/4392 4631/2676/4393 4520/2561/4282
f 4631/2676/4393 4630/2673/4392 4632/2679/4394
f 4635/2683/4397 4636/2682/4398 4297/2680/4059
f 4635/2683/4397 4297/2680/4059 4506/2548/4268
f 4634/2677/4396 4635/2683/4397 4510/2549/4272
f 4635/2683/4397 4634/2677/4396 4636/2682/4398
f 4637/2685/4399 4638/2684/4400 4610/2653/4372
f 4639/2686/4401 4637/2685/4399 4609/2654/4371
f 4637/2685/4399 4639/2686/4401 4641/2687/4403
f 4638/2684/4400 4637/2685/4399 4642/2689/4404
f 4643/2693/4405 4644/2691/4406 4645/2690/4407
f 4643/2693/4405 4645/2690/4407 4646/2692/4408
f 4648/2694/4410 4643/2693/4405 4647/2695/4409
f 4643/2693/4405 4648/2694/4410 4644/2691/4406
f 4615/2657/4377 4650/2697/4412 4607/2652/4369
f 4644/2691/4406 4650/2697/4412 4614/2658/4376
f 4651/2698/4413 4650/2697/4412 4649/2696/4411
f 4650/2697/4412 4651/2698/4413 4608/2651/4370
f 4652/2699/4414 4646/2692/4408 4602/2646/4364
f 4605/2650/4367 4652/2699/4414 4601/2647/4363
f 4652/2699/4414 4605/2650/4367 4653/2700/4415
f 4646/2692/4408 4652/2699/4414 4647/2695/4409
f 4654/2702/4416 4655/2701/4417 4641/2687/4403
f 4656/2703/4418 4654/2702/4416 4640/2688/4402
f 4658/2704/4420 4654/2702/4416 4657/2705/4419
f 4655/2701/4417 4654/2702/4416 4659/2706/4421
f 4648/2694/4410 4660/2707/4422 4649/2696/4411
f 4660/2707/4422 4648/2694/4410 4662/2708/4424
f 4664/2709/4426 4660/2707/4422 4663/2710/4425
f 4660/2707/4422 4664/2709/4426 4661/2711/4423
f 4651/2698/4413 4666/2713/4428 4609/2654/4371
f 4666/2713/4428 4651/2698/4413 4661/2711/4423
f 4667/2714/4429 4666/2713/4428 4665/2712/4427
f 4639/2686/4401 4666/2713/4428 4640/2688/4402
f 4668/2715/4430 4662/2708/4424 4653/2700/4415
f 4638/2684/4400 4668/2715/4430 4611/2656/4373
f 4668/2715/4430 4638/2684/4400 4669/2716/4431
f 4668/2715/4430 4669/2716/4431 4662/2708/4424
f 4658/2704/4420 4670/2717/4432 4659/2706/4421
f 4670/2717/4432 4658/2704/4420 4672/2717/4434
f 4664/2709/4426 4673/2718/4435 4665/2712/4427
f 4673/2718/4435 4664/2709/4426 4675/2719/4437
f 4677/2720/4439 4673/2718/4435 4676/2721/4438
f 4674/2722/4436 4673/2718/4435 4678/2723/4440
f 4679/2724/4441 4656/2703/4418 4667/2714/4429
f 4674/2722/4436 4679/2724/4441 4665/2712/4427
f 4680/2725/4442 4679/2724/4441 4678/2723/4440
f 4656/2703/4418 4679/2724/4441 4657/2705/4419
f 4669/2716/4431 4681/2726/4443 4663/2710/4425
f 4681/2726/4443 4669/2716/4431 4655/2701/4417
f 4682/2727/4444 4681/2726/4443 4659/2706/4421
f 4675/2719/4437 4681/2726/4443 4676/2721/4438
f 4688/2717/4450 4685/2717/4447 4677/2720/4439
f 4687/2717/4449 4688/2717/4450 4676/2721/4438
f 4680/2725/4442 4683/2717/4445 4657/2705/4419
f 4683/2717/4445 4680/2725/4442 4685/2717/4447
f 4686/2717/4448 4687/2717/4449 4682/2727/4444
f 4686/2717/4448 4682/2727/4444 4671/2717/4433
f 4689/2868/4451 4690/2728/4452 4517/2557/4279
f 4689/2868/4451 4517/2557/4279 4691/2729/4453
f 4692/2866/4454 4597/2641/4359 4693/2730/4455
f 4507/2732/4269 4694/2731/4456 4508/2547/4270
f 4599/2643/4361 4695/2733/4457 4596/2642/4358
f 4695/2733/4457 4599/2643/4361 4696/2734/4458
f 4697/2736/4459 4698/2735/4460 4536/2576/4298
f 4690/2728/4452 4697/2736/4459 4518/2559/4280
f 4613/2659/4375 4699/2737/4461 4614/2658/4376
f 4699/2737/4461 4613/2659/4375 4701/2738/4463
f 4699/2737/4461 4701/2738/4463 3916/2739/3682
f 4702/2742/4464 4703/2741/4465 4555/2595/4317
f 4698/2735/4460 4702/2742/4464 4537/2578/4299
f 4549/2588/4311 4704/2743/4466 4550/2591/4312
f 4703/2741/4465 4704/2743/4466 4548/2589/4310
f 4701/2738/4463 4704/2743/4466 3917/2740/3683
f 4645/2690/4407 4705/2744/4467 4603/2648/4365
f 4705/2744/4467 4645/2690/4407 4700/2745/4462
f 4706/2747/4468 4591/2634/4353 4370/2746/4132
f 4707/2748/4469 4706/2747/4468 4372/2749/4134
f 4709/2750/4471 4706/2747/4468 4708/2751/4470
f 4706/2747/4468 4709/2750/4471 4591/2634/4353
f 4710/2753/4472 4707/2748/4469 4376/2752/4138
f 4710/2753/4472 4376/2752/4138 4636/2682/4398
f 4711/2754/4473 4710/2753/4472 4633/2678/4395
f 4710/2753/4472 4711/2754/4473 4707/2748/4469
f 4709/2750/4471 4712/2755/4474 4586/2627/4348
f 4712/2755/4474 4709/2750/4471 4713/2756/4475
f 4715/2757/4477 4712/2755/4474 4714/2758/4476
f 4712/2755/4474 4715/2757/4477 4587/2626/4349
f 4711/2754/4473 4716/2759/4478 4708/2751/4470
f 4716/2759/4478 4711/2754/4473 4632/2679/4394
f 4717/2760/4479 4716/2759/4478 4629/2674/4391
f 4716/2759/4478 4717/2760/4479 4713/2756/4475
f 4715/2757/4477 4718/2761/4480 4578/2618/4340
f 4718/2761/4480 4715/2757/4477 4719/2762/4481
f 4721/2763/4483 4718/2761/4480 4720/2764/4482
f 4718/2761/4480 4721/2763/4483 4579/2617/4341
f 4717/2760/4479 4722/2765/4484 4714/2758/4476
f 4722/2765/4484 4717/2760/4479 4628/2675/4390
f 4723/2766/4485 4722/2765/4484 4619/2664/4381
f 4719/2762/4481 4722/2765/4484 4720/2764/4482
f 4556/2598/4318 4558/2599/4320 4725/2767/4487
f 4564/2605/4326 4726/2770/4488 4565/2604/4327
f 4728/2843/4490 4729/2773/4491 4731/2771/4493
f 4735/2775/4497 4732/2774/4494 4734/2776/4496
f 4732/2774/4494 4735/2775/4497 4624/2670/4386
f 4732/2774/4494 4624/2670/4386 4736/2777/4498
f 4732/2774/4494 4736/2777/4498 4733/2778/4495
f 4721/2763/4483 4738/2780/4500 4569/2609/4331
f 4739/2781/4501 4738/2780/4500 4720/2764/4482
f 4738/2780/4500 4739/2781/4501 4726/2770/4488
f 4570/2608/4332 4738/2780/4500 4564/2605/4326
f 4740/2782/4502 4739/2781/4501 4723/2766/4485
f 4740/2782/4502 4723/2766/4485 4618/2666/4380
f 4735/2775/4497 4740/2782/4502 4622/2667/4384
f 4739/2781/4501 4740/2782/4502 4734/2776/4496
f 4408/2784/4170 4741/2783/4503 4253/2638/4015
f 4741/2783/4503 4408/2784/4170 4742/2785/4504
f 4741/2783/4503 4742/2785/4504 4744/2787/4506
f 4593/2637/4355 4741/2783/4503 4594/2640/4356
f 4745/2790/4507 4742/2785/4504 4414/2789/4176
f 4589/2630/4351 4745/2790/4507 4245/2629/4007
f 4745/2790/4507 4589/2630/4351 4746/2791/4508
f 4745/2790/4507 4746/2791/4508 4742/2785/4504
f 4747/2792/4509 4600/2645/4362 4744/2787/4506
f 4748/2793/4510 4747/2792/4509 4743/2788/4505
f 4747/2792/4509 4748/2793/4510 4750/2794/4512
f 4600/2645/4362 4747/2792/4509 4601/2647/4363
f 4751/2797/4513 4752/2796/4514 4573/2614/4335
f 4753/2798/4515 4751/2797/4513 4561/2602/4323
f 4751/2797/4513 4753/2798/4515 4755/2799/4517
f 4752/2796/4514 4751/2797/4513 4756/2801/4518
f 4757/2802/4519 4606/2649/4368 4750/2794/4512
f 4758/2803/4520 4757/2802/4519 4749/2795/4511
f 4760/2804/4522 4757/2802/4519 4759/2805/4521
f 4757/2802/4519 4760/2804/4522 4606/2649/4368
f 4761/2808/4523 4762/2807/4524 4763/2806/4525
f 4764/2809/4526 4761/2808/4523 4759/2805/4521
f 4761/2808/4523 4764/2809/4526 4766/2810/4528
f 4762/2807/4524 4761/2808/4523 4767/2812/4529
f 4768/2813/4530 4616/2660/4378 4760/2804/4522
f 4768/2813/4530 4760/2804/4522 4763/2806/4525
f 4625/2669/4387 4768/2813/4530 4626/2671/4388
f 4768/2813/4530 4625/2669/4387 4616/2660/4378
f 4769/2816/4531 4753/2798/4515 4560/2814/4322
f 4769/2816/4531 4560/2814/4322 4770/2815/4532
f 4772/2817/4534 4769/2816/4531 4771/2818/4533
f 4753/2798/4515 4769/2816/4531 4754/2800/4516
f 4776/2820/4538 4773/2819/4535 4775/2821/4537
f 4778/2822/4540 4773/2819/4535 4777/2823/4539
f 4779/2824/4541 4773/2819/4535 4756/2801/4518
f 4774/2825/4536 4773/2819/4535 4780/2826/4542
f 4781/3151/4543 4782/2827/4544 4779/2824/4541
f 4781/3151/4543 4779/2824/4541 4755/2799/4517
f 4781/3151/4543 4755/2799/4517 4783/2828/4545
f 4781/3151/4543 4783/2828/4545 4782/2827/4544
f 4783/2828/4545 4784/2829/4546 4765/2811/4527
f 4784/2829/4546 4783/2828/4545 4772/2817/4534
f 4785/2830/4547 4784/2829/4546 4771/2818/4533
f 4784/2829/4546 4785/2830/4547 4766/2810/4528
f 4786/2832/4548 4764/2809/4526 4758/2803/4520
f 4786/2832/4548 4758/2803/4520 4787/2831/4549
f 4782/2827/4544 4786/2832/4548 4780/2826/4542
f 4764/2809/4526 4786/2832/4548 4765/2811/4527
f 4788/2834/4550 4789/2833/4551 4581/2623/4343
f 4752/2796/4514 4788/2834/4550 4574/2613/4336
f 4788/2834/4550 4752/2796/4514 4778/2822/4540
f 4789/2833/4551 4788/2834/4550 4777/2823/4539
f 4748/2793/4510 4790/2835/4552 4749/2795/4511
f 4790/2835/4552 4748/2793/4510 4791/2836/4553
f 4774/2825/4536 4790/2835/4552 4775/2821/4537
f 4790/2835/4552 4774/2825/4536 4787/2831/4549
f 4736/2777/4498 4792/2837/4554 4737/2779/4499
f 4762/2807/4524 4792/2837/4554 4626/2671/4388
f 4792/2837/4554 4762/2807/4524 4785/2830/4547
f 4792/2837/4554 4785/2830/4547 4770/2815/4532
f 4746/2791/4508 4793/2838/4555 4743/2788/4505
f 4789/2833/4551 4793/2838/4555 4582/2622/4344
f 4793/2838/4555 4789/2833/4551 4776/2820/4538
f 4793/2838/4555 4776/2820/4538 4791/2836/4553
f 4795/2839/4557 4733/2778/4495 4794/2840/4556
f 4794/2840/4556 4737/2779/4499 4796/2841/4558
f 4797/2842/4559 4571/2611/4333 4566/2603/4328
f 4558/2599/4320 4571/2611/4333 4724/2768/4486
f 4725/2767/4487 4724/2768/4486 4728/2843/4490
f 4729/2773/4491 4728/2843/4490 4799/2845/4561
f 4796/2841/4558 4729/2773/4491 4794/2840/4556
f 4797/2842/4559 4566/2603/4328 4800/2846/4562
f 4724/2768/4486 4797/2842/4559 4798/2844/4560
f 4727/2769/4489 4801/2847/4563 4565/2604/4327
f 4795/2839/4557 4801/2847/4563 4802/2848/4564
f 4801/2847/4563 4795/2839/4557 4799/2845/4561
f 4801/2847/4563 4799/2845/4561 4800/2846/4562
f 4730/2772/4492 4729/2773/4491 4803/2849/4565
f 4734/2776/4496 4733/2778/4495 4802/2848/4564
f 4805/2850/4567 4557/2597/4319 4804/2851/4566
f 4727/2769/4489 4726/2770/4488 4802/2848/4564
f 4808/2852/4570 4803/2849/4565 4807/2853/4569
f 4810/2854/4572 4805/2850/4567 4809/2855/4571
f 4731/2771/4493 4730/2772/4492 4812/2856/4574
f 4725/2767/4487 4728/2843/4490 4813/2858/4575
f 4560/2814/4322 4559/2600/4321 4806/2859/4568
f 4803/2849/4565 4796/2841/4558 4806/2859/4568
f 4556/2598/4318 4725/2767/4487 4804/2851/4566
f 4559/2600/4321 4557/2597/4319 4814/2860/4576
f 4812/2856/4574 4810/2854/4572 4815/2861/4577
f 4807/2853/4569 4816/2862/4578 4808/2852/4570
f 4816/2862/4578 4810/2854/4572 4811/2857/4573
f 4811/2857/4573 4730/2772/4492 4808/2852/4570
f 4806/2859/4568 4814/2860/4576 4807/2853/4569
f 4813/2858/4575 4731/2771/4493 4815/2861/4577
f 4816/2862/4578 4814/2860/4576 4810/2854/4572
f 4804/2851/4566 4813/2858/4575 4809/2855/4571
f 4505/2543/4267 4157/2544/3919 4507/2732/4269
f 4592/2636/4354 4597/2641/4359 4254/2864/4016
f 4597/2641/4359 4692/2866/4454 4818/2865/4580
f 4489/2867/4251 4694/2731/4456 4817/2863/4579
f 3913/2869/3679 4689/2868/4451 3914/2870/3680
f 4689/2868/4451 3913/2869/3679 4690/2728/4452
f 4692/2866/4454 4693/2730/4455 3776/2872/3542
f 4694/2731/4456 3915/2874/3681 4691/2729/4453
f 4695/2733/4457 4696/2734/4458 3840/2875/3606
f 4693/2730/4455 4695/2733/4457 3912/2873/3678
f 4697/2736/4459 4690/2728/4452 3843/2877/3609
f 4698/2735/4460 4697/2736/4459 3842/2878/3608
f 4699/2737/4461 3916/2739/3682 4700/2745/4462
f 4702/2742/4464 4698/2735/4460 3781/2880/3547
f 4702/2742/4464 3781/2880/3547 4703/2741/4465
f 4704/2743/4466 4703/2741/4465 3911/2882/3677
f 3777/2883/3543 4705/2744/4467 3778/2879/3544
f 4696/2734/4458 4705/2744/4467 3841/2876/3607
f 4488/2884/4250 4692/2866/4454 3775/2885/3541
f 3915/2874/3681 4694/2731/4456 3918/2886/3684
f 4819/2965/4581 4820/2887/4582 4822/2889/4584
f 4826/2962/4588 4823/2890/4585 4825/2892/4587
f 4827/2903/4589 4828/2893/4590 4830/2895/4592
f 4834/2970/4596 4831/2896/4593 4833/2898/4595
f 4838/2915/4600 4835/2899/4597 4837/2901/4599
f 4839/3004/4601 4840/2902/4602 4827/2903/4589
f 4841/2979/4603 4842/2904/4604 4844/2906/4606
f 4848/2971/4610 4845/2907/4607 4847/2909/4609
f 4823/2890/4585 4849/2910/4611 4824/2891/4586
f 4822/2889/4584 4821/2888/4583 4852/2913/4614
f 1621/3011/1620 1619/2914/1618 4838/2915/4600
f 4853/2917/4615 1185/1150/1185 4854/2916/4616
f 1185/1150/1185 4853/2917/4615 1181/1146/1181
f 4853/2917/4615 4856/2919/4618 4855/2918/4617
f 4856/2919/4618 4853/2917/4615 4858/2921/4620
f 4860/2926/4622 4859/2922/4621 1176/1141/1176
f 4859/2922/4621 4861/2923/4623 1183/1148/1183
f 4861/2923/4623 4859/2922/4621 4863/2925/4625
f 4859/2922/4621 4860/2926/4622 4862/2924/4624
f 4865/2929/4627 1180/1144/1180 4855/2918/4617
f 4865/2929/4627 4866/2928/4628 1180/1144/1180
f 4866/2928/4628 4865/2929/4627 4868/2931/4630
f 4865/2929/4627 4855/2918/4617 4867/2930/4629
f 4866/2928/4628 4869/2932/4631 1177/1142/1177
f 4869/2932/4631 4860/2926/4622 1175/1140/1175
f 4860/2926/4622 4869/2932/4631 4864/2927/4626
f 4869/2932/4631 4866/2928/4628 4870/2933/4632
f 4871/2935/4633 1159/1124/1159 4872/2934/4634
f 1159/1124/1159 4871/2935/4633 1160/1125/1160
f 4871/2935/4633 4874/2937/4636 4873/2936/4635
f 4874/2937/4636 4871/2935/4633 4876/2939/4638
f 4861/2923/4623 4877/2940/4639 1167/1132/1167
f 4877/2940/4639 4878/2941/4640 1165/1129/1165
f 4878/2941/4640 4877/2940/4639 4880/2943/4642
f 4877/2940/4639 4861/2923/4623 4879/2942/4641
f 4881/2944/4643 1170/1135/1170 4873/2936/4635
f 1170/1135/1170 4881/2944/4643 1171/1136/1171
f 4881/2944/4643 4882/2945/4644 4854/2916/4616
f 4882/2945/4644 4881/2944/4643 4875/2938/4637
f 4884/2948/4646 4883/2946/4645 4858/2921/4620
f 4856/2919/4618 4883/2946/4645 4857/2920/4619
f 4883/2946/4645 4884/2948/4646 4885/2947/4647
f 4888/2952/4650 4887/2950/4649 4864/2927/4626
f 4862/2924/4624 4887/2950/4649 4863/2925/4625
f 4887/2950/4649 4888/2952/4650 4889/2951/4651
f 4885/2947/4647 4890/2953/4652 4857/2920/4619
f 4867/2930/4629 4890/2953/4652 4868/2931/4630
f 4890/2953/4652 4885/2947/4647 4891/2954/4653
f 4891/2954/4653 4892/2955/4654 4868/2931/4630
f 4870/2933/4632 4892/2955/4654 4864/2927/4626
f 4892/2955/4654 4891/2954/4653 4888/2952/4650
f 4894/2958/4656 4893/2956/4655 4876/2939/4638
f 4874/2937/4636 4893/2956/4655 4875/2938/4637
f 4893/2956/4655 4894/2958/4656 4895/2957/4657
f 4889/2951/4651 4896/2959/4658 4863/2925/4625
f 4879/2942/4641 4896/2959/4658 4880/2943/4642
f 4896/2959/4658 4889/2951/4651 4897/2960/4659
f 4895/2957/4657 4898/2961/4660 4875/2938/4637
f 4882/2945/4644 4898/2961/4660 4858/2921/4620
f 4898/2961/4660 4895/2957/4657 4884/2948/4646
f 4900/2969/4662 4826/2962/4588 4899/2963/4661
f 4901/2974/4663 4902/2964/4664 4819/2965/4581
f 4845/2907/4607 4838/2915/4600 4846/2908/4608
f 4906/2973/4668 4903/2966/4665 4905/2968/4667
f 4831/2896/4593 4900/2969/4662 4832/2897/4594
f 4835/2899/4597 4844/2906/4606 4836/2900/4598
f 4839/3004/4601 4834/2970/4596 4840/2902/4602
f 4908/2983/4670 4848/2971/4610 4907/2972/4669
f 4849/2910/4611 4906/2973/4668 4850/2911/4612
f 1622/2978/1621 4830/2895/4592 1623/2975/1622
f 1630/3019/1629 1620/2976/1619 4900/2969/4662
f 1626/3007/1625 4822/2889/4584 1627/2977/1626
f 1629/3009/1628 4827/2903/4589 1622/2978/1621
f 1627/2977/1626 4852/2913/4614 1628/2980/1627
f 4852/2913/4614 4851/2912/4613 4841/2979/4603
f 4830/2895/4592 4829/2894/4591 4901/2974/4663
f 4903/2966/4665 4909/2981/4671 4904/2967/4666
f 4909/2981/4671 4908/2983/4670 4910/2982/4672
f 1631/3000/1630 4914/2987/4675 1632/2997/1631
f 1633/3023/1632 1634/2998/1633 4912/2985/4674
f 1634/2998/1633 1635/2999/1634 4922/2995/4683
f 1633/3023/1632 4912/2985/4674 1631/3000/1630
f 1635/2999/1634 1636/3001/1635 4916/2989/4677
f 1637/3021/1636 4920/2993/4681 1638/3002/1637
f 1619/2914/1618 1618/3003/1617 4835/2899/4597
f 1203/3024/1203 4834/2970/4596 1207/3005/1207
f 1204/3014/1204 1624/3006/1623 4849/2910/4611
f 1625/3013/1624 4819/2965/4581 1626/3007/1625
f 1203/3024/1203 1202/3008/1202 4834/2970/4596
f 1207/3005/1207 4839/3004/4601 1629/3009/1628
f 1200/3018/1200 1206/3010/1206 4848/2971/4610
f 1206/3010/1206 1621/3011/1620 4845/2907/4607
f 1617/3015/1616 1616/3012/1615 4903/2966/4665
f 1623/2975/1622 4901/2974/4663 1625/3013/1624
f 1205/3017/1205 1204/3014/1204 4823/2890/4585
f 1618/3003/1617 1628/2980/1627 4844/2906/4606
f 1624/3006/1623 1617/3015/1616 4906/2973/4668
f 1616/3012/1615 1201/3016/1201 4909/2981/4671
f 1620/2976/1619 1205/3017/1205 4826/2962/4588
f 1201/3016/1201 1200/3018/1200 4908/2983/4670
f 1202/3008/1202 1630/3019/1629 4831/2896/4593
f 1245/3022/1245 1244/3020/1244 4923/2996/4684
f 1638/3002/1637 4917/2990/4678 1244/3020/1244
f 1232/3152/1232 4919/2992/4680 1637/3021/1636
f 1636/3001/1635 1245/3022/1245 4915/2988/4676
f 4924/2965/4685 4925/2889/4686 4927/2887/4688
f 4931/2891/4692 4928/2890/4689 4930/2892/4691
f 4932/2903/4693 4933/2895/4694 4935/2893/4696
f 4939/2897/4700 4936/2896/4697 4938/2898/4699
f 4943/2900/4704 4940/2899/4701 4942/2901/4703
f 4944/3004/4705 4932/2903/4693 4945/2902/4706
f 4946/2979/4707 4947/2906/4708 4949/2904/4710
f 4953/2908/4714 4950/2907/4711 4952/2909/4713
f 4955/2911/4716 4954/2910/4715 4931/2891/4692
f 4925/2889/4686 4956/2913/4717 4926/2888/4687
f 4940/2899/4701 2994/2914/2899 4941/2915/4702
f 4958/2917/4719 4959/2916/4720 2576/1150/2501
f 4960/2918/4721 4958/2917/4719 2572/1146/2497
f 4958/2917/4719 4960/2918/4721 4962/2919/4723
f 4959/2916/4720 4958/2917/4719 4963/2921/4724
f 2574/1148/2499 4964/2922/4725 2566/1141/2491
f 4964/2922/4725 2574/1148/2499 4966/2923/4727
f 4968/2924/4729 4964/2922/4725 4967/2925/4728
f 4964/2922/4725 4968/2924/4729 4965/2926/4726
f 4970/2929/4731 4960/2918/4721 2571/1144/2496
f 4970/2929/4731 2571/1144/2496 4971/2928/4732
f 4973/2930/4734 4970/2929/4731 4972/2931/4733
f 4970/2929/4731 4973/2930/4734 4960/2918/4721
f 2567/1140/2492 4974/2932/4735 2568/1142/2493
f 4974/2932/4735 2567/1140/2492 4965/2926/4726
f 4975/2933/4736 4974/2932/4735 4969/2927/4730
f 4974/2932/4735 4975/2933/4736 4971/2928/4732
f 4976/2935/4737 4872/2934/4634 2554/1124/2479
f 4977/2936/4738 4976/2935/4737 2553/1125/2478
f 4976/2935/4737 4977/2936/4738 4979/2937/4740
f 4872/2934/4634 4976/2935/4737 4876/2939/4638
f 2557/1129/2482 4980/2940/4741 2558/1132/2483
f 4980/2940/4741 2557/1129/2482 4878/2941/4640
f 4981/2942/4742 4980/2940/4741 4880/2943/4642
f 4980/2940/4741 4981/2942/4742 4966/2923/4727
f 4982/2944/4743 4977/2936/4738 2562/1135/2487
f 4959/2916/4720 4982/2944/4743 2561/1136/2486
f 4982/2944/4743 4959/2916/4720 4983/2945/4744
f 4977/2936/4738 4982/2944/4743 4978/2938/4739
f 4962/2919/4723 4984/2946/4745 4963/2921/4724
f 4986/2947/4747 4984/2946/4745 4961/2920/4722
f 4984/2946/4745 4986/2947/4747 4985/2948/4746
f 4968/2924/4729 4987/2950/4748 4969/2927/4730
f 4989/2951/4750 4987/2950/4748 4967/2925/4728
f 4987/2950/4748 4989/2951/4750 4988/2952/4749
f 4973/2930/4734 4990/2953/4751 4961/2920/4722
f 4991/2954/4752 4990/2953/4751 4972/2931/4733
f 4990/2953/4751 4991/2954/4752 4986/2947/4747
f 4975/2933/4736 4992/2955/4753 4972/2931/4733
f 4988/2952/4749 4992/2955/4753 4969/2927/4730
f 4992/2955/4753 4988/2952/4749 4991/2954/4752
f 4979/2937/4740 4993/2956/4754 4876/2939/4638
f 4994/2957/4755 4993/2956/4754 4978/2938/4739
f 4993/2956/4754 4994/2957/4755 4894/2958/4656
f 4981/2942/4742 4995/2959/4756 4967/2925/4728
f 4897/2960/4659 4995/2959/4756 4880/2943/4642
f 4995/2959/4756 4897/2960/4659 4989/2951/4750
f 4983/2945/4744 4996/2961/4757 4978/2938/4739
f 4985/2948/4746 4996/2961/4757 4963/2921/4724
f 4996/2961/4757 4985/2948/4746 4994/2957/4755
f 4930/2892/4691 4929/2962/4690 4998/2963/4759
f 4999/2974/4760 4924/2965/4685 5000/2964/4761
f 4942/2901/4703 4941/2915/4702 4953/2908/4714
f 5004/2967/4765 5001/2966/4762 5003/2968/4764
f 4998/2963/4759 4997/2969/4758 4939/2897/4700
f 4948/2905/4709 4947/2906/4708 4943/2900/4704
f 4938/2898/4699 4937/2970/4698 4945/2902/4706
f 4952/2909/4713 4951/2971/4712 5006/2972/4767
f 5003/2968/4764 5002/2973/4763 4955/2911/4716
f 2999/2978/2904 2998/2975/2903 4933/2895/4694
f 4929/2962/4690 2996/2976/2901 4997/2969/4758
f 3001/3007/2906 3004/2977/2909 4925/2889/4686
f 3005/3009/2910 2999/2978/2904 4932/2903/4693
f 3004/2977/2909 3003/2980/2908 4956/2913/4717
f 4956/2913/4717 4946/2979/4707 4957/2912/4718
f 4933/2895/4694 4999/2974/4760 4934/2894/4695
f 5008/2982/4769 5007/2981/4768 5004/2967/4765
f 5006/2972/4767 5005/2983/4766 5008/2982/4769
f 3007/3000/2912 1632/2997/1631 5011/2987/4772
f 5017/2995/4778 3009/2998/2914 5010/2985/4771
f 5013/2989/4774 3010/2999/2915 5017/2995/4778
f 3008/3023/2913 3007/3000/2912 5010/2985/4771
f 5012/2988/4773 3011/3001/2916 5013/2989/4774
f 3012/3021/2917 3013/3002/2918 5016/2993/4777
f 4947/2906/4708 2995/3003/2900 4940/2899/4701
f 2589/3024/2514 2594/3005/2519 4937/2970/4698
f 5002/2973/4763 3000/3006/2905 4954/2910/4715
f 3002/3013/2907 3001/3007/2906 4924/2965/4685
f 4936/2896/4697 2590/3008/2515 4937/2970/4698
f 2594/3005/2519 3005/3009/2910 4944/3004/4705
f 4950/2907/4711 2593/3010/2518 4951/2971/4712
f 4941/2915/4702 2997/3011/2902 4950/2907/4711
f 5007/2981/4768 2993/3012/2898 5001/2966/4762
f 2998/2975/2903 3002/3013/2907 4999/2974/4760
f 4954/2910/4715 2592/3014/2517 4928/2890/4689
f 4946/2979/4707 3003/2980/2908 4947/2906/4708
f 5001/2966/4762 2992/3015/2897 5002/2973/4763
f 5005/2983/4766 2587/3016/2512 5007/2981/4768
f 4928/2890/4689 2591/3017/2516 4929/2962/4690
f 4951/2971/4712 2588/3018/2513 5005/2983/4766
f 4997/2969/4758 3006/3019/2911 4936/2896/4697
f 5015/2991/4776 2622/3020/2547 5018/2996/4779
f 3013/3002/2918 2622/3020/2547 5014/2990/4775
f 1232/3152/1232 3012/3021/2917 4919/2992/4680
f 5018/2996/4779 2621/3022/2546 5012/2988/4773
f 5022/3032/4783 5019/3025/4780 5021/3027/4782
f 5021/3027/4782 5020/3026/4781 5024/3029/4785
f 5025/3116/4786 5019/3025/4780 5027/3031/4788
f 5019/3025/4780 5022/3032/4783 5026/3030/4787
f 5030/3060/4791 5026/3030/4787 5029/3034/4790
f 5034/3039/4795 5031/3035/4792 5033/3037/4794
f 5037/3049/4798 5035/3038/4796 5036/3040/4797
f 5036/3040/4797 5034/3039/4795 5038/3041/4799
f 5031/3035/4792 5039/3042/4800 5032/3036/4793
f 5040/3043/4801 5039/3042/4800 5042/3045/4803
f 5043/3051/4804 5044/3046/4805 5046/3048/4807
f 5046/3048/4807 5045/3047/4806 5023/3028/4784
f 5047/3125/4808 5037/3049/4798 5048/3050/4809
f 5044/3046/4805 5043/3051/4804 5049/3052/4810
f 5048/3050/4809 5036/3040/4797 5049/3052/4810
f 5053/3126/4814 5050/3053/4811 5052/3055/4813
f 5052/3055/4813 5051/3054/4812 5055/3057/4816
f 5041/3044/4802 5052/3055/4813 5042/3045/4803
f 5051/3054/4812 5056/3058/4817 5054/3056/4815
f 5056/3058/4817 5030/3060/4791 5057/3059/4818
f 5061/3064/4822 5058/3061/4819 5060/3063/4821
f 5060/3063/4821 5059/3062/4820 5057/3059/4818
f 5022/3032/4783 5061/3064/4822 5028/3033/4789
f 5028/3033/4789 5060/3063/4821 5029/3034/4790
f 5059/3062/4820 5058/3061/4819 5063/3066/4824
f 5063/3066/4824 5062/3065/4823 5040/3043/4801
f 5054/3056/4815 5059/3062/4820 5055/3057/4816
f 5055/3057/4816 5063/3066/4824 5042/3045/4803
f 5062/3065/4823 5058/3061/4819 5065/3068/4826
f 5065/3068/4826 5064/3067/4825 5049/3052/4810
f 5032/3036/4793 5062/3065/4823 5033/3037/4794
f 5033/3037/4794 5065/3068/4826 5038/3041/4799
f 5064/3067/4825 5058/3061/4819 5066/3069/4827
f 5061/3064/4822 5022/3032/4783 5066/3069/4827
f 5044/3046/4805 5064/3067/4825 5045/3047/4806
f 5045/3047/4806 5066/3069/4827 5024/3029/4785
f 5067/3074/4828 5068/3070/4829 5070/3072/4831
f 5072/3099/4833 5070/3072/4831 5071/3073/4832
f 5068/3070/4829 5067/3074/4828 5074/3076/4835
f 5074/3076/4835 5073/3075/4834 5076/3078/4837
f 5080/3084/4841 5077/3079/4838 5079/3081/4840
f 5079/3081/4840 5078/3080/4839 5082/3083/4843
f 5084/3137/4845 5080/3084/4841 5083/3085/4844
f 5083/3085/4844 5079/3081/4840 5085/3086/4846
f 5078/3080/4839 5086/3087/4847 5081/3082/4842
f 5087/3088/4848 5086/3087/4847 5089/3090/4850
f 5090/3097/4851 5091/3091/4852 5093/3093/4854
f 5093/3093/4854 5092/3092/4853 5088/3089/4849
f 5090/3097/4851 5094/3094/4855 5096/3096/4857
f 5091/3091/4852 5090/3097/4851 5097/3098/4858
f 5097/3098/4858 5096/3096/4857 5071/3073/4832
f 5101/3103/4862 5098/3100/4859 5100/3102/4861
f 5100/3102/4861 5099/3101/4860 5097/3098/4858
f 5068/3070/4829 5101/3103/4862 5069/3071/4830
f 5069/3071/4830 5100/3102/4861 5071/3073/4832
f 5099/3101/4860 5098/3100/4859 5103/3105/4864
f 5103/3105/4864 5102/3104/4863 5087/3088/4848
f 5091/3091/4852 5099/3101/4860 5092/3092/4853
f 5092/3092/4853 5103/3105/4864 5089/3090/4850
f 5102/3104/4863 5098/3100/4859 5105/3107/4866
f 5105/3107/4866 5104/3106/4865 5107/3109/4868
f 5102/3104/4863 5105/3107/4866 5081/3082/4842
f 5082/3083/4843 5105/3107/4866 5085/3086/4846
f 5104/3106/4865 5098/3100/4859 5108/3110/4869
f 5108/3110/4869 5101/3103/4862 5074/3076/4835
f 5106/3108/4867 5104/3106/4865 5109/3111/4870
f 5109/3111/4870 5108/3110/4869 5076/3078/4837
f 5111/3113/4872 5110/3112/4871 5109/3111/4870
f 5112/3138/4873 5111/3113/4872 5113/3114/4874
f 5075/3077/4836 5111/3113/4872 5076/3078/4837
f 5110/3112/4871 5114/3115/4875 5106/3108/4867
f 5114/3115/4875 5083/3085/4844 5107/3109/4868
f 5019/3025/4780 5025/3116/4786 5020/3026/4781
f 5020/3026/4781 5115/3117/4876 5023/3028/4784
f 5027/3031/4788 5026/3030/4787 5113/3119/4874
f 5035/3038/4796 5077/3120/4838 5034/3039/4795
f 5077/3120/4838 5080/3121/4841 5031/3035/4792
f 5080/3121/4841 5084/3122/4845 5039/3042/4800
f 5094/3124/4855 5043/3051/4804 5095/3123/4856
f 5095/3123/4856 5046/3048/4807 5116/3118/4877
f 5043/3051/4804 5094/3124/4855 5048/3050/4809
f 5084/3122/4845 5053/3126/4814 5041/3044/4802
f 5050/3053/4811 5112/3127/4873 5051/3054/4812
f 5056/3058/4817 5112/3127/4873 5030/3060/4791
f 5025/3130/4786 5067/3074/4828 5115/3128/4876
f 5115/3128/4876 5070/3072/4831 5116/3129/4877
f 5067/3074/4828 5025/3130/4786 5073/3075/4834
f 5073/3075/4834 5027/3131/4788 5075/3077/4836
f 5077/3079/4838 5035/3132/4796 5078/3080/4839
f 5035/3132/4796 5037/3133/4798 5086/3087/4847
f 5094/3094/4855 5090/3097/4851 5047/3134/4808
f 5037/3133/4798 5047/3134/4808 5088/3089/4849
f 5096/3096/4857 5095/3095/4856 5072/3099/4833
f 5112/3138/4873 5050/3135/4811 5111/3113/4872
f 5050/3135/4811 5053/3136/4814 5110/3112/4871
f 5053/3136/4814 5084/3137/4845 5114/3115/4875
f 5120/3026/4881 5117/3025/4878 5119/3027/4880
f 5122/3028/4883 5120/3026/4881 5121/3029/4882
f 5123/3116/4884 5124/3031/4885 5117/3025/4878
f 5117/3025/4878 5125/3030/4886 5118/3032/4879
f 5126/3033/4887 5125/3030/4886 5128/3034/4889
f 5132/3036/4893 5129/3035/4890 5131/3037/4892
f 5130/3039/4891 5133/3038/4894 5135/3040/4896
f 5131/3037/4892 5130/3039/4891 5136/3041/4897
f 5129/3035/4890 5132/3036/4893 5138/3042/4899
f 5140/3044/4901 5138/3042/4899 5139/3045/4900
f 5141/3051/4902 5142/3048/4903 5144/3046/4905
f 5142/3048/4903 5122/3028/4883 5143/3047/4904
f 5145/3125/4906 5146/3050/4907 5134/3049/4895
f 5146/3050/4907 5141/3051/4902 5147/3052/4908
f 5146/3050/4907 5147/3052/4908 5135/3040/4896
f 5151/3054/4912 5148/3053/4909 5150/3055/4911
f 5153/3056/4914 5151/3054/4912 5152/3057/4913
f 5152/3057/4913 5150/3055/4911 5139/3045/4900
f 5151/3054/4912 5153/3056/4914 5155/3058/4916
f 5155/3058/4916 5154/3059/4915 5127/3060/4888
f 5159/3062/4920 5156/3061/4917 5158/3063/4919
f 5153/3056/4914 5159/3062/4920 5154/3059/4915
f 5158/3063/4919 5157/3064/4918 5126/3033/4887
f 5154/3059/4915 5158/3063/4919 5128/3034/4889
f 5161/3065/4922 5156/3061/4917 5160/3066/4921
f 5132/3036/4893 5161/3065/4922 5137/3043/4898
f 5160/3066/4921 5159/3062/4920 5152/3057/4913
f 5137/3043/4898 5160/3066/4921 5139/3045/4900
f 5163/3067/4924 5156/3061/4917 5162/3068/4923
f 5144/3046/4905 5163/3067/4924 5147/3052/4908
f 5162/3068/4923 5161/3065/4922 5131/3037/4892
f 5147/3052/4908 5162/3068/4923 5136/3041/4897
f 5157/3064/4918 5156/3061/4917 5164/3069/4925
f 5157/3064/4918 5164/3069/4925 5118/3032/4879
f 5164/3069/4925 5163/3067/4924 5143/3047/4904
f 5119/3027/4880 5164/3069/4925 5121/3029/4882
f 5165/3074/4926 5166/3072/4927 5168/3070/4929
f 5167/3071/4928 5166/3072/4927 5170/3073/4931
f 5172/3075/4933 5165/3074/4926 5171/3076/4932
f 5174/3077/4935 5172/3075/4933 5173/3078/4934
f 5178/3080/4939 5175/3079/4936 5177/3081/4938
f 5180/3082/4941 5178/3080/4939 5179/3083/4940
f 5177/3081/4938 5176/3084/4937 5182/3085/4943
f 5179/3083/4940 5177/3081/4938 5183/3086/4944
f 5178/3080/4939 5180/3082/4941 5185/3087/4946
f 5187/3089/4948 5185/3087/4946 5186/3090/4947
f 5188/3097/4949 5189/3093/4950 5191/3091/4952
f 5189/3093/4950 5187/3089/4948 5190/3092/4951
f 5194/3095/4955 5192/3094/4953 5193/3096/4954
f 5193/3096/4954 5188/3097/4949 5195/3098/4956
f 5169/3099/4930 5193/3096/4954 5170/3073/4931
f 5199/3101/4960 5196/3100/4957 5198/3102/4959
f 5191/3091/4952 5199/3101/4960 5195/3098/4956
f 5198/3102/4959 5197/3103/4958 5167/3071/4928
f 5195/3098/4956 5198/3102/4959 5170/3073/4931
f 5201/3104/4962 5196/3100/4957 5200/3105/4961
f 5180/3082/4941 5201/3104/4962 5184/3088/4945
f 5200/3105/4961 5199/3101/4960 5190/3092/4951
f 5184/3088/4945 5200/3105/4961 5186/3090/4947
f 5203/3106/4964 5196/3100/4957 5202/3107/4963
f 5205/3108/4966 5203/3106/4964 5204/3109/4965
f 5201/3104/4962 5180/3082/4941 5202/3107/4963
f 5204/3109/4965 5202/3107/4963 5183/3086/4944
f 5197/3103/4958 5196/3100/4957 5206/3110/4967
f 5168/3070/4929 5197/3103/4958 5171/3076/4932
f 5206/3110/4967 5203/3106/4964 5207/3111/4968
f 5171/3076/4932 5206/3110/4967 5173/3078/4934
f 5205/3108/4966 5208/3112/4969 5207/3111/4968
f 5210/3138/4971 5211/3114/4972 5209/3113/4970
f 5207/3111/4968 5209/3113/4970 5173/3078/4934
f 5208/3112/4969 5205/3108/4966 5212/3115/4973
f 5212/3115/4973 5204/3109/4965 5182/3085/4943
f 5213/3117/4974 5123/3116/4884 5120/3026/4881
f 5214/3118/4975 5213/3117/4974 5122/3028/4883
f 5124/3031/4885 5211/3119/4972 5125/3030/4886
f 5129/3035/4890 5175/3120/4936 5130/3039/4891
f 5175/3120/4936 5129/3035/4890 5176/3121/4937
f 5176/3121/4937 5138/3042/4899 5181/3122/4942
f 5192/3124/4953 5194/3123/4955 5141/3051/4902
f 5194/3123/4955 5214/3118/4975 5142/3048/4903
f 5145/3125/4906 5192/3124/4953 5146/3050/4907
f 5150/3055/4911 5149/3126/4910 5140/3044/4901
f 5148/3053/4909 5151/3054/4912 5210/3127/4971
f 5211/3119/4972 5210/3127/4971 5127/3060/4888
f 5123/3130/4884 5213/3128/4974 5165/3074/4926
f 5213/3128/4974 5214/3129/4975 5166/3072/4927
f 5124/3131/4885 5123/3130/4884 5172/3075/4933
f 5211/3114/4972 5124/3131/4885 5174/3077/4935
f 5175/3079/4936 5178/3080/4939 5133/3132/4894
f 5133/3132/4894 5185/3087/4946 5134/3133/4895
f 5192/3094/4953 5145/3134/4906 5188/3097/4949
f 5189/3093/4950 5145/3134/4906 5187/3089/4948
f 5214/3129/4975 5194/3095/4955 5169/3099/4930
f 5208/3112/4969 5148/3135/4909 5209/3113/4970
f 5148/3135/4909 5208/3112/4969 5149/3136/4910
f 5149/3136/4910 5212/3115/4973 5181/3137/4942
